[0.001s] Log started
[0.001s] main: parameter validation passed
[0.001s] thopproblem: loading data from ..\..\instances\dsj1000-thop\dsj1000_10_usw_10_03.thop
[0.024s] thopproblem: read header -> cities=1000, items=9980, capacity=9122564, maxTime=3.37538e+007
[0.024s] thopproblem: loaded 1000 nodes and 9980 items
[0.025s] thopproblem: Node 0 -> id: 0 x: 981036 y: 508139
[0.025s] thopproblem: Node 999 -> id: 999 x: 471287 y: 119659
[0.025s] main: input loaded (1000 cities, 9980 items)
[0.025s] packing: initializing packing structures
[0.025s] packing: nCities=1000, nItems=9980, capacity=9122564, minSpeed=0.1, maxSpeed=1
[0.025s] packing: initialized city map and item buckets
[0.025s] main: PackingPlan initialized
[0.026s] aco: initializing ACO solver
[0.048s] aco: initialized 1000 components and 50 ants
[0.048s] main: AntColonyOptimization initialized
[0.000s] aco: generation 0 start, time: 0
[0.265s] aco: compute_total_information done, time: 0.265025
[0.917s] aco: ants_generation_and_activity done, time: 0.917027
[0.920s] aco: pheromone_evaporation done, time: 0.920031
[1.442s] aco: new best solution found with cost 4.07792e+006 and 1000 components
[1.447s] aco: daemon_actions done, time: 1.44709
[1.447s] aco: generation 1 start, time: 1.44709
[1.607s] aco: compute_total_information done, time: 1.60723
[2.023s] aco: ants_generation_and_activity done, time: 2.02338
[2.027s] aco: pheromone_evaporation done, time: 2.02689
[2.612s] aco: daemon_actions done, time: 2.6116
[2.612s] aco: generation 2 start, time: 2.6116
[2.785s] aco: compute_total_information done, time: 2.78536
[3.206s] aco: ants_generation_and_activity done, time: 3.20641
[3.210s] aco: pheromone_evaporation done, time: 3.21042
[3.765s] aco: new best solution found with cost 4.22771e+006 and 1000 components
[3.769s] aco: daemon_actions done, time: 3.76907
[3.769s] aco: generation 3 start, time: 3.76907
[3.938s] aco: compute_total_information done, time: 3.93828
[4.355s] aco: ants_generation_and_activity done, time: 4.3553
[4.359s] aco: pheromone_evaporation done, time: 4.35851
[4.909s] aco: daemon_actions done, time: 4.90861
[4.909s] aco: generation 4 start, time: 4.90861
[5.084s] aco: compute_total_information done, time: 5.08443
[5.503s] aco: ants_generation_and_activity done, time: 5.50327
[5.507s] aco: pheromone_evaporation done, time: 5.50746
[6.046s] aco: daemon_actions done, time: 6.04589
[6.046s] aco: generation 5 start, time: 6.04589
[6.264s] aco: compute_total_information done, time: 6.26424
[6.684s] aco: ants_generation_and_activity done, time: 6.68404
[6.688s] aco: pheromone_evaporation done, time: 6.68755
[7.207s] aco: daemon_actions done, time: 7.20746
[7.207s] aco: generation 6 start, time: 7.20746
[7.400s] aco: compute_total_information done, time: 7.39989
[7.814s] aco: ants_generation_and_activity done, time: 7.81448
[7.817s] aco: pheromone_evaporation done, time: 7.81704
[8.348s] aco: daemon_actions done, time: 8.34752
[8.348s] aco: generation 7 start, time: 8.34752
[8.514s] aco: compute_total_information done, time: 8.51355
[8.990s] aco: ants_generation_and_activity done, time: 8.98959
[8.994s] aco: pheromone_evaporation done, time: 8.9936
[9.515s] aco: new best solution found with cost 4.28206e+006 and 1000 components
[9.518s] aco: daemon_actions done, time: 9.51764
[9.518s] aco: generation 8 start, time: 9.51764
[9.677s] aco: compute_total_information done, time: 9.67735
[10.084s] aco: ants_generation_and_activity done, time: 10.0836
[10.087s] aco: pheromone_evaporation done, time: 10.0871
[10.688s] aco: new best solution found with cost 4.35052e+006 and 1000 components
[10.693s] aco: daemon_actions done, time: 10.6933
[10.693s] aco: generation 9 start, time: 10.6933
[10.869s] aco: compute_total_information done, time: 10.8692
[11.276s] aco: ants_generation_and_activity done, time: 11.2764
[11.280s] aco: pheromone_evaporation done, time: 11.2804
[11.812s] aco: daemon_actions done, time: 11.8122
[11.812s] aco: generation 10 start, time: 11.8122
[12.015s] aco: compute_total_information done, time: 12.0153
[12.434s] aco: ants_generation_and_activity done, time: 12.4344
[12.438s] aco: pheromone_evaporation done, time: 12.438
[12.978s] aco: daemon_actions done, time: 12.9783
[12.978s] aco: generation 11 start, time: 12.9783
[13.148s] aco: compute_total_information done, time: 13.1484
[13.558s] aco: ants_generation_and_activity done, time: 13.5585
[13.562s] aco: pheromone_evaporation done, time: 13.5625
[14.184s] aco: new best solution found with cost 4.40734e+006 and 1000 components
[14.189s] aco: daemon_actions done, time: 14.1895
[14.190s] aco: generation 12 start, time: 14.1905
[14.368s] aco: compute_total_information done, time: 14.3676
[14.781s] aco: ants_generation_and_activity done, time: 14.7815
[14.785s] aco: pheromone_evaporation done, time: 14.785
[15.332s] aco: daemon_actions done, time: 15.3321
[15.332s] aco: generation 13 start, time: 15.3321
[15.540s] aco: compute_total_information done, time: 15.5398
[16.050s] aco: ants_generation_and_activity done, time: 16.0504
[16.056s] aco: pheromone_evaporation done, time: 16.0559
[16.786s] aco: daemon_actions done, time: 16.7863
[16.786s] aco: generation 14 start, time: 16.7863
[17.026s] aco: compute_total_information done, time: 17.0261
[17.540s] aco: ants_generation_and_activity done, time: 17.5398
[17.544s] aco: pheromone_evaporation done, time: 17.5438
[18.297s] aco: new best solution found with cost 4.45462e+006 and 1000 components
[18.303s] aco: daemon_actions done, time: 18.303
[18.303s] aco: generation 15 start, time: 18.303
[18.525s] aco: compute_total_information done, time: 18.525
[19.145s] aco: ants_generation_and_activity done, time: 19.1451
[19.151s] aco: pheromone_evaporation done, time: 19.1511
[19.832s] aco: daemon_actions done, time: 19.8324
[19.832s] aco: generation 16 start, time: 19.8324
[20.066s] aco: compute_total_information done, time: 20.0662
[20.600s] aco: ants_generation_and_activity done, time: 20.5996
[20.604s] aco: pheromone_evaporation done, time: 20.6036
[21.297s] aco: daemon_actions done, time: 21.2966
[21.297s] aco: generation 17 start, time: 21.2966
[21.519s] aco: compute_total_information done, time: 21.5192
[22.102s] aco: ants_generation_and_activity done, time: 22.1023
[22.107s] aco: pheromone_evaporation done, time: 22.1069
[22.748s] aco: daemon_actions done, time: 22.748
[22.748s] aco: generation 18 start, time: 22.748
[22.925s] aco: compute_total_information done, time: 22.925
[23.336s] aco: ants_generation_and_activity done, time: 23.3363
[23.339s] aco: pheromone_evaporation done, time: 23.3393
[23.968s] aco: daemon_actions done, time: 23.9684
[23.968s] aco: generation 19 start, time: 23.9684
[24.159s] aco: compute_total_information done, time: 24.1587
[24.580s] aco: ants_generation_and_activity done, time: 24.5797
[24.583s] aco: pheromone_evaporation done, time: 24.5827
[25.182s] aco: daemon_actions done, time: 25.1825
[25.182s] aco: generation 20 start, time: 25.1825
[25.359s] aco: compute_total_information done, time: 25.3592
[25.907s] aco: ants_generation_and_activity done, time: 25.9072
[25.911s] aco: pheromone_evaporation done, time: 25.9112
[26.595s] aco: daemon_actions done, time: 26.5953
[26.595s] aco: generation 21 start, time: 26.5953
[26.823s] aco: compute_total_information done, time: 26.8233
[27.436s] aco: ants_generation_and_activity done, time: 27.4355
[27.438s] aco: pheromone_evaporation done, time: 27.4375
[28.156s] aco: daemon_actions done, time: 28.1563
[28.156s] aco: generation 22 start, time: 28.1563
[28.417s] aco: compute_total_information done, time: 28.4175
[28.982s] aco: ants_generation_and_activity done, time: 28.9817
[28.985s] aco: pheromone_evaporation done, time: 28.9853
[29.797s] aco: new best solution found with cost 4.49712e+006 and 1000 components
[29.803s] aco: daemon_actions done, time: 29.8027
[29.803s] aco: generation 23 start, time: 29.8027
[30.005s] aco: compute_total_information done, time: 30.0052
[30.540s] aco: ants_generation_and_activity done, time: 30.5396
[30.544s] aco: pheromone_evaporation done, time: 30.5436
[31.198s] aco: daemon_actions done, time: 31.1984
[31.198s] aco: generation 24 start, time: 31.1984
[31.406s] aco: compute_total_information done, time: 31.4063
[31.960s] aco: ants_generation_and_activity done, time: 31.9605
[31.965s] aco: pheromone_evaporation done, time: 31.965
[32.559s] aco: daemon_actions done, time: 32.559
[32.559s] aco: generation 25 start, time: 32.559
[32.722s] aco: compute_total_information done, time: 32.7218
[33.124s] aco: ants_generation_and_activity done, time: 33.1238
[33.129s] aco: pheromone_evaporation done, time: 33.1288
[33.713s] aco: daemon_actions done, time: 33.7134
[33.713s] aco: generation 26 start, time: 33.7134
[33.872s] aco: compute_total_information done, time: 33.8722
[34.277s] aco: ants_generation_and_activity done, time: 34.2775
[34.280s] aco: pheromone_evaporation done, time: 34.2805
[34.841s] aco: new best solution found with cost 4.50295e+006 and 1000 components
[34.845s] aco: daemon_actions done, time: 34.8451
[34.845s] aco: generation 27 start, time: 34.8451
[35.004s] aco: compute_total_information done, time: 35.0038
[35.414s] aco: ants_generation_and_activity done, time: 35.4138
[35.418s] aco: pheromone_evaporation done, time: 35.4183
[35.954s] aco: daemon_actions done, time: 35.9542
[35.954s] aco: generation 28 start, time: 35.9542
[36.119s] aco: compute_total_information done, time: 36.1194
[36.520s] aco: ants_generation_and_activity done, time: 36.5201
[36.522s] aco: pheromone_evaporation done, time: 36.5221
[37.049s] aco: daemon_actions done, time: 37.0487
[37.049s] aco: generation 29 start, time: 37.0487
[37.206s] aco: compute_total_information done, time: 37.2064
[37.666s] aco: ants_generation_and_activity done, time: 37.666
[37.670s] aco: pheromone_evaporation done, time: 37.67
[38.206s] aco: daemon_actions done, time: 38.2063
[38.206s] aco: generation 30 start, time: 38.2063
[38.420s] aco: compute_total_information done, time: 38.4195
[39.147s] aco: ants_generation_and_activity done, time: 39.1471
[39.148s] aco: pheromone_evaporation done, time: 39.1481
[40.005s] aco: daemon_actions done, time: 40.005
[40.006s] aco: generation 31 start, time: 40.0055
[40.250s] aco: compute_total_information done, time: 40.25
[40.844s] aco: ants_generation_and_activity done, time: 40.8438
[40.848s] aco: pheromone_evaporation done, time: 40.8483
[41.664s] aco: daemon_actions done, time: 41.6643
[41.664s] aco: generation 32 start, time: 41.6643
[41.902s] aco: compute_total_information done, time: 41.9021
[42.344s] aco: ants_generation_and_activity done, time: 42.3438
[42.347s] aco: pheromone_evaporation done, time: 42.3473
[43.004s] aco: new best solution found with cost 4.5474e+006 and 1000 components
[43.009s] aco: daemon_actions done, time: 43.0093
[43.009s] aco: generation 33 start, time: 43.0093
[43.186s] aco: compute_total_information done, time: 43.1864
[43.636s] aco: ants_generation_and_activity done, time: 43.636
[43.638s] aco: pheromone_evaporation done, time: 43.638
[44.237s] aco: daemon_actions done, time: 44.2368
[44.238s] aco: generation 34 start, time: 44.2378
[44.403s] aco: compute_total_information done, time: 44.4032
[44.861s] aco: ants_generation_and_activity done, time: 44.8613
[44.865s] aco: pheromone_evaporation done, time: 44.8653
[45.464s] aco: daemon_actions done, time: 45.4635
[45.465s] aco: generation 35 start, time: 45.465
[45.670s] aco: compute_total_information done, time: 45.67
[46.122s] aco: ants_generation_and_activity done, time: 46.1221
[46.126s] aco: pheromone_evaporation done, time: 46.1262
[46.706s] aco: daemon_actions done, time: 46.7064
[46.706s] aco: generation 36 start, time: 46.7064
[46.887s] aco: compute_total_information done, time: 46.8867
[47.303s] aco: ants_generation_and_activity done, time: 47.3028
[47.305s] aco: pheromone_evaporation done, time: 47.3053
[47.871s] aco: daemon_actions done, time: 47.8715
[47.872s] aco: generation 37 start, time: 47.8725
[48.032s] aco: compute_total_information done, time: 48.0317
[48.446s] aco: ants_generation_and_activity done, time: 48.4462
[48.449s] aco: pheromone_evaporation done, time: 48.4493
[48.987s] aco: daemon_actions done, time: 48.987
[48.987s] aco: generation 38 start, time: 48.987
[49.150s] aco: compute_total_information done, time: 49.1503
[49.603s] aco: ants_generation_and_activity done, time: 49.6027
[49.605s] aco: pheromone_evaporation done, time: 49.6052
[50.195s] aco: daemon_actions done, time: 50.1953
[50.195s] aco: generation 39 start, time: 50.1953
[50.359s] aco: compute_total_information done, time: 50.3594
[50.753s] aco: ants_generation_and_activity done, time: 50.7531
[50.755s] aco: pheromone_evaporation done, time: 50.7551
[51.293s] aco: daemon_actions done, time: 51.2927
[51.294s] aco: generation 40 start, time: 51.2937
[51.504s] aco: compute_total_information done, time: 51.5035
[51.956s] aco: ants_generation_and_activity done, time: 51.9559
[51.960s] aco: pheromone_evaporation done, time: 51.9599
[52.519s] aco: daemon_actions done, time: 52.519
[52.519s] aco: generation 41 start, time: 52.519
[52.682s] aco: compute_total_information done, time: 52.6818
[53.131s] aco: ants_generation_and_activity done, time: 53.1307
[53.135s] aco: pheromone_evaporation done, time: 53.1353
[53.809s] aco: daemon_actions done, time: 53.8085
[53.809s] aco: generation 42 start, time: 53.8085
[53.998s] aco: compute_total_information done, time: 53.9985
[54.406s] aco: ants_generation_and_activity done, time: 54.4064
[54.410s] aco: pheromone_evaporation done, time: 54.4104
[55.095s] aco: daemon_actions done, time: 55.0954
[55.095s] aco: generation 43 start, time: 55.0954
[55.290s] aco: compute_total_information done, time: 55.2902
[55.760s] aco: ants_generation_and_activity done, time: 55.76
[55.763s] aco: pheromone_evaporation done, time: 55.763
[56.641s] aco: daemon_actions done, time: 56.6408
[56.641s] aco: generation 44 start, time: 56.6408
[56.923s] aco: compute_total_information done, time: 56.9233
[57.709s] aco: ants_generation_and_activity done, time: 57.7085
[57.714s] aco: pheromone_evaporation done, time: 57.714
[59.092s] aco: daemon_actions done, time: 59.0918
[59.092s] aco: generation 45 start, time: 59.0918
[59.502s] aco: compute_total_information done, time: 59.5019
[60.303s] aco: ants_generation_and_activity done, time: 60.3029
[60.307s] aco: pheromone_evaporation done, time: 60.3074
[61.148s] aco: daemon_actions done, time: 61.148
[61.149s] aco: generation 46 start, time: 61.149
[61.420s] aco: compute_total_information done, time: 61.4199
[62.159s] aco: ants_generation_and_activity done, time: 62.1594
[62.163s] aco: pheromone_evaporation done, time: 62.1634
[63.149s] aco: daemon_actions done, time: 63.1486
[63.149s] aco: generation 47 start, time: 63.1486
[63.441s] aco: compute_total_information done, time: 63.441
[64.508s] aco: ants_generation_and_activity done, time: 64.5076
[64.511s] aco: pheromone_evaporation done, time: 64.5106
[65.508s] aco: daemon_actions done, time: 65.5075
[65.508s] aco: generation 48 start, time: 65.5075
[65.742s] aco: compute_total_information done, time: 65.7425
[66.215s] aco: ants_generation_and_activity done, time: 66.2152
[66.216s] aco: pheromone_evaporation done, time: 66.2162
[66.856s] aco: daemon_actions done, time: 66.8563
[66.857s] aco: generation 49 start, time: 66.8573
[67.069s] aco: compute_total_information done, time: 67.0695
[67.589s] aco: ants_generation_and_activity done, time: 67.589
[67.590s] aco: pheromone_evaporation done, time: 67.59
[68.356s] aco: new best solution found with cost 4.5479e+006 and 1000 components
[68.360s] aco: daemon_actions done, time: 68.3601
[68.360s] aco: generation 50 start, time: 68.3601
[68.523s] aco: compute_total_information done, time: 68.5228
[68.937s] aco: ants_generation_and_activity done, time: 68.9371
[68.938s] aco: pheromone_evaporation done, time: 68.9381
[69.451s] aco: daemon_actions done, time: 69.4505
[69.451s] aco: generation 51 start, time: 69.4505
[69.607s] aco: compute_total_information done, time: 69.6072
[69.995s] aco: ants_generation_and_activity done, time: 69.995
[69.998s] aco: pheromone_evaporation done, time: 69.998
[70.730s] aco: daemon_actions done, time: 70.7295
[70.730s] aco: generation 52 start, time: 70.7295
[70.891s] aco: compute_total_information done, time: 70.891
[71.386s] aco: ants_generation_and_activity done, time: 71.3863
[71.390s] aco: pheromone_evaporation done, time: 71.3903
[71.987s] aco: daemon_actions done, time: 71.9872
[71.988s] aco: generation 53 start, time: 71.9882
[72.305s] aco: compute_total_information done, time: 72.3051
[72.747s] aco: ants_generation_and_activity done, time: 72.7473
[72.751s] aco: pheromone_evaporation done, time: 72.7513
[73.283s] aco: daemon_actions done, time: 73.2834
[73.283s] aco: generation 54 start, time: 73.2834
[73.472s] aco: compute_total_information done, time: 73.472
[74.101s] aco: ants_generation_and_activity done, time: 74.1009
[74.105s] aco: pheromone_evaporation done, time: 74.1049
[74.747s] aco: new best solution found with cost 4.58038e+006 and 1000 components
[74.752s] aco: daemon_actions done, time: 74.7516
[74.752s] aco: generation 55 start, time: 74.7516
[74.903s] aco: compute_total_information done, time: 74.9026
[75.263s] aco: ants_generation_and_activity done, time: 75.2634
[75.267s] aco: pheromone_evaporation done, time: 75.2669
[76.142s] aco: daemon_actions done, time: 76.1423
[76.142s] aco: generation 56 start, time: 76.1423
[76.523s] aco: compute_total_information done, time: 76.5235
[77.110s] aco: ants_generation_and_activity done, time: 77.1099
[77.111s] aco: pheromone_evaporation done, time: 77.1109
[77.776s] aco: daemon_actions done, time: 77.7761
[77.776s] aco: generation 57 start, time: 77.7761
[77.950s] aco: compute_total_information done, time: 77.9496
[78.382s] aco: ants_generation_and_activity done, time: 78.3817
[78.385s] aco: pheromone_evaporation done, time: 78.3853
[78.955s] aco: daemon_actions done, time: 78.9547
[78.955s] aco: generation 58 start, time: 78.9547
[79.128s] aco: compute_total_information done, time: 79.1279
[79.551s] aco: ants_generation_and_activity done, time: 79.5506
[79.554s] aco: pheromone_evaporation done, time: 79.5536
[80.135s] aco: daemon_actions done, time: 80.1354
[80.136s] aco: generation 59 start, time: 80.1364
[80.370s] aco: compute_total_information done, time: 80.3695
[80.753s] aco: ants_generation_and_activity done, time: 80.7526
[80.756s] aco: pheromone_evaporation done, time: 80.7561
[81.353s] aco: daemon_actions done, time: 81.3526
[81.353s] aco: generation 60 start, time: 81.3526
[81.527s] aco: compute_total_information done, time: 81.5266
[81.944s] aco: ants_generation_and_activity done, time: 81.944
[81.948s] aco: pheromone_evaporation done, time: 81.9475
[82.544s] aco: daemon_actions done, time: 82.5435
[82.544s] aco: generation 61 start, time: 82.5435
[82.725s] aco: compute_total_information done, time: 82.725
[83.111s] aco: ants_generation_and_activity done, time: 83.111
[83.113s] aco: pheromone_evaporation done, time: 83.113
[83.703s] aco: daemon_actions done, time: 83.703
[83.703s] aco: generation 62 start, time: 83.703
[83.886s] aco: compute_total_information done, time: 83.8861
[84.334s] aco: ants_generation_and_activity done, time: 84.334
[84.338s] aco: pheromone_evaporation done, time: 84.3375
[84.923s] aco: daemon_actions done, time: 84.9226
[84.923s] aco: generation 63 start, time: 84.9226
[85.098s] aco: compute_total_information done, time: 85.0976
[85.515s] aco: ants_generation_and_activity done, time: 85.5149
[85.519s] aco: pheromone_evaporation done, time: 85.5189
[86.080s] aco: daemon_actions done, time: 86.08
[86.080s] aco: generation 64 start, time: 86.08
[86.248s] aco: compute_total_information done, time: 86.2481
[86.650s] aco: ants_generation_and_activity done, time: 86.6498
[86.654s] aco: pheromone_evaporation done, time: 86.6538
[87.231s] aco: daemon_actions done, time: 87.2312
[87.232s] aco: generation 65 start, time: 87.2322
[87.401s] aco: compute_total_information done, time: 87.4014
[87.801s] aco: ants_generation_and_activity done, time: 87.8009
[87.805s] aco: pheromone_evaporation done, time: 87.8049
[88.441s] aco: daemon_actions done, time: 88.4412
[88.441s] aco: generation 66 start, time: 88.4412
[88.622s] aco: compute_total_information done, time: 88.6221
[89.040s] aco: ants_generation_and_activity done, time: 89.0405
[89.044s] aco: pheromone_evaporation done, time: 89.0435
[89.856s] aco: daemon_actions done, time: 89.8558
[89.856s] aco: generation 67 start, time: 89.8558
[90.031s] aco: compute_total_information done, time: 90.0312
[90.432s] aco: ants_generation_and_activity done, time: 90.4321
[90.433s] aco: pheromone_evaporation done, time: 90.4331
[91.011s] aco: daemon_actions done, time: 91.0112
[91.012s] aco: generation 68 start, time: 91.0122
[91.215s] aco: compute_total_information done, time: 91.2149
[91.601s] aco: ants_generation_and_activity done, time: 91.6006
[91.602s] aco: pheromone_evaporation done, time: 91.6016
[92.242s] aco: daemon_actions done, time: 92.2418
[92.242s] aco: generation 69 start, time: 92.2418
[92.417s] aco: compute_total_information done, time: 92.4171
[92.814s] aco: ants_generation_and_activity done, time: 92.8136
[92.818s] aco: pheromone_evaporation done, time: 92.8177
[93.393s] aco: daemon_actions done, time: 93.3931
[93.393s] aco: generation 70 start, time: 93.3931
[93.572s] aco: compute_total_information done, time: 93.5723
[93.970s] aco: ants_generation_and_activity done, time: 93.9705
[93.972s] aco: pheromone_evaporation done, time: 93.9725
[94.567s] aco: daemon_actions done, time: 94.5668
[94.567s] aco: generation 71 start, time: 94.5668
[94.743s] aco: compute_total_information done, time: 94.7434
[95.142s] aco: ants_generation_and_activity done, time: 95.1416
[95.146s] aco: pheromone_evaporation done, time: 95.1461
[95.722s] aco: daemon_actions done, time: 95.7221
[95.722s] aco: generation 72 start, time: 95.7221
[95.893s] aco: compute_total_information done, time: 95.8933
[96.338s] aco: ants_generation_and_activity done, time: 96.3378
[96.342s] aco: pheromone_evaporation done, time: 96.3418
[96.907s] aco: daemon_actions done, time: 96.9068
[96.907s] aco: generation 73 start, time: 96.9068
[97.089s] aco: compute_total_information done, time: 97.0892
[97.478s] aco: ants_generation_and_activity done, time: 97.4779
[97.480s] aco: pheromone_evaporation done, time: 97.4799
[98.064s] aco: daemon_actions done, time: 98.0635
[98.064s] aco: generation 74 start, time: 98.0635
[98.249s] aco: compute_total_information done, time: 98.2492
[98.669s] aco: ants_generation_and_activity done, time: 98.6681
[98.670s] aco: pheromone_evaporation done, time: 98.6701
[99.246s] aco: daemon_actions done, time: 99.2463
[99.246s] aco: generation 75 start, time: 99.2463
[99.419s] aco: compute_total_information done, time: 99.4186
[99.794s] aco: ants_generation_and_activity done, time: 99.794
[99.796s] aco: pheromone_evaporation done, time: 99.7964
[100.435s] aco: daemon_actions done, time: 100.435
[100.435s] aco: generation 76 start, time: 100.435
[100.605s] aco: compute_total_information done, time: 100.605
[101.000s] aco: ants_generation_and_activity done, time: 101
[101.004s] aco: pheromone_evaporation done, time: 101.004
[101.578s] aco: daemon_actions done, time: 101.578
[101.578s] aco: generation 77 start, time: 101.578
[101.757s] aco: compute_total_information done, time: 101.757
[102.145s] aco: ants_generation_and_activity done, time: 102.145
[102.148s] aco: pheromone_evaporation done, time: 102.148
[102.747s] aco: daemon_actions done, time: 102.747
[102.747s] aco: generation 78 start, time: 102.747
[102.933s] aco: compute_total_information done, time: 102.933
[103.336s] aco: ants_generation_and_activity done, time: 103.336
[103.339s] aco: pheromone_evaporation done, time: 103.339
[103.917s] aco: daemon_actions done, time: 103.917
[103.917s] aco: generation 79 start, time: 103.917
[104.190s] aco: compute_total_information done, time: 104.19
[104.595s] aco: ants_generation_and_activity done, time: 104.595
[104.598s] aco: pheromone_evaporation done, time: 104.598
[105.172s] aco: daemon_actions done, time: 105.172
[105.172s] aco: generation 80 start, time: 105.172
[105.341s] aco: compute_total_information done, time: 105.341
[105.736s] aco: ants_generation_and_activity done, time: 105.736
[105.738s] aco: pheromone_evaporation done, time: 105.738
[106.331s] aco: daemon_actions done, time: 106.331
[106.331s] aco: generation 81 start, time: 106.331
[106.506s] aco: compute_total_information done, time: 106.506
[106.910s] aco: ants_generation_and_activity done, time: 106.91
[106.913s] aco: pheromone_evaporation done, time: 106.913
[107.515s] aco: daemon_actions done, time: 107.515
[107.515s] aco: generation 82 start, time: 107.515
[107.728s] aco: compute_total_information done, time: 107.728
[108.292s] aco: ants_generation_and_activity done, time: 108.292
[108.296s] aco: pheromone_evaporation done, time: 108.296
[109.114s] aco: daemon_actions done, time: 109.114
[109.114s] aco: generation 83 start, time: 109.114
[109.327s] aco: compute_total_information done, time: 109.327
[109.832s] aco: ants_generation_and_activity done, time: 109.832
[109.836s] aco: pheromone_evaporation done, time: 109.836
[110.605s] aco: daemon_actions done, time: 110.605
[110.605s] aco: generation 84 start, time: 110.605
[110.831s] aco: compute_total_information done, time: 110.831
[111.431s] aco: ants_generation_and_activity done, time: 111.431
[111.435s] aco: pheromone_evaporation done, time: 111.435
[112.232s] aco: daemon_actions done, time: 112.232
[112.232s] aco: generation 85 start, time: 112.232
[112.485s] aco: compute_total_information done, time: 112.485
[112.984s] aco: ants_generation_and_activity done, time: 112.984
[112.988s] aco: pheromone_evaporation done, time: 112.988
[113.749s] aco: daemon_actions done, time: 113.749
[113.749s] aco: generation 86 start, time: 113.749
[113.968s] aco: compute_total_information done, time: 113.968
[114.438s] aco: ants_generation_and_activity done, time: 114.438
[114.439s] aco: pheromone_evaporation done, time: 114.439
[115.114s] aco: daemon_actions done, time: 115.114
[115.114s] aco: generation 87 start, time: 115.114
[115.285s] aco: compute_total_information done, time: 115.285
[115.654s] aco: ants_generation_and_activity done, time: 115.654
[115.656s] aco: pheromone_evaporation done, time: 115.656
[116.292s] aco: daemon_actions done, time: 116.292
[116.292s] aco: generation 88 start, time: 116.292
[116.499s] aco: compute_total_information done, time: 116.499
[116.981s] aco: ants_generation_and_activity done, time: 116.981
[116.982s] aco: pheromone_evaporation done, time: 116.982
[117.680s] aco: daemon_actions done, time: 117.68
[117.681s] aco: generation 89 start, time: 117.681
[117.891s] aco: compute_total_information done, time: 117.891
[118.268s] aco: ants_generation_and_activity done, time: 118.268
[118.272s] aco: pheromone_evaporation done, time: 118.272
[118.843s] aco: daemon_actions done, time: 118.843
[118.843s] aco: generation 90 start, time: 118.843
[119.031s] aco: compute_total_information done, time: 119.031
[119.436s] aco: ants_generation_and_activity done, time: 119.436
[119.439s] aco: pheromone_evaporation done, time: 119.439
[120.073s] aco: daemon_actions done, time: 120.073
[120.073s] aco: generation 91 start, time: 120.073
[120.248s] aco: compute_total_information done, time: 120.248
[120.659s] aco: ants_generation_and_activity done, time: 120.659
[120.663s] aco: pheromone_evaporation done, time: 120.663
[121.237s] aco: daemon_actions done, time: 121.237
[121.237s] aco: generation 92 start, time: 121.237
[121.408s] aco: compute_total_information done, time: 121.408
[121.791s] aco: ants_generation_and_activity done, time: 121.791
[121.793s] aco: pheromone_evaporation done, time: 121.793
[122.371s] aco: daemon_actions done, time: 122.371
[122.371s] aco: generation 93 start, time: 122.371
[122.545s] aco: compute_total_information done, time: 122.545
[123.065s] aco: ants_generation_and_activity done, time: 123.065
[123.069s] aco: pheromone_evaporation done, time: 123.069
[123.681s] aco: daemon_actions done, time: 123.681
[123.681s] aco: generation 94 start, time: 123.681
[123.850s] aco: compute_total_information done, time: 123.85
[124.303s] aco: ants_generation_and_activity done, time: 124.303
[124.305s] aco: pheromone_evaporation done, time: 124.305
[124.901s] aco: daemon_actions done, time: 124.901
[124.901s] aco: generation 95 start, time: 124.901
[125.077s] aco: compute_total_information done, time: 125.077
[125.477s] aco: ants_generation_and_activity done, time: 125.477
[125.481s] aco: pheromone_evaporation done, time: 125.481
[126.043s] aco: daemon_actions done, time: 126.043
[126.043s] aco: generation 96 start, time: 126.043
[126.213s] aco: compute_total_information done, time: 126.213
[126.592s] aco: ants_generation_and_activity done, time: 126.592
[126.596s] aco: pheromone_evaporation done, time: 126.596
[127.161s] aco: daemon_actions done, time: 127.161
[127.161s] aco: generation 97 start, time: 127.161
[127.327s] aco: compute_total_information done, time: 127.327
[127.749s] aco: ants_generation_and_activity done, time: 127.749
[127.750s] aco: pheromone_evaporation done, time: 127.75
[128.371s] aco: daemon_actions done, time: 128.371
[128.372s] aco: generation 98 start, time: 128.372
[128.545s] aco: compute_total_information done, time: 128.545
[128.953s] aco: ants_generation_and_activity done, time: 128.953
[128.957s] aco: pheromone_evaporation done, time: 128.957
[129.529s] aco: daemon_actions done, time: 129.529
[129.529s] aco: generation 99 start, time: 129.529
[129.697s] aco: compute_total_information done, time: 129.697
[130.073s] aco: ants_generation_and_activity done, time: 130.073
[130.077s] aco: pheromone_evaporation done, time: 130.077
[130.634s] aco: new best solution found with cost 4.6009e+006 and 1000 components
[130.637s] aco: daemon_actions done, time: 130.637
[130.637s] aco: generation 100 start, time: 130.637
[130.808s] aco: compute_total_information done, time: 130.808
[131.199s] aco: ants_generation_and_activity done, time: 131.199
[131.203s] aco: pheromone_evaporation done, time: 131.203
[132.105s] aco: daemon_actions done, time: 132.105
[132.105s] aco: generation 101 start, time: 132.105
[132.281s] aco: compute_total_information done, time: 132.281
[132.618s] aco: ants_generation_and_activity done, time: 132.618
[132.621s] aco: pheromone_evaporation done, time: 132.621
[133.326s] aco: daemon_actions done, time: 133.326
[133.327s] aco: generation 102 start, time: 133.327
[133.473s] aco: compute_total_information done, time: 133.473
[133.888s] aco: ants_generation_and_activity done, time: 133.888
[133.892s] aco: pheromone_evaporation done, time: 133.892
[134.615s] aco: daemon_actions done, time: 134.615
[134.615s] aco: generation 103 start, time: 134.615
[134.868s] aco: compute_total_information done, time: 134.868
[135.370s] aco: ants_generation_and_activity done, time: 135.37
[135.375s] aco: pheromone_evaporation done, time: 135.375
[136.020s] aco: daemon_actions done, time: 136.02
[136.020s] aco: generation 104 start, time: 136.02
[136.199s] aco: compute_total_information done, time: 136.199
[136.645s] aco: ants_generation_and_activity done, time: 136.645
[136.650s] aco: pheromone_evaporation done, time: 136.65
[137.298s] aco: daemon_actions done, time: 137.298
[137.298s] aco: generation 105 start, time: 137.298
[137.482s] aco: compute_total_information done, time: 137.482
[137.882s] aco: ants_generation_and_activity done, time: 137.882
[137.886s] aco: pheromone_evaporation done, time: 137.886
[138.529s] aco: daemon_actions done, time: 138.529
[138.529s] aco: generation 106 start, time: 138.529
[138.736s] aco: compute_total_information done, time: 138.736
[139.202s] aco: ants_generation_and_activity done, time: 139.202
[139.205s] aco: pheromone_evaporation done, time: 139.205
[139.965s] aco: daemon_actions done, time: 139.965
[139.966s] aco: generation 107 start, time: 139.966
[140.148s] aco: compute_total_information done, time: 140.148
[140.520s] aco: ants_generation_and_activity done, time: 140.52
[140.524s] aco: pheromone_evaporation done, time: 140.524
[141.106s] aco: daemon_actions done, time: 141.106
[141.106s] aco: generation 108 start, time: 141.106
[141.275s] aco: compute_total_information done, time: 141.275
[141.665s] aco: ants_generation_and_activity done, time: 141.665
[141.669s] aco: pheromone_evaporation done, time: 141.669
[142.279s] aco: daemon_actions done, time: 142.279
[142.279s] aco: generation 109 start, time: 142.279
[142.452s] aco: compute_total_information done, time: 142.452
[142.818s] aco: ants_generation_and_activity done, time: 142.818
[142.821s] aco: pheromone_evaporation done, time: 142.821
[143.426s] aco: daemon_actions done, time: 143.426
[143.426s] aco: generation 110 start, time: 143.426
[143.605s] aco: compute_total_information done, time: 143.605
[144.083s] aco: ants_generation_and_activity done, time: 144.083
[144.085s] aco: pheromone_evaporation done, time: 144.085
[144.672s] aco: daemon_actions done, time: 144.672
[144.672s] aco: generation 111 start, time: 144.672
[144.843s] aco: compute_total_information done, time: 144.843
[145.242s] aco: ants_generation_and_activity done, time: 145.242
[145.246s] aco: pheromone_evaporation done, time: 145.246
[145.815s] aco: daemon_actions done, time: 145.815
[145.815s] aco: generation 112 start, time: 145.815
[145.986s] aco: compute_total_information done, time: 145.986
[146.364s] aco: ants_generation_and_activity done, time: 146.364
[146.365s] aco: pheromone_evaporation done, time: 146.365
[146.948s] aco: daemon_actions done, time: 146.948
[146.949s] aco: generation 113 start, time: 146.949
[147.119s] aco: compute_total_information done, time: 147.119
[147.531s] aco: ants_generation_and_activity done, time: 147.531
[147.535s] aco: pheromone_evaporation done, time: 147.535
[148.277s] aco: daemon_actions done, time: 148.277
[148.277s] aco: generation 114 start, time: 148.277
[148.455s] aco: compute_total_information done, time: 148.455
[148.833s] aco: ants_generation_and_activity done, time: 148.833
[148.837s] aco: pheromone_evaporation done, time: 148.837
[149.440s] aco: daemon_actions done, time: 149.44
[149.440s] aco: generation 115 start, time: 149.44
[149.615s] aco: compute_total_information done, time: 149.615
[149.994s] aco: ants_generation_and_activity done, time: 149.994
[149.997s] aco: pheromone_evaporation done, time: 149.997
[150.581s] aco: daemon_actions done, time: 150.581
[150.581s] aco: generation 116 start, time: 150.581
[150.756s] aco: compute_total_information done, time: 150.756
[151.116s] aco: ants_generation_and_activity done, time: 151.116
[151.120s] aco: pheromone_evaporation done, time: 151.12
[151.750s] aco: daemon_actions done, time: 151.75
[151.750s] aco: generation 117 start, time: 151.75
[151.942s] aco: compute_total_information done, time: 151.942
[152.299s] aco: ants_generation_and_activity done, time: 152.299
[152.302s] aco: pheromone_evaporation done, time: 152.302
[152.864s] aco: daemon_actions done, time: 152.864
[152.864s] aco: generation 118 start, time: 152.864
[153.039s] aco: compute_total_information done, time: 153.039
[153.416s] aco: ants_generation_and_activity done, time: 153.416
[153.420s] aco: pheromone_evaporation done, time: 153.42
[154.001s] aco: daemon_actions done, time: 154.001
[154.002s] aco: generation 119 start, time: 154.002
[154.173s] aco: compute_total_information done, time: 154.173
[154.549s] aco: ants_generation_and_activity done, time: 154.549
[154.550s] aco: pheromone_evaporation done, time: 154.55
[155.172s] aco: daemon_actions done, time: 155.172
[155.172s] aco: generation 120 start, time: 155.172
[155.347s] aco: compute_total_information done, time: 155.347
[155.758s] aco: ants_generation_and_activity done, time: 155.758
[155.762s] aco: pheromone_evaporation done, time: 155.762
[156.338s] aco: daemon_actions done, time: 156.338
[156.338s] aco: generation 121 start, time: 156.338
[156.510s] aco: compute_total_information done, time: 156.51
[156.872s] aco: ants_generation_and_activity done, time: 156.872
[156.874s] aco: pheromone_evaporation done, time: 156.874
[157.432s] aco: daemon_actions done, time: 157.432
[157.432s] aco: generation 122 start, time: 157.432
[157.619s] aco: compute_total_information done, time: 157.619
[157.981s] aco: ants_generation_and_activity done, time: 157.981
[157.985s] aco: pheromone_evaporation done, time: 157.985
[158.554s] aco: daemon_actions done, time: 158.554
[158.555s] aco: generation 123 start, time: 158.555
[158.766s] aco: compute_total_information done, time: 158.766
[159.123s] aco: ants_generation_and_activity done, time: 159.123
[159.128s] aco: pheromone_evaporation done, time: 159.128
[159.761s] aco: new best solution found with cost 4.62369e+006 and 1000 components
[159.766s] aco: daemon_actions done, time: 159.766
[159.766s] aco: generation 124 start, time: 159.766
[159.946s] aco: compute_total_information done, time: 159.946
[160.369s] aco: ants_generation_and_activity done, time: 160.369
[160.372s] aco: pheromone_evaporation done, time: 160.372
[160.937s] aco: daemon_actions done, time: 160.937
[160.937s] aco: generation 125 start, time: 160.937
[161.110s] aco: compute_total_information done, time: 161.11
[161.515s] aco: ants_generation_and_activity done, time: 161.515
[161.519s] aco: pheromone_evaporation done, time: 161.519
[162.102s] aco: daemon_actions done, time: 162.102
[162.102s] aco: generation 126 start, time: 162.102
[162.272s] aco: compute_total_information done, time: 162.272
[162.677s] aco: ants_generation_and_activity done, time: 162.677
[162.681s] aco: pheromone_evaporation done, time: 162.681
[163.277s] aco: daemon_actions done, time: 163.277
[163.277s] aco: generation 127 start, time: 163.277
[163.448s] aco: compute_total_information done, time: 163.448
[163.877s] aco: ants_generation_and_activity done, time: 163.877
[163.881s] aco: pheromone_evaporation done, time: 163.881
[164.483s] aco: daemon_actions done, time: 164.483
[164.483s] aco: generation 128 start, time: 164.483
[164.672s] aco: compute_total_information done, time: 164.672
[165.025s] aco: ants_generation_and_activity done, time: 165.025
[165.028s] aco: pheromone_evaporation done, time: 165.028
[165.605s] aco: daemon_actions done, time: 165.605
[165.605s] aco: generation 129 start, time: 165.605
[165.777s] aco: compute_total_information done, time: 165.777
[166.159s] aco: ants_generation_and_activity done, time: 166.159
[166.163s] aco: pheromone_evaporation done, time: 166.163
[166.714s] aco: daemon_actions done, time: 166.714
[166.714s] aco: generation 130 start, time: 166.714
[166.880s] aco: compute_total_information done, time: 166.88
[167.236s] aco: ants_generation_and_activity done, time: 167.236
[167.238s] aco: pheromone_evaporation done, time: 167.238
[167.880s] aco: daemon_actions done, time: 167.88
[167.880s] aco: generation 131 start, time: 167.88
[168.052s] aco: compute_total_information done, time: 168.052
[168.416s] aco: ants_generation_and_activity done, time: 168.416
[168.420s] aco: pheromone_evaporation done, time: 168.42
[169.001s] aco: daemon_actions done, time: 169.001
[169.001s] aco: generation 132 start, time: 169.001
[169.173s] aco: compute_total_information done, time: 169.173
[169.543s] aco: ants_generation_and_activity done, time: 169.543
[169.546s] aco: pheromone_evaporation done, time: 169.546
[170.216s] aco: daemon_actions done, time: 170.216
[170.216s] aco: generation 133 start, time: 170.216
[170.433s] aco: compute_total_information done, time: 170.433
[170.856s] aco: ants_generation_and_activity done, time: 170.856
[170.859s] aco: pheromone_evaporation done, time: 170.859
[171.675s] aco: daemon_actions done, time: 171.675
[171.675s] aco: generation 134 start, time: 171.675
[171.904s] aco: compute_total_information done, time: 171.904
[172.363s] aco: ants_generation_and_activity done, time: 172.363
[172.367s] aco: pheromone_evaporation done, time: 172.367
[173.202s] aco: daemon_actions done, time: 173.202
[173.202s] aco: generation 135 start, time: 173.202
[173.467s] aco: compute_total_information done, time: 173.467
[173.924s] aco: ants_generation_and_activity done, time: 173.924
[173.929s] aco: pheromone_evaporation done, time: 173.928
[174.723s] aco: daemon_actions done, time: 174.723
[174.723s] aco: generation 136 start, time: 174.723
[174.962s] aco: compute_total_information done, time: 174.961
[175.465s] aco: ants_generation_and_activity done, time: 175.465
[175.469s] aco: pheromone_evaporation done, time: 175.469
[176.286s] aco: daemon_actions done, time: 176.286
[176.286s] aco: generation 137 start, time: 176.286
[176.534s] aco: compute_total_information done, time: 176.534
[176.981s] aco: ants_generation_and_activity done, time: 176.981
[176.986s] aco: pheromone_evaporation done, time: 176.986
[177.648s] aco: daemon_actions done, time: 177.648
[177.648s] aco: generation 138 start, time: 177.648
[177.828s] aco: compute_total_information done, time: 177.828
[178.216s] aco: ants_generation_and_activity done, time: 178.216
[178.219s] aco: pheromone_evaporation done, time: 178.219
[178.942s] aco: daemon_actions done, time: 178.942
[178.942s] aco: generation 139 start, time: 178.942
[179.133s] aco: compute_total_information done, time: 179.133
[179.541s] aco: ants_generation_and_activity done, time: 179.541
[179.545s] aco: pheromone_evaporation done, time: 179.545
[180.122s] aco: daemon_actions done, time: 180.122
[180.122s] aco: generation 140 start, time: 180.122
[180.299s] aco: compute_total_information done, time: 180.299
[180.669s] aco: ants_generation_and_activity done, time: 180.669
[180.672s] aco: pheromone_evaporation done, time: 180.672
[181.229s] aco: daemon_actions done, time: 181.229
[181.230s] aco: generation 141 start, time: 181.23
[181.401s] aco: compute_total_information done, time: 181.401
[181.743s] aco: ants_generation_and_activity done, time: 181.743
[181.747s] aco: pheromone_evaporation done, time: 181.747
[182.319s] aco: daemon_actions done, time: 182.319
[182.319s] aco: generation 142 start, time: 182.319
[182.485s] aco: compute_total_information done, time: 182.485
[182.850s] aco: ants_generation_and_activity done, time: 182.85
[182.851s] aco: pheromone_evaporation done, time: 182.851
[183.453s] aco: daemon_actions done, time: 183.453
[183.453s] aco: generation 143 start, time: 183.453
[183.697s] aco: compute_total_information done, time: 183.697
[184.046s] aco: ants_generation_and_activity done, time: 184.046
[184.049s] aco: pheromone_evaporation done, time: 184.049
[184.643s] aco: daemon_actions done, time: 184.643
[184.643s] aco: generation 144 start, time: 184.643
[184.823s] aco: compute_total_information done, time: 184.823
[185.176s] aco: ants_generation_and_activity done, time: 185.176
[185.179s] aco: pheromone_evaporation done, time: 185.179
[185.887s] aco: daemon_actions done, time: 185.887
[185.888s] aco: generation 145 start, time: 185.888
[186.054s] aco: compute_total_information done, time: 186.054
[186.405s] aco: ants_generation_and_activity done, time: 186.405
[186.408s] aco: pheromone_evaporation done, time: 186.408
[186.976s] aco: daemon_actions done, time: 186.975
[186.976s] aco: generation 146 start, time: 186.976
[187.167s] aco: compute_total_information done, time: 187.167
[187.588s] aco: ants_generation_and_activity done, time: 187.588
[187.592s] aco: pheromone_evaporation done, time: 187.592
[188.177s] aco: daemon_actions done, time: 188.177
[188.177s] aco: generation 147 start, time: 188.177
[188.360s] aco: compute_total_information done, time: 188.36
[188.738s] aco: ants_generation_and_activity done, time: 188.738
[188.742s] aco: pheromone_evaporation done, time: 188.742
[189.308s] aco: daemon_actions done, time: 189.308
[189.308s] aco: generation 148 start, time: 189.308
[189.485s] aco: compute_total_information done, time: 189.485
[189.852s] aco: ants_generation_and_activity done, time: 189.852
[189.855s] aco: pheromone_evaporation done, time: 189.855
[190.421s] aco: daemon_actions done, time: 190.421
[190.421s] aco: generation 149 start, time: 190.421
[190.591s] aco: compute_total_information done, time: 190.591
[190.953s] aco: ants_generation_and_activity done, time: 190.953
[190.954s] aco: pheromone_evaporation done, time: 190.954
[191.606s] aco: daemon_actions done, time: 191.606
[191.606s] aco: generation 150 start, time: 191.606
[191.822s] aco: compute_total_information done, time: 191.822
[192.179s] aco: ants_generation_and_activity done, time: 192.179
[192.182s] aco: pheromone_evaporation done, time: 192.182
[192.760s] aco: daemon_actions done, time: 192.76
[192.760s] aco: generation 151 start, time: 192.76
[192.948s] aco: compute_total_information done, time: 192.948
[193.317s] aco: ants_generation_and_activity done, time: 193.317
[193.321s] aco: pheromone_evaporation done, time: 193.321
[193.939s] aco: daemon_actions done, time: 193.938
[193.939s] aco: generation 152 start, time: 193.939
[194.133s] aco: compute_total_information done, time: 194.133
[194.476s] aco: ants_generation_and_activity done, time: 194.476
[194.480s] aco: pheromone_evaporation done, time: 194.48
[195.052s] aco: daemon_actions done, time: 195.052
[195.053s] aco: generation 153 start, time: 195.053
[195.253s] aco: compute_total_information done, time: 195.253
[195.806s] aco: ants_generation_and_activity done, time: 195.806
[195.809s] aco: pheromone_evaporation done, time: 195.809
[196.599s] aco: daemon_actions done, time: 196.599
[196.599s] aco: generation 154 start, time: 196.599
[196.881s] aco: compute_total_information done, time: 196.881
[197.368s] aco: ants_generation_and_activity done, time: 197.368
[197.373s] aco: pheromone_evaporation done, time: 197.373
[198.145s] aco: daemon_actions done, time: 198.145
[198.146s] aco: generation 155 start, time: 198.146
[198.383s] aco: compute_total_information done, time: 198.383
[198.953s] aco: ants_generation_and_activity done, time: 198.953
[198.956s] aco: pheromone_evaporation done, time: 198.956
[199.769s] aco: daemon_actions done, time: 199.769
[199.771s] aco: generation 156 start, time: 199.771
[199.989s] aco: compute_total_information done, time: 199.989
[200.431s] aco: ants_generation_and_activity done, time: 200.431
[200.436s] aco: pheromone_evaporation done, time: 200.436
[201.161s] aco: daemon_actions done, time: 201.161
[201.161s] aco: generation 157 start, time: 201.161
[201.382s] aco: compute_total_information done, time: 201.382
[201.834s] aco: ants_generation_and_activity done, time: 201.834
[201.838s] aco: pheromone_evaporation done, time: 201.838
[202.454s] aco: daemon_actions done, time: 202.454
[202.455s] aco: generation 158 start, time: 202.455
[202.632s] aco: compute_total_information done, time: 202.632
[202.991s] aco: ants_generation_and_activity done, time: 202.991
[202.994s] aco: pheromone_evaporation done, time: 202.994
[203.688s] aco: daemon_actions done, time: 203.688
[203.688s] aco: generation 159 start, time: 203.688
[203.891s] aco: compute_total_information done, time: 203.891
[204.250s] aco: ants_generation_and_activity done, time: 204.25
[204.254s] aco: pheromone_evaporation done, time: 204.254
[204.838s] aco: daemon_actions done, time: 204.838
[204.838s] aco: generation 160 start, time: 204.838
[205.008s] aco: compute_total_information done, time: 205.008
[205.359s] aco: ants_generation_and_activity done, time: 205.359
[205.363s] aco: pheromone_evaporation done, time: 205.363
[206.164s] aco: daemon_actions done, time: 206.164
[206.164s] aco: generation 161 start, time: 206.164
[206.350s] aco: compute_total_information done, time: 206.35
[206.708s] aco: ants_generation_and_activity done, time: 206.708
[206.713s] aco: pheromone_evaporation done, time: 206.713
[207.299s] aco: daemon_actions done, time: 207.299
[207.299s] aco: generation 162 start, time: 207.299
[207.536s] aco: compute_total_information done, time: 207.536
[207.893s] aco: ants_generation_and_activity done, time: 207.893
[207.896s] aco: pheromone_evaporation done, time: 207.896
[208.465s] aco: daemon_actions done, time: 208.465
[208.465s] aco: generation 163 start, time: 208.465
[208.635s] aco: compute_total_information done, time: 208.635
[208.992s] aco: ants_generation_and_activity done, time: 208.992
[208.997s] aco: pheromone_evaporation done, time: 208.997
[209.572s] aco: daemon_actions done, time: 209.572
[209.572s] aco: generation 164 start, time: 209.572
[209.748s] aco: compute_total_information done, time: 209.748
[210.228s] aco: ants_generation_and_activity done, time: 210.228
[210.230s] aco: pheromone_evaporation done, time: 210.23
[210.873s] aco: new best solution found with cost 4.62745e+006 and 1000 components
[210.878s] aco: daemon_actions done, time: 210.878
[210.878s] aco: generation 165 start, time: 210.878
[211.068s] aco: compute_total_information done, time: 211.068
[211.510s] aco: ants_generation_and_activity done, time: 211.51
[211.513s] aco: pheromone_evaporation done, time: 211.513
[212.101s] aco: daemon_actions done, time: 212.101
[212.101s] aco: generation 166 start, time: 212.101
[212.276s] aco: compute_total_information done, time: 212.276
[212.663s] aco: ants_generation_and_activity done, time: 212.663
[212.664s] aco: pheromone_evaporation done, time: 212.664
[213.236s] aco: daemon_actions done, time: 213.236
[213.236s] aco: generation 167 start, time: 213.236
[213.405s] aco: compute_total_information done, time: 213.405
[213.782s] aco: ants_generation_and_activity done, time: 213.782
[213.786s] aco: pheromone_evaporation done, time: 213.786
[214.346s] aco: daemon_actions done, time: 214.346
[214.347s] aco: generation 168 start, time: 214.347
[214.515s] aco: compute_total_information done, time: 214.515
[214.904s] aco: ants_generation_and_activity done, time: 214.904
[214.908s] aco: pheromone_evaporation done, time: 214.908
[215.568s] aco: daemon_actions done, time: 215.568
[215.568s] aco: generation 169 start, time: 215.568
[215.739s] aco: compute_total_information done, time: 215.739
[216.145s] aco: ants_generation_and_activity done, time: 216.145
[216.149s] aco: pheromone_evaporation done, time: 216.149
[216.716s] aco: daemon_actions done, time: 216.716
[216.716s] aco: generation 170 start, time: 216.716
[216.890s] aco: compute_total_information done, time: 216.89
[217.295s] aco: ants_generation_and_activity done, time: 217.295
[217.297s] aco: pheromone_evaporation done, time: 217.297
[217.913s] aco: daemon_actions done, time: 217.913
[217.913s] aco: generation 171 start, time: 217.913
[218.087s] aco: compute_total_information done, time: 218.087
[218.482s] aco: ants_generation_and_activity done, time: 218.482
[218.486s] aco: pheromone_evaporation done, time: 218.486
[219.089s] aco: daemon_actions done, time: 219.089
[219.089s] aco: generation 172 start, time: 219.089
[219.326s] aco: compute_total_information done, time: 219.326
[219.750s] aco: ants_generation_and_activity done, time: 219.75
[219.754s] aco: pheromone_evaporation done, time: 219.754
[220.352s] aco: daemon_actions done, time: 220.352
[220.352s] aco: generation 173 start, time: 220.352
[220.568s] aco: compute_total_information done, time: 220.568
[221.064s] aco: ants_generation_and_activity done, time: 221.064
[221.065s] aco: pheromone_evaporation done, time: 221.065
[221.811s] aco: daemon_actions done, time: 221.811
[221.811s] aco: generation 174 start, time: 221.811
[222.022s] aco: compute_total_information done, time: 222.022
[222.517s] aco: ants_generation_and_activity done, time: 222.517
[222.523s] aco: pheromone_evaporation done, time: 222.523
[223.317s] aco: daemon_actions done, time: 223.317
[223.317s] aco: generation 175 start, time: 223.317
[223.604s] aco: compute_total_information done, time: 223.604
[224.156s] aco: ants_generation_and_activity done, time: 224.156
[224.158s] aco: pheromone_evaporation done, time: 224.158
[224.883s] aco: daemon_actions done, time: 224.883
[224.883s] aco: generation 176 start, time: 224.883
[225.105s] aco: compute_total_information done, time: 225.105
[225.598s] aco: ants_generation_and_activity done, time: 225.598
[225.599s] aco: pheromone_evaporation done, time: 225.599
[226.325s] aco: new best solution found with cost 4.62875e+006 and 1000 components
[226.331s] aco: daemon_actions done, time: 226.331
[226.331s] aco: generation 177 start, time: 226.331
[226.548s] aco: compute_total_information done, time: 226.548
[226.923s] aco: ants_generation_and_activity done, time: 226.923
[226.927s] aco: pheromone_evaporation done, time: 226.927
[227.585s] aco: daemon_actions done, time: 227.585
[227.585s] aco: generation 178 start, time: 227.585
[227.763s] aco: compute_total_information done, time: 227.762
[228.141s] aco: ants_generation_and_activity done, time: 228.141
[228.142s] aco: pheromone_evaporation done, time: 228.142
[228.861s] aco: daemon_actions done, time: 228.861
[228.861s] aco: generation 179 start, time: 228.861
[229.047s] aco: compute_total_information done, time: 229.047
[229.401s] aco: ants_generation_and_activity done, time: 229.401
[229.402s] aco: pheromone_evaporation done, time: 229.402
[230.160s] aco: daemon_actions done, time: 230.16
[230.160s] aco: generation 180 start, time: 230.16
[230.331s] aco: compute_total_information done, time: 230.331
[230.677s] aco: ants_generation_and_activity done, time: 230.677
[230.680s] aco: pheromone_evaporation done, time: 230.68
[231.313s] aco: daemon_actions done, time: 231.313
[231.313s] aco: generation 181 start, time: 231.313
[231.486s] aco: compute_total_information done, time: 231.486
[231.873s] aco: ants_generation_and_activity done, time: 231.873
[231.876s] aco: pheromone_evaporation done, time: 231.876
[232.478s] aco: daemon_actions done, time: 232.478
[232.478s] aco: generation 182 start, time: 232.478
[232.652s] aco: compute_total_information done, time: 232.652
[233.027s] aco: ants_generation_and_activity done, time: 233.027
[233.031s] aco: pheromone_evaporation done, time: 233.031
[233.639s] aco: daemon_actions done, time: 233.639
[233.639s] aco: generation 183 start, time: 233.639
[233.875s] aco: compute_total_information done, time: 233.875
[234.452s] aco: ants_generation_and_activity done, time: 234.452
[234.456s] aco: pheromone_evaporation done, time: 234.456
[235.358s] aco: daemon_actions done, time: 235.358
[235.359s] aco: generation 184 start, time: 235.359
[235.631s] aco: compute_total_information done, time: 235.631
[236.184s] aco: ants_generation_and_activity done, time: 236.184
[236.188s] aco: pheromone_evaporation done, time: 236.188
[237.343s] aco: daemon_actions done, time: 237.343
[237.343s] aco: generation 185 start, time: 237.343
[237.685s] aco: compute_total_information done, time: 237.685
[238.659s] aco: ants_generation_and_activity done, time: 238.659
[238.664s] aco: pheromone_evaporation done, time: 238.664
[239.455s] aco: daemon_actions done, time: 239.455
[239.455s] aco: generation 186 start, time: 239.455
[239.711s] aco: compute_total_information done, time: 239.711
[240.247s] aco: ants_generation_and_activity done, time: 240.247
[240.251s] aco: pheromone_evaporation done, time: 240.251
[241.114s] aco: daemon_actions done, time: 241.114
[241.114s] aco: generation 187 start, time: 241.114
[241.336s] aco: compute_total_information done, time: 241.336
[241.819s] aco: ants_generation_and_activity done, time: 241.819
[241.821s] aco: pheromone_evaporation done, time: 241.821
[242.767s] aco: daemon_actions done, time: 242.767
[242.767s] aco: generation 188 start, time: 242.767
[243.009s] aco: compute_total_information done, time: 243.009
[243.473s] aco: ants_generation_and_activity done, time: 243.473
[243.477s] aco: pheromone_evaporation done, time: 243.477
[244.383s] aco: daemon_actions done, time: 244.383
[244.383s] aco: generation 189 start, time: 244.383
[244.647s] aco: compute_total_information done, time: 244.647
[245.061s] aco: ants_generation_and_activity done, time: 245.061
[245.064s] aco: pheromone_evaporation done, time: 245.064
[245.647s] aco: daemon_actions done, time: 245.647
[245.647s] aco: generation 190 start, time: 245.647
[245.827s] aco: compute_total_information done, time: 245.827
[246.181s] aco: ants_generation_and_activity done, time: 246.181
[246.184s] aco: pheromone_evaporation done, time: 246.184
[247.028s] aco: daemon_actions done, time: 247.028
[247.029s] aco: generation 191 start, time: 247.029
[247.199s] aco: compute_total_information done, time: 247.199
[247.699s] aco: ants_generation_and_activity done, time: 247.699
[247.703s] aco: pheromone_evaporation done, time: 247.703
[248.354s] aco: daemon_actions done, time: 248.354
[248.355s] aco: generation 192 start, time: 248.355
[248.549s] aco: compute_total_information done, time: 248.549
[248.934s] aco: ants_generation_and_activity done, time: 248.934
[248.936s] aco: pheromone_evaporation done, time: 248.936
[249.504s] aco: daemon_actions done, time: 249.504
[249.504s] aco: generation 193 start, time: 249.504
[249.669s] aco: compute_total_information done, time: 249.669
[250.030s] aco: ants_generation_and_activity done, time: 250.03
[250.033s] aco: pheromone_evaporation done, time: 250.033
[250.663s] aco: daemon_actions done, time: 250.663
[250.663s] aco: generation 194 start, time: 250.663
[250.848s] aco: compute_total_information done, time: 250.848
[251.225s] aco: ants_generation_and_activity done, time: 251.225
[251.229s] aco: pheromone_evaporation done, time: 251.229
[251.873s] aco: daemon_actions done, time: 251.873
[251.873s] aco: generation 195 start, time: 251.873
[252.090s] aco: compute_total_information done, time: 252.09
[252.483s] aco: ants_generation_and_activity done, time: 252.482
[252.488s] aco: pheromone_evaporation done, time: 252.488
[253.289s] aco: daemon_actions done, time: 253.289
[253.289s] aco: generation 196 start, time: 253.289
[253.472s] aco: compute_total_information done, time: 253.472
[253.848s] aco: ants_generation_and_activity done, time: 253.848
[253.850s] aco: pheromone_evaporation done, time: 253.85
[254.439s] aco: daemon_actions done, time: 254.439
[254.439s] aco: generation 197 start, time: 254.439
[254.694s] aco: compute_total_information done, time: 254.694
[255.092s] aco: ants_generation_and_activity done, time: 255.092
[255.096s] aco: pheromone_evaporation done, time: 255.096
[255.653s] aco: daemon_actions done, time: 255.653
[255.653s] aco: generation 198 start, time: 255.653
[256.064s] aco: compute_total_information done, time: 256.064
[256.403s] aco: ants_generation_and_activity done, time: 256.403
[256.406s] aco: pheromone_evaporation done, time: 256.406
[256.977s] aco: daemon_actions done, time: 256.977
[256.977s] aco: generation 199 start, time: 256.977
[257.156s] aco: compute_total_information done, time: 257.156
[257.477s] aco: ants_generation_and_activity done, time: 257.477
[257.479s] aco: pheromone_evaporation done, time: 257.479
[258.157s] aco: daemon_actions done, time: 258.157
[258.157s] aco: generation 200 start, time: 258.157
[258.382s] aco: compute_total_information done, time: 258.382
[258.897s] aco: ants_generation_and_activity done, time: 258.897
[258.900s] aco: pheromone_evaporation done, time: 258.9
[259.650s] aco: daemon_actions done, time: 259.65
[259.650s] aco: generation 201 start, time: 259.65
[259.866s] aco: compute_total_information done, time: 259.866
[260.323s] aco: ants_generation_and_activity done, time: 260.323
[260.326s] aco: pheromone_evaporation done, time: 260.326
[261.119s] aco: daemon_actions done, time: 261.119
[261.120s] aco: generation 202 start, time: 261.12
[261.360s] aco: compute_total_information done, time: 261.36
[261.781s] aco: ants_generation_and_activity done, time: 261.781
[261.786s] aco: pheromone_evaporation done, time: 261.786
[262.567s] aco: daemon_actions done, time: 262.567
[262.567s] aco: generation 203 start, time: 262.567
[262.781s] aco: compute_total_information done, time: 262.781
[263.209s] aco: ants_generation_and_activity done, time: 263.209
[263.212s] aco: pheromone_evaporation done, time: 263.212
[263.954s] aco: daemon_actions done, time: 263.954
[263.956s] aco: generation 204 start, time: 263.956
[264.135s] aco: compute_total_information done, time: 264.135
[264.502s] aco: ants_generation_and_activity done, time: 264.502
[264.505s] aco: pheromone_evaporation done, time: 264.505
[265.126s] aco: daemon_actions done, time: 265.126
[265.126s] aco: generation 205 start, time: 265.126
[265.300s] aco: compute_total_information done, time: 265.3
[265.683s] aco: ants_generation_and_activity done, time: 265.683
[265.686s] aco: pheromone_evaporation done, time: 265.686
[266.261s] aco: daemon_actions done, time: 266.261
[266.261s] aco: generation 206 start, time: 266.261
[266.518s] aco: compute_total_information done, time: 266.518
[266.904s] aco: ants_generation_and_activity done, time: 266.904
[266.905s] aco: pheromone_evaporation done, time: 266.905
[267.472s] aco: daemon_actions done, time: 267.472
[267.472s] aco: generation 207 start, time: 267.472
[267.639s] aco: compute_total_information done, time: 267.639
[268.001s] aco: ants_generation_and_activity done, time: 268.001
[268.004s] aco: pheromone_evaporation done, time: 268.004
[268.572s] aco: daemon_actions done, time: 268.572
[268.572s] aco: generation 208 start, time: 268.572
[268.740s] aco: compute_total_information done, time: 268.74
[269.108s] aco: ants_generation_and_activity done, time: 269.108
[269.112s] aco: pheromone_evaporation done, time: 269.112
[269.710s] aco: daemon_actions done, time: 269.71
[269.710s] aco: generation 209 start, time: 269.71
[269.881s] aco: compute_total_information done, time: 269.881
[270.301s] aco: ants_generation_and_activity done, time: 270.301
[270.305s] aco: pheromone_evaporation done, time: 270.305
[270.897s] aco: daemon_actions done, time: 270.897
[270.897s] aco: generation 210 start, time: 270.897
[271.071s] aco: compute_total_information done, time: 271.071
[271.427s] aco: ants_generation_and_activity done, time: 271.427
[271.430s] aco: pheromone_evaporation done, time: 271.43
[272.113s] aco: daemon_actions done, time: 272.113
[272.113s] aco: generation 211 start, time: 272.113
[272.318s] aco: compute_total_information done, time: 272.318
[272.666s] aco: ants_generation_and_activity done, time: 272.666
[272.669s] aco: pheromone_evaporation done, time: 272.669
[273.243s] aco: daemon_actions done, time: 273.243
[273.243s] aco: generation 212 start, time: 273.243
[273.417s] aco: compute_total_information done, time: 273.417
[273.772s] aco: ants_generation_and_activity done, time: 273.772
[273.776s] aco: pheromone_evaporation done, time: 273.776
[274.444s] aco: daemon_actions done, time: 274.444
[274.444s] aco: generation 213 start, time: 274.444
[274.641s] aco: compute_total_information done, time: 274.641
[275.023s] aco: ants_generation_and_activity done, time: 275.023
[275.027s] aco: pheromone_evaporation done, time: 275.027
[275.598s] aco: daemon_actions done, time: 275.598
[275.598s] aco: generation 214 start, time: 275.598
[275.769s] aco: compute_total_information done, time: 275.769
[276.128s] aco: ants_generation_and_activity done, time: 276.128
[276.130s] aco: pheromone_evaporation done, time: 276.13
[276.689s] aco: daemon_actions done, time: 276.689
[276.689s] aco: generation 215 start, time: 276.689
[276.865s] aco: compute_total_information done, time: 276.865
[277.232s] aco: ants_generation_and_activity done, time: 277.232
[277.235s] aco: pheromone_evaporation done, time: 277.235
[277.836s] aco: daemon_actions done, time: 277.836
[277.836s] aco: generation 216 start, time: 277.836
[278.016s] aco: compute_total_information done, time: 278.016
[278.421s] aco: ants_generation_and_activity done, time: 278.421
[278.422s] aco: pheromone_evaporation done, time: 278.422
[279.020s] aco: daemon_actions done, time: 279.02
[279.020s] aco: generation 217 start, time: 279.02
[279.198s] aco: compute_total_information done, time: 279.198
[279.549s] aco: ants_generation_and_activity done, time: 279.549
[279.552s] aco: pheromone_evaporation done, time: 279.552
[280.116s] aco: daemon_actions done, time: 280.116
[280.116s] aco: generation 218 start, time: 280.116
[280.284s] aco: compute_total_information done, time: 280.284
[280.651s] aco: ants_generation_and_activity done, time: 280.651
[280.653s] aco: pheromone_evaporation done, time: 280.653
[281.528s] aco: daemon_actions done, time: 281.528
[281.528s] aco: generation 219 start, time: 281.528
[281.707s] aco: compute_total_information done, time: 281.707
[282.097s] aco: ants_generation_and_activity done, time: 282.097
[282.098s] aco: pheromone_evaporation done, time: 282.098
[282.682s] aco: daemon_actions done, time: 282.682
[282.682s] aco: generation 220 start, time: 282.682
[282.880s] aco: compute_total_information done, time: 282.88
[283.227s] aco: ants_generation_and_activity done, time: 283.227
[283.230s] aco: pheromone_evaporation done, time: 283.23
[283.792s] aco: daemon_actions done, time: 283.792
[283.792s] aco: generation 221 start, time: 283.792
[283.975s] aco: compute_total_information done, time: 283.975
[284.334s] aco: ants_generation_and_activity done, time: 284.334
[284.338s] aco: pheromone_evaporation done, time: 284.338
[284.895s] aco: daemon_actions done, time: 284.895
[284.895s] aco: generation 222 start, time: 284.895
[285.066s] aco: compute_total_information done, time: 285.066
[285.417s] aco: ants_generation_and_activity done, time: 285.417
[285.421s] aco: pheromone_evaporation done, time: 285.421
[286.045s] aco: daemon_actions done, time: 286.045
[286.045s] aco: generation 223 start, time: 286.045
[286.224s] aco: compute_total_information done, time: 286.224
[286.586s] aco: ants_generation_and_activity done, time: 286.586
[286.588s] aco: pheromone_evaporation done, time: 286.588
[287.152s] aco: daemon_actions done, time: 287.152
[287.152s] aco: generation 224 start, time: 287.152
[287.332s] aco: compute_total_information done, time: 287.332
[287.679s] aco: ants_generation_and_activity done, time: 287.679
[287.683s] aco: pheromone_evaporation done, time: 287.683
[288.266s] aco: daemon_actions done, time: 288.266
[288.266s] aco: generation 225 start, time: 288.266
[288.437s] aco: compute_total_information done, time: 288.437
[288.785s] aco: ants_generation_and_activity done, time: 288.785
[288.789s] aco: pheromone_evaporation done, time: 288.789
[289.357s] aco: daemon_actions done, time: 289.357
[289.357s] aco: generation 226 start, time: 289.357
[289.529s] aco: compute_total_information done, time: 289.529
[289.929s] aco: ants_generation_and_activity done, time: 289.929
[289.938s] aco: pheromone_evaporation done, time: 289.938
[290.531s] aco: daemon_actions done, time: 290.531
[290.531s] aco: generation 227 start, time: 290.531
[290.698s] aco: compute_total_information done, time: 290.698
[291.049s] aco: ants_generation_and_activity done, time: 291.049
[291.052s] aco: pheromone_evaporation done, time: 291.052
[291.647s] aco: daemon_actions done, time: 291.647
[291.647s] aco: generation 228 start, time: 291.647
[291.826s] aco: compute_total_information done, time: 291.826
[292.202s] aco: ants_generation_and_activity done, time: 292.202
[292.204s] aco: pheromone_evaporation done, time: 292.204
[292.788s] aco: daemon_actions done, time: 292.788
[292.788s] aco: generation 229 start, time: 292.788
[292.952s] aco: compute_total_information done, time: 292.952
[293.317s] aco: ants_generation_and_activity done, time: 293.317
[293.321s] aco: pheromone_evaporation done, time: 293.321
[293.974s] aco: daemon_actions done, time: 293.974
[293.975s] aco: generation 230 start, time: 293.975
[294.183s] aco: compute_total_information done, time: 294.183
[294.549s] aco: ants_generation_and_activity done, time: 294.549
[294.552s] aco: pheromone_evaporation done, time: 294.552
[295.205s] aco: daemon_actions done, time: 295.205
[295.205s] aco: generation 231 start, time: 295.205
[295.441s] aco: compute_total_information done, time: 295.441
[295.881s] aco: ants_generation_and_activity done, time: 295.881
[295.882s] aco: pheromone_evaporation done, time: 295.882
[296.636s] aco: daemon_actions done, time: 296.636
[296.636s] aco: generation 232 start, time: 296.636
[296.863s] aco: compute_total_information done, time: 296.863
[297.293s] aco: ants_generation_and_activity done, time: 297.293
[297.296s] aco: pheromone_evaporation done, time: 297.296
[298.081s] aco: daemon_actions done, time: 298.081
[298.081s] aco: generation 233 start, time: 298.081
[298.371s] aco: compute_total_information done, time: 298.371
[298.822s] aco: ants_generation_and_activity done, time: 298.822
[298.823s] aco: pheromone_evaporation done, time: 298.823
[299.547s] aco: daemon_actions done, time: 299.547
[299.547s] aco: generation 234 start, time: 299.547
[299.760s] aco: compute_total_information done, time: 299.76
[300.215s] aco: ants_generation_and_activity done, time: 300.215
[300.219s] aco: pheromone_evaporation done, time: 300.219
[300.939s] aco: daemon_actions done, time: 300.939
[300.939s] aco: generation 235 start, time: 300.939
[301.148s] aco: compute_total_information done, time: 301.148
[301.669s] aco: ants_generation_and_activity done, time: 301.669
[301.673s] aco: pheromone_evaporation done, time: 301.673
[302.278s] aco: daemon_actions done, time: 302.278
[302.278s] aco: generation 236 start, time: 302.278
[302.452s] aco: compute_total_information done, time: 302.452
[302.818s] aco: ants_generation_and_activity done, time: 302.818
[302.820s] aco: pheromone_evaporation done, time: 302.82
[303.430s] aco: daemon_actions done, time: 303.43
[303.430s] aco: generation 237 start, time: 303.43
[303.608s] aco: compute_total_information done, time: 303.608
[303.988s] aco: ants_generation_and_activity done, time: 303.988
[303.990s] aco: pheromone_evaporation done, time: 303.99
[304.634s] aco: daemon_actions done, time: 304.634
[304.634s] aco: generation 238 start, time: 304.634
[304.811s] aco: compute_total_information done, time: 304.811
[305.171s] aco: ants_generation_and_activity done, time: 305.171
[305.172s] aco: pheromone_evaporation done, time: 305.172
[305.868s] aco: daemon_actions done, time: 305.868
[305.868s] aco: generation 239 start, time: 305.868
[306.043s] aco: compute_total_information done, time: 306.043
[306.412s] aco: ants_generation_and_activity done, time: 306.412
[306.413s] aco: pheromone_evaporation done, time: 306.413
[307.046s] aco: daemon_actions done, time: 307.046
[307.046s] aco: generation 240 start, time: 307.046
[307.219s] aco: compute_total_information done, time: 307.219
[307.626s] aco: ants_generation_and_activity done, time: 307.626
[307.630s] aco: pheromone_evaporation done, time: 307.63
[308.247s] aco: daemon_actions done, time: 308.247
[308.247s] aco: generation 241 start, time: 308.247
[308.443s] aco: compute_total_information done, time: 308.443
[308.864s] aco: ants_generation_and_activity done, time: 308.864
[308.868s] aco: pheromone_evaporation done, time: 308.868
[309.542s] aco: daemon_actions done, time: 309.542
[309.542s] aco: generation 242 start, time: 309.542
[309.741s] aco: compute_total_information done, time: 309.741
[310.115s] aco: ants_generation_and_activity done, time: 310.115
[310.119s] aco: pheromone_evaporation done, time: 310.119
[310.707s] aco: daemon_actions done, time: 310.707
[310.707s] aco: generation 243 start, time: 310.707
[310.876s] aco: compute_total_information done, time: 310.876
[311.255s] aco: ants_generation_and_activity done, time: 311.255
[311.259s] aco: pheromone_evaporation done, time: 311.259
[311.871s] aco: daemon_actions done, time: 311.871
[311.871s] aco: generation 244 start, time: 311.871
[312.057s] aco: compute_total_information done, time: 312.057
[312.410s] aco: ants_generation_and_activity done, time: 312.41
[312.412s] aco: pheromone_evaporation done, time: 312.412
[313.032s] aco: daemon_actions done, time: 313.032
[313.032s] aco: generation 245 start, time: 313.032
[313.339s] aco: compute_total_information done, time: 313.339
[313.777s] aco: ants_generation_and_activity done, time: 313.777
[313.780s] aco: pheromone_evaporation done, time: 313.78
[314.626s] aco: daemon_actions done, time: 314.626
[314.626s] aco: generation 246 start, time: 314.626
[314.854s] aco: compute_total_information done, time: 314.854
[315.332s] aco: ants_generation_and_activity done, time: 315.332
[315.336s] aco: pheromone_evaporation done, time: 315.336
[316.106s] aco: daemon_actions done, time: 316.106
[316.106s] aco: generation 247 start, time: 316.106
[316.364s] aco: compute_total_information done, time: 316.364
[316.879s] aco: ants_generation_and_activity done, time: 316.879
[316.880s] aco: pheromone_evaporation done, time: 316.88
[317.660s] aco: daemon_actions done, time: 317.66
[317.660s] aco: generation 248 start, time: 317.66
[317.884s] aco: compute_total_information done, time: 317.884
[318.350s] aco: ants_generation_and_activity done, time: 318.35
[318.355s] aco: pheromone_evaporation done, time: 318.355
[319.051s] aco: daemon_actions done, time: 319.051
[319.051s] aco: generation 249 start, time: 319.051
[319.281s] aco: compute_total_information done, time: 319.281
[319.693s] aco: ants_generation_and_activity done, time: 319.693
[319.697s] aco: pheromone_evaporation done, time: 319.697
[320.292s] aco: daemon_actions done, time: 320.292
[320.292s] aco: generation 250 start, time: 320.292
[320.470s] aco: compute_total_information done, time: 320.47
[320.825s] aco: ants_generation_and_activity done, time: 320.825
[320.829s] aco: pheromone_evaporation done, time: 320.829
[321.464s] aco: daemon_actions done, time: 321.464
[321.464s] aco: generation 251 start, time: 321.464
[321.656s] aco: compute_total_information done, time: 321.656
[322.014s] aco: ants_generation_and_activity done, time: 322.014
[322.018s] aco: pheromone_evaporation done, time: 322.018
[322.618s] aco: daemon_actions done, time: 322.618
[322.618s] aco: generation 252 start, time: 322.618
[322.828s] aco: compute_total_information done, time: 322.828
[323.185s] aco: ants_generation_and_activity done, time: 323.185
[323.188s] aco: pheromone_evaporation done, time: 323.188
[323.794s] aco: daemon_actions done, time: 323.794
[323.794s] aco: generation 253 start, time: 323.794
[324.005s] aco: compute_total_information done, time: 324.005
[324.364s] aco: ants_generation_and_activity done, time: 324.364
[324.368s] aco: pheromone_evaporation done, time: 324.368
[324.993s] aco: daemon_actions done, time: 324.993
[324.993s] aco: generation 254 start, time: 324.993
[325.210s] aco: compute_total_information done, time: 325.21
[325.574s] aco: ants_generation_and_activity done, time: 325.574
[325.578s] aco: pheromone_evaporation done, time: 325.578
[326.170s] aco: daemon_actions done, time: 326.17
[326.171s] aco: generation 255 start, time: 326.171
[326.361s] aco: compute_total_information done, time: 326.361
[326.767s] aco: ants_generation_and_activity done, time: 326.767
[326.772s] aco: pheromone_evaporation done, time: 326.772
[327.376s] aco: daemon_actions done, time: 327.376
[327.376s] aco: generation 256 start, time: 327.376
[327.575s] aco: compute_total_information done, time: 327.575
[327.981s] aco: ants_generation_and_activity done, time: 327.981
[327.985s] aco: pheromone_evaporation done, time: 327.985
[328.591s] aco: daemon_actions done, time: 328.591
[328.591s] aco: generation 257 start, time: 328.591
[328.762s] aco: compute_total_information done, time: 328.762
[329.203s] aco: ants_generation_and_activity done, time: 329.203
[329.206s] aco: pheromone_evaporation done, time: 329.206
[329.775s] aco: daemon_actions done, time: 329.775
[329.775s] aco: generation 258 start, time: 329.775
[329.948s] aco: compute_total_information done, time: 329.948
[330.306s] aco: ants_generation_and_activity done, time: 330.306
[330.310s] aco: pheromone_evaporation done, time: 330.31
[330.914s] aco: daemon_actions done, time: 330.914
[330.915s] aco: generation 259 start, time: 330.915
[331.092s] aco: compute_total_information done, time: 331.092
[331.446s] aco: ants_generation_and_activity done, time: 331.446
[331.450s] aco: pheromone_evaporation done, time: 331.45
[332.039s] aco: daemon_actions done, time: 332.039
[332.039s] aco: generation 260 start, time: 332.039
[332.213s] aco: compute_total_information done, time: 332.213
[332.611s] aco: ants_generation_and_activity done, time: 332.611
[332.613s] aco: pheromone_evaporation done, time: 332.613
[333.242s] aco: daemon_actions done, time: 333.242
[333.242s] aco: generation 261 start, time: 333.242
[333.416s] aco: compute_total_information done, time: 333.416
[333.781s] aco: ants_generation_and_activity done, time: 333.781
[333.785s] aco: pheromone_evaporation done, time: 333.785
[334.389s] aco: daemon_actions done, time: 334.389
[334.389s] aco: generation 262 start, time: 334.389
[334.588s] aco: compute_total_information done, time: 334.588
[334.938s] aco: ants_generation_and_activity done, time: 334.938
[334.942s] aco: pheromone_evaporation done, time: 334.942
[335.543s] aco: daemon_actions done, time: 335.543
[335.544s] aco: generation 263 start, time: 335.544
[335.729s] aco: compute_total_information done, time: 335.729
[336.076s] aco: ants_generation_and_activity done, time: 336.076
[336.078s] aco: pheromone_evaporation done, time: 336.078
[336.685s] aco: daemon_actions done, time: 336.685
[336.685s] aco: generation 264 start, time: 336.685
[336.931s] aco: compute_total_information done, time: 336.931
[337.288s] aco: ants_generation_and_activity done, time: 337.288
[337.292s] aco: pheromone_evaporation done, time: 337.292
[337.864s] aco: daemon_actions done, time: 337.864
[337.864s] aco: generation 265 start, time: 337.864
[338.034s] aco: compute_total_information done, time: 338.034
[338.405s] aco: ants_generation_and_activity done, time: 338.405
[338.409s] aco: pheromone_evaporation done, time: 338.409
[339.329s] aco: daemon_actions done, time: 339.329
[339.329s] aco: generation 266 start, time: 339.329
[339.586s] aco: compute_total_information done, time: 339.586
[339.956s] aco: ants_generation_and_activity done, time: 339.956
[339.960s] aco: pheromone_evaporation done, time: 339.96
[340.647s] aco: daemon_actions done, time: 340.647
[340.647s] aco: generation 267 start, time: 340.647
[340.945s] aco: compute_total_information done, time: 340.945
[341.359s] aco: ants_generation_and_activity done, time: 341.359
[341.362s] aco: pheromone_evaporation done, time: 341.362
[342.106s] aco: daemon_actions done, time: 342.106
[342.106s] aco: generation 268 start, time: 342.106
[342.355s] aco: compute_total_information done, time: 342.355
[342.768s] aco: ants_generation_and_activity done, time: 342.768
[342.772s] aco: pheromone_evaporation done, time: 342.772
[343.398s] aco: daemon_actions done, time: 343.398
[343.398s] aco: generation 269 start, time: 343.398
[343.581s] aco: compute_total_information done, time: 343.581
[343.931s] aco: ants_generation_and_activity done, time: 343.931
[343.934s] aco: pheromone_evaporation done, time: 343.934
[344.555s] aco: daemon_actions done, time: 344.555
[344.555s] aco: generation 270 start, time: 344.555
[344.784s] aco: compute_total_information done, time: 344.784
[345.145s] aco: ants_generation_and_activity done, time: 345.145
[345.149s] aco: pheromone_evaporation done, time: 345.149
[345.722s] aco: daemon_actions done, time: 345.722
[345.722s] aco: generation 271 start, time: 345.722
[345.888s] aco: compute_total_information done, time: 345.888
[346.239s] aco: ants_generation_and_activity done, time: 346.239
[346.240s] aco: pheromone_evaporation done, time: 346.24
[346.802s] aco: daemon_actions done, time: 346.802
[346.802s] aco: generation 272 start, time: 346.802
[346.979s] aco: compute_total_information done, time: 346.979
[347.367s] aco: ants_generation_and_activity done, time: 347.367
[347.377s] aco: pheromone_evaporation done, time: 347.377
[348.173s] aco: daemon_actions done, time: 348.173
[348.173s] aco: generation 273 start, time: 348.173
[348.351s] aco: compute_total_information done, time: 348.351
[348.787s] aco: ants_generation_and_activity done, time: 348.787
[348.790s] aco: pheromone_evaporation done, time: 348.79
[349.362s] aco: daemon_actions done, time: 349.362
[349.362s] aco: generation 274 start, time: 349.362
[349.539s] aco: compute_total_information done, time: 349.539
[349.892s] aco: ants_generation_and_activity done, time: 349.892
[349.896s] aco: pheromone_evaporation done, time: 349.896
[350.486s] aco: daemon_actions done, time: 350.486
[350.486s] aco: generation 275 start, time: 350.486
[350.659s] aco: compute_total_information done, time: 350.659
[351.022s] aco: ants_generation_and_activity done, time: 351.022
[351.027s] aco: pheromone_evaporation done, time: 351.027
[351.622s] aco: daemon_actions done, time: 351.622
[351.622s] aco: generation 276 start, time: 351.622
[351.812s] aco: compute_total_information done, time: 351.812
[352.159s] aco: ants_generation_and_activity done, time: 352.159
[352.162s] aco: pheromone_evaporation done, time: 352.162
[352.827s] aco: daemon_actions done, time: 352.827
[352.828s] aco: generation 277 start, time: 352.828
[353.026s] aco: compute_total_information done, time: 353.026
[353.392s] aco: ants_generation_and_activity done, time: 353.392
[353.396s] aco: pheromone_evaporation done, time: 353.396
[353.971s] aco: daemon_actions done, time: 353.971
[353.971s] aco: generation 278 start, time: 353.971
[354.152s] aco: compute_total_information done, time: 354.152
[354.498s] aco: ants_generation_and_activity done, time: 354.498
[354.502s] aco: pheromone_evaporation done, time: 354.502
[355.082s] aco: daemon_actions done, time: 355.082
[355.084s] aco: generation 279 start, time: 355.084
[355.259s] aco: compute_total_information done, time: 355.259
[355.691s] aco: ants_generation_and_activity done, time: 355.691
[355.697s] aco: pheromone_evaporation done, time: 355.697
[356.765s] aco: daemon_actions done, time: 356.765
[356.765s] aco: generation 280 start, time: 356.765
[357.009s] aco: compute_total_information done, time: 357.009
[357.466s] aco: ants_generation_and_activity done, time: 357.466
[357.470s] aco: pheromone_evaporation done, time: 357.47
[358.220s] aco: daemon_actions done, time: 358.22
[358.220s] aco: generation 281 start, time: 358.22
[358.432s] aco: compute_total_information done, time: 358.432
[358.922s] aco: ants_generation_and_activity done, time: 358.922
[358.924s] aco: pheromone_evaporation done, time: 358.924
[359.725s] aco: daemon_actions done, time: 359.725
[359.725s] aco: generation 282 start, time: 359.725
[359.942s] aco: compute_total_information done, time: 359.942
[360.402s] aco: ants_generation_and_activity done, time: 360.402
[360.404s] aco: pheromone_evaporation done, time: 360.404
[361.194s] aco: daemon_actions done, time: 361.194
[361.194s] aco: generation 283 start, time: 361.194
[361.432s] aco: compute_total_information done, time: 361.432
[361.871s] aco: ants_generation_and_activity done, time: 361.871
[361.876s] aco: pheromone_evaporation done, time: 361.876
[362.606s] aco: daemon_actions done, time: 362.606
[362.606s] aco: generation 284 start, time: 362.606
[362.810s] aco: compute_total_information done, time: 362.81
[363.150s] aco: ants_generation_and_activity done, time: 363.15
[363.154s] aco: pheromone_evaporation done, time: 363.154
[363.718s] aco: daemon_actions done, time: 363.718
[363.718s] aco: generation 285 start, time: 363.718
[363.907s] aco: compute_total_information done, time: 363.907
[364.266s] aco: ants_generation_and_activity done, time: 364.266
[364.270s] aco: pheromone_evaporation done, time: 364.27
[364.929s] aco: daemon_actions done, time: 364.929
[364.929s] aco: generation 286 start, time: 364.929
[365.118s] aco: compute_total_information done, time: 365.118
[365.525s] aco: ants_generation_and_activity done, time: 365.525
[365.528s] aco: pheromone_evaporation done, time: 365.528
[366.112s] aco: daemon_actions done, time: 366.112
[366.112s] aco: generation 287 start, time: 366.112
[366.283s] aco: compute_total_information done, time: 366.283
[366.674s] aco: ants_generation_and_activity done, time: 366.674
[366.678s] aco: pheromone_evaporation done, time: 366.678
[367.346s] aco: daemon_actions done, time: 367.346
[367.346s] aco: generation 288 start, time: 367.346
[367.522s] aco: compute_total_information done, time: 367.522
[367.878s] aco: ants_generation_and_activity done, time: 367.878
[367.880s] aco: pheromone_evaporation done, time: 367.88
[368.467s] aco: daemon_actions done, time: 368.467
[368.467s] aco: generation 289 start, time: 368.467
[368.709s] aco: compute_total_information done, time: 368.709
[369.080s] aco: ants_generation_and_activity done, time: 369.08
[369.084s] aco: pheromone_evaporation done, time: 369.084
[369.696s] aco: daemon_actions done, time: 369.696
[369.696s] aco: generation 290 start, time: 369.696
[369.872s] aco: compute_total_information done, time: 369.872
[370.242s] aco: ants_generation_and_activity done, time: 370.242
[370.246s] aco: pheromone_evaporation done, time: 370.246
[370.847s] aco: daemon_actions done, time: 370.847
[370.847s] aco: generation 291 start, time: 370.847
[371.051s] aco: compute_total_information done, time: 371.051
[371.470s] aco: ants_generation_and_activity done, time: 371.47
[371.471s] aco: pheromone_evaporation done, time: 371.471
[372.085s] aco: daemon_actions done, time: 372.085
[372.085s] aco: generation 292 start, time: 372.085
[372.259s] aco: compute_total_information done, time: 372.259
[372.709s] aco: ants_generation_and_activity done, time: 372.709
[372.712s] aco: pheromone_evaporation done, time: 372.712
[373.326s] aco: daemon_actions done, time: 373.326
[373.326s] aco: generation 293 start, time: 373.326
[373.534s] aco: compute_total_information done, time: 373.534
[373.950s] aco: ants_generation_and_activity done, time: 373.95
[373.951s] aco: pheromone_evaporation done, time: 373.951
[374.578s] aco: daemon_actions done, time: 374.578
[374.579s] aco: generation 294 start, time: 374.578
[374.751s] aco: compute_total_information done, time: 374.751
[375.160s] aco: ants_generation_and_activity done, time: 375.16
[375.163s] aco: pheromone_evaporation done, time: 375.163
[375.800s] aco: daemon_actions done, time: 375.8
[375.800s] aco: generation 295 start, time: 375.8
[376.014s] aco: compute_total_information done, time: 376.014
[376.465s] aco: ants_generation_and_activity done, time: 376.465
[376.467s] aco: pheromone_evaporation done, time: 376.467
[377.072s] aco: daemon_actions done, time: 377.072
[377.072s] aco: generation 296 start, time: 377.072
[377.246s] aco: compute_total_information done, time: 377.246
[377.614s] aco: ants_generation_and_activity done, time: 377.614
[377.617s] aco: pheromone_evaporation done, time: 377.617
[378.223s] aco: daemon_actions done, time: 378.223
[378.223s] aco: generation 297 start, time: 378.223
[378.402s] aco: compute_total_information done, time: 378.402
[378.785s] aco: ants_generation_and_activity done, time: 378.785
[378.789s] aco: pheromone_evaporation done, time: 378.789
[379.362s] aco: daemon_actions done, time: 379.362
[379.362s] aco: generation 298 start, time: 379.362
[379.533s] aco: compute_total_information done, time: 379.533
[379.902s] aco: ants_generation_and_activity done, time: 379.902
[379.904s] aco: pheromone_evaporation done, time: 379.904
[380.546s] aco: daemon_actions done, time: 380.546
[380.546s] aco: generation 299 start, time: 380.546
[380.721s] aco: compute_total_information done, time: 380.721
[381.071s] aco: ants_generation_and_activity done, time: 381.071
[381.074s] aco: pheromone_evaporation done, time: 381.074
[381.640s] aco: daemon_actions done, time: 381.64
[381.640s] aco: generation 300 start, time: 381.64
[381.817s] aco: compute_total_information done, time: 381.817
[382.168s] aco: ants_generation_and_activity done, time: 382.168
[382.171s] aco: pheromone_evaporation done, time: 382.171
[382.755s] aco: daemon_actions done, time: 382.755
[382.755s] aco: generation 301 start, time: 382.755
[382.925s] aco: compute_total_information done, time: 382.925
[383.301s] aco: ants_generation_and_activity done, time: 383.301
[383.304s] aco: pheromone_evaporation done, time: 383.304
[383.971s] aco: daemon_actions done, time: 383.971
[383.971s] aco: generation 302 start, time: 383.971
[384.145s] aco: compute_total_information done, time: 384.145
[384.568s] aco: ants_generation_and_activity done, time: 384.568
[384.570s] aco: pheromone_evaporation done, time: 384.57
[385.164s] aco: daemon_actions done, time: 385.163
[385.164s] aco: generation 303 start, time: 385.164
[385.343s] aco: compute_total_information done, time: 385.343
[385.724s] aco: ants_generation_and_activity done, time: 385.724
[385.728s] aco: pheromone_evaporation done, time: 385.728
[386.489s] aco: daemon_actions done, time: 386.489
[386.489s] aco: generation 304 start, time: 386.489
[386.740s] aco: compute_total_information done, time: 386.74
[387.282s] aco: ants_generation_and_activity done, time: 387.282
[387.288s] aco: pheromone_evaporation done, time: 387.288
[388.179s] aco: daemon_actions done, time: 388.179
[388.180s] aco: generation 305 start, time: 388.18
[388.550s] aco: compute_total_information done, time: 388.55
[389.040s] aco: ants_generation_and_activity done, time: 389.04
[389.041s] aco: pheromone_evaporation done, time: 389.041
[389.961s] aco: daemon_actions done, time: 389.961
[389.963s] aco: generation 306 start, time: 389.963
[390.256s] aco: compute_total_information done, time: 390.256
[390.799s] aco: ants_generation_and_activity done, time: 390.799
[390.804s] aco: pheromone_evaporation done, time: 390.804
[391.746s] aco: daemon_actions done, time: 391.746
[391.746s] aco: generation 307 start, time: 391.746
[392.225s] aco: compute_total_information done, time: 392.225
[392.892s] aco: ants_generation_and_activity done, time: 392.892
[392.894s] aco: pheromone_evaporation done, time: 392.894
[393.689s] aco: daemon_actions done, time: 393.689
[393.689s] aco: generation 308 start, time: 393.689
[393.865s] aco: compute_total_information done, time: 393.865
[394.289s] aco: ants_generation_and_activity done, time: 394.289
[394.292s] aco: pheromone_evaporation done, time: 394.292
[394.920s] aco: daemon_actions done, time: 394.919
[394.920s] aco: generation 309 start, time: 394.92
[395.117s] aco: compute_total_information done, time: 395.117
[395.559s] aco: ants_generation_and_activity done, time: 395.559
[395.560s] aco: pheromone_evaporation done, time: 395.56
[396.154s] aco: daemon_actions done, time: 396.154
[396.154s] aco: generation 310 start, time: 396.154
[396.390s] aco: compute_total_information done, time: 396.39
[396.749s] aco: ants_generation_and_activity done, time: 396.749
[396.754s] aco: pheromone_evaporation done, time: 396.754
[397.327s] aco: daemon_actions done, time: 397.327
[397.327s] aco: generation 311 start, time: 397.327
[397.499s] aco: compute_total_information done, time: 397.499
[397.861s] aco: ants_generation_and_activity done, time: 397.861
[397.865s] aco: pheromone_evaporation done, time: 397.865
[398.470s] aco: daemon_actions done, time: 398.47
[398.470s] aco: generation 312 start, time: 398.47
[398.680s] aco: compute_total_information done, time: 398.68
[399.072s] aco: ants_generation_and_activity done, time: 399.072
[399.075s] aco: pheromone_evaporation done, time: 399.075
[399.656s] aco: daemon_actions done, time: 399.656
[399.656s] aco: generation 313 start, time: 399.656
[399.850s] aco: compute_total_information done, time: 399.85
[400.215s] aco: ants_generation_and_activity done, time: 400.215
[400.220s] aco: pheromone_evaporation done, time: 400.22
[400.863s] aco: daemon_actions done, time: 400.863
[400.863s] aco: generation 314 start, time: 400.863
[401.041s] aco: compute_total_information done, time: 401.041
[401.411s] aco: ants_generation_and_activity done, time: 401.411
[401.412s] aco: pheromone_evaporation done, time: 401.412
[401.976s] aco: daemon_actions done, time: 401.976
[401.976s] aco: generation 315 start, time: 401.976
[402.158s] aco: compute_total_information done, time: 402.158
[402.549s] aco: ants_generation_and_activity done, time: 402.548
[402.552s] aco: pheromone_evaporation done, time: 402.552
[403.160s] aco: daemon_actions done, time: 403.16
[403.160s] aco: generation 316 start, time: 403.16
[403.356s] aco: compute_total_information done, time: 403.356
[403.768s] aco: ants_generation_and_activity done, time: 403.768
[403.769s] aco: pheromone_evaporation done, time: 403.769
[404.502s] aco: daemon_actions done, time: 404.502
[404.502s] aco: generation 317 start, time: 404.502
[404.677s] aco: compute_total_information done, time: 404.677
[405.031s] aco: ants_generation_and_activity done, time: 405.031
[405.034s] aco: pheromone_evaporation done, time: 405.034
[405.629s] aco: daemon_actions done, time: 405.629
[405.629s] aco: generation 318 start, time: 405.629
[405.802s] aco: compute_total_information done, time: 405.802
[406.169s] aco: ants_generation_and_activity done, time: 406.169
[406.171s] aco: pheromone_evaporation done, time: 406.171
[406.742s] aco: daemon_actions done, time: 406.742
[406.742s] aco: generation 319 start, time: 406.742
[406.918s] aco: compute_total_information done, time: 406.918
[407.276s] aco: ants_generation_and_activity done, time: 407.276
[407.279s] aco: pheromone_evaporation done, time: 407.279
[407.850s] aco: daemon_actions done, time: 407.85
[407.850s] aco: generation 320 start, time: 407.85
[408.031s] aco: compute_total_information done, time: 408.031
[408.463s] aco: ants_generation_and_activity done, time: 408.463
[408.467s] aco: pheromone_evaporation done, time: 408.467
[409.056s] aco: daemon_actions done, time: 409.056
[409.056s] aco: generation 321 start, time: 409.056
[409.232s] aco: compute_total_information done, time: 409.232
[409.598s] aco: ants_generation_and_activity done, time: 409.598
[409.602s] aco: pheromone_evaporation done, time: 409.602
[410.175s] aco: daemon_actions done, time: 410.175
[410.175s] aco: generation 322 start, time: 410.175
[410.350s] aco: compute_total_information done, time: 410.35
[410.704s] aco: ants_generation_and_activity done, time: 410.704
[410.708s] aco: pheromone_evaporation done, time: 410.708
[411.302s] aco: daemon_actions done, time: 411.302
[411.302s] aco: generation 323 start, time: 411.302
[411.473s] aco: compute_total_information done, time: 411.473
[411.861s] aco: ants_generation_and_activity done, time: 411.861
[411.862s] aco: pheromone_evaporation done, time: 411.862
[412.648s] aco: daemon_actions done, time: 412.648
[412.648s] aco: generation 324 start, time: 412.648
[412.860s] aco: compute_total_information done, time: 412.86
[413.218s] aco: ants_generation_and_activity done, time: 413.218
[413.221s] aco: pheromone_evaporation done, time: 413.221
[413.803s] aco: daemon_actions done, time: 413.802
[413.804s] aco: generation 325 start, time: 413.804
[413.977s] aco: compute_total_information done, time: 413.977
[414.354s] aco: ants_generation_and_activity done, time: 414.354
[414.357s] aco: pheromone_evaporation done, time: 414.357
[414.949s] aco: daemon_actions done, time: 414.949
[414.949s] aco: generation 326 start, time: 414.949
[415.130s] aco: compute_total_information done, time: 415.13
[415.508s] aco: ants_generation_and_activity done, time: 415.508
[415.511s] aco: pheromone_evaporation done, time: 415.511
[416.213s] aco: daemon_actions done, time: 416.213
[416.213s] aco: generation 327 start, time: 416.213
[416.450s] aco: compute_total_information done, time: 416.45
[416.892s] aco: ants_generation_and_activity done, time: 416.892
[416.897s] aco: pheromone_evaporation done, time: 416.897
[417.652s] aco: daemon_actions done, time: 417.652
[417.652s] aco: generation 328 start, time: 417.652
[417.889s] aco: compute_total_information done, time: 417.889
[418.343s] aco: ants_generation_and_activity done, time: 418.343
[418.346s] aco: pheromone_evaporation done, time: 418.346
[419.122s] aco: daemon_actions done, time: 419.122
[419.122s] aco: generation 329 start, time: 419.122
[419.417s] aco: compute_total_information done, time: 419.417
[419.916s] aco: ants_generation_and_activity done, time: 419.916
[419.918s] aco: pheromone_evaporation done, time: 419.917
[420.760s] aco: daemon_actions done, time: 420.76
[420.760s] aco: generation 330 start, time: 420.76
[420.977s] aco: compute_total_information done, time: 420.977
[421.385s] aco: ants_generation_and_activity done, time: 421.385
[421.389s] aco: pheromone_evaporation done, time: 421.389
[422.104s] aco: daemon_actions done, time: 422.104
[422.104s] aco: generation 331 start, time: 422.104
[422.329s] aco: compute_total_information done, time: 422.329
[422.781s] aco: ants_generation_and_activity done, time: 422.781
[422.782s] aco: pheromone_evaporation done, time: 422.782
[423.597s] aco: daemon_actions done, time: 423.597
[423.598s] aco: generation 332 start, time: 423.598
[423.896s] aco: compute_total_information done, time: 423.896
[424.358s] aco: ants_generation_and_activity done, time: 424.358
[424.359s] aco: pheromone_evaporation done, time: 424.359
[425.131s] aco: new best solution found with cost 4.63765e+006 and 1000 components
[425.133s] aco: daemon_actions done, time: 425.133
[425.133s] aco: generation 333 start, time: 425.133
[425.407s] aco: compute_total_information done, time: 425.407
[425.842s] aco: ants_generation_and_activity done, time: 425.842
[425.845s] aco: pheromone_evaporation done, time: 425.845
[426.444s] aco: daemon_actions done, time: 426.444
[426.445s] aco: generation 334 start, time: 426.445
[426.664s] aco: compute_total_information done, time: 426.664
[427.105s] aco: ants_generation_and_activity done, time: 427.105
[427.106s] aco: pheromone_evaporation done, time: 427.106
[428.152s] aco: daemon_actions done, time: 428.152
[428.152s] aco: generation 335 start, time: 428.152
[428.450s] aco: compute_total_information done, time: 428.45
[429.049s] aco: ants_generation_and_activity done, time: 429.048
[429.051s] aco: pheromone_evaporation done, time: 429.051
[429.879s] aco: daemon_actions done, time: 429.879
[429.879s] aco: generation 336 start, time: 429.879
[430.177s] aco: compute_total_information done, time: 430.177
[430.674s] aco: ants_generation_and_activity done, time: 430.674
[430.674s] aco: pheromone_evaporation done, time: 430.674
[431.478s] aco: daemon_actions done, time: 431.478
[431.478s] aco: generation 337 start, time: 431.478
[431.659s] aco: compute_total_information done, time: 431.659
[432.131s] aco: ants_generation_and_activity done, time: 432.131
[432.134s] aco: pheromone_evaporation done, time: 432.134
[432.755s] aco: daemon_actions done, time: 432.755
[432.755s] aco: generation 338 start, time: 432.755
[432.965s] aco: compute_total_information done, time: 432.965
[433.357s] aco: ants_generation_and_activity done, time: 433.357
[433.361s] aco: pheromone_evaporation done, time: 433.361
[433.948s] aco: daemon_actions done, time: 433.948
[433.948s] aco: generation 339 start, time: 433.948
[434.150s] aco: compute_total_information done, time: 434.15
[434.539s] aco: ants_generation_and_activity done, time: 434.539
[434.543s] aco: pheromone_evaporation done, time: 434.543
[435.146s] aco: daemon_actions done, time: 435.146
[435.146s] aco: generation 340 start, time: 435.146
[435.331s] aco: compute_total_information done, time: 435.331
[435.776s] aco: ants_generation_and_activity done, time: 435.776
[435.781s] aco: pheromone_evaporation done, time: 435.781
[436.477s] aco: daemon_actions done, time: 436.477
[436.477s] aco: generation 341 start, time: 436.477
[436.649s] aco: compute_total_information done, time: 436.649
[437.022s] aco: ants_generation_and_activity done, time: 437.022
[437.026s] aco: pheromone_evaporation done, time: 437.026
[437.645s] aco: daemon_actions done, time: 437.645
[437.645s] aco: generation 342 start, time: 437.645
[437.880s] aco: compute_total_information done, time: 437.88
[438.388s] aco: ants_generation_and_activity done, time: 438.388
[438.389s] aco: pheromone_evaporation done, time: 438.389
[439.104s] aco: daemon_actions done, time: 439.104
[439.104s] aco: generation 343 start, time: 439.104
[439.308s] aco: compute_total_information done, time: 439.308
[439.721s] aco: ants_generation_and_activity done, time: 439.721
[439.723s] aco: pheromone_evaporation done, time: 439.723
[440.674s] aco: daemon_actions done, time: 440.674
[440.674s] aco: generation 344 start, time: 440.674
[441.118s] aco: compute_total_information done, time: 441.118
[441.723s] aco: ants_generation_and_activity done, time: 441.723
[441.727s] aco: pheromone_evaporation done, time: 441.727
[442.459s] aco: daemon_actions done, time: 442.459
[442.459s] aco: generation 345 start, time: 442.459
[442.667s] aco: compute_total_information done, time: 442.667
[443.083s] aco: ants_generation_and_activity done, time: 443.083
[443.087s] aco: pheromone_evaporation done, time: 443.087
[444.487s] aco: daemon_actions done, time: 444.487
[444.487s] aco: generation 346 start, time: 444.487
[444.701s] aco: compute_total_information done, time: 444.701
[445.158s] aco: ants_generation_and_activity done, time: 445.158
[445.162s] aco: pheromone_evaporation done, time: 445.162
[445.815s] aco: daemon_actions done, time: 445.815
[445.815s] aco: generation 347 start, time: 445.815
[446.082s] aco: compute_total_information done, time: 446.082
[446.542s] aco: ants_generation_and_activity done, time: 446.542
[446.546s] aco: pheromone_evaporation done, time: 446.546
[447.178s] aco: daemon_actions done, time: 447.178
[447.178s] aco: generation 348 start, time: 447.178
[447.376s] aco: compute_total_information done, time: 447.376
[447.826s] aco: ants_generation_and_activity done, time: 447.826
[447.829s] aco: pheromone_evaporation done, time: 447.829
[448.464s] aco: daemon_actions done, time: 448.464
[448.464s] aco: generation 349 start, time: 448.464
[448.687s] aco: compute_total_information done, time: 448.687
[449.083s] aco: ants_generation_and_activity done, time: 449.083
[449.088s] aco: pheromone_evaporation done, time: 449.088
[449.572s] aco: daemon_actions done, time: 449.572
[449.572s] aco: generation 350 start, time: 449.572
[449.716s] aco: compute_total_information done, time: 449.716
[450.027s] aco: ants_generation_and_activity done, time: 450.027
[450.031s] aco: pheromone_evaporation done, time: 450.031
[450.507s] aco: daemon_actions done, time: 450.507
[450.507s] aco: generation 351 start, time: 450.507
[450.664s] aco: compute_total_information done, time: 450.664
[450.977s] aco: ants_generation_and_activity done, time: 450.977
[450.980s] aco: pheromone_evaporation done, time: 450.98
[451.504s] aco: daemon_actions done, time: 451.504
[451.505s] aco: generation 352 start, time: 451.505
[451.647s] aco: compute_total_information done, time: 451.647
[452.214s] aco: ants_generation_and_activity done, time: 452.214
[452.218s] aco: pheromone_evaporation done, time: 452.218
[452.885s] aco: daemon_actions done, time: 452.885
[452.885s] aco: generation 353 start, time: 452.885
[453.140s] aco: compute_total_information done, time: 453.14
[453.483s] aco: ants_generation_and_activity done, time: 453.483
[453.486s] aco: pheromone_evaporation done, time: 453.486
[453.982s] aco: daemon_actions done, time: 453.982
[453.982s] aco: generation 354 start, time: 453.982
[454.123s] aco: compute_total_information done, time: 454.123
[454.465s] aco: ants_generation_and_activity done, time: 454.465
[454.469s] aco: pheromone_evaporation done, time: 454.469
[454.954s] aco: daemon_actions done, time: 454.954
[454.954s] aco: generation 355 start, time: 454.954
[455.103s] aco: compute_total_information done, time: 455.103
[455.486s] aco: ants_generation_and_activity done, time: 455.486
[455.489s] aco: pheromone_evaporation done, time: 455.489
[455.956s] aco: daemon_actions done, time: 455.956
[455.956s] aco: generation 356 start, time: 455.956
[456.106s] aco: compute_total_information done, time: 456.106
[456.488s] aco: ants_generation_and_activity done, time: 456.488
[456.489s] aco: pheromone_evaporation done, time: 456.489
[457.073s] aco: daemon_actions done, time: 457.073
[457.073s] aco: generation 357 start, time: 457.073
[457.217s] aco: compute_total_information done, time: 457.217
[457.617s] aco: ants_generation_and_activity done, time: 457.617
[457.620s] aco: pheromone_evaporation done, time: 457.62
[458.100s] aco: daemon_actions done, time: 458.1
[458.100s] aco: generation 358 start, time: 458.1
[458.241s] aco: compute_total_information done, time: 458.241
[458.600s] aco: ants_generation_and_activity done, time: 458.599
[458.602s] aco: pheromone_evaporation done, time: 458.602
[459.201s] aco: daemon_actions done, time: 459.201
[459.202s] aco: generation 359 start, time: 459.202
[459.350s] aco: compute_total_information done, time: 459.35
[459.724s] aco: ants_generation_and_activity done, time: 459.724
[459.728s] aco: pheromone_evaporation done, time: 459.728
[460.359s] aco: daemon_actions done, time: 460.359
[460.359s] aco: generation 360 start, time: 460.359
[460.550s] aco: compute_total_information done, time: 460.55
[460.937s] aco: ants_generation_and_activity done, time: 460.937
[460.941s] aco: pheromone_evaporation done, time: 460.941
[461.545s] aco: daemon_actions done, time: 461.545
[461.545s] aco: generation 361 start, time: 461.545
[461.795s] aco: compute_total_information done, time: 461.795
[462.424s] aco: ants_generation_and_activity done, time: 462.424
[462.430s] aco: pheromone_evaporation done, time: 462.43
[463.218s] aco: daemon_actions done, time: 463.218
[463.218s] aco: generation 362 start, time: 463.218
[463.371s] aco: compute_total_information done, time: 463.371
[463.762s] aco: ants_generation_and_activity done, time: 463.762
[463.766s] aco: pheromone_evaporation done, time: 463.766
[464.317s] aco: daemon_actions done, time: 464.317
[464.318s] aco: generation 363 start, time: 464.318
[464.469s] aco: compute_total_information done, time: 464.469
[464.796s] aco: ants_generation_and_activity done, time: 464.796
[464.799s] aco: pheromone_evaporation done, time: 464.799
[465.296s] aco: daemon_actions done, time: 465.296
[465.296s] aco: generation 364 start, time: 465.296
[465.525s] aco: compute_total_information done, time: 465.525
[465.893s] aco: ants_generation_and_activity done, time: 465.893
[465.897s] aco: pheromone_evaporation done, time: 465.897
[466.356s] aco: daemon_actions done, time: 466.356
[466.356s] aco: generation 365 start, time: 466.356
[466.519s] aco: compute_total_information done, time: 466.519
[466.972s] aco: ants_generation_and_activity done, time: 466.972
[466.976s] aco: pheromone_evaporation done, time: 466.976
[467.495s] aco: daemon_actions done, time: 467.495
[467.495s] aco: generation 366 start, time: 467.495
[467.637s] aco: compute_total_information done, time: 467.637
[468.030s] aco: ants_generation_and_activity done, time: 468.03
[468.034s] aco: pheromone_evaporation done, time: 468.034
[468.579s] aco: daemon_actions done, time: 468.579
[468.579s] aco: generation 367 start, time: 468.579
[468.740s] aco: compute_total_information done, time: 468.74
[469.082s] aco: ants_generation_and_activity done, time: 469.082
[469.086s] aco: pheromone_evaporation done, time: 469.086
[469.668s] aco: daemon_actions done, time: 469.668
[469.668s] aco: generation 368 start, time: 469.668
[469.818s] aco: compute_total_information done, time: 469.818
[470.348s] aco: ants_generation_and_activity done, time: 470.348
[470.363s] aco: pheromone_evaporation done, time: 470.363
[471.130s] aco: daemon_actions done, time: 471.13
[471.130s] aco: generation 369 start, time: 471.13
[471.370s] aco: compute_total_information done, time: 471.37
[471.855s] aco: ants_generation_and_activity done, time: 471.855
[471.858s] aco: pheromone_evaporation done, time: 471.858
[472.481s] aco: daemon_actions done, time: 472.481
[472.481s] aco: generation 370 start, time: 472.481
[472.645s] aco: compute_total_information done, time: 472.645
[473.021s] aco: ants_generation_and_activity done, time: 473.021
[473.025s] aco: pheromone_evaporation done, time: 473.025
[473.639s] aco: daemon_actions done, time: 473.639
[473.639s] aco: generation 371 start, time: 473.639
[473.804s] aco: compute_total_information done, time: 473.804
[474.170s] aco: ants_generation_and_activity done, time: 474.17
[474.174s] aco: pheromone_evaporation done, time: 474.174
[474.791s] aco: daemon_actions done, time: 474.791
[474.791s] aco: generation 372 start, time: 474.791
[474.946s] aco: compute_total_information done, time: 474.946
[475.267s] aco: ants_generation_and_activity done, time: 475.267
[475.270s] aco: pheromone_evaporation done, time: 475.27
[475.768s] aco: daemon_actions done, time: 475.768
[475.769s] aco: generation 373 start, time: 475.769
[475.922s] aco: compute_total_information done, time: 475.922
[476.248s] aco: ants_generation_and_activity done, time: 476.248
[476.252s] aco: pheromone_evaporation done, time: 476.252
[476.793s] aco: daemon_actions done, time: 476.793
[476.793s] aco: generation 374 start, time: 476.793
[476.946s] aco: compute_total_information done, time: 476.946
[477.284s] aco: ants_generation_and_activity done, time: 477.284
[477.288s] aco: pheromone_evaporation done, time: 477.288
[477.949s] aco: daemon_actions done, time: 477.949
[477.949s] aco: generation 375 start, time: 477.949
[478.181s] aco: compute_total_information done, time: 478.181
[478.545s] aco: ants_generation_and_activity done, time: 478.545
[478.548s] aco: pheromone_evaporation done, time: 478.548
[479.165s] aco: daemon_actions done, time: 479.165
[479.165s] aco: generation 376 start, time: 479.165
[479.314s] aco: compute_total_information done, time: 479.314
[479.649s] aco: ants_generation_and_activity done, time: 479.649
[479.653s] aco: pheromone_evaporation done, time: 479.653
[480.156s] aco: daemon_actions done, time: 480.156
[480.156s] aco: generation 377 start, time: 480.156
[480.315s] aco: compute_total_information done, time: 480.315
[480.684s] aco: ants_generation_and_activity done, time: 480.684
[480.686s] aco: pheromone_evaporation done, time: 480.686
[481.222s] aco: daemon_actions done, time: 481.222
[481.222s] aco: generation 378 start, time: 481.222
[481.374s] aco: compute_total_information done, time: 481.374
[481.700s] aco: ants_generation_and_activity done, time: 481.7
[481.703s] aco: pheromone_evaporation done, time: 481.703
[482.277s] aco: daemon_actions done, time: 482.277
[482.277s] aco: generation 379 start, time: 482.277
[482.437s] aco: compute_total_information done, time: 482.437
[482.790s] aco: ants_generation_and_activity done, time: 482.79
[482.794s] aco: pheromone_evaporation done, time: 482.794
[483.359s] aco: daemon_actions done, time: 483.359
[483.359s] aco: generation 380 start, time: 483.359
[483.507s] aco: compute_total_information done, time: 483.507
[483.868s] aco: ants_generation_and_activity done, time: 483.868
[483.870s] aco: pheromone_evaporation done, time: 483.87
[484.389s] aco: daemon_actions done, time: 484.389
[484.389s] aco: generation 381 start, time: 484.389
[484.550s] aco: compute_total_information done, time: 484.55
[484.911s] aco: ants_generation_and_activity done, time: 484.911
[484.915s] aco: pheromone_evaporation done, time: 484.915
[485.436s] aco: daemon_actions done, time: 485.436
[485.436s] aco: generation 382 start, time: 485.436
[485.686s] aco: compute_total_information done, time: 485.686
[486.045s] aco: ants_generation_and_activity done, time: 486.045
[486.048s] aco: pheromone_evaporation done, time: 486.048
[486.601s] aco: daemon_actions done, time: 486.601
[486.601s] aco: generation 383 start, time: 486.601
[486.776s] aco: compute_total_information done, time: 486.776
[487.123s] aco: ants_generation_and_activity done, time: 487.123
[487.127s] aco: pheromone_evaporation done, time: 487.127
[487.660s] aco: daemon_actions done, time: 487.66
[487.662s] aco: generation 384 start, time: 487.662
[487.827s] aco: compute_total_information done, time: 487.827
[488.190s] aco: ants_generation_and_activity done, time: 488.19
[488.194s] aco: pheromone_evaporation done, time: 488.194
[488.784s] aco: daemon_actions done, time: 488.784
[488.784s] aco: generation 385 start, time: 488.784
[488.972s] aco: compute_total_information done, time: 488.972
[489.329s] aco: ants_generation_and_activity done, time: 489.329
[489.332s] aco: pheromone_evaporation done, time: 489.332
[489.952s] aco: daemon_actions done, time: 489.952
[489.952s] aco: generation 386 start, time: 489.952
[490.110s] aco: compute_total_information done, time: 490.11
[490.462s] aco: ants_generation_and_activity done, time: 490.462
[490.466s] aco: pheromone_evaporation done, time: 490.466
[491.067s] aco: daemon_actions done, time: 491.067
[491.067s] aco: generation 387 start, time: 491.067
[491.237s] aco: compute_total_information done, time: 491.237
[491.625s] aco: ants_generation_and_activity done, time: 491.625
[491.629s] aco: pheromone_evaporation done, time: 491.629
[492.156s] aco: daemon_actions done, time: 492.156
[492.156s] aco: generation 388 start, time: 492.156
[492.327s] aco: compute_total_information done, time: 492.327
[492.732s] aco: ants_generation_and_activity done, time: 492.732
[492.733s] aco: pheromone_evaporation done, time: 492.733
[493.350s] aco: daemon_actions done, time: 493.35
[493.350s] aco: generation 389 start, time: 493.35
[493.548s] aco: compute_total_information done, time: 493.548
[493.899s] aco: ants_generation_and_activity done, time: 493.899
[493.903s] aco: pheromone_evaporation done, time: 493.903
[494.443s] aco: daemon_actions done, time: 494.443
[494.443s] aco: generation 390 start, time: 494.443
[494.679s] aco: compute_total_information done, time: 494.679
[495.107s] aco: ants_generation_and_activity done, time: 495.107
[495.111s] aco: pheromone_evaporation done, time: 495.111
[496.003s] aco: daemon_actions done, time: 496.003
[496.003s] aco: generation 391 start, time: 496.003
[496.376s] aco: compute_total_information done, time: 496.376
[496.922s] aco: ants_generation_and_activity done, time: 496.922
[496.928s] aco: pheromone_evaporation done, time: 496.928
[497.743s] aco: daemon_actions done, time: 497.743
[497.744s] aco: generation 392 start, time: 497.744
[497.965s] aco: compute_total_information done, time: 497.964
[498.517s] aco: ants_generation_and_activity done, time: 498.517
[498.522s] aco: pheromone_evaporation done, time: 498.522
[499.270s] aco: daemon_actions done, time: 499.27
[499.270s] aco: generation 393 start, time: 499.27
[499.476s] aco: compute_total_information done, time: 499.476
[499.925s] aco: ants_generation_and_activity done, time: 499.925
[499.929s] aco: pheromone_evaporation done, time: 499.929
[500.563s] aco: daemon_actions done, time: 500.563
[500.563s] aco: generation 394 start, time: 500.563
[500.756s] aco: compute_total_information done, time: 500.756
[501.303s] aco: ants_generation_and_activity done, time: 501.303
[501.307s] aco: pheromone_evaporation done, time: 501.307
[502.002s] aco: daemon_actions done, time: 502.002
[502.002s] aco: generation 395 start, time: 502.002
[502.156s] aco: compute_total_information done, time: 502.156
[502.517s] aco: ants_generation_and_activity done, time: 502.517
[502.519s] aco: pheromone_evaporation done, time: 502.519
[503.032s] aco: daemon_actions done, time: 503.032
[503.032s] aco: generation 396 start, time: 503.032
[503.208s] aco: compute_total_information done, time: 503.208
[503.630s] aco: ants_generation_and_activity done, time: 503.63
[503.635s] aco: pheromone_evaporation done, time: 503.635
[504.226s] aco: daemon_actions done, time: 504.226
[504.226s] aco: generation 397 start, time: 504.226
[504.399s] aco: compute_total_information done, time: 504.399
[504.801s] aco: ants_generation_and_activity done, time: 504.801
[504.804s] aco: pheromone_evaporation done, time: 504.804
[505.342s] aco: daemon_actions done, time: 505.342
[505.342s] aco: generation 398 start, time: 505.342
[505.524s] aco: compute_total_information done, time: 505.524
[505.878s] aco: ants_generation_and_activity done, time: 505.878
[505.882s] aco: pheromone_evaporation done, time: 505.882
[506.439s] aco: daemon_actions done, time: 506.439
[506.439s] aco: generation 399 start, time: 506.439
[506.591s] aco: compute_total_information done, time: 506.591
[506.975s] aco: ants_generation_and_activity done, time: 506.975
[506.979s] aco: pheromone_evaporation done, time: 506.979
[507.537s] aco: daemon_actions done, time: 507.537
[507.539s] aco: generation 400 start, time: 507.539
[507.701s] aco: compute_total_information done, time: 507.701
[508.082s] aco: ants_generation_and_activity done, time: 508.082
[508.086s] aco: pheromone_evaporation done, time: 508.086
[508.639s] aco: daemon_actions done, time: 508.639
[508.639s] aco: generation 401 start, time: 508.639
[508.791s] aco: compute_total_information done, time: 508.791
[509.147s] aco: ants_generation_and_activity done, time: 509.147
[509.150s] aco: pheromone_evaporation done, time: 509.15
[509.750s] aco: daemon_actions done, time: 509.75
[509.750s] aco: generation 402 start, time: 509.75
[510.004s] aco: compute_total_information done, time: 510.004
[510.372s] aco: ants_generation_and_activity done, time: 510.372
[510.376s] aco: pheromone_evaporation done, time: 510.376
[510.986s] aco: daemon_actions done, time: 510.986
[510.986s] aco: generation 403 start, time: 510.986
[511.180s] aco: compute_total_information done, time: 511.18
[511.529s] aco: ants_generation_and_activity done, time: 511.529
[511.546s] aco: pheromone_evaporation done, time: 511.546
[512.070s] aco: daemon_actions done, time: 512.07
[512.070s] aco: generation 404 start, time: 512.07
[512.247s] aco: compute_total_information done, time: 512.247
[512.642s] aco: ants_generation_and_activity done, time: 512.642
[512.646s] aco: pheromone_evaporation done, time: 512.646
[513.175s] aco: daemon_actions done, time: 513.175
[513.175s] aco: generation 405 start, time: 513.175
[513.325s] aco: compute_total_information done, time: 513.325
[513.694s] aco: ants_generation_and_activity done, time: 513.694
[513.698s] aco: pheromone_evaporation done, time: 513.698
[514.245s] aco: daemon_actions done, time: 514.245
[514.246s] aco: generation 406 start, time: 514.246
[514.398s] aco: compute_total_information done, time: 514.398
[514.799s] aco: ants_generation_and_activity done, time: 514.799
[514.804s] aco: pheromone_evaporation done, time: 514.804
[515.350s] aco: daemon_actions done, time: 515.35
[515.350s] aco: generation 407 start, time: 515.35
[515.501s] aco: compute_total_information done, time: 515.501
[515.830s] aco: ants_generation_and_activity done, time: 515.83
[515.834s] aco: pheromone_evaporation done, time: 515.834
[516.388s] aco: daemon_actions done, time: 516.388
[516.388s] aco: generation 408 start, time: 516.388
[516.535s] aco: compute_total_information done, time: 516.535
[516.877s] aco: ants_generation_and_activity done, time: 516.877
[516.878s] aco: pheromone_evaporation done, time: 516.878
[517.424s] aco: daemon_actions done, time: 517.424
[517.424s] aco: generation 409 start, time: 517.424
[517.581s] aco: compute_total_information done, time: 517.581
[517.915s] aco: ants_generation_and_activity done, time: 517.915
[517.919s] aco: pheromone_evaporation done, time: 517.919
[518.403s] aco: daemon_actions done, time: 518.403
[518.403s] aco: generation 410 start, time: 518.403
[518.557s] aco: compute_total_information done, time: 518.557
[518.904s] aco: ants_generation_and_activity done, time: 518.904
[518.908s] aco: pheromone_evaporation done, time: 518.908
[519.440s] aco: daemon_actions done, time: 519.44
[519.440s] aco: generation 411 start, time: 519.44
[519.590s] aco: compute_total_information done, time: 519.59
[520.039s] aco: ants_generation_and_activity done, time: 520.039
[520.043s] aco: pheromone_evaporation done, time: 520.043
[520.662s] aco: daemon_actions done, time: 520.662
[520.662s] aco: generation 412 start, time: 520.662
[520.929s] aco: compute_total_information done, time: 520.929
[521.361s] aco: ants_generation_and_activity done, time: 521.361
[521.365s] aco: pheromone_evaporation done, time: 521.365
[522.002s] aco: daemon_actions done, time: 522.002
[522.002s] aco: generation 413 start, time: 522.002
[522.185s] aco: compute_total_information done, time: 522.185
[522.691s] aco: ants_generation_and_activity done, time: 522.691
[522.697s] aco: pheromone_evaporation done, time: 522.697
[523.410s] aco: daemon_actions done, time: 523.41
[523.410s] aco: generation 414 start, time: 523.41
[523.646s] aco: compute_total_information done, time: 523.646
[524.124s] aco: ants_generation_and_activity done, time: 524.124
[524.127s] aco: pheromone_evaporation done, time: 524.127
[524.809s] aco: daemon_actions done, time: 524.809
[524.809s] aco: generation 415 start, time: 524.809
[525.001s] aco: compute_total_information done, time: 525.001
[525.409s] aco: ants_generation_and_activity done, time: 525.409
[525.411s] aco: pheromone_evaporation done, time: 525.411
[526.024s] aco: daemon_actions done, time: 526.024
[526.024s] aco: generation 416 start, time: 526.024
[526.170s] aco: compute_total_information done, time: 526.17
[526.525s] aco: ants_generation_and_activity done, time: 526.525
[526.529s] aco: pheromone_evaporation done, time: 526.529
[527.035s] aco: daemon_actions done, time: 527.035
[527.035s] aco: generation 417 start, time: 527.035
[527.184s] aco: compute_total_information done, time: 527.184
[527.562s] aco: ants_generation_and_activity done, time: 527.562
[527.566s] aco: pheromone_evaporation done, time: 527.566
[528.106s] aco: daemon_actions done, time: 528.106
[528.106s] aco: generation 418 start, time: 528.106
[528.266s] aco: compute_total_information done, time: 528.266
[528.593s] aco: ants_generation_and_activity done, time: 528.593
[528.597s] aco: pheromone_evaporation done, time: 528.597
[529.099s] aco: daemon_actions done, time: 529.099
[529.099s] aco: generation 419 start, time: 529.099
[529.249s] aco: compute_total_information done, time: 529.249
[529.608s] aco: ants_generation_and_activity done, time: 529.608
[529.612s] aco: pheromone_evaporation done, time: 529.612
[530.104s] aco: daemon_actions done, time: 530.104
[530.104s] aco: generation 420 start, time: 530.104
[530.255s] aco: compute_total_information done, time: 530.255
[530.587s] aco: ants_generation_and_activity done, time: 530.587
[530.590s] aco: pheromone_evaporation done, time: 530.59
[531.088s] aco: daemon_actions done, time: 531.088
[531.088s] aco: generation 421 start, time: 531.088
[531.284s] aco: compute_total_information done, time: 531.284
[531.646s] aco: ants_generation_and_activity done, time: 531.646
[531.649s] aco: pheromone_evaporation done, time: 531.649
[532.151s] aco: daemon_actions done, time: 532.151
[532.151s] aco: generation 422 start, time: 532.151
[532.319s] aco: compute_total_information done, time: 532.319
[532.671s] aco: ants_generation_and_activity done, time: 532.671
[532.675s] aco: pheromone_evaporation done, time: 532.675
[533.171s] aco: daemon_actions done, time: 533.171
[533.171s] aco: generation 423 start, time: 533.171
[533.314s] aco: compute_total_information done, time: 533.314
[533.775s] aco: ants_generation_and_activity done, time: 533.775
[533.779s] aco: pheromone_evaporation done, time: 533.779
[534.314s] aco: daemon_actions done, time: 534.314
[534.314s] aco: generation 424 start, time: 534.314
[534.467s] aco: compute_total_information done, time: 534.467
[534.799s] aco: ants_generation_and_activity done, time: 534.799
[534.802s] aco: pheromone_evaporation done, time: 534.802
[535.386s] aco: daemon_actions done, time: 535.386
[535.386s] aco: generation 425 start, time: 535.386
[535.537s] aco: compute_total_information done, time: 535.537
[535.874s] aco: ants_generation_and_activity done, time: 535.874
[535.878s] aco: pheromone_evaporation done, time: 535.878
[536.385s] aco: daemon_actions done, time: 536.385
[536.385s] aco: generation 426 start, time: 536.385
[536.621s] aco: compute_total_information done, time: 536.621
[537.028s] aco: ants_generation_and_activity done, time: 537.028
[537.032s] aco: pheromone_evaporation done, time: 537.032
[537.612s] aco: daemon_actions done, time: 537.612
[537.612s] aco: generation 427 start, time: 537.612
[537.765s] aco: compute_total_information done, time: 537.765
[538.179s] aco: ants_generation_and_activity done, time: 538.179
[538.183s] aco: pheromone_evaporation done, time: 538.183
[538.889s] aco: daemon_actions done, time: 538.889
[538.889s] aco: generation 428 start, time: 538.889
[539.132s] aco: compute_total_information done, time: 539.132
[539.643s] aco: ants_generation_and_activity done, time: 539.643
[539.647s] aco: pheromone_evaporation done, time: 539.647
[540.321s] aco: daemon_actions done, time: 540.321
[540.321s] aco: generation 429 start, time: 540.321
[540.546s] aco: compute_total_information done, time: 540.546
[541.017s] aco: ants_generation_and_activity done, time: 541.017
[541.020s] aco: pheromone_evaporation done, time: 541.02
[541.722s] aco: daemon_actions done, time: 541.722
[541.723s] aco: generation 430 start, time: 541.723
[541.927s] aco: compute_total_information done, time: 541.927
[542.348s] aco: ants_generation_and_activity done, time: 542.348
[542.352s] aco: pheromone_evaporation done, time: 542.352
[543.137s] aco: daemon_actions done, time: 543.137
[543.137s] aco: generation 431 start, time: 543.137
[543.342s] aco: compute_total_information done, time: 543.342
[543.822s] aco: ants_generation_and_activity done, time: 543.822
[543.826s] aco: pheromone_evaporation done, time: 543.826
[544.384s] aco: daemon_actions done, time: 544.384
[544.384s] aco: generation 432 start, time: 544.384
[544.555s] aco: compute_total_information done, time: 544.555
[544.903s] aco: ants_generation_and_activity done, time: 544.903
[544.907s] aco: pheromone_evaporation done, time: 544.907
[545.388s] aco: daemon_actions done, time: 545.388
[545.388s] aco: generation 433 start, time: 545.388
[545.533s] aco: compute_total_information done, time: 545.533
[545.886s] aco: ants_generation_and_activity done, time: 545.886
[545.888s] aco: pheromone_evaporation done, time: 545.888
[546.435s] aco: daemon_actions done, time: 546.435
[546.435s] aco: generation 434 start, time: 546.435
[546.595s] aco: compute_total_information done, time: 546.595
[546.940s] aco: ants_generation_and_activity done, time: 546.94
[546.944s] aco: pheromone_evaporation done, time: 546.944
[547.443s] aco: daemon_actions done, time: 547.443
[547.443s] aco: generation 435 start, time: 547.443
[547.591s] aco: compute_total_information done, time: 547.591
[547.981s] aco: ants_generation_and_activity done, time: 547.981
[547.985s] aco: pheromone_evaporation done, time: 547.985
[548.811s] aco: daemon_actions done, time: 548.811
[548.811s] aco: generation 436 start, time: 548.811
[548.966s] aco: compute_total_information done, time: 548.966
[549.309s] aco: ants_generation_and_activity done, time: 549.309
[549.310s] aco: pheromone_evaporation done, time: 549.31
[549.837s] aco: daemon_actions done, time: 549.837
[549.837s] aco: generation 437 start, time: 549.837
[549.989s] aco: compute_total_information done, time: 549.989
[550.374s] aco: ants_generation_and_activity done, time: 550.374
[550.377s] aco: pheromone_evaporation done, time: 550.377
[550.872s] aco: daemon_actions done, time: 550.872
[550.872s] aco: generation 438 start, time: 550.872
[551.028s] aco: compute_total_information done, time: 551.028
[551.355s] aco: ants_generation_and_activity done, time: 551.355
[551.359s] aco: pheromone_evaporation done, time: 551.359
[551.882s] aco: daemon_actions done, time: 551.882
[551.882s] aco: generation 439 start, time: 551.882
[552.156s] aco: compute_total_information done, time: 552.156
[552.500s] aco: ants_generation_and_activity done, time: 552.5
[552.502s] aco: pheromone_evaporation done, time: 552.502
[553.018s] aco: daemon_actions done, time: 553.018
[553.020s] aco: generation 440 start, time: 553.02
[553.171s] aco: compute_total_information done, time: 553.171
[553.530s] aco: ants_generation_and_activity done, time: 553.53
[553.534s] aco: pheromone_evaporation done, time: 553.534
[554.099s] aco: daemon_actions done, time: 554.099
[554.099s] aco: generation 441 start, time: 554.099
[554.252s] aco: compute_total_information done, time: 554.252
[554.583s] aco: ants_generation_and_activity done, time: 554.583
[554.586s] aco: pheromone_evaporation done, time: 554.586
[555.109s] aco: daemon_actions done, time: 555.109
[555.109s] aco: generation 442 start, time: 555.109
[555.257s] aco: compute_total_information done, time: 555.257
[555.583s] aco: ants_generation_and_activity done, time: 555.583
[555.587s] aco: pheromone_evaporation done, time: 555.587
[556.096s] aco: daemon_actions done, time: 556.096
[556.096s] aco: generation 443 start, time: 556.096
[556.242s] aco: compute_total_information done, time: 556.242
[556.588s] aco: ants_generation_and_activity done, time: 556.587
[556.591s] aco: pheromone_evaporation done, time: 556.591
[557.113s] aco: daemon_actions done, time: 557.113
[557.114s] aco: generation 444 start, time: 557.114
[557.270s] aco: compute_total_information done, time: 557.27
[557.611s] aco: ants_generation_and_activity done, time: 557.611
[557.615s] aco: pheromone_evaporation done, time: 557.615
[558.191s] aco: daemon_actions done, time: 558.191
[558.191s] aco: generation 445 start, time: 558.191
[558.355s] aco: compute_total_information done, time: 558.355
[558.746s] aco: ants_generation_and_activity done, time: 558.746
[558.747s] aco: pheromone_evaporation done, time: 558.747
[559.405s] aco: daemon_actions done, time: 559.405
[559.405s] aco: generation 446 start, time: 559.405
[559.595s] aco: compute_total_information done, time: 559.595
[560.089s] aco: ants_generation_and_activity done, time: 560.089
[560.092s] aco: pheromone_evaporation done, time: 560.092
[560.754s] aco: daemon_actions done, time: 560.754
[560.754s] aco: generation 447 start, time: 560.754
[560.947s] aco: compute_total_information done, time: 560.947
[561.363s] aco: ants_generation_and_activity done, time: 561.363
[561.367s] aco: pheromone_evaporation done, time: 561.367
[562.124s] aco: daemon_actions done, time: 562.124
[562.124s] aco: generation 448 start, time: 562.124
[562.367s] aco: compute_total_information done, time: 562.367
[562.806s] aco: ants_generation_and_activity done, time: 562.806
[562.810s] aco: pheromone_evaporation done, time: 562.81
[563.451s] aco: daemon_actions done, time: 563.451
[563.451s] aco: generation 449 start, time: 563.451
[563.666s] aco: compute_total_information done, time: 563.666
[564.142s] aco: ants_generation_and_activity done, time: 564.142
[564.146s] aco: pheromone_evaporation done, time: 564.146
[564.775s] aco: daemon_actions done, time: 564.775
[564.775s] aco: generation 450 start, time: 564.775
[564.929s] aco: compute_total_information done, time: 564.929
[565.260s] aco: ants_generation_and_activity done, time: 565.26
[565.264s] aco: pheromone_evaporation done, time: 565.264
[565.844s] aco: daemon_actions done, time: 565.844
[565.844s] aco: generation 451 start, time: 565.844
[565.993s] aco: compute_total_information done, time: 565.993
[566.313s] aco: ants_generation_and_activity done, time: 566.313
[566.316s] aco: pheromone_evaporation done, time: 566.316
[566.827s] aco: daemon_actions done, time: 566.827
[566.827s] aco: generation 452 start, time: 566.827
[566.974s] aco: compute_total_information done, time: 566.974
[567.347s] aco: ants_generation_and_activity done, time: 567.347
[567.351s] aco: pheromone_evaporation done, time: 567.351
[567.859s] aco: daemon_actions done, time: 567.859
[567.859s] aco: generation 453 start, time: 567.859
[568.029s] aco: compute_total_information done, time: 568.029
[568.376s] aco: ants_generation_and_activity done, time: 568.376
[568.381s] aco: pheromone_evaporation done, time: 568.381
[568.890s] aco: daemon_actions done, time: 568.89
[568.890s] aco: generation 454 start, time: 568.89
[569.101s] aco: compute_total_information done, time: 569.101
[569.518s] aco: ants_generation_and_activity done, time: 569.518
[569.519s] aco: pheromone_evaporation done, time: 569.519
[570.041s] aco: daemon_actions done, time: 570.041
[570.041s] aco: generation 455 start, time: 570.041
[570.192s] aco: compute_total_information done, time: 570.192
[570.589s] aco: ants_generation_and_activity done, time: 570.589
[570.593s] aco: pheromone_evaporation done, time: 570.593
[571.169s] aco: daemon_actions done, time: 571.169
[571.169s] aco: generation 456 start, time: 571.169
[571.323s] aco: compute_total_information done, time: 571.323
[571.659s] aco: ants_generation_and_activity done, time: 571.659
[571.663s] aco: pheromone_evaporation done, time: 571.663
[572.208s] aco: daemon_actions done, time: 572.208
[572.208s] aco: generation 457 start, time: 572.208
[572.357s] aco: compute_total_information done, time: 572.357
[572.704s] aco: ants_generation_and_activity done, time: 572.704
[572.709s] aco: pheromone_evaporation done, time: 572.709
[573.392s] aco: daemon_actions done, time: 573.392
[573.392s] aco: generation 458 start, time: 573.392
[573.543s] aco: compute_total_information done, time: 573.543
[573.896s] aco: ants_generation_and_activity done, time: 573.896
[573.899s] aco: pheromone_evaporation done, time: 573.899
[574.391s] aco: daemon_actions done, time: 574.391
[574.391s] aco: generation 459 start, time: 574.391
[574.550s] aco: compute_total_information done, time: 574.55
[574.927s] aco: ants_generation_and_activity done, time: 574.927
[574.932s] aco: pheromone_evaporation done, time: 574.932
[575.432s] aco: daemon_actions done, time: 575.432
[575.432s] aco: generation 460 start, time: 575.432
[575.578s] aco: compute_total_information done, time: 575.578
[575.924s] aco: ants_generation_and_activity done, time: 575.924
[575.928s] aco: pheromone_evaporation done, time: 575.928
[576.568s] aco: daemon_actions done, time: 576.568
[576.568s] aco: generation 461 start, time: 576.568
[576.801s] aco: compute_total_information done, time: 576.801
[577.267s] aco: ants_generation_and_activity done, time: 577.267
[577.270s] aco: pheromone_evaporation done, time: 577.27
[577.911s] aco: daemon_actions done, time: 577.911
[577.911s] aco: generation 462 start, time: 577.911
[578.123s] aco: compute_total_information done, time: 578.123
[578.545s] aco: ants_generation_and_activity done, time: 578.545
[578.547s] aco: pheromone_evaporation done, time: 578.547
[579.272s] aco: daemon_actions done, time: 579.272
[579.272s] aco: generation 463 start, time: 579.272
[579.460s] aco: compute_total_information done, time: 579.46
[579.868s] aco: ants_generation_and_activity done, time: 579.868
[579.873s] aco: pheromone_evaporation done, time: 579.873
[580.557s] aco: daemon_actions done, time: 580.557
[580.557s] aco: generation 464 start, time: 580.557
[580.785s] aco: compute_total_information done, time: 580.785
[581.194s] aco: ants_generation_and_activity done, time: 581.194
[581.198s] aco: pheromone_evaporation done, time: 581.198
[581.804s] aco: daemon_actions done, time: 581.804
[581.804s] aco: generation 465 start, time: 581.804
[581.955s] aco: compute_total_information done, time: 581.955
[582.283s] aco: ants_generation_and_activity done, time: 582.283
[582.287s] aco: pheromone_evaporation done, time: 582.287
[582.826s] aco: daemon_actions done, time: 582.826
[582.826s] aco: generation 466 start, time: 582.826
[582.979s] aco: compute_total_information done, time: 582.979
[583.314s] aco: ants_generation_and_activity done, time: 583.314
[583.318s] aco: pheromone_evaporation done, time: 583.318
[583.819s] aco: daemon_actions done, time: 583.819
[583.820s] aco: generation 467 start, time: 583.82
[583.967s] aco: compute_total_information done, time: 583.967
[584.442s] aco: ants_generation_and_activity done, time: 584.442
[584.444s] aco: pheromone_evaporation done, time: 584.444
[584.963s] aco: daemon_actions done, time: 584.963
[584.963s] aco: generation 468 start, time: 584.963
[585.148s] aco: compute_total_information done, time: 585.148
[585.484s] aco: ants_generation_and_activity done, time: 585.484
[585.486s] aco: pheromone_evaporation done, time: 585.486
[585.995s] aco: daemon_actions done, time: 585.995
[585.995s] aco: generation 469 start, time: 585.995
[586.145s] aco: compute_total_information done, time: 586.145
[586.479s] aco: ants_generation_and_activity done, time: 586.479
[586.483s] aco: pheromone_evaporation done, time: 586.483
[586.988s] aco: daemon_actions done, time: 586.988
[586.988s] aco: generation 470 start, time: 586.988
[587.165s] aco: compute_total_information done, time: 587.165
[587.484s] aco: ants_generation_and_activity done, time: 587.484
[587.487s] aco: pheromone_evaporation done, time: 587.487
[587.979s] aco: daemon_actions done, time: 587.979
[587.980s] aco: generation 471 start, time: 587.98
[588.184s] aco: compute_total_information done, time: 588.184
[588.578s] aco: ants_generation_and_activity done, time: 588.578
[588.582s] aco: pheromone_evaporation done, time: 588.582
[589.217s] aco: daemon_actions done, time: 589.217
[589.217s] aco: generation 472 start, time: 589.217
[589.400s] aco: compute_total_information done, time: 589.4
[589.811s] aco: ants_generation_and_activity done, time: 589.811
[589.812s] aco: pheromone_evaporation done, time: 589.812
[590.356s] aco: daemon_actions done, time: 590.356
[590.356s] aco: generation 473 start, time: 590.356
[590.531s] aco: compute_total_information done, time: 590.531
[590.867s] aco: ants_generation_and_activity done, time: 590.866
[590.870s] aco: pheromone_evaporation done, time: 590.87
[591.365s] aco: daemon_actions done, time: 591.365
[591.365s] aco: generation 474 start, time: 591.365
[591.513s] aco: compute_total_information done, time: 591.513
[591.851s] aco: ants_generation_and_activity done, time: 591.851
[591.853s] aco: pheromone_evaporation done, time: 591.853
[592.441s] aco: daemon_actions done, time: 592.441
[592.441s] aco: generation 475 start, time: 592.441
[592.588s] aco: compute_total_information done, time: 592.588
[592.939s] aco: ants_generation_and_activity done, time: 592.939
[592.942s] aco: pheromone_evaporation done, time: 592.942
[593.427s] aco: daemon_actions done, time: 593.427
[593.427s] aco: generation 476 start, time: 593.427
[593.575s] aco: compute_total_information done, time: 593.575
[593.937s] aco: ants_generation_and_activity done, time: 593.936
[593.941s] aco: pheromone_evaporation done, time: 593.941
[594.438s] aco: daemon_actions done, time: 594.438
[594.438s] aco: generation 477 start, time: 594.438
[594.584s] aco: compute_total_information done, time: 594.584
[594.924s] aco: ants_generation_and_activity done, time: 594.924
[594.928s] aco: pheromone_evaporation done, time: 594.928
[595.445s] aco: daemon_actions done, time: 595.445
[595.445s] aco: generation 478 start, time: 595.445
[595.624s] aco: compute_total_information done, time: 595.624
[596.049s] aco: ants_generation_and_activity done, time: 596.049
[596.052s] aco: pheromone_evaporation done, time: 596.052
[596.598s] aco: daemon_actions done, time: 596.598
[596.598s] aco: generation 479 start, time: 596.598
[596.805s] aco: compute_total_information done, time: 596.805
[597.167s] aco: ants_generation_and_activity done, time: 597.167
[597.170s] aco: pheromone_evaporation done, time: 597.17
[597.653s] aco: daemon_actions done, time: 597.653
[597.653s] aco: generation 480 start, time: 597.653
[597.806s] aco: compute_total_information done, time: 597.806
[598.138s] aco: ants_generation_and_activity done, time: 598.138
[598.141s] aco: pheromone_evaporation done, time: 598.141
[598.626s] aco: daemon_actions done, time: 598.626
[598.626s] aco: generation 481 start, time: 598.626
[598.782s] aco: compute_total_information done, time: 598.782
[599.150s] aco: ants_generation_and_activity done, time: 599.15
[599.152s] aco: pheromone_evaporation done, time: 599.152
[599.767s] aco: daemon_actions done, time: 599.767
[599.767s] aco: generation 482 start, time: 599.767
[599.918s] aco: compute_total_information done, time: 599.918
[600.252s] aco: ants_generation_and_activity done, time: 600.252
[600.254s] aco: pheromone_evaporation done, time: 600.254
[600.806s] aco: daemon_actions done, time: 600.806
[600.807s] aco: generation 483 start, time: 600.807
[600.963s] aco: compute_total_information done, time: 600.963
[601.315s] aco: ants_generation_and_activity done, time: 601.315
[601.318s] aco: pheromone_evaporation done, time: 601.318
[601.815s] aco: daemon_actions done, time: 601.815
[601.816s] aco: generation 484 start, time: 601.816
[601.968s] aco: compute_total_information done, time: 601.968
[602.343s] aco: ants_generation_and_activity done, time: 602.343
[602.344s] aco: pheromone_evaporation done, time: 602.344
[602.830s] aco: daemon_actions done, time: 602.83
[602.830s] aco: generation 485 start, time: 602.83
[602.978s] aco: compute_total_information done, time: 602.978
[603.349s] aco: ants_generation_and_activity done, time: 603.349
[603.352s] aco: pheromone_evaporation done, time: 603.352
[603.867s] aco: daemon_actions done, time: 603.867
[603.867s] aco: generation 486 start, time: 603.867
[604.020s] aco: compute_total_information done, time: 604.02
[604.388s] aco: ants_generation_and_activity done, time: 604.388
[604.391s] aco: pheromone_evaporation done, time: 604.391
[604.903s] aco: daemon_actions done, time: 604.903
[604.903s] aco: generation 487 start, time: 604.903
[605.050s] aco: compute_total_information done, time: 605.05
[605.365s] aco: ants_generation_and_activity done, time: 605.365
[605.369s] aco: pheromone_evaporation done, time: 605.369
[605.883s] aco: daemon_actions done, time: 605.883
[605.884s] aco: generation 488 start, time: 605.884
[606.066s] aco: compute_total_information done, time: 606.066
[606.409s] aco: ants_generation_and_activity done, time: 606.409
[606.410s] aco: pheromone_evaporation done, time: 606.41
[606.935s] aco: daemon_actions done, time: 606.935
[606.936s] aco: generation 489 start, time: 606.936
[607.150s] aco: compute_total_information done, time: 607.15
[607.490s] aco: ants_generation_and_activity done, time: 607.49
[607.494s] aco: pheromone_evaporation done, time: 607.494
[608.016s] aco: daemon_actions done, time: 608.016
[608.016s] aco: generation 490 start, time: 608.016
[608.161s] aco: compute_total_information done, time: 608.161
[608.493s] aco: ants_generation_and_activity done, time: 608.493
[608.497s] aco: pheromone_evaporation done, time: 608.497
[609.000s] aco: daemon_actions done, time: 609
[609.000s] aco: generation 491 start, time: 609
[609.150s] aco: compute_total_information done, time: 609.15
[609.479s] aco: ants_generation_and_activity done, time: 609.479
[609.482s] aco: pheromone_evaporation done, time: 609.482
[609.996s] aco: daemon_actions done, time: 609.996
[609.996s] aco: generation 492 start, time: 609.996
[610.142s] aco: compute_total_information done, time: 610.142
[610.464s] aco: ants_generation_and_activity done, time: 610.464
[610.468s] aco: pheromone_evaporation done, time: 610.468
[611.006s] aco: daemon_actions done, time: 611.006
[611.006s] aco: generation 493 start, time: 611.006
[611.166s] aco: compute_total_information done, time: 611.166
[611.506s] aco: ants_generation_and_activity done, time: 611.506
[611.510s] aco: pheromone_evaporation done, time: 611.51
[612.056s] aco: daemon_actions done, time: 612.056
[612.056s] aco: generation 494 start, time: 612.056
[612.211s] aco: compute_total_information done, time: 612.211
[612.552s] aco: ants_generation_and_activity done, time: 612.552
[612.556s] aco: pheromone_evaporation done, time: 612.556
[613.074s] aco: daemon_actions done, time: 613.074
[613.074s] aco: generation 495 start, time: 613.074
[613.218s] aco: compute_total_information done, time: 613.218
[613.586s] aco: ants_generation_and_activity done, time: 613.586
[613.591s] aco: pheromone_evaporation done, time: 613.591
[614.116s] aco: daemon_actions done, time: 614.116
[614.116s] aco: generation 496 start, time: 614.116
[614.265s] aco: compute_total_information done, time: 614.265
[614.612s] aco: ants_generation_and_activity done, time: 614.612
[614.616s] aco: pheromone_evaporation done, time: 614.616
[615.158s] aco: daemon_actions done, time: 615.158
[615.159s] aco: generation 497 start, time: 615.159
[615.313s] aco: compute_total_information done, time: 615.313
[615.674s] aco: ants_generation_and_activity done, time: 615.674
[615.677s] aco: pheromone_evaporation done, time: 615.677
[616.172s] aco: daemon_actions done, time: 616.172
[616.172s] aco: generation 498 start, time: 616.172
[616.321s] aco: compute_total_information done, time: 616.321
[616.663s] aco: ants_generation_and_activity done, time: 616.663
[616.667s] aco: pheromone_evaporation done, time: 616.667
[617.158s] aco: daemon_actions done, time: 617.158
[617.158s] aco: generation 499 start, time: 617.158
[617.305s] aco: compute_total_information done, time: 617.305
[617.652s] aco: ants_generation_and_activity done, time: 617.652
[617.656s] aco: pheromone_evaporation done, time: 617.656
[618.163s] aco: daemon_actions done, time: 618.163
[618.163s] aco: generation 500 start, time: 618.163
[618.313s] aco: compute_total_information done, time: 618.313
[618.693s] aco: ants_generation_and_activity done, time: 618.693
[618.697s] aco: pheromone_evaporation done, time: 618.697
[619.212s] aco: daemon_actions done, time: 619.212
[619.212s] aco: generation 501 start, time: 619.212
[619.366s] aco: compute_total_information done, time: 619.366
[619.695s] aco: ants_generation_and_activity done, time: 619.695
[619.698s] aco: pheromone_evaporation done, time: 619.698
[620.212s] aco: daemon_actions done, time: 620.212
[620.212s] aco: generation 502 start, time: 620.212
[620.369s] aco: compute_total_information done, time: 620.369
[620.700s] aco: ants_generation_and_activity done, time: 620.7
[620.702s] aco: pheromone_evaporation done, time: 620.702
[621.214s] aco: daemon_actions done, time: 621.214
[621.214s] aco: generation 503 start, time: 621.214
[621.366s] aco: compute_total_information done, time: 621.366
[621.716s] aco: ants_generation_and_activity done, time: 621.716
[621.720s] aco: pheromone_evaporation done, time: 621.72
[622.212s] aco: daemon_actions done, time: 622.212
[622.212s] aco: generation 504 start, time: 622.212
[622.420s] aco: compute_total_information done, time: 622.42
[622.778s] aco: ants_generation_and_activity done, time: 622.778
[622.783s] aco: pheromone_evaporation done, time: 622.783
[623.268s] aco: daemon_actions done, time: 623.268
[623.268s] aco: generation 505 start, time: 623.268
[623.419s] aco: compute_total_information done, time: 623.419
[623.811s] aco: ants_generation_and_activity done, time: 623.811
[623.814s] aco: pheromone_evaporation done, time: 623.814
[624.350s] aco: daemon_actions done, time: 624.35
[624.350s] aco: generation 506 start, time: 624.35
[624.512s] aco: compute_total_information done, time: 624.512
[624.854s] aco: ants_generation_and_activity done, time: 624.854
[624.857s] aco: pheromone_evaporation done, time: 624.857
[625.335s] aco: daemon_actions done, time: 625.335
[625.335s] aco: generation 507 start, time: 625.335
[625.482s] aco: compute_total_information done, time: 625.482
[625.804s] aco: ants_generation_and_activity done, time: 625.804
[625.808s] aco: pheromone_evaporation done, time: 625.808
[626.392s] aco: daemon_actions done, time: 626.392
[626.392s] aco: generation 508 start, time: 626.392
[626.545s] aco: compute_total_information done, time: 626.545
[626.871s] aco: ants_generation_and_activity done, time: 626.871
[626.875s] aco: pheromone_evaporation done, time: 626.875
[627.423s] aco: daemon_actions done, time: 627.423
[627.423s] aco: generation 509 start, time: 627.423
[627.584s] aco: compute_total_information done, time: 627.584
[627.978s] aco: ants_generation_and_activity done, time: 627.978
[627.982s] aco: pheromone_evaporation done, time: 627.982
[628.493s] aco: daemon_actions done, time: 628.493
[628.493s] aco: generation 510 start, time: 628.493
[628.646s] aco: compute_total_information done, time: 628.646
[628.990s] aco: ants_generation_and_activity done, time: 628.99
[628.993s] aco: pheromone_evaporation done, time: 628.993
[629.470s] aco: daemon_actions done, time: 629.47
[629.470s] aco: generation 511 start, time: 629.47
[629.615s] aco: compute_total_information done, time: 629.615
[630.022s] aco: ants_generation_and_activity done, time: 630.022
[630.026s] aco: pheromone_evaporation done, time: 630.026
[630.520s] aco: daemon_actions done, time: 630.52
[630.520s] aco: generation 512 start, time: 630.52
[630.677s] aco: compute_total_information done, time: 630.677
[631.013s] aco: ants_generation_and_activity done, time: 631.013
[631.017s] aco: pheromone_evaporation done, time: 631.017
[631.507s] aco: daemon_actions done, time: 631.507
[631.507s] aco: generation 513 start, time: 631.507
[631.658s] aco: compute_total_information done, time: 631.658
[632.008s] aco: ants_generation_and_activity done, time: 632.008
[632.013s] aco: pheromone_evaporation done, time: 632.013
[632.590s] aco: daemon_actions done, time: 632.59
[632.590s] aco: generation 514 start, time: 632.59
[632.748s] aco: compute_total_information done, time: 632.748
[633.094s] aco: ants_generation_and_activity done, time: 633.094
[633.098s] aco: pheromone_evaporation done, time: 633.098
[633.685s] aco: daemon_actions done, time: 633.685
[633.685s] aco: generation 515 start, time: 633.685
[633.885s] aco: compute_total_information done, time: 633.885
[634.278s] aco: ants_generation_and_activity done, time: 634.278
[634.282s] aco: pheromone_evaporation done, time: 634.281
[634.862s] aco: daemon_actions done, time: 634.862
[634.862s] aco: generation 516 start, time: 634.862
[635.039s] aco: compute_total_information done, time: 635.039
[635.426s] aco: ants_generation_and_activity done, time: 635.426
[635.429s] aco: pheromone_evaporation done, time: 635.429
[635.954s] aco: daemon_actions done, time: 635.954
[635.954s] aco: generation 517 start, time: 635.954
[636.105s] aco: compute_total_information done, time: 636.105
[636.427s] aco: ants_generation_and_activity done, time: 636.427
[636.431s] aco: pheromone_evaporation done, time: 636.431
[636.994s] aco: daemon_actions done, time: 636.994
[636.994s] aco: generation 518 start, time: 636.994
[637.141s] aco: compute_total_information done, time: 637.141
[637.559s] aco: ants_generation_and_activity done, time: 637.559
[637.565s] aco: pheromone_evaporation done, time: 637.565
[638.102s] aco: daemon_actions done, time: 638.102
[638.102s] aco: generation 519 start, time: 638.102
[638.248s] aco: compute_total_information done, time: 638.248
[638.667s] aco: ants_generation_and_activity done, time: 638.667
[638.671s] aco: pheromone_evaporation done, time: 638.671
[639.231s] aco: daemon_actions done, time: 639.231
[639.231s] aco: generation 520 start, time: 639.231
[639.388s] aco: compute_total_information done, time: 639.388
[639.774s] aco: ants_generation_and_activity done, time: 639.774
[639.777s] aco: pheromone_evaporation done, time: 639.777
[640.395s] aco: daemon_actions done, time: 640.395
[640.395s] aco: generation 521 start, time: 640.395
[640.588s] aco: compute_total_information done, time: 640.588
[641.013s] aco: ants_generation_and_activity done, time: 641.013
[641.015s] aco: pheromone_evaporation done, time: 641.015
[641.647s] aco: daemon_actions done, time: 641.647
[641.647s] aco: generation 522 start, time: 641.647
[641.801s] aco: compute_total_information done, time: 641.801
[642.122s] aco: ants_generation_and_activity done, time: 642.122
[642.125s] aco: pheromone_evaporation done, time: 642.125
[642.626s] aco: daemon_actions done, time: 642.626
[642.626s] aco: generation 523 start, time: 642.626
[642.801s] aco: compute_total_information done, time: 642.801
[643.242s] aco: ants_generation_and_activity done, time: 643.242
[643.244s] aco: pheromone_evaporation done, time: 643.244
[643.820s] aco: daemon_actions done, time: 643.82
[643.820s] aco: generation 524 start, time: 643.82
[644.033s] aco: compute_total_information done, time: 644.033
[644.539s] aco: ants_generation_and_activity done, time: 644.539
[644.543s] aco: pheromone_evaporation done, time: 644.543
[645.304s] aco: daemon_actions done, time: 645.304
[645.304s] aco: generation 525 start, time: 645.304
[645.465s] aco: compute_total_information done, time: 645.465
[645.820s] aco: ants_generation_and_activity done, time: 645.82
[645.824s] aco: pheromone_evaporation done, time: 645.824
[646.360s] aco: daemon_actions done, time: 646.36
[646.360s] aco: generation 526 start, time: 646.36
[646.570s] aco: compute_total_information done, time: 646.57
[646.949s] aco: ants_generation_and_activity done, time: 646.949
[646.952s] aco: pheromone_evaporation done, time: 646.952
[647.448s] aco: daemon_actions done, time: 647.448
[647.449s] aco: generation 527 start, time: 647.449
[647.595s] aco: compute_total_information done, time: 647.595
[647.934s] aco: ants_generation_and_activity done, time: 647.934
[647.938s] aco: pheromone_evaporation done, time: 647.938
[648.503s] aco: daemon_actions done, time: 648.503
[648.503s] aco: generation 528 start, time: 648.503
[648.655s] aco: compute_total_information done, time: 648.655
[649.038s] aco: ants_generation_and_activity done, time: 649.038
[649.042s] aco: pheromone_evaporation done, time: 649.042
[649.606s] aco: daemon_actions done, time: 649.606
[649.607s] aco: generation 529 start, time: 649.607
[649.784s] aco: compute_total_information done, time: 649.784
[650.110s] aco: ants_generation_and_activity done, time: 650.11
[650.114s] aco: pheromone_evaporation done, time: 650.114
[650.643s] aco: daemon_actions done, time: 650.643
[650.643s] aco: generation 530 start, time: 650.643
[650.805s] aco: compute_total_information done, time: 650.805
[651.157s] aco: ants_generation_and_activity done, time: 651.157
[651.161s] aco: pheromone_evaporation done, time: 651.161
[651.708s] aco: daemon_actions done, time: 651.708
[651.708s] aco: generation 531 start, time: 651.708
[651.858s] aco: compute_total_information done, time: 651.858
[652.187s] aco: ants_generation_and_activity done, time: 652.187
[652.190s] aco: pheromone_evaporation done, time: 652.19
[652.753s] aco: daemon_actions done, time: 652.753
[652.753s] aco: generation 532 start, time: 652.753
[652.901s] aco: compute_total_information done, time: 652.901
[653.261s] aco: ants_generation_and_activity done, time: 653.261
[653.264s] aco: pheromone_evaporation done, time: 653.264
[653.766s] aco: daemon_actions done, time: 653.766
[653.766s] aco: generation 533 start, time: 653.766
[653.918s] aco: compute_total_information done, time: 653.918
[654.259s] aco: ants_generation_and_activity done, time: 654.259
[654.262s] aco: pheromone_evaporation done, time: 654.262
[654.803s] aco: daemon_actions done, time: 654.803
[654.803s] aco: generation 534 start, time: 654.803
[654.959s] aco: compute_total_information done, time: 654.959
[655.294s] aco: ants_generation_and_activity done, time: 655.294
[655.297s] aco: pheromone_evaporation done, time: 655.297
[655.793s] aco: daemon_actions done, time: 655.793
[655.794s] aco: generation 535 start, time: 655.794
[655.940s] aco: compute_total_information done, time: 655.94
[656.260s] aco: ants_generation_and_activity done, time: 656.26
[656.264s] aco: pheromone_evaporation done, time: 656.264
[656.850s] aco: daemon_actions done, time: 656.85
[656.851s] aco: generation 536 start, time: 656.851
[657.000s] aco: compute_total_information done, time: 657
[657.331s] aco: ants_generation_and_activity done, time: 657.331
[657.335s] aco: pheromone_evaporation done, time: 657.335
[657.825s] aco: daemon_actions done, time: 657.825
[657.825s] aco: generation 537 start, time: 657.825
[657.976s] aco: compute_total_information done, time: 657.976
[658.307s] aco: ants_generation_and_activity done, time: 658.307
[658.311s] aco: pheromone_evaporation done, time: 658.311
[658.827s] aco: daemon_actions done, time: 658.827
[658.828s] aco: generation 538 start, time: 658.828
[658.986s] aco: compute_total_information done, time: 658.986
[659.316s] aco: ants_generation_and_activity done, time: 659.316
[659.319s] aco: pheromone_evaporation done, time: 659.319
[659.804s] aco: daemon_actions done, time: 659.804
[659.804s] aco: generation 539 start, time: 659.804
[659.951s] aco: compute_total_information done, time: 659.951
[660.352s] aco: ants_generation_and_activity done, time: 660.352
[660.354s] aco: pheromone_evaporation done, time: 660.354
[660.912s] aco: daemon_actions done, time: 660.912
[660.912s] aco: generation 540 start, time: 660.912
[661.070s] aco: compute_total_information done, time: 661.07
[661.465s] aco: ants_generation_and_activity done, time: 661.465
[661.468s] aco: pheromone_evaporation done, time: 661.468
[661.953s] aco: daemon_actions done, time: 661.953
[661.953s] aco: generation 541 start, time: 661.953
[662.102s] aco: compute_total_information done, time: 662.102
[662.503s] aco: ants_generation_and_activity done, time: 662.503
[662.505s] aco: pheromone_evaporation done, time: 662.505
[663.005s] aco: daemon_actions done, time: 663.005
[663.005s] aco: generation 542 start, time: 663.005
[663.151s] aco: compute_total_information done, time: 663.151
[663.472s] aco: ants_generation_and_activity done, time: 663.472
[663.476s] aco: pheromone_evaporation done, time: 663.476
[664.041s] aco: daemon_actions done, time: 664.041
[664.041s] aco: generation 543 start, time: 664.041
[664.194s] aco: compute_total_information done, time: 664.194
[664.556s] aco: ants_generation_and_activity done, time: 664.556
[664.557s] aco: pheromone_evaporation done, time: 664.557
[665.066s] aco: daemon_actions done, time: 665.066
[665.066s] aco: generation 544 start, time: 665.066
[665.211s] aco: compute_total_information done, time: 665.211
[665.541s] aco: ants_generation_and_activity done, time: 665.541
[665.545s] aco: pheromone_evaporation done, time: 665.545
[666.073s] aco: daemon_actions done, time: 666.073
[666.073s] aco: generation 545 start, time: 666.073
[666.220s] aco: compute_total_information done, time: 666.22
[666.627s] aco: ants_generation_and_activity done, time: 666.627
[666.631s] aco: pheromone_evaporation done, time: 666.63
[667.128s] aco: daemon_actions done, time: 667.128
[667.128s] aco: generation 546 start, time: 667.128
[667.278s] aco: compute_total_information done, time: 667.278
[667.605s] aco: ants_generation_and_activity done, time: 667.605
[667.608s] aco: pheromone_evaporation done, time: 667.608
[668.183s] aco: daemon_actions done, time: 668.183
[668.183s] aco: generation 547 start, time: 668.183
[668.328s] aco: compute_total_information done, time: 668.328
[668.661s] aco: ants_generation_and_activity done, time: 668.661
[668.664s] aco: pheromone_evaporation done, time: 668.664
[669.170s] aco: daemon_actions done, time: 669.17
[669.170s] aco: generation 548 start, time: 669.17
[669.315s] aco: compute_total_information done, time: 669.315
[669.713s] aco: ants_generation_and_activity done, time: 669.713
[669.717s] aco: pheromone_evaporation done, time: 669.717
[670.220s] aco: daemon_actions done, time: 670.22
[670.220s] aco: generation 549 start, time: 670.22
[670.391s] aco: compute_total_information done, time: 670.391
[670.745s] aco: ants_generation_and_activity done, time: 670.745
[670.749s] aco: pheromone_evaporation done, time: 670.749
[671.283s] aco: daemon_actions done, time: 671.283
[671.283s] aco: generation 550 start, time: 671.283
[671.426s] aco: compute_total_information done, time: 671.426
[671.813s] aco: ants_generation_and_activity done, time: 671.813
[671.817s] aco: pheromone_evaporation done, time: 671.817
[672.346s] aco: daemon_actions done, time: 672.346
[672.346s] aco: generation 551 start, time: 672.346
[672.494s] aco: compute_total_information done, time: 672.494
[672.862s] aco: ants_generation_and_activity done, time: 672.862
[672.867s] aco: pheromone_evaporation done, time: 672.867
[673.372s] aco: daemon_actions done, time: 673.372
[673.372s] aco: generation 552 start, time: 673.372
[673.521s] aco: compute_total_information done, time: 673.521
[673.845s] aco: ants_generation_and_activity done, time: 673.845
[673.849s] aco: pheromone_evaporation done, time: 673.849
[674.360s] aco: daemon_actions done, time: 674.36
[674.360s] aco: generation 553 start, time: 674.36
[674.537s] aco: compute_total_information done, time: 674.537
[674.874s] aco: ants_generation_and_activity done, time: 674.874
[674.877s] aco: pheromone_evaporation done, time: 674.877
[675.495s] aco: daemon_actions done, time: 675.495
[675.495s] aco: generation 554 start, time: 675.495
[675.646s] aco: compute_total_information done, time: 675.646
[676.029s] aco: ants_generation_and_activity done, time: 676.029
[676.031s] aco: pheromone_evaporation done, time: 676.031
[676.537s] aco: daemon_actions done, time: 676.537
[676.537s] aco: generation 555 start, time: 676.537
[676.691s] aco: compute_total_information done, time: 676.691
[677.028s] aco: ants_generation_and_activity done, time: 677.028
[677.032s] aco: pheromone_evaporation done, time: 677.032
[677.518s] aco: daemon_actions done, time: 677.518
[677.518s] aco: generation 556 start, time: 677.518
[677.697s] aco: compute_total_information done, time: 677.697
[678.019s] aco: ants_generation_and_activity done, time: 678.019
[678.023s] aco: pheromone_evaporation done, time: 678.023
[678.580s] aco: daemon_actions done, time: 678.58
[678.580s] aco: generation 557 start, time: 678.58
[678.738s] aco: compute_total_information done, time: 678.738
[679.171s] aco: ants_generation_and_activity done, time: 679.171
[679.175s] aco: pheromone_evaporation done, time: 679.175
[679.662s] aco: daemon_actions done, time: 679.662
[679.663s] aco: generation 558 start, time: 679.663
[679.814s] aco: compute_total_information done, time: 679.814
[680.130s] aco: ants_generation_and_activity done, time: 680.13
[680.133s] aco: pheromone_evaporation done, time: 680.133
[680.618s] aco: daemon_actions done, time: 680.618
[680.618s] aco: generation 559 start, time: 680.618
[680.794s] aco: compute_total_information done, time: 680.794
[681.140s] aco: ants_generation_and_activity done, time: 681.14
[681.143s] aco: pheromone_evaporation done, time: 681.143
[681.621s] aco: daemon_actions done, time: 681.621
[681.621s] aco: generation 560 start, time: 681.621
[681.770s] aco: compute_total_information done, time: 681.77
[682.099s] aco: ants_generation_and_activity done, time: 682.099
[682.102s] aco: pheromone_evaporation done, time: 682.102
[682.633s] aco: daemon_actions done, time: 682.633
[682.633s] aco: generation 561 start, time: 682.633
[682.784s] aco: compute_total_information done, time: 682.784
[683.179s] aco: ants_generation_and_activity done, time: 683.179
[683.182s] aco: pheromone_evaporation done, time: 683.182
[683.698s] aco: daemon_actions done, time: 683.698
[683.698s] aco: generation 562 start, time: 683.698
[683.862s] aco: compute_total_information done, time: 683.862
[684.219s] aco: ants_generation_and_activity done, time: 684.219
[684.222s] aco: pheromone_evaporation done, time: 684.222
[684.709s] aco: daemon_actions done, time: 684.709
[684.709s] aco: generation 563 start, time: 684.709
[684.867s] aco: compute_total_information done, time: 684.867
[685.192s] aco: ants_generation_and_activity done, time: 685.192
[685.195s] aco: pheromone_evaporation done, time: 685.195
[685.707s] aco: daemon_actions done, time: 685.707
[685.707s] aco: generation 564 start, time: 685.707
[685.862s] aco: compute_total_information done, time: 685.862
[686.208s] aco: ants_generation_and_activity done, time: 686.208
[686.212s] aco: pheromone_evaporation done, time: 686.212
[686.766s] aco: daemon_actions done, time: 686.766
[686.766s] aco: generation 565 start, time: 686.766
[686.933s] aco: compute_total_information done, time: 686.933
[687.303s] aco: ants_generation_and_activity done, time: 687.303
[687.307s] aco: pheromone_evaporation done, time: 687.307
[688.127s] aco: daemon_actions done, time: 688.127
[688.127s] aco: generation 566 start, time: 688.127
[688.272s] aco: compute_total_information done, time: 688.272
[688.596s] aco: ants_generation_and_activity done, time: 688.596
[688.600s] aco: pheromone_evaporation done, time: 688.6
[689.115s] aco: daemon_actions done, time: 689.114
[689.115s] aco: generation 567 start, time: 689.115
[689.262s] aco: compute_total_information done, time: 689.262
[689.589s] aco: ants_generation_and_activity done, time: 689.589
[689.592s] aco: pheromone_evaporation done, time: 689.592
[690.086s] aco: daemon_actions done, time: 690.086
[690.086s] aco: generation 568 start, time: 690.086
[690.232s] aco: compute_total_information done, time: 690.232
[690.674s] aco: ants_generation_and_activity done, time: 690.674
[690.677s] aco: pheromone_evaporation done, time: 690.677
[691.203s] aco: daemon_actions done, time: 691.203
[691.203s] aco: generation 569 start, time: 691.203
[691.349s] aco: compute_total_information done, time: 691.349
[691.659s] aco: ants_generation_and_activity done, time: 691.659
[691.663s] aco: pheromone_evaporation done, time: 691.663
[692.165s] aco: daemon_actions done, time: 692.165
[692.165s] aco: generation 570 start, time: 692.165
[692.312s] aco: compute_total_information done, time: 692.312
[692.655s] aco: ants_generation_and_activity done, time: 692.655
[692.658s] aco: pheromone_evaporation done, time: 692.658
[693.150s] aco: daemon_actions done, time: 693.15
[693.150s] aco: generation 571 start, time: 693.15
[693.298s] aco: compute_total_information done, time: 693.298
[693.623s] aco: ants_generation_and_activity done, time: 693.623
[693.627s] aco: pheromone_evaporation done, time: 693.627
[694.165s] aco: daemon_actions done, time: 694.165
[694.165s] aco: generation 572 start, time: 694.165
[694.348s] aco: compute_total_information done, time: 694.348
[694.705s] aco: ants_generation_and_activity done, time: 694.705
[694.708s] aco: pheromone_evaporation done, time: 694.708
[695.183s] aco: daemon_actions done, time: 695.183
[695.183s] aco: generation 573 start, time: 695.183
[695.327s] aco: compute_total_information done, time: 695.327
[695.651s] aco: ants_generation_and_activity done, time: 695.651
[695.655s] aco: pheromone_evaporation done, time: 695.655
[696.166s] aco: daemon_actions done, time: 696.166
[696.167s] aco: generation 574 start, time: 696.167
[696.313s] aco: compute_total_information done, time: 696.313
[696.646s] aco: ants_generation_and_activity done, time: 696.646
[696.649s] aco: pheromone_evaporation done, time: 696.649
[697.140s] aco: daemon_actions done, time: 697.14
[697.140s] aco: generation 575 start, time: 697.14
[697.281s] aco: compute_total_information done, time: 697.281
[697.601s] aco: ants_generation_and_activity done, time: 697.601
[697.605s] aco: pheromone_evaporation done, time: 697.605
[698.215s] aco: daemon_actions done, time: 698.215
[698.215s] aco: generation 576 start, time: 698.215
[698.383s] aco: compute_total_information done, time: 698.383
[698.754s] aco: ants_generation_and_activity done, time: 698.754
[698.758s] aco: pheromone_evaporation done, time: 698.758
[699.234s] aco: daemon_actions done, time: 699.234
[699.234s] aco: generation 577 start, time: 699.234
[699.380s] aco: compute_total_information done, time: 699.38
[699.737s] aco: ants_generation_and_activity done, time: 699.737
[699.740s] aco: pheromone_evaporation done, time: 699.74
[700.224s] aco: daemon_actions done, time: 700.224
[700.224s] aco: generation 578 start, time: 700.224
[700.398s] aco: compute_total_information done, time: 700.398
[700.755s] aco: ants_generation_and_activity done, time: 700.755
[700.759s] aco: pheromone_evaporation done, time: 700.759
[701.310s] aco: daemon_actions done, time: 701.31
[701.310s] aco: generation 579 start, time: 701.31
[701.458s] aco: compute_total_information done, time: 701.458
[701.872s] aco: ants_generation_and_activity done, time: 701.872
[701.876s] aco: pheromone_evaporation done, time: 701.876
[702.397s] aco: daemon_actions done, time: 702.397
[702.397s] aco: generation 580 start, time: 702.397
[702.567s] aco: compute_total_information done, time: 702.567
[702.909s] aco: ants_generation_and_activity done, time: 702.909
[702.913s] aco: pheromone_evaporation done, time: 702.913
[703.472s] aco: daemon_actions done, time: 703.472
[703.472s] aco: generation 581 start, time: 703.472
[703.618s] aco: compute_total_information done, time: 703.618
[703.948s] aco: ants_generation_and_activity done, time: 703.948
[703.952s] aco: pheromone_evaporation done, time: 703.952
[704.565s] aco: daemon_actions done, time: 704.565
[704.565s] aco: generation 582 start, time: 704.565
[704.730s] aco: compute_total_information done, time: 704.73
[705.196s] aco: ants_generation_and_activity done, time: 705.196
[705.200s] aco: pheromone_evaporation done, time: 705.2
[705.788s] aco: daemon_actions done, time: 705.788
[705.788s] aco: generation 583 start, time: 705.788
[705.956s] aco: compute_total_information done, time: 705.956
[706.342s] aco: ants_generation_and_activity done, time: 706.342
[706.346s] aco: pheromone_evaporation done, time: 706.346
[706.918s] aco: daemon_actions done, time: 706.918
[706.918s] aco: generation 584 start, time: 706.918
[707.077s] aco: compute_total_information done, time: 707.077
[707.440s] aco: ants_generation_and_activity done, time: 707.44
[707.443s] aco: pheromone_evaporation done, time: 707.443
[708.015s] aco: daemon_actions done, time: 708.015
[708.015s] aco: generation 585 start, time: 708.015
[708.188s] aco: compute_total_information done, time: 708.188
[708.523s] aco: ants_generation_and_activity done, time: 708.523
[708.527s] aco: pheromone_evaporation done, time: 708.527
[709.011s] aco: daemon_actions done, time: 709.011
[709.011s] aco: generation 586 start, time: 709.011
[709.156s] aco: compute_total_information done, time: 709.156
[709.535s] aco: ants_generation_and_activity done, time: 709.535
[709.538s] aco: pheromone_evaporation done, time: 709.538
[710.046s] aco: daemon_actions done, time: 710.046
[710.046s] aco: generation 587 start, time: 710.046
[710.189s] aco: compute_total_information done, time: 710.189
[710.513s] aco: ants_generation_and_activity done, time: 710.513
[710.517s] aco: pheromone_evaporation done, time: 710.517
[711.026s] aco: daemon_actions done, time: 711.026
[711.026s] aco: generation 588 start, time: 711.026
[711.195s] aco: compute_total_information done, time: 711.195
[711.591s] aco: ants_generation_and_activity done, time: 711.591
[711.595s] aco: pheromone_evaporation done, time: 711.595
[712.087s] aco: daemon_actions done, time: 712.087
[712.087s] aco: generation 589 start, time: 712.087
[712.261s] aco: compute_total_information done, time: 712.261
[712.615s] aco: ants_generation_and_activity done, time: 712.615
[712.618s] aco: pheromone_evaporation done, time: 712.618
[713.193s] aco: daemon_actions done, time: 713.193
[713.193s] aco: generation 590 start, time: 713.193
[713.343s] aco: compute_total_information done, time: 713.343
[713.683s] aco: ants_generation_and_activity done, time: 713.683
[713.686s] aco: pheromone_evaporation done, time: 713.686
[714.191s] aco: daemon_actions done, time: 714.191
[714.192s] aco: generation 591 start, time: 714.192
[714.344s] aco: compute_total_information done, time: 714.344
[714.692s] aco: ants_generation_and_activity done, time: 714.692
[714.694s] aco: pheromone_evaporation done, time: 714.694
[715.180s] aco: daemon_actions done, time: 715.18
[715.180s] aco: generation 592 start, time: 715.18
[715.324s] aco: compute_total_information done, time: 715.324
[715.652s] aco: ants_generation_and_activity done, time: 715.652
[715.656s] aco: pheromone_evaporation done, time: 715.656
[716.176s] aco: daemon_actions done, time: 716.176
[716.176s] aco: generation 593 start, time: 716.176
[716.332s] aco: compute_total_information done, time: 716.332
[716.693s] aco: ants_generation_and_activity done, time: 716.692
[716.696s] aco: pheromone_evaporation done, time: 716.696
[717.243s] aco: daemon_actions done, time: 717.243
[717.243s] aco: generation 594 start, time: 717.243
[717.386s] aco: compute_total_information done, time: 717.386
[717.760s] aco: ants_generation_and_activity done, time: 717.76
[717.764s] aco: pheromone_evaporation done, time: 717.764
[718.285s] aco: daemon_actions done, time: 718.285
[718.285s] aco: generation 595 start, time: 718.285
[718.431s] aco: compute_total_information done, time: 718.431
[718.765s] aco: ants_generation_and_activity done, time: 718.765
[718.767s] aco: pheromone_evaporation done, time: 718.767
[719.283s] aco: daemon_actions done, time: 719.283
[719.283s] aco: generation 596 start, time: 719.283
[719.432s] aco: compute_total_information done, time: 719.432
[719.772s] aco: ants_generation_and_activity done, time: 719.772
[719.776s] aco: pheromone_evaporation done, time: 719.776
[720.255s] aco: daemon_actions done, time: 720.255
[720.255s] aco: generation 597 start, time: 720.255
[720.415s] aco: compute_total_information done, time: 720.415
[720.829s] aco: ants_generation_and_activity done, time: 720.829
[720.832s] aco: pheromone_evaporation done, time: 720.832
[721.322s] aco: daemon_actions done, time: 721.322
[721.322s] aco: generation 598 start, time: 721.322
[721.468s] aco: compute_total_information done, time: 721.468
[721.808s] aco: ants_generation_and_activity done, time: 721.808
[721.810s] aco: pheromone_evaporation done, time: 721.81
[722.298s] aco: new best solution found with cost 4.63888e+006 and 1000 components
[722.302s] aco: daemon_actions done, time: 722.301
[722.302s] aco: generation 599 start, time: 722.302
[722.447s] aco: compute_total_information done, time: 722.447
[722.770s] aco: ants_generation_and_activity done, time: 722.77
[722.774s] aco: pheromone_evaporation done, time: 722.774
[723.256s] aco: daemon_actions done, time: 723.256
[723.257s] aco: generation 600 start, time: 723.257
[723.426s] aco: compute_total_information done, time: 723.426
[723.752s] aco: ants_generation_and_activity done, time: 723.752
[723.756s] aco: pheromone_evaporation done, time: 723.756
[724.282s] aco: daemon_actions done, time: 724.282
[724.282s] aco: generation 601 start, time: 724.282
[724.448s] aco: compute_total_information done, time: 724.448
[724.814s] aco: ants_generation_and_activity done, time: 724.814
[724.818s] aco: pheromone_evaporation done, time: 724.818
[725.294s] aco: daemon_actions done, time: 725.294
[725.294s] aco: generation 602 start, time: 725.294
[725.445s] aco: compute_total_information done, time: 725.445
[725.906s] aco: ants_generation_and_activity done, time: 725.906
[725.910s] aco: pheromone_evaporation done, time: 725.91
[726.504s] aco: daemon_actions done, time: 726.504
[726.505s] aco: generation 603 start, time: 726.505
[726.680s] aco: compute_total_information done, time: 726.68
[727.017s] aco: ants_generation_and_activity done, time: 727.017
[727.018s] aco: pheromone_evaporation done, time: 727.018
[727.655s] aco: daemon_actions done, time: 727.655
[727.655s] aco: generation 604 start, time: 727.655
[727.871s] aco: compute_total_information done, time: 727.871
[728.393s] aco: ants_generation_and_activity done, time: 728.393
[728.394s] aco: pheromone_evaporation done, time: 728.394
[729.154s] aco: daemon_actions done, time: 729.154
[729.154s] aco: generation 605 start, time: 729.154
[729.370s] aco: compute_total_information done, time: 729.37
[729.813s] aco: ants_generation_and_activity done, time: 729.813
[729.817s] aco: pheromone_evaporation done, time: 729.817
[730.555s] aco: daemon_actions done, time: 730.555
[730.555s] aco: generation 606 start, time: 730.555
[730.800s] aco: compute_total_information done, time: 730.8
[731.195s] aco: ants_generation_and_activity done, time: 731.195
[731.198s] aco: pheromone_evaporation done, time: 731.198
[731.870s] aco: daemon_actions done, time: 731.87
[731.870s] aco: generation 607 start, time: 731.87
[732.067s] aco: compute_total_information done, time: 732.067
[732.574s] aco: ants_generation_and_activity done, time: 732.574
[732.577s] aco: pheromone_evaporation done, time: 732.577
[733.430s] aco: daemon_actions done, time: 733.43
[733.431s] aco: generation 608 start, time: 733.431
[733.625s] aco: compute_total_information done, time: 733.625
[734.064s] aco: ants_generation_and_activity done, time: 734.064
[734.068s] aco: pheromone_evaporation done, time: 734.068
[734.702s] aco: daemon_actions done, time: 734.702
[734.702s] aco: generation 609 start, time: 734.702
[734.862s] aco: compute_total_information done, time: 734.862
[735.300s] aco: ants_generation_and_activity done, time: 735.3
[735.304s] aco: pheromone_evaporation done, time: 735.304
[735.916s] aco: daemon_actions done, time: 735.916
[735.917s] aco: generation 610 start, time: 735.917
[736.117s] aco: compute_total_information done, time: 736.117
[736.469s] aco: ants_generation_and_activity done, time: 736.469
[736.470s] aco: pheromone_evaporation done, time: 736.47
[736.993s] aco: daemon_actions done, time: 736.993
[736.993s] aco: generation 611 start, time: 736.993
[737.159s] aco: compute_total_information done, time: 737.159
[737.468s] aco: ants_generation_and_activity done, time: 737.468
[737.472s] aco: pheromone_evaporation done, time: 737.472
[737.979s] aco: daemon_actions done, time: 737.979
[737.980s] aco: generation 612 start, time: 737.98
[738.169s] aco: compute_total_information done, time: 738.169
[738.512s] aco: ants_generation_and_activity done, time: 738.512
[738.514s] aco: pheromone_evaporation done, time: 738.514
[739.070s] aco: daemon_actions done, time: 739.07
[739.070s] aco: generation 613 start, time: 739.07
[739.218s] aco: compute_total_information done, time: 739.218
[739.576s] aco: ants_generation_and_activity done, time: 739.576
[739.579s] aco: pheromone_evaporation done, time: 739.579
[740.089s] aco: daemon_actions done, time: 740.089
[740.089s] aco: generation 614 start, time: 740.089
[740.252s] aco: compute_total_information done, time: 740.252
[740.612s] aco: ants_generation_and_activity done, time: 740.612
[740.616s] aco: pheromone_evaporation done, time: 740.616
[741.180s] aco: daemon_actions done, time: 741.18
[741.180s] aco: generation 615 start, time: 741.18
[741.335s] aco: compute_total_information done, time: 741.335
[741.673s] aco: ants_generation_and_activity done, time: 741.673
[741.676s] aco: pheromone_evaporation done, time: 741.676
[742.336s] aco: daemon_actions done, time: 742.336
[742.336s] aco: generation 616 start, time: 742.336
[742.494s] aco: compute_total_information done, time: 742.494
[742.856s] aco: ants_generation_and_activity done, time: 742.856
[742.859s] aco: pheromone_evaporation done, time: 742.859
[743.467s] aco: daemon_actions done, time: 743.467
[743.467s] aco: generation 617 start, time: 743.467
[743.624s] aco: compute_total_information done, time: 743.624
[744.037s] aco: ants_generation_and_activity done, time: 744.037
[744.040s] aco: pheromone_evaporation done, time: 744.04
[744.665s] aco: daemon_actions done, time: 744.665
[744.666s] aco: generation 618 start, time: 744.666
[744.827s] aco: compute_total_information done, time: 744.827
[745.147s] aco: ants_generation_and_activity done, time: 745.147
[745.150s] aco: pheromone_evaporation done, time: 745.15
[745.658s] aco: daemon_actions done, time: 745.658
[745.658s] aco: generation 619 start, time: 745.658
[745.828s] aco: compute_total_information done, time: 745.828
[746.154s] aco: ants_generation_and_activity done, time: 746.154
[746.157s] aco: pheromone_evaporation done, time: 746.157
[746.699s] aco: daemon_actions done, time: 746.699
[746.700s] aco: generation 620 start, time: 746.7
[746.909s] aco: compute_total_information done, time: 746.909
[747.258s] aco: ants_generation_and_activity done, time: 747.258
[747.261s] aco: pheromone_evaporation done, time: 747.261
[747.777s] aco: daemon_actions done, time: 747.777
[747.777s] aco: generation 621 start, time: 747.777
[747.928s] aco: compute_total_information done, time: 747.928
[748.264s] aco: ants_generation_and_activity done, time: 748.264
[748.267s] aco: pheromone_evaporation done, time: 748.267
[748.836s] aco: daemon_actions done, time: 748.836
[748.836s] aco: generation 622 start, time: 748.836
[749.022s] aco: compute_total_information done, time: 749.022
[749.414s] aco: ants_generation_and_activity done, time: 749.414
[749.418s] aco: pheromone_evaporation done, time: 749.418
[749.941s] aco: daemon_actions done, time: 749.941
[749.941s] aco: generation 623 start, time: 749.941
[750.133s] aco: compute_total_information done, time: 750.133
[750.716s] aco: ants_generation_and_activity done, time: 750.716
[750.719s] aco: pheromone_evaporation done, time: 750.719
[751.210s] aco: daemon_actions done, time: 751.21
[751.211s] aco: generation 624 start, time: 751.211
[751.360s] aco: compute_total_information done, time: 751.36
[751.808s] aco: ants_generation_and_activity done, time: 751.808
[751.811s] aco: pheromone_evaporation done, time: 751.811
[752.683s] aco: daemon_actions done, time: 752.683
[752.683s] aco: generation 625 start, time: 752.683
[752.892s] aco: compute_total_information done, time: 752.892
[753.289s] aco: ants_generation_and_activity done, time: 753.289
[753.292s] aco: pheromone_evaporation done, time: 753.292
[753.862s] aco: daemon_actions done, time: 753.862
[753.862s] aco: generation 626 start, time: 753.862
[754.012s] aco: compute_total_information done, time: 754.012
[754.436s] aco: ants_generation_and_activity done, time: 754.436
[754.440s] aco: pheromone_evaporation done, time: 754.44
[755.011s] aco: daemon_actions done, time: 755.011
[755.011s] aco: generation 627 start, time: 755.011
[755.201s] aco: compute_total_information done, time: 755.201
[755.772s] aco: ants_generation_and_activity done, time: 755.772
[755.776s] aco: pheromone_evaporation done, time: 755.776
[756.732s] aco: daemon_actions done, time: 756.732
[756.732s] aco: generation 628 start, time: 756.732
[756.943s] aco: compute_total_information done, time: 756.943
[757.323s] aco: ants_generation_and_activity done, time: 757.323
[757.326s] aco: pheromone_evaporation done, time: 757.326
[758.194s] aco: daemon_actions done, time: 758.194
[758.194s] aco: generation 629 start, time: 758.194
[758.407s] aco: compute_total_information done, time: 758.407
[758.777s] aco: ants_generation_and_activity done, time: 758.777
[758.781s] aco: pheromone_evaporation done, time: 758.781
[759.471s] aco: daemon_actions done, time: 759.471
[759.471s] aco: generation 630 start, time: 759.471
[759.713s] aco: compute_total_information done, time: 759.713
[760.118s] aco: ants_generation_and_activity done, time: 760.118
[760.122s] aco: pheromone_evaporation done, time: 760.122
[760.635s] aco: daemon_actions done, time: 760.635
[760.635s] aco: generation 631 start, time: 760.635
[760.813s] aco: compute_total_information done, time: 760.813
[761.183s] aco: ants_generation_and_activity done, time: 761.183
[761.186s] aco: pheromone_evaporation done, time: 761.186
[761.767s] aco: daemon_actions done, time: 761.767
[761.767s] aco: generation 632 start, time: 761.767
[761.967s] aco: compute_total_information done, time: 761.967
[762.335s] aco: ants_generation_and_activity done, time: 762.335
[762.339s] aco: pheromone_evaporation done, time: 762.339
[762.892s] aco: daemon_actions done, time: 762.892
[762.892s] aco: generation 633 start, time: 762.892
[763.048s] aco: compute_total_information done, time: 763.048
[763.377s] aco: ants_generation_and_activity done, time: 763.377
[763.381s] aco: pheromone_evaporation done, time: 763.381
[763.889s] aco: daemon_actions done, time: 763.889
[763.889s] aco: generation 634 start, time: 763.889
[764.081s] aco: compute_total_information done, time: 764.081
[764.410s] aco: ants_generation_and_activity done, time: 764.41
[764.414s] aco: pheromone_evaporation done, time: 764.414
[764.929s] aco: daemon_actions done, time: 764.929
[764.929s] aco: generation 635 start, time: 764.929
[765.083s] aco: compute_total_information done, time: 765.083
[765.439s] aco: ants_generation_and_activity done, time: 765.439
[765.443s] aco: pheromone_evaporation done, time: 765.443
[766.076s] aco: daemon_actions done, time: 766.076
[766.077s] aco: generation 636 start, time: 766.077
[766.272s] aco: compute_total_information done, time: 766.272
[766.682s] aco: ants_generation_and_activity done, time: 766.682
[766.685s] aco: pheromone_evaporation done, time: 766.685
[767.273s] aco: daemon_actions done, time: 767.273
[767.273s] aco: generation 637 start, time: 767.273
[767.441s] aco: compute_total_information done, time: 767.441
[767.831s] aco: ants_generation_and_activity done, time: 767.831
[767.835s] aco: pheromone_evaporation done, time: 767.835
[768.373s] aco: daemon_actions done, time: 768.373
[768.373s] aco: generation 638 start, time: 768.373
[768.522s] aco: compute_total_information done, time: 768.522
[768.876s] aco: ants_generation_and_activity done, time: 768.876
[768.880s] aco: pheromone_evaporation done, time: 768.88
[769.524s] aco: daemon_actions done, time: 769.524
[769.524s] aco: generation 639 start, time: 769.524
[769.671s] aco: compute_total_information done, time: 769.671
[770.041s] aco: ants_generation_and_activity done, time: 770.041
[770.045s] aco: pheromone_evaporation done, time: 770.045
[770.595s] aco: daemon_actions done, time: 770.595
[770.595s] aco: generation 640 start, time: 770.595
[770.750s] aco: compute_total_information done, time: 770.75
[771.124s] aco: ants_generation_and_activity done, time: 771.124
[771.126s] aco: pheromone_evaporation done, time: 771.126
[771.664s] aco: daemon_actions done, time: 771.664
[771.664s] aco: generation 641 start, time: 771.664
[771.851s] aco: compute_total_information done, time: 771.851
[772.190s] aco: ants_generation_and_activity done, time: 772.19
[772.193s] aco: pheromone_evaporation done, time: 772.193
[772.740s] aco: daemon_actions done, time: 772.74
[772.740s] aco: generation 642 start, time: 772.74
[772.966s] aco: compute_total_information done, time: 772.966
[773.329s] aco: ants_generation_and_activity done, time: 773.329
[773.333s] aco: pheromone_evaporation done, time: 773.333
[773.861s] aco: daemon_actions done, time: 773.861
[773.861s] aco: generation 643 start, time: 773.861
[774.010s] aco: compute_total_information done, time: 774.01
[774.341s] aco: ants_generation_and_activity done, time: 774.341
[774.343s] aco: pheromone_evaporation done, time: 774.343
[774.856s] aco: daemon_actions done, time: 774.856
[774.856s] aco: generation 644 start, time: 774.856
[775.013s] aco: compute_total_information done, time: 775.013
[775.364s] aco: ants_generation_and_activity done, time: 775.364
[775.367s] aco: pheromone_evaporation done, time: 775.367
[775.890s] aco: daemon_actions done, time: 775.89
[775.890s] aco: generation 645 start, time: 775.89
[776.051s] aco: compute_total_information done, time: 776.051
[776.405s] aco: ants_generation_and_activity done, time: 776.405
[776.409s] aco: pheromone_evaporation done, time: 776.409
[776.916s] aco: daemon_actions done, time: 776.916
[776.916s] aco: generation 646 start, time: 776.916
[777.120s] aco: compute_total_information done, time: 777.12
[777.447s] aco: ants_generation_and_activity done, time: 777.447
[777.450s] aco: pheromone_evaporation done, time: 777.45
[777.977s] aco: daemon_actions done, time: 777.977
[777.977s] aco: generation 647 start, time: 777.977
[778.131s] aco: compute_total_information done, time: 778.131
[778.497s] aco: ants_generation_and_activity done, time: 778.497
[778.498s] aco: pheromone_evaporation done, time: 778.498
[779.077s] aco: daemon_actions done, time: 779.077
[779.077s] aco: generation 648 start, time: 779.077
[779.249s] aco: compute_total_information done, time: 779.249
[779.596s] aco: ants_generation_and_activity done, time: 779.596
[779.601s] aco: pheromone_evaporation done, time: 779.601
[780.126s] aco: daemon_actions done, time: 780.126
[780.126s] aco: generation 649 start, time: 780.126
[780.283s] aco: compute_total_information done, time: 780.283
[780.637s] aco: ants_generation_and_activity done, time: 780.637
[780.640s] aco: pheromone_evaporation done, time: 780.64
[781.204s] aco: daemon_actions done, time: 781.204
[781.204s] aco: generation 650 start, time: 781.204
[781.361s] aco: compute_total_information done, time: 781.361
[781.697s] aco: ants_generation_and_activity done, time: 781.697
[781.701s] aco: pheromone_evaporation done, time: 781.701
[782.269s] aco: daemon_actions done, time: 782.269
[782.269s] aco: generation 651 start, time: 782.269
[782.420s] aco: compute_total_information done, time: 782.42
[782.775s] aco: ants_generation_and_activity done, time: 782.775
[782.779s] aco: pheromone_evaporation done, time: 782.779
[783.346s] aco: daemon_actions done, time: 783.346
[783.346s] aco: generation 652 start, time: 783.346
[783.502s] aco: compute_total_information done, time: 783.502
[783.823s] aco: ants_generation_and_activity done, time: 783.823
[783.826s] aco: pheromone_evaporation done, time: 783.826
[784.344s] aco: daemon_actions done, time: 784.344
[784.344s] aco: generation 653 start, time: 784.344
[784.508s] aco: compute_total_information done, time: 784.508
[785.004s] aco: ants_generation_and_activity done, time: 785.004
[785.009s] aco: pheromone_evaporation done, time: 785.009
[785.574s] aco: daemon_actions done, time: 785.574
[785.574s] aco: generation 654 start, time: 785.574
[785.750s] aco: compute_total_information done, time: 785.75
[786.084s] aco: ants_generation_and_activity done, time: 786.084
[786.088s] aco: pheromone_evaporation done, time: 786.088
[786.619s] aco: daemon_actions done, time: 786.619
[786.620s] aco: generation 655 start, time: 786.62
[786.788s] aco: compute_total_information done, time: 786.788
[787.183s] aco: ants_generation_and_activity done, time: 787.183
[787.186s] aco: pheromone_evaporation done, time: 787.186
[787.687s] aco: daemon_actions done, time: 787.687
[787.687s] aco: generation 656 start, time: 787.687
[787.839s] aco: compute_total_information done, time: 787.839
[788.198s] aco: ants_generation_and_activity done, time: 788.198
[788.201s] aco: pheromone_evaporation done, time: 788.201
[788.779s] aco: daemon_actions done, time: 788.779
[788.779s] aco: generation 657 start, time: 788.779
[788.940s] aco: compute_total_information done, time: 788.94
[789.303s] aco: ants_generation_and_activity done, time: 789.303
[789.307s] aco: pheromone_evaporation done, time: 789.307
[789.825s] aco: daemon_actions done, time: 789.825
[789.825s] aco: generation 658 start, time: 789.825
[790.015s] aco: compute_total_information done, time: 790.015
[790.393s] aco: ants_generation_and_activity done, time: 790.393
[790.397s] aco: pheromone_evaporation done, time: 790.397
[790.977s] aco: daemon_actions done, time: 790.977
[790.977s] aco: generation 659 start, time: 790.977
[791.197s] aco: compute_total_information done, time: 791.197
[791.906s] aco: ants_generation_and_activity done, time: 791.906
[791.907s] aco: pheromone_evaporation done, time: 791.907
[792.654s] aco: daemon_actions done, time: 792.654
[792.655s] aco: generation 660 start, time: 792.655
[792.910s] aco: compute_total_information done, time: 792.91
[793.327s] aco: ants_generation_and_activity done, time: 793.327
[793.328s] aco: pheromone_evaporation done, time: 793.328
[794.130s] aco: daemon_actions done, time: 794.13
[794.130s] aco: generation 661 start, time: 794.13
[794.425s] aco: compute_total_information done, time: 794.425
[794.954s] aco: ants_generation_and_activity done, time: 794.954
[794.959s] aco: pheromone_evaporation done, time: 794.959
[795.762s] aco: daemon_actions done, time: 795.762
[795.762s] aco: generation 662 start, time: 795.762
[795.987s] aco: compute_total_information done, time: 795.987
[796.546s] aco: ants_generation_and_activity done, time: 796.546
[796.550s] aco: pheromone_evaporation done, time: 796.55
[797.202s] aco: daemon_actions done, time: 797.202
[797.202s] aco: generation 663 start, time: 797.202
[797.404s] aco: compute_total_information done, time: 797.404
[797.837s] aco: ants_generation_and_activity done, time: 797.837
[797.842s] aco: pheromone_evaporation done, time: 797.842
[798.440s] aco: daemon_actions done, time: 798.44
[798.440s] aco: generation 664 start, time: 798.44
[798.593s] aco: compute_total_information done, time: 798.593
[798.909s] aco: ants_generation_and_activity done, time: 798.909
[798.913s] aco: pheromone_evaporation done, time: 798.913
[799.419s] aco: daemon_actions done, time: 799.419
[799.419s] aco: generation 665 start, time: 799.419
[799.569s] aco: compute_total_information done, time: 799.569
[799.926s] aco: ants_generation_and_activity done, time: 799.926
[799.930s] aco: pheromone_evaporation done, time: 799.93
[800.850s] aco: daemon_actions done, time: 800.85
[800.850s] aco: generation 666 start, time: 800.85
[801.288s] aco: compute_total_information done, time: 801.288
[801.686s] aco: ants_generation_and_activity done, time: 801.686
[801.689s] aco: pheromone_evaporation done, time: 801.689
[802.245s] aco: daemon_actions done, time: 802.245
[802.245s] aco: generation 667 start, time: 802.245
[802.409s] aco: compute_total_information done, time: 802.409
[802.736s] aco: ants_generation_and_activity done, time: 802.736
[802.737s] aco: pheromone_evaporation done, time: 802.737
[803.272s] aco: daemon_actions done, time: 803.272
[803.272s] aco: generation 668 start, time: 803.272
[803.429s] aco: compute_total_information done, time: 803.429
[803.912s] aco: ants_generation_and_activity done, time: 803.912
[803.915s] aco: pheromone_evaporation done, time: 803.915
[804.409s] aco: daemon_actions done, time: 804.409
[804.409s] aco: generation 669 start, time: 804.409
[804.560s] aco: compute_total_information done, time: 804.56
[804.901s] aco: ants_generation_and_activity done, time: 804.901
[804.904s] aco: pheromone_evaporation done, time: 804.904
[805.445s] aco: daemon_actions done, time: 805.445
[805.445s] aco: generation 670 start, time: 805.445
[805.601s] aco: compute_total_information done, time: 805.601
[805.959s] aco: ants_generation_and_activity done, time: 805.959
[805.963s] aco: pheromone_evaporation done, time: 805.963
[806.497s] aco: daemon_actions done, time: 806.497
[806.497s] aco: generation 671 start, time: 806.497
[806.645s] aco: compute_total_information done, time: 806.645
[807.073s] aco: ants_generation_and_activity done, time: 807.073
[807.077s] aco: pheromone_evaporation done, time: 807.077
[807.739s] aco: daemon_actions done, time: 807.739
[807.739s] aco: generation 672 start, time: 807.739
[807.908s] aco: compute_total_information done, time: 807.908
[808.380s] aco: ants_generation_and_activity done, time: 808.38
[808.381s] aco: pheromone_evaporation done, time: 808.381
[808.952s] aco: daemon_actions done, time: 808.952
[808.952s] aco: generation 673 start, time: 808.952
[809.163s] aco: compute_total_information done, time: 809.163
[809.581s] aco: ants_generation_and_activity done, time: 809.581
[809.584s] aco: pheromone_evaporation done, time: 809.584
[810.270s] aco: daemon_actions done, time: 810.27
[810.270s] aco: generation 674 start, time: 810.27
[810.435s] aco: compute_total_information done, time: 810.435
[810.773s] aco: ants_generation_and_activity done, time: 810.773
[810.777s] aco: pheromone_evaporation done, time: 810.777
[811.320s] aco: daemon_actions done, time: 811.32
[811.320s] aco: generation 675 start, time: 811.32
[811.492s] aco: compute_total_information done, time: 811.492
[811.829s] aco: ants_generation_and_activity done, time: 811.829
[811.833s] aco: pheromone_evaporation done, time: 811.833
[812.366s] aco: daemon_actions done, time: 812.366
[812.366s] aco: generation 676 start, time: 812.366
[812.516s] aco: compute_total_information done, time: 812.516
[812.852s] aco: ants_generation_and_activity done, time: 812.852
[812.856s] aco: pheromone_evaporation done, time: 812.856
[813.367s] aco: daemon_actions done, time: 813.367
[813.367s] aco: generation 677 start, time: 813.367
[813.555s] aco: compute_total_information done, time: 813.555
[813.940s] aco: ants_generation_and_activity done, time: 813.94
[813.944s] aco: pheromone_evaporation done, time: 813.944
[814.471s] aco: daemon_actions done, time: 814.471
[814.471s] aco: generation 678 start, time: 814.471
[814.647s] aco: compute_total_information done, time: 814.647
[815.038s] aco: ants_generation_and_activity done, time: 815.038
[815.042s] aco: pheromone_evaporation done, time: 815.042
[815.805s] aco: daemon_actions done, time: 815.805
[815.805s] aco: generation 679 start, time: 815.805
[815.966s] aco: compute_total_information done, time: 815.966
[816.308s] aco: ants_generation_and_activity done, time: 816.308
[816.310s] aco: pheromone_evaporation done, time: 816.31
[816.922s] aco: daemon_actions done, time: 816.922
[816.922s] aco: generation 680 start, time: 816.922
[817.115s] aco: compute_total_information done, time: 817.115
[817.489s] aco: ants_generation_and_activity done, time: 817.489
[817.490s] aco: pheromone_evaporation done, time: 817.49
[818.135s] aco: daemon_actions done, time: 818.135
[818.136s] aco: generation 681 start, time: 818.136
[818.290s] aco: compute_total_information done, time: 818.29
[818.615s] aco: ants_generation_and_activity done, time: 818.615
[818.618s] aco: pheromone_evaporation done, time: 818.618
[819.327s] aco: daemon_actions done, time: 819.327
[819.327s] aco: generation 682 start, time: 819.327
[819.497s] aco: compute_total_information done, time: 819.497
[819.869s] aco: ants_generation_and_activity done, time: 819.869
[819.873s] aco: pheromone_evaporation done, time: 819.873
[820.464s] aco: daemon_actions done, time: 820.464
[820.464s] aco: generation 683 start, time: 820.464
[820.620s] aco: compute_total_information done, time: 820.62
[820.951s] aco: ants_generation_and_activity done, time: 820.951
[820.955s] aco: pheromone_evaporation done, time: 820.955
[821.491s] aco: daemon_actions done, time: 821.491
[821.491s] aco: generation 684 start, time: 821.491
[821.648s] aco: compute_total_information done, time: 821.648
[821.992s] aco: ants_generation_and_activity done, time: 821.992
[821.995s] aco: pheromone_evaporation done, time: 821.995
[822.490s] aco: daemon_actions done, time: 822.49
[822.490s] aco: generation 685 start, time: 822.49
[822.663s] aco: compute_total_information done, time: 822.663
[823.108s] aco: ants_generation_and_activity done, time: 823.108
[823.110s] aco: pheromone_evaporation done, time: 823.11
[823.611s] aco: daemon_actions done, time: 823.611
[823.611s] aco: generation 686 start, time: 823.611
[823.766s] aco: compute_total_information done, time: 823.766
[824.102s] aco: ants_generation_and_activity done, time: 824.102
[824.106s] aco: pheromone_evaporation done, time: 824.106
[824.639s] aco: daemon_actions done, time: 824.639
[824.639s] aco: generation 687 start, time: 824.639
[824.801s] aco: compute_total_information done, time: 824.801
[825.225s] aco: ants_generation_and_activity done, time: 825.225
[825.228s] aco: pheromone_evaporation done, time: 825.228
[825.867s] aco: daemon_actions done, time: 825.867
[825.867s] aco: generation 688 start, time: 825.867
[826.038s] aco: compute_total_information done, time: 826.038
[826.350s] aco: ants_generation_and_activity done, time: 826.35
[826.353s] aco: pheromone_evaporation done, time: 826.353
[826.907s] aco: daemon_actions done, time: 826.907
[826.907s] aco: generation 689 start, time: 826.907
[827.075s] aco: compute_total_information done, time: 827.075
[827.420s] aco: ants_generation_and_activity done, time: 827.42
[827.424s] aco: pheromone_evaporation done, time: 827.424
[827.922s] aco: daemon_actions done, time: 827.922
[827.922s] aco: generation 690 start, time: 827.922
[828.085s] aco: compute_total_information done, time: 828.085
[828.422s] aco: ants_generation_and_activity done, time: 828.422
[828.425s] aco: pheromone_evaporation done, time: 828.425
[828.926s] aco: daemon_actions done, time: 828.926
[828.927s] aco: generation 691 start, time: 828.927
[829.095s] aco: compute_total_information done, time: 829.095
[829.442s] aco: ants_generation_and_activity done, time: 829.442
[829.444s] aco: pheromone_evaporation done, time: 829.444
[830.048s] aco: daemon_actions done, time: 830.048
[830.048s] aco: generation 692 start, time: 830.048
[830.224s] aco: compute_total_information done, time: 830.224
[830.742s] aco: ants_generation_and_activity done, time: 830.742
[830.746s] aco: pheromone_evaporation done, time: 830.746
[831.241s] aco: daemon_actions done, time: 831.241
[831.241s] aco: generation 693 start, time: 831.241
[831.390s] aco: compute_total_information done, time: 831.39
[831.724s] aco: ants_generation_and_activity done, time: 831.724
[831.728s] aco: pheromone_evaporation done, time: 831.728
[832.486s] aco: daemon_actions done, time: 832.486
[832.486s] aco: generation 694 start, time: 832.486
[832.680s] aco: compute_total_information done, time: 832.68
[833.049s] aco: ants_generation_and_activity done, time: 833.049
[833.052s] aco: pheromone_evaporation done, time: 833.052
[833.665s] aco: daemon_actions done, time: 833.665
[833.665s] aco: generation 695 start, time: 833.665
[833.854s] aco: compute_total_information done, time: 833.854
[834.349s] aco: ants_generation_and_activity done, time: 834.349
[834.353s] aco: pheromone_evaporation done, time: 834.353
[834.897s] aco: daemon_actions done, time: 834.897
[834.897s] aco: generation 696 start, time: 834.897
[835.044s] aco: compute_total_information done, time: 835.044
[835.407s] aco: ants_generation_and_activity done, time: 835.407
[835.410s] aco: pheromone_evaporation done, time: 835.41
[835.954s] aco: daemon_actions done, time: 835.954
[835.954s] aco: generation 697 start, time: 835.954
[836.134s] aco: compute_total_information done, time: 836.134
[836.485s] aco: ants_generation_and_activity done, time: 836.485
[836.486s] aco: pheromone_evaporation done, time: 836.486
[836.997s] aco: daemon_actions done, time: 836.997
[836.997s] aco: generation 698 start, time: 836.997
[837.157s] aco: compute_total_information done, time: 837.157
[837.623s] aco: ants_generation_and_activity done, time: 837.623
[837.626s] aco: pheromone_evaporation done, time: 837.626
[838.316s] aco: daemon_actions done, time: 838.316
[838.316s] aco: generation 699 start, time: 838.316
[838.486s] aco: compute_total_information done, time: 838.486
[838.843s] aco: ants_generation_and_activity done, time: 838.843
[838.846s] aco: pheromone_evaporation done, time: 838.846
[839.400s] aco: daemon_actions done, time: 839.4
[839.400s] aco: generation 700 start, time: 839.4
[839.623s] aco: compute_total_information done, time: 839.623
[840.058s] aco: ants_generation_and_activity done, time: 840.058
[840.062s] aco: pheromone_evaporation done, time: 840.062
[840.859s] aco: daemon_actions done, time: 840.859
[840.859s] aco: generation 701 start, time: 840.859
[841.085s] aco: compute_total_information done, time: 841.085
[841.544s] aco: ants_generation_and_activity done, time: 841.544
[841.548s] aco: pheromone_evaporation done, time: 841.548
[842.277s] aco: daemon_actions done, time: 842.277
[842.277s] aco: generation 702 start, time: 842.277
[842.526s] aco: compute_total_information done, time: 842.526
[842.996s] aco: ants_generation_and_activity done, time: 842.996
[842.999s] aco: pheromone_evaporation done, time: 842.999
[843.677s] aco: daemon_actions done, time: 843.677
[843.677s] aco: generation 703 start, time: 843.677
[843.877s] aco: compute_total_information done, time: 843.877
[844.275s] aco: ants_generation_and_activity done, time: 844.275
[844.278s] aco: pheromone_evaporation done, time: 844.278
[844.953s] aco: daemon_actions done, time: 844.953
[844.953s] aco: generation 704 start, time: 844.953
[845.139s] aco: compute_total_information done, time: 845.139
[845.562s] aco: ants_generation_and_activity done, time: 845.562
[845.565s] aco: pheromone_evaporation done, time: 845.565
[846.160s] aco: daemon_actions done, time: 846.16
[846.160s] aco: generation 705 start, time: 846.16
[846.306s] aco: compute_total_information done, time: 846.306
[846.620s] aco: ants_generation_and_activity done, time: 846.62
[846.624s] aco: pheromone_evaporation done, time: 846.624
[847.186s] aco: daemon_actions done, time: 847.186
[847.186s] aco: generation 706 start, time: 847.186
[847.363s] aco: compute_total_information done, time: 847.363
[847.707s] aco: ants_generation_and_activity done, time: 847.707
[847.709s] aco: pheromone_evaporation done, time: 847.709
[848.251s] aco: daemon_actions done, time: 848.251
[848.251s] aco: generation 707 start, time: 848.251
[848.450s] aco: compute_total_information done, time: 848.45
[848.897s] aco: ants_generation_and_activity done, time: 848.897
[848.901s] aco: pheromone_evaporation done, time: 848.901
[849.587s] aco: daemon_actions done, time: 849.587
[849.587s] aco: generation 708 start, time: 849.587
[849.788s] aco: compute_total_information done, time: 849.788
[850.140s] aco: ants_generation_and_activity done, time: 850.14
[850.144s] aco: pheromone_evaporation done, time: 850.144
[850.762s] aco: daemon_actions done, time: 850.762
[850.762s] aco: generation 709 start, time: 850.762
[850.919s] aco: compute_total_information done, time: 850.919
[851.295s] aco: ants_generation_and_activity done, time: 851.295
[851.299s] aco: pheromone_evaporation done, time: 851.299
[852.006s] aco: daemon_actions done, time: 852.006
[852.006s] aco: generation 710 start, time: 852.006
[852.145s] aco: compute_total_information done, time: 852.145
[852.463s] aco: ants_generation_and_activity done, time: 852.463
[852.467s] aco: pheromone_evaporation done, time: 852.467
[853.032s] aco: daemon_actions done, time: 853.032
[853.033s] aco: generation 711 start, time: 853.033
[853.175s] aco: compute_total_information done, time: 853.175
[853.523s] aco: ants_generation_and_activity done, time: 853.523
[853.526s] aco: pheromone_evaporation done, time: 853.526
[854.210s] aco: daemon_actions done, time: 854.21
[854.210s] aco: generation 712 start, time: 854.21
[854.379s] aco: compute_total_information done, time: 854.379
[854.682s] aco: ants_generation_and_activity done, time: 854.682
[854.686s] aco: pheromone_evaporation done, time: 854.686
[855.180s] aco: daemon_actions done, time: 855.18
[855.180s] aco: generation 713 start, time: 855.18
[855.352s] aco: compute_total_information done, time: 855.352
[855.685s] aco: ants_generation_and_activity done, time: 855.685
[855.688s] aco: pheromone_evaporation done, time: 855.688
[856.288s] aco: daemon_actions done, time: 856.288
[856.288s] aco: generation 714 start, time: 856.288
[856.441s] aco: compute_total_information done, time: 856.441
[856.739s] aco: ants_generation_and_activity done, time: 856.739
[856.742s] aco: pheromone_evaporation done, time: 856.742
[857.334s] aco: daemon_actions done, time: 857.334
[857.334s] aco: generation 715 start, time: 857.334
[857.629s] aco: compute_total_information done, time: 857.629
[858.129s] aco: ants_generation_and_activity done, time: 858.129
[858.133s] aco: pheromone_evaporation done, time: 858.133
[858.784s] aco: daemon_actions done, time: 858.784
[858.784s] aco: generation 716 start, time: 858.784
[858.938s] aco: compute_total_information done, time: 858.938
[859.274s] aco: ants_generation_and_activity done, time: 859.274
[859.276s] aco: pheromone_evaporation done, time: 859.276
[859.816s] aco: daemon_actions done, time: 859.816
[859.816s] aco: generation 717 start, time: 859.816
[859.993s] aco: compute_total_information done, time: 859.993
[860.373s] aco: ants_generation_and_activity done, time: 860.373
[860.376s] aco: pheromone_evaporation done, time: 860.376
[860.972s] aco: daemon_actions done, time: 860.972
[860.972s] aco: generation 718 start, time: 860.972
[861.120s] aco: compute_total_information done, time: 861.12
[861.421s] aco: ants_generation_and_activity done, time: 861.421
[861.424s] aco: pheromone_evaporation done, time: 861.424
[861.894s] aco: daemon_actions done, time: 861.894
[861.894s] aco: generation 719 start, time: 861.894
[862.036s] aco: compute_total_information done, time: 862.036
[862.349s] aco: ants_generation_and_activity done, time: 862.349
[862.353s] aco: pheromone_evaporation done, time: 862.353
[862.835s] aco: daemon_actions done, time: 862.835
[862.835s] aco: generation 720 start, time: 862.835
[862.973s] aco: compute_total_information done, time: 862.973
[863.268s] aco: ants_generation_and_activity done, time: 863.268
[863.272s] aco: pheromone_evaporation done, time: 863.272
[863.760s] aco: daemon_actions done, time: 863.76
[863.760s] aco: generation 721 start, time: 863.76
[863.906s] aco: compute_total_information done, time: 863.906
[864.210s] aco: ants_generation_and_activity done, time: 864.21
[864.214s] aco: pheromone_evaporation done, time: 864.214
[864.673s] aco: daemon_actions done, time: 864.673
[864.673s] aco: generation 722 start, time: 864.673
[864.863s] aco: compute_total_information done, time: 864.863
[865.160s] aco: ants_generation_and_activity done, time: 865.16
[865.161s] aco: pheromone_evaporation done, time: 865.161
[865.701s] aco: daemon_actions done, time: 865.701
[865.701s] aco: generation 723 start, time: 865.701
[865.870s] aco: compute_total_information done, time: 865.87
[866.209s] aco: ants_generation_and_activity done, time: 866.209
[866.212s] aco: pheromone_evaporation done, time: 866.212
[866.740s] aco: daemon_actions done, time: 866.74
[866.740s] aco: generation 724 start, time: 866.74
[866.880s] aco: compute_total_information done, time: 866.88
[867.168s] aco: ants_generation_and_activity done, time: 867.168
[867.172s] aco: pheromone_evaporation done, time: 867.172
[867.627s] aco: daemon_actions done, time: 867.627
[867.627s] aco: generation 725 start, time: 867.627
[867.767s] aco: compute_total_information done, time: 867.767
[868.071s] aco: ants_generation_and_activity done, time: 868.071
[868.074s] aco: pheromone_evaporation done, time: 868.074
[868.561s] aco: daemon_actions done, time: 868.561
[868.561s] aco: generation 726 start, time: 868.561
[868.716s] aco: compute_total_information done, time: 868.716
[869.007s] aco: ants_generation_and_activity done, time: 869.007
[869.010s] aco: pheromone_evaporation done, time: 869.01
[869.480s] aco: daemon_actions done, time: 869.48
[869.480s] aco: generation 727 start, time: 869.48
[869.624s] aco: compute_total_information done, time: 869.624
[869.919s] aco: ants_generation_and_activity done, time: 869.919
[869.923s] aco: pheromone_evaporation done, time: 869.923
[870.378s] aco: daemon_actions done, time: 870.378
[870.378s] aco: generation 728 start, time: 870.378
[870.529s] aco: compute_total_information done, time: 870.529
[870.832s] aco: ants_generation_and_activity done, time: 870.832
[870.836s] aco: pheromone_evaporation done, time: 870.836
[871.294s] aco: daemon_actions done, time: 871.294
[871.294s] aco: generation 729 start, time: 871.294
[871.432s] aco: compute_total_information done, time: 871.432
[871.778s] aco: ants_generation_and_activity done, time: 871.778
[871.782s] aco: pheromone_evaporation done, time: 871.782
[872.429s] aco: daemon_actions done, time: 872.429
[872.429s] aco: generation 730 start, time: 872.429
[872.627s] aco: compute_total_information done, time: 872.627
[872.992s] aco: ants_generation_and_activity done, time: 872.992
[872.995s] aco: pheromone_evaporation done, time: 872.995
[873.581s] aco: daemon_actions done, time: 873.581
[873.581s] aco: generation 731 start, time: 873.581
[873.757s] aco: compute_total_information done, time: 873.757
[874.157s] aco: ants_generation_and_activity done, time: 874.157
[874.161s] aco: pheromone_evaporation done, time: 874.161
[874.799s] aco: daemon_actions done, time: 874.799
[874.800s] aco: generation 732 start, time: 874.8
[874.978s] aco: compute_total_information done, time: 874.978
[875.334s] aco: ants_generation_and_activity done, time: 875.334
[875.337s] aco: pheromone_evaporation done, time: 875.337
[875.922s] aco: daemon_actions done, time: 875.922
[875.922s] aco: generation 733 start, time: 875.922
[876.100s] aco: compute_total_information done, time: 876.1
[876.531s] aco: ants_generation_and_activity done, time: 876.531
[876.534s] aco: pheromone_evaporation done, time: 876.534
[877.116s] aco: daemon_actions done, time: 877.116
[877.116s] aco: generation 734 start, time: 877.116
[877.268s] aco: compute_total_information done, time: 877.268
[877.567s] aco: ants_generation_and_activity done, time: 877.567
[877.569s] aco: pheromone_evaporation done, time: 877.569
[878.151s] aco: daemon_actions done, time: 878.151
[878.151s] aco: generation 735 start, time: 878.151
[878.331s] aco: compute_total_information done, time: 878.331
[878.664s] aco: ants_generation_and_activity done, time: 878.664
[878.668s] aco: pheromone_evaporation done, time: 878.668
[879.151s] aco: daemon_actions done, time: 879.151
[879.151s] aco: generation 736 start, time: 879.151
[879.294s] aco: compute_total_information done, time: 879.294
[879.603s] aco: ants_generation_and_activity done, time: 879.603
[879.604s] aco: pheromone_evaporation done, time: 879.604
[880.106s] aco: daemon_actions done, time: 880.106
[880.106s] aco: generation 737 start, time: 880.106
[880.241s] aco: compute_total_information done, time: 880.241
[880.531s] aco: ants_generation_and_activity done, time: 880.531
[880.534s] aco: pheromone_evaporation done, time: 880.534
[881.033s] aco: daemon_actions done, time: 881.033
[881.033s] aco: generation 738 start, time: 881.033
[881.174s] aco: compute_total_information done, time: 881.174
[881.472s] aco: ants_generation_and_activity done, time: 881.472
[881.476s] aco: pheromone_evaporation done, time: 881.476
[881.930s] aco: daemon_actions done, time: 881.93
[881.930s] aco: generation 739 start, time: 881.93
[882.071s] aco: compute_total_information done, time: 882.071
[882.354s] aco: ants_generation_and_activity done, time: 882.354
[882.358s] aco: pheromone_evaporation done, time: 882.358
[882.859s] aco: daemon_actions done, time: 882.859
[882.860s] aco: generation 740 start, time: 882.86
[883.037s] aco: compute_total_information done, time: 883.037
[883.348s] aco: ants_generation_and_activity done, time: 883.348
[883.352s] aco: pheromone_evaporation done, time: 883.352
[883.857s] aco: daemon_actions done, time: 883.857
[883.857s] aco: generation 741 start, time: 883.857
[884.006s] aco: compute_total_information done, time: 884.006
[884.321s] aco: ants_generation_and_activity done, time: 884.321
[884.324s] aco: pheromone_evaporation done, time: 884.324
[884.867s] aco: daemon_actions done, time: 884.867
[884.867s] aco: generation 742 start, time: 884.867
[885.033s] aco: compute_total_information done, time: 885.033
[885.366s] aco: ants_generation_and_activity done, time: 885.366
[885.368s] aco: pheromone_evaporation done, time: 885.367
[885.822s] aco: daemon_actions done, time: 885.822
[885.822s] aco: generation 743 start, time: 885.822
[885.962s] aco: compute_total_information done, time: 885.962
[886.262s] aco: ants_generation_and_activity done, time: 886.262
[886.266s] aco: pheromone_evaporation done, time: 886.266
[886.723s] aco: daemon_actions done, time: 886.723
[886.723s] aco: generation 744 start, time: 886.723
[886.862s] aco: compute_total_information done, time: 886.862
[887.188s] aco: ants_generation_and_activity done, time: 887.188
[887.192s] aco: pheromone_evaporation done, time: 887.192
[887.723s] aco: daemon_actions done, time: 887.723
[887.723s] aco: generation 745 start, time: 887.723
[887.864s] aco: compute_total_information done, time: 887.864
[888.169s] aco: ants_generation_and_activity done, time: 888.169
[888.170s] aco: pheromone_evaporation done, time: 888.17
[888.641s] aco: daemon_actions done, time: 888.641
[888.641s] aco: generation 746 start, time: 888.641
[888.816s] aco: compute_total_information done, time: 888.816
[889.162s] aco: ants_generation_and_activity done, time: 889.162
[889.166s] aco: pheromone_evaporation done, time: 889.166
[889.807s] aco: daemon_actions done, time: 889.807
[889.807s] aco: generation 747 start, time: 889.807
[889.982s] aco: compute_total_information done, time: 889.982
[890.361s] aco: ants_generation_and_activity done, time: 890.361
[890.364s] aco: pheromone_evaporation done, time: 890.364
[890.942s] aco: daemon_actions done, time: 890.942
[890.942s] aco: generation 748 start, time: 890.942
[891.120s] aco: compute_total_information done, time: 891.12
[891.610s] aco: ants_generation_and_activity done, time: 891.61
[891.614s] aco: pheromone_evaporation done, time: 891.614
[892.231s] aco: daemon_actions done, time: 892.231
[892.231s] aco: generation 749 start, time: 892.231
[892.481s] aco: compute_total_information done, time: 892.481
[892.879s] aco: ants_generation_and_activity done, time: 892.879
[892.883s] aco: pheromone_evaporation done, time: 892.883
[893.481s] aco: daemon_actions done, time: 893.481
[893.481s] aco: generation 750 start, time: 893.481
[893.657s] aco: compute_total_information done, time: 893.657
[894.033s] aco: ants_generation_and_activity done, time: 894.033
[894.035s] aco: pheromone_evaporation done, time: 894.035
[894.509s] aco: daemon_actions done, time: 894.509
[894.509s] aco: generation 751 start, time: 894.509
[894.645s] aco: compute_total_information done, time: 894.645
[894.955s] aco: ants_generation_and_activity done, time: 894.955
[894.959s] aco: pheromone_evaporation done, time: 894.959
[895.470s] aco: daemon_actions done, time: 895.47
[895.470s] aco: generation 752 start, time: 895.47
[895.611s] aco: compute_total_information done, time: 895.611
[895.904s] aco: ants_generation_and_activity done, time: 895.904
[895.908s] aco: pheromone_evaporation done, time: 895.908
[896.375s] aco: daemon_actions done, time: 896.375
[896.375s] aco: generation 753 start, time: 896.375
[896.524s] aco: compute_total_information done, time: 896.524
[896.815s] aco: ants_generation_and_activity done, time: 896.815
[896.819s] aco: pheromone_evaporation done, time: 896.819
[897.335s] aco: daemon_actions done, time: 897.335
[897.335s] aco: generation 754 start, time: 897.335
[897.539s] aco: compute_total_information done, time: 897.539
[897.874s] aco: ants_generation_and_activity done, time: 897.874
[897.878s] aco: pheromone_evaporation done, time: 897.878
[898.383s] aco: daemon_actions done, time: 898.383
[898.383s] aco: generation 755 start, time: 898.383
[898.534s] aco: compute_total_information done, time: 898.534
[898.962s] aco: ants_generation_and_activity done, time: 898.962
[898.963s] aco: pheromone_evaporation done, time: 898.963
[899.516s] aco: daemon_actions done, time: 899.516
[899.516s] aco: generation 756 start, time: 899.516
[899.688s] aco: compute_total_information done, time: 899.688
[900.008s] aco: ants_generation_and_activity done, time: 900.008
[900.010s] aco: pheromone_evaporation done, time: 900.01
[900.529s] aco: daemon_actions done, time: 900.529
[900.529s] aco: generation 757 start, time: 900.529
[900.674s] aco: compute_total_information done, time: 900.674
[901.019s] aco: ants_generation_and_activity done, time: 901.019
[901.023s] aco: pheromone_evaporation done, time: 901.023
[901.483s] aco: daemon_actions done, time: 901.483
[901.483s] aco: generation 758 start, time: 901.483
[901.620s] aco: compute_total_information done, time: 901.62
[901.954s] aco: ants_generation_and_activity done, time: 901.954
[901.958s] aco: pheromone_evaporation done, time: 901.958
[902.458s] aco: daemon_actions done, time: 902.458
[902.458s] aco: generation 759 start, time: 902.458
[902.602s] aco: compute_total_information done, time: 902.602
[902.888s] aco: ants_generation_and_activity done, time: 902.888
[902.892s] aco: pheromone_evaporation done, time: 902.892
[903.369s] aco: daemon_actions done, time: 903.369
[903.369s] aco: generation 760 start, time: 903.369
[903.547s] aco: compute_total_information done, time: 903.547
[903.955s] aco: ants_generation_and_activity done, time: 903.955
[903.958s] aco: pheromone_evaporation done, time: 903.958
[904.440s] aco: daemon_actions done, time: 904.44
[904.440s] aco: generation 761 start, time: 904.44
[904.591s] aco: compute_total_information done, time: 904.591
[904.896s] aco: ants_generation_and_activity done, time: 904.896
[904.898s] aco: pheromone_evaporation done, time: 904.898
[905.386s] aco: daemon_actions done, time: 905.386
[905.386s] aco: generation 762 start, time: 905.386
[905.538s] aco: compute_total_information done, time: 905.538
[905.838s] aco: ants_generation_and_activity done, time: 905.838
[905.842s] aco: pheromone_evaporation done, time: 905.842
[906.377s] aco: daemon_actions done, time: 906.377
[906.377s] aco: generation 763 start, time: 906.377
[906.518s] aco: compute_total_information done, time: 906.518
[906.874s] aco: ants_generation_and_activity done, time: 906.874
[906.876s] aco: pheromone_evaporation done, time: 906.876
[907.417s] aco: daemon_actions done, time: 907.417
[907.417s] aco: generation 764 start, time: 907.417
[907.569s] aco: compute_total_information done, time: 907.569
[907.876s] aco: ants_generation_and_activity done, time: 907.876
[907.879s] aco: pheromone_evaporation done, time: 907.879
[908.359s] aco: daemon_actions done, time: 908.359
[908.359s] aco: generation 765 start, time: 908.359
[908.505s] aco: compute_total_information done, time: 908.505
[908.867s] aco: ants_generation_and_activity done, time: 908.867
[908.869s] aco: pheromone_evaporation done, time: 908.869
[909.333s] aco: daemon_actions done, time: 909.333
[909.333s] aco: generation 766 start, time: 909.333
[909.472s] aco: compute_total_information done, time: 909.472
[909.780s] aco: ants_generation_and_activity done, time: 909.78
[909.784s] aco: pheromone_evaporation done, time: 909.784
[910.293s] aco: daemon_actions done, time: 910.293
[910.293s] aco: generation 767 start, time: 910.293
[910.430s] aco: compute_total_information done, time: 910.43
[910.727s] aco: ants_generation_and_activity done, time: 910.727
[910.728s] aco: pheromone_evaporation done, time: 910.728
[911.189s] aco: daemon_actions done, time: 911.189
[911.190s] aco: generation 768 start, time: 911.19
[911.328s] aco: compute_total_information done, time: 911.328
[911.614s] aco: ants_generation_and_activity done, time: 911.614
[911.617s] aco: pheromone_evaporation done, time: 911.617
[912.071s] aco: daemon_actions done, time: 912.071
[912.071s] aco: generation 769 start, time: 912.071
[912.212s] aco: compute_total_information done, time: 912.212
[912.515s] aco: ants_generation_and_activity done, time: 912.515
[912.517s] aco: pheromone_evaporation done, time: 912.517
[912.996s] aco: daemon_actions done, time: 912.996
[912.996s] aco: generation 770 start, time: 912.996
[913.130s] aco: compute_total_information done, time: 913.13
[913.422s] aco: ants_generation_and_activity done, time: 913.422
[913.426s] aco: pheromone_evaporation done, time: 913.426
[913.962s] aco: daemon_actions done, time: 913.962
[913.962s] aco: generation 771 start, time: 913.962
[914.123s] aco: compute_total_information done, time: 914.123
[914.413s] aco: ants_generation_and_activity done, time: 914.413
[914.416s] aco: pheromone_evaporation done, time: 914.416
[914.860s] aco: daemon_actions done, time: 914.86
[914.860s] aco: generation 772 start, time: 914.86
[915.004s] aco: compute_total_information done, time: 915.004
[915.302s] aco: ants_generation_and_activity done, time: 915.302
[915.306s] aco: pheromone_evaporation done, time: 915.306
[915.761s] aco: daemon_actions done, time: 915.761
[915.762s] aco: generation 773 start, time: 915.762
[915.899s] aco: compute_total_information done, time: 915.899
[916.203s] aco: ants_generation_and_activity done, time: 916.203
[916.206s] aco: pheromone_evaporation done, time: 916.206
[916.664s] aco: daemon_actions done, time: 916.664
[916.664s] aco: generation 774 start, time: 916.664
[916.799s] aco: compute_total_information done, time: 916.799
[917.097s] aco: ants_generation_and_activity done, time: 917.097
[917.100s] aco: pheromone_evaporation done, time: 917.1
[917.560s] aco: daemon_actions done, time: 917.56
[917.561s] aco: generation 775 start, time: 917.561
[917.752s] aco: compute_total_information done, time: 917.752
[918.054s] aco: ants_generation_and_activity done, time: 918.054
[918.055s] aco: pheromone_evaporation done, time: 918.055
[918.519s] aco: daemon_actions done, time: 918.519
[918.519s] aco: generation 776 start, time: 918.519
[918.670s] aco: compute_total_information done, time: 918.67
[919.004s] aco: ants_generation_and_activity done, time: 919.004
[919.008s] aco: pheromone_evaporation done, time: 919.008
[919.501s] aco: daemon_actions done, time: 919.501
[919.501s] aco: generation 777 start, time: 919.501
[919.644s] aco: compute_total_information done, time: 919.644
[919.940s] aco: ants_generation_and_activity done, time: 919.94
[919.944s] aco: pheromone_evaporation done, time: 919.944
[920.395s] aco: daemon_actions done, time: 920.395
[920.395s] aco: generation 778 start, time: 920.395
[920.533s] aco: compute_total_information done, time: 920.533
[921.071s] aco: ants_generation_and_activity done, time: 921.071
[921.076s] aco: pheromone_evaporation done, time: 921.076
[921.584s] aco: daemon_actions done, time: 921.584
[921.584s] aco: generation 779 start, time: 921.584
[921.721s] aco: compute_total_information done, time: 921.721
[922.004s] aco: ants_generation_and_activity done, time: 922.004
[922.007s] aco: pheromone_evaporation done, time: 922.007
[922.499s] aco: daemon_actions done, time: 922.499
[922.499s] aco: generation 780 start, time: 922.499
[922.646s] aco: compute_total_information done, time: 922.646
[922.935s] aco: ants_generation_and_activity done, time: 922.935
[922.939s] aco: pheromone_evaporation done, time: 922.939
[923.416s] aco: daemon_actions done, time: 923.416
[923.416s] aco: generation 781 start, time: 923.416
[923.559s] aco: compute_total_information done, time: 923.559
[923.928s] aco: ants_generation_and_activity done, time: 923.928
[923.932s] aco: pheromone_evaporation done, time: 923.932
[924.391s] aco: daemon_actions done, time: 924.391
[924.391s] aco: generation 782 start, time: 924.391
[924.529s] aco: compute_total_information done, time: 924.529
[924.823s] aco: ants_generation_and_activity done, time: 924.823
[924.827s] aco: pheromone_evaporation done, time: 924.827
[925.432s] aco: daemon_actions done, time: 925.432
[925.432s] aco: generation 783 start, time: 925.432
[925.586s] aco: compute_total_information done, time: 925.586
[925.962s] aco: ants_generation_and_activity done, time: 925.962
[925.966s] aco: pheromone_evaporation done, time: 925.966
[926.534s] aco: daemon_actions done, time: 926.534
[926.535s] aco: generation 784 start, time: 926.535
[926.702s] aco: compute_total_information done, time: 926.702
[927.108s] aco: ants_generation_and_activity done, time: 927.108
[927.111s] aco: pheromone_evaporation done, time: 927.111
[927.611s] aco: daemon_actions done, time: 927.611
[927.611s] aco: generation 785 start, time: 927.611
[927.755s] aco: compute_total_information done, time: 927.755
[928.130s] aco: ants_generation_and_activity done, time: 928.13
[928.133s] aco: pheromone_evaporation done, time: 928.133
[929.249s] aco: daemon_actions done, time: 929.249
[929.249s] aco: generation 786 start, time: 929.249
[929.603s] aco: compute_total_information done, time: 929.603
[929.990s] aco: ants_generation_and_activity done, time: 929.99
[929.992s] aco: pheromone_evaporation done, time: 929.992
[930.596s] aco: daemon_actions done, time: 930.596
[930.597s] aco: generation 787 start, time: 930.597
[930.795s] aco: compute_total_information done, time: 930.795
[931.213s] aco: ants_generation_and_activity done, time: 931.213
[931.217s] aco: pheromone_evaporation done, time: 931.217
[932.009s] aco: daemon_actions done, time: 932.009
[932.010s] aco: generation 788 start, time: 932.01
[932.228s] aco: compute_total_information done, time: 932.228
[932.628s] aco: ants_generation_and_activity done, time: 932.628
[932.630s] aco: pheromone_evaporation done, time: 932.63
[933.476s] aco: daemon_actions done, time: 933.476
[933.476s] aco: generation 789 start, time: 933.476
[933.711s] aco: compute_total_information done, time: 933.711
[934.196s] aco: ants_generation_and_activity done, time: 934.196
[934.198s] aco: pheromone_evaporation done, time: 934.198
[934.881s] aco: daemon_actions done, time: 934.881
[934.881s] aco: generation 790 start, time: 934.881
[935.131s] aco: compute_total_information done, time: 935.131
[935.588s] aco: ants_generation_and_activity done, time: 935.588
[935.592s] aco: pheromone_evaporation done, time: 935.592
[936.304s] aco: daemon_actions done, time: 936.304
[936.305s] aco: generation 791 start, time: 936.305
[936.487s] aco: compute_total_information done, time: 936.487
[937.099s] aco: ants_generation_and_activity done, time: 937.099
[937.101s] aco: pheromone_evaporation done, time: 937.101
[938.053s] aco: daemon_actions done, time: 938.053
[938.053s] aco: generation 792 start, time: 938.053
[938.237s] aco: compute_total_information done, time: 938.237
[938.749s] aco: ants_generation_and_activity done, time: 938.749
[938.755s] aco: pheromone_evaporation done, time: 938.755
[939.319s] aco: daemon_actions done, time: 939.319
[939.319s] aco: generation 793 start, time: 939.319
[939.469s] aco: compute_total_information done, time: 939.469
[939.800s] aco: ants_generation_and_activity done, time: 939.8
[939.805s] aco: pheromone_evaporation done, time: 939.805
[940.364s] aco: daemon_actions done, time: 940.364
[940.365s] aco: generation 794 start, time: 940.365
[940.583s] aco: compute_total_information done, time: 940.583
[940.960s] aco: ants_generation_and_activity done, time: 940.959
[940.961s] aco: pheromone_evaporation done, time: 940.961
[941.646s] aco: daemon_actions done, time: 941.646
[941.646s] aco: generation 795 start, time: 941.646
[941.893s] aco: compute_total_information done, time: 941.893
[942.289s] aco: ants_generation_and_activity done, time: 942.289
[942.293s] aco: pheromone_evaporation done, time: 942.293
[942.820s] aco: daemon_actions done, time: 942.82
[942.820s] aco: generation 796 start, time: 942.82
[942.976s] aco: compute_total_information done, time: 942.976
[943.301s] aco: ants_generation_and_activity done, time: 943.301
[943.305s] aco: pheromone_evaporation done, time: 943.305
[943.800s] aco: daemon_actions done, time: 943.8
[943.801s] aco: generation 797 start, time: 943.801
[943.952s] aco: compute_total_information done, time: 943.952
[944.383s] aco: ants_generation_and_activity done, time: 944.383
[944.386s] aco: pheromone_evaporation done, time: 944.386
[945.006s] aco: daemon_actions done, time: 945.006
[945.006s] aco: generation 798 start, time: 945.006
[945.174s] aco: compute_total_information done, time: 945.174
[945.493s] aco: ants_generation_and_activity done, time: 945.493
[945.497s] aco: pheromone_evaporation done, time: 945.497
[946.009s] aco: daemon_actions done, time: 946.009
[946.009s] aco: generation 799 start, time: 946.009
[946.172s] aco: compute_total_information done, time: 946.172
[946.507s] aco: ants_generation_and_activity done, time: 946.507
[946.509s] aco: pheromone_evaporation done, time: 946.509
[947.074s] aco: daemon_actions done, time: 947.074
[947.074s] aco: generation 800 start, time: 947.074
[947.235s] aco: compute_total_information done, time: 947.235
[947.552s] aco: ants_generation_and_activity done, time: 947.552
[947.557s] aco: pheromone_evaporation done, time: 947.557
[948.116s] aco: daemon_actions done, time: 948.116
[948.116s] aco: generation 801 start, time: 948.116
[948.285s] aco: compute_total_information done, time: 948.285
[948.604s] aco: ants_generation_and_activity done, time: 948.604
[948.608s] aco: pheromone_evaporation done, time: 948.608
[949.123s] aco: daemon_actions done, time: 949.123
[949.123s] aco: generation 802 start, time: 949.123
[949.279s] aco: compute_total_information done, time: 949.279
[949.608s] aco: ants_generation_and_activity done, time: 949.608
[949.612s] aco: pheromone_evaporation done, time: 949.612
[950.114s] aco: daemon_actions done, time: 950.114
[950.114s] aco: stopping after 803 generations
[950.114s] main: starting Ultimate Tour Optimization
[957.256s] uto: new global improvement loop, time: 957.256
[984.153s] uto: new global improvement loop, time: 984.153
