[0.001s] Log started
[0.001s] main: parameter validation passed
[0.001s] thopproblem: loading data from ..\..\instances\dsj1000-thop\dsj1000_10_usw_10_03.thop
[0.064s] thopproblem: read header -> cities=1000, items=9980, capacity=9122564, maxTime=3.37538e+007
[0.065s] thopproblem: loaded 1000 nodes and 9980 items
[0.065s] thopproblem: Node 0 -> id: 0 x: 981036 y: 508139
[0.066s] thopproblem: Node 999 -> id: 999 x: 471287 y: 119659
[0.066s] main: input loaded (1000 cities, 9980 items)
[0.067s] packing: initializing packing structures
[0.067s] packing: nCities=1000, nItems=9980, capacity=9122564, minSpeed=0.1, maxSpeed=1
[0.068s] packing: initialized city map and item buckets
[0.068s] main: PackingPlan initialized
[0.069s] aco: initializing ACO solver
[0.102s] aco: initialized 1000 components and 50 ants
[0.102s] main: AntColonyOptimization initialized
[0.000s] aco: generation 0 start, time: 0
[0.720s] aco: compute_total_information done, time: 0.719592
[1.275s] aco: ants_generation_and_activity done, time: 1.27455
[1.278s] aco: pheromone_evaporation done, time: 1.27758
[1.944s] aco: new best solution found with cost 4.0511e+006 and 1000 components
[1.950s] aco: daemon_actions done, time: 1.95003
[1.950s] aco: generation 1 start, time: 1.95003
[2.333s] aco: compute_total_information done, time: 2.33325
[2.860s] aco: ants_generation_and_activity done, time: 2.86022
[2.862s] aco: pheromone_evaporation done, time: 2.86221
[3.729s] aco: new best solution found with cost 4.08408e+006 and 1000 components
[3.734s] aco: daemon_actions done, time: 3.73385
[3.734s] aco: generation 2 start, time: 3.73385
[4.188s] aco: compute_total_information done, time: 4.188
[4.964s] aco: ants_generation_and_activity done, time: 4.9641
[4.969s] aco: pheromone_evaporation done, time: 4.96913
[5.632s] aco: daemon_actions done, time: 5.6322
[5.633s] aco: generation 3 start, time: 5.63319
[5.917s] aco: compute_total_information done, time: 5.91674
[6.337s] aco: ants_generation_and_activity done, time: 6.33737
[6.341s] aco: pheromone_evaporation done, time: 6.34137
[6.827s] aco: new best solution found with cost 4.12511e+006 and 1000 components
[6.831s] aco: daemon_actions done, time: 6.83074
[6.831s] aco: generation 4 start, time: 6.83074
[7.128s] aco: compute_total_information done, time: 7.12756
[7.724s] aco: ants_generation_and_activity done, time: 7.72402
[7.728s] aco: pheromone_evaporation done, time: 7.72807
[8.345s] aco: new best solution found with cost 4.13513e+006 and 1000 components
[8.349s] aco: daemon_actions done, time: 8.3487
[8.349s] aco: generation 5 start, time: 8.3487
[8.642s] aco: compute_total_information done, time: 8.64152
[9.059s] aco: ants_generation_and_activity done, time: 9.05914
[9.062s] aco: pheromone_evaporation done, time: 9.06215
[9.624s] aco: new best solution found with cost 4.26304e+006 and 1000 components
[9.627s] aco: daemon_actions done, time: 9.62749
[9.627s] aco: generation 6 start, time: 9.62749
[10.052s] aco: compute_total_information done, time: 10.0524
[10.541s] aco: ants_generation_and_activity done, time: 10.5408
[10.545s] aco: pheromone_evaporation done, time: 10.5453
[11.214s] aco: daemon_actions done, time: 11.2145
[11.214s] aco: generation 7 start, time: 11.2145
[11.562s] aco: compute_total_information done, time: 11.5624
[12.239s] aco: ants_generation_and_activity done, time: 12.2394
[12.245s] aco: pheromone_evaporation done, time: 12.245
[13.012s] aco: new best solution found with cost 4.41746e+006 and 1000 components
[13.015s] aco: daemon_actions done, time: 13.0153
[13.015s] aco: generation 8 start, time: 13.0153
[13.457s] aco: compute_total_information done, time: 13.4566
[13.944s] aco: ants_generation_and_activity done, time: 13.9442
[13.945s] aco: pheromone_evaporation done, time: 13.9452
[14.465s] aco: daemon_actions done, time: 14.4647
[14.465s] aco: generation 9 start, time: 14.4647
[14.802s] aco: compute_total_information done, time: 14.8021
[15.250s] aco: ants_generation_and_activity done, time: 15.2502
[15.252s] aco: pheromone_evaporation done, time: 15.2522
[15.758s] aco: daemon_actions done, time: 15.758
[15.758s] aco: generation 10 start, time: 15.758
[16.063s] aco: compute_total_information done, time: 16.0631
[16.456s] aco: ants_generation_and_activity done, time: 16.4561
[16.460s] aco: pheromone_evaporation done, time: 16.4601
[16.964s] aco: daemon_actions done, time: 16.9638
[16.965s] aco: generation 11 start, time: 16.9648
[17.279s] aco: compute_total_information done, time: 17.2793
[17.657s] aco: ants_generation_and_activity done, time: 17.6573
[17.661s] aco: pheromone_evaporation done, time: 17.6613
[18.181s] aco: daemon_actions done, time: 18.1814
[18.181s] aco: generation 12 start, time: 18.1814
[18.523s] aco: compute_total_information done, time: 18.523
[18.946s] aco: ants_generation_and_activity done, time: 18.946
[18.949s] aco: pheromone_evaporation done, time: 18.949
[19.490s] aco: new best solution found with cost 4.47361e+006 and 1000 components
[19.495s] aco: daemon_actions done, time: 19.4947
[19.495s] aco: generation 13 start, time: 19.4947
[19.785s] aco: compute_total_information done, time: 19.7853
[20.195s] aco: ants_generation_and_activity done, time: 20.195
[20.199s] aco: pheromone_evaporation done, time: 20.199
[20.684s] aco: daemon_actions done, time: 20.684
[20.684s] aco: generation 14 start, time: 20.684
[20.970s] aco: compute_total_information done, time: 20.9703
[21.398s] aco: ants_generation_and_activity done, time: 21.3979
[21.401s] aco: pheromone_evaporation done, time: 21.401
[21.930s] aco: daemon_actions done, time: 21.93
[21.930s] aco: generation 15 start, time: 21.93
[22.227s] aco: compute_total_information done, time: 22.227
[22.671s] aco: ants_generation_and_activity done, time: 22.671
[22.675s] aco: pheromone_evaporation done, time: 22.6755
[23.233s] aco: daemon_actions done, time: 23.2328
[23.233s] aco: generation 16 start, time: 23.2328
[23.507s] aco: compute_total_information done, time: 23.5074
[23.891s] aco: ants_generation_and_activity done, time: 23.891
[23.895s] aco: pheromone_evaporation done, time: 23.8951
[24.375s] aco: daemon_actions done, time: 24.3746
[24.375s] aco: generation 17 start, time: 24.3746
[24.647s] aco: compute_total_information done, time: 24.6467
[25.037s] aco: ants_generation_and_activity done, time: 25.0369
[25.041s] aco: pheromone_evaporation done, time: 25.0409
[25.538s] aco: daemon_actions done, time: 25.5379
[25.538s] aco: generation 18 start, time: 25.5379
[25.822s] aco: compute_total_information done, time: 25.8223
[26.246s] aco: ants_generation_and_activity done, time: 26.2459
[26.249s] aco: pheromone_evaporation done, time: 26.2488
[26.787s] aco: daemon_actions done, time: 26.787
[26.787s] aco: generation 19 start, time: 26.787
[27.067s] aco: compute_total_information done, time: 27.0672
[27.458s] aco: ants_generation_and_activity done, time: 27.4577
[27.461s] aco: pheromone_evaporation done, time: 27.4607
[27.971s] aco: new best solution found with cost 4.49462e+006 and 1000 components
[27.976s] aco: daemon_actions done, time: 27.9757
[27.976s] aco: generation 20 start, time: 27.9757
[28.269s] aco: compute_total_information done, time: 28.2689
[28.640s] aco: ants_generation_and_activity done, time: 28.6395
[28.643s] aco: pheromone_evaporation done, time: 28.6425
[29.126s] aco: daemon_actions done, time: 29.1265
[29.126s] aco: generation 21 start, time: 29.1265
[29.443s] aco: compute_total_information done, time: 29.4431
[29.879s] aco: ants_generation_and_activity done, time: 29.8795
[29.882s] aco: pheromone_evaporation done, time: 29.8824
[30.409s] aco: daemon_actions done, time: 30.4088
[30.409s] aco: generation 22 start, time: 30.4088
[30.690s] aco: compute_total_information done, time: 30.6903
[31.069s] aco: ants_generation_and_activity done, time: 31.0689
[31.072s] aco: pheromone_evaporation done, time: 31.0719
[31.601s] aco: daemon_actions done, time: 31.6008
[31.601s] aco: generation 23 start, time: 31.6008
[31.894s] aco: compute_total_information done, time: 31.894
[32.262s] aco: ants_generation_and_activity done, time: 32.2623
[32.266s] aco: pheromone_evaporation done, time: 32.2658
[32.746s] aco: new best solution found with cost 4.53654e+006 and 1000 components
[32.751s] aco: daemon_actions done, time: 32.7515
[32.751s] aco: generation 24 start, time: 32.7515
[33.023s] aco: compute_total_information done, time: 33.023
[33.450s] aco: ants_generation_and_activity done, time: 33.4495
[33.454s] aco: pheromone_evaporation done, time: 33.454
[33.983s] aco: daemon_actions done, time: 33.9825
[33.983s] aco: generation 25 start, time: 33.9825
[34.261s] aco: compute_total_information done, time: 34.2604
[34.627s] aco: ants_generation_and_activity done, time: 34.6273
[34.631s] aco: pheromone_evaporation done, time: 34.6313
[35.147s] aco: daemon_actions done, time: 35.1471
[35.148s] aco: generation 26 start, time: 35.1481
[35.445s] aco: compute_total_information done, time: 35.4451
[35.811s] aco: ants_generation_and_activity done, time: 35.8106
[35.812s] aco: pheromone_evaporation done, time: 35.8116
[36.314s] aco: daemon_actions done, time: 36.3138
[36.315s] aco: generation 27 start, time: 36.3153
[36.587s] aco: compute_total_information done, time: 36.5868
[36.930s] aco: ants_generation_and_activity done, time: 36.9302
[36.934s] aco: pheromone_evaporation done, time: 36.9337
[37.473s] aco: daemon_actions done, time: 37.4731
[37.473s] aco: generation 28 start, time: 37.4731
[37.772s] aco: compute_total_information done, time: 37.7725
[38.123s] aco: ants_generation_and_activity done, time: 38.1226
[38.127s] aco: pheromone_evaporation done, time: 38.1271
[38.594s] aco: new best solution found with cost 4.57403e+006 and 1000 components
[38.598s] aco: daemon_actions done, time: 38.5982
[38.598s] aco: generation 29 start, time: 38.5982
[38.878s] aco: compute_total_information done, time: 38.8776
[39.256s] aco: ants_generation_and_activity done, time: 39.2557
[39.259s] aco: pheromone_evaporation done, time: 39.2587
[39.776s] aco: daemon_actions done, time: 39.7762
[39.776s] aco: generation 30 start, time: 39.7762
[40.042s] aco: compute_total_information done, time: 40.0419
[40.407s] aco: ants_generation_and_activity done, time: 40.4073
[40.410s] aco: pheromone_evaporation done, time: 40.4103
[40.954s] aco: daemon_actions done, time: 40.9538
[40.954s] aco: generation 31 start, time: 40.9538
[41.218s] aco: compute_total_information done, time: 41.2179
[41.578s] aco: ants_generation_and_activity done, time: 41.5784
[41.581s] aco: pheromone_evaporation done, time: 41.5814
[42.101s] aco: daemon_actions done, time: 42.1008
[42.102s] aco: generation 32 start, time: 42.1018
[42.405s] aco: compute_total_information done, time: 42.405
[42.782s] aco: ants_generation_and_activity done, time: 42.7819
[42.784s] aco: pheromone_evaporation done, time: 42.7844
[43.528s] aco: daemon_actions done, time: 43.5283
[43.528s] aco: generation 33 start, time: 43.5283
[43.917s] aco: compute_total_information done, time: 43.9168
[44.397s] aco: ants_generation_and_activity done, time: 44.397
[44.401s] aco: pheromone_evaporation done, time: 44.401
[44.995s] aco: new best solution found with cost 4.57542e+006 and 1000 components
[45.000s] aco: daemon_actions done, time: 45.0005
[45.000s] aco: generation 34 start, time: 45.0005
[45.272s] aco: compute_total_information done, time: 45.2724
[45.631s] aco: ants_generation_and_activity done, time: 45.6307
[45.633s] aco: pheromone_evaporation done, time: 45.6317
[46.142s] aco: daemon_actions done, time: 46.1418
[46.142s] aco: generation 35 start, time: 46.1418
[46.407s] aco: compute_total_information done, time: 46.4069
[46.775s] aco: ants_generation_and_activity done, time: 46.775
[46.778s] aco: pheromone_evaporation done, time: 46.778
[47.261s] aco: daemon_actions done, time: 47.261
[47.261s] aco: generation 36 start, time: 47.261
[47.524s] aco: compute_total_information done, time: 47.5242
[47.933s] aco: ants_generation_and_activity done, time: 47.9326
[47.935s] aco: pheromone_evaporation done, time: 47.9351
[48.426s] aco: daemon_actions done, time: 48.4263
[48.426s] aco: generation 37 start, time: 48.4263
[48.691s] aco: compute_total_information done, time: 48.6908
[49.058s] aco: ants_generation_and_activity done, time: 49.0576
[49.062s] aco: pheromone_evaporation done, time: 49.0616
[49.553s] aco: daemon_actions done, time: 49.5531
[49.553s] aco: generation 38 start, time: 49.5531
[49.834s] aco: compute_total_information done, time: 49.8337
[50.202s] aco: ants_generation_and_activity done, time: 50.2024
[50.206s] aco: pheromone_evaporation done, time: 50.2064
[50.741s] aco: daemon_actions done, time: 50.7408
[50.741s] aco: generation 39 start, time: 50.7408
[51.021s] aco: compute_total_information done, time: 51.0212
[51.449s] aco: ants_generation_and_activity done, time: 51.4485
[51.453s] aco: pheromone_evaporation done, time: 51.4525
[51.952s] aco: daemon_actions done, time: 51.9518
[51.952s] aco: generation 40 start, time: 51.9518
[52.232s] aco: compute_total_information done, time: 52.2318
[52.600s] aco: ants_generation_and_activity done, time: 52.6002
[52.602s] aco: pheromone_evaporation done, time: 52.6022
[53.107s] aco: daemon_actions done, time: 53.1069
[53.107s] aco: generation 41 start, time: 53.1069
[53.393s] aco: compute_total_information done, time: 53.3928
[53.771s] aco: ants_generation_and_activity done, time: 53.7707
[53.774s] aco: pheromone_evaporation done, time: 53.7742
[54.315s] aco: daemon_actions done, time: 54.3149
[54.315s] aco: generation 42 start, time: 54.3149
[54.596s] aco: compute_total_information done, time: 54.5962
[54.963s] aco: ants_generation_and_activity done, time: 54.9626
[54.966s] aco: pheromone_evaporation done, time: 54.9657
[55.526s] aco: daemon_actions done, time: 55.5255
[55.526s] aco: generation 43 start, time: 55.5255
[55.810s] aco: compute_total_information done, time: 55.8096
[56.175s] aco: ants_generation_and_activity done, time: 56.1752
[56.177s] aco: pheromone_evaporation done, time: 56.1772
[56.700s] aco: new best solution found with cost 4.58035e+006 and 1000 components
[56.705s] aco: daemon_actions done, time: 56.7048
[56.705s] aco: generation 44 start, time: 56.7048
[56.986s] aco: compute_total_information done, time: 56.9862
[57.426s] aco: ants_generation_and_activity done, time: 57.4262
[57.429s] aco: pheromone_evaporation done, time: 57.4292
[57.965s] aco: daemon_actions done, time: 57.9653
[57.965s] aco: generation 45 start, time: 57.9653
[58.258s] aco: compute_total_information done, time: 58.2581
[58.724s] aco: ants_generation_and_activity done, time: 58.7238
[58.727s] aco: pheromone_evaporation done, time: 58.7273
[59.282s] aco: daemon_actions done, time: 59.2817
[59.282s] aco: generation 46 start, time: 59.2817
[59.556s] aco: compute_total_information done, time: 59.5558
[59.910s] aco: ants_generation_and_activity done, time: 59.9101
[59.914s] aco: pheromone_evaporation done, time: 59.9136
[60.404s] aco: daemon_actions done, time: 60.4039
[60.404s] aco: generation 47 start, time: 60.4039
[60.692s] aco: compute_total_information done, time: 60.692
[61.076s] aco: ants_generation_and_activity done, time: 61.0758
[61.080s] aco: pheromone_evaporation done, time: 61.0798
[61.580s] aco: daemon_actions done, time: 61.5796
[61.581s] aco: generation 48 start, time: 61.5806
[61.887s] aco: compute_total_information done, time: 61.8868
[62.246s] aco: ants_generation_and_activity done, time: 62.246
[62.249s] aco: pheromone_evaporation done, time: 62.249
[62.806s] aco: new best solution found with cost 4.59094e+006 and 1000 components
[62.810s] aco: daemon_actions done, time: 62.8096
[62.810s] aco: generation 49 start, time: 62.8096
[63.089s] aco: compute_total_information done, time: 63.0888
[63.476s] aco: ants_generation_and_activity done, time: 63.4757
[63.480s] aco: pheromone_evaporation done, time: 63.4797
[64.025s] aco: daemon_actions done, time: 64.0253
[64.026s] aco: generation 50 start, time: 64.0263
[64.345s] aco: compute_total_information done, time: 64.3454
[64.742s] aco: ants_generation_and_activity done, time: 64.7417
[64.746s] aco: pheromone_evaporation done, time: 64.7461
[65.291s] aco: daemon_actions done, time: 65.2909
[65.292s] aco: generation 51 start, time: 65.2919
[65.626s] aco: compute_total_information done, time: 65.6256
[65.999s] aco: ants_generation_and_activity done, time: 65.9989
[66.002s] aco: pheromone_evaporation done, time: 66.0019
[66.581s] aco: daemon_actions done, time: 66.5815
[66.581s] aco: generation 52 start, time: 66.5815
[66.854s] aco: compute_total_information done, time: 66.8542
[67.259s] aco: ants_generation_and_activity done, time: 67.2593
[67.264s] aco: pheromone_evaporation done, time: 67.2638
[67.822s] aco: daemon_actions done, time: 67.8218
[67.822s] aco: generation 53 start, time: 67.8218
[68.130s] aco: compute_total_information done, time: 68.1297
[68.512s] aco: ants_generation_and_activity done, time: 68.5122
[68.517s] aco: pheromone_evaporation done, time: 68.5168
[69.034s] aco: daemon_actions done, time: 69.0337
[69.034s] aco: generation 54 start, time: 69.0337
[69.337s] aco: compute_total_information done, time: 69.3373
[69.678s] aco: ants_generation_and_activity done, time: 69.6781
[69.682s] aco: pheromone_evaporation done, time: 69.6821
[70.202s] aco: daemon_actions done, time: 70.2016
[70.202s] aco: generation 55 start, time: 70.2016
[70.462s] aco: compute_total_information done, time: 70.4621
[70.799s] aco: ants_generation_and_activity done, time: 70.7989
[70.803s] aco: pheromone_evaporation done, time: 70.8029
[71.279s] aco: daemon_actions done, time: 71.2786
[71.280s] aco: generation 56 start, time: 71.2796
[71.565s] aco: compute_total_information done, time: 71.5651
[71.932s] aco: ants_generation_and_activity done, time: 71.9321
[71.936s] aco: pheromone_evaporation done, time: 71.9357
[72.425s] aco: daemon_actions done, time: 72.4253
[72.425s] aco: generation 57 start, time: 72.4253
[72.694s] aco: compute_total_information done, time: 72.6938
[73.036s] aco: ants_generation_and_activity done, time: 73.0358
[73.039s] aco: pheromone_evaporation done, time: 73.0387
[73.567s] aco: daemon_actions done, time: 73.567
[73.567s] aco: generation 58 start, time: 73.567
[73.828s] aco: compute_total_information done, time: 73.8282
[74.178s] aco: ants_generation_and_activity done, time: 74.1778
[74.182s] aco: pheromone_evaporation done, time: 74.1818
[74.664s] aco: daemon_actions done, time: 74.6637
[74.664s] aco: generation 59 start, time: 74.6637
[74.941s] aco: compute_total_information done, time: 74.9414
[75.278s] aco: ants_generation_and_activity done, time: 75.2782
[75.282s] aco: pheromone_evaporation done, time: 75.2822
[75.791s] aco: daemon_actions done, time: 75.7909
[75.791s] aco: generation 60 start, time: 75.7909
[76.067s] aco: compute_total_information done, time: 76.0672
[76.407s] aco: ants_generation_and_activity done, time: 76.4074
[76.410s] aco: pheromone_evaporation done, time: 76.4104
[76.904s] aco: daemon_actions done, time: 76.904
[76.905s] aco: generation 61 start, time: 76.905
[77.210s] aco: compute_total_information done, time: 77.2099
[77.561s] aco: ants_generation_and_activity done, time: 77.5605
[77.564s] aco: pheromone_evaporation done, time: 77.564
[78.033s] aco: daemon_actions done, time: 78.0327
[78.033s] aco: generation 62 start, time: 78.0327
[78.318s] aco: compute_total_information done, time: 78.3177
[78.679s] aco: ants_generation_and_activity done, time: 78.6792
[78.682s] aco: pheromone_evaporation done, time: 78.6822
[79.240s] aco: daemon_actions done, time: 79.2396
[79.240s] aco: generation 63 start, time: 79.2396
[79.569s] aco: compute_total_information done, time: 79.5688
[79.937s] aco: ants_generation_and_activity done, time: 79.9372
[79.941s] aco: pheromone_evaporation done, time: 79.9412
[80.477s] aco: daemon_actions done, time: 80.4769
[80.477s] aco: generation 64 start, time: 80.4769
[80.753s] aco: compute_total_information done, time: 80.7527
[81.174s] aco: ants_generation_and_activity done, time: 81.174
[81.177s] aco: pheromone_evaporation done, time: 81.1771
[81.644s] aco: daemon_actions done, time: 81.644
[81.644s] aco: generation 65 start, time: 81.644
[81.947s] aco: compute_total_information done, time: 81.9465
[82.292s] aco: ants_generation_and_activity done, time: 82.2924
[82.296s] aco: pheromone_evaporation done, time: 82.2963
[82.774s] aco: daemon_actions done, time: 82.7743
[82.774s] aco: generation 66 start, time: 82.7743
[83.031s] aco: compute_total_information done, time: 83.0311
[83.372s] aco: ants_generation_and_activity done, time: 83.3723
[83.376s] aco: pheromone_evaporation done, time: 83.376
[83.835s] aco: new best solution found with cost 4.5976e+006 and 1000 components
[83.839s] aco: daemon_actions done, time: 83.8392
[83.839s] aco: generation 67 start, time: 83.8392
[84.103s] aco: compute_total_information done, time: 84.1034
[84.441s] aco: ants_generation_and_activity done, time: 84.4415
[84.444s] aco: pheromone_evaporation done, time: 84.4445
[84.958s] aco: daemon_actions done, time: 84.9584
[84.958s] aco: generation 68 start, time: 84.9584
[85.230s] aco: compute_total_information done, time: 85.2297
[85.572s] aco: ants_generation_and_activity done, time: 85.572
[85.576s] aco: pheromone_evaporation done, time: 85.576
[86.040s] aco: daemon_actions done, time: 86.0399
[86.040s] aco: generation 69 start, time: 86.0399
[86.296s] aco: compute_total_information done, time: 86.2956
[86.629s] aco: ants_generation_and_activity done, time: 86.6285
[86.631s] aco: pheromone_evaporation done, time: 86.6305
[87.100s] aco: daemon_actions done, time: 87.1
[87.100s] aco: generation 70 start, time: 87.1
[87.359s] aco: compute_total_information done, time: 87.3589
[87.682s] aco: ants_generation_and_activity done, time: 87.6818
[87.685s] aco: pheromone_evaporation done, time: 87.6849
[88.192s] aco: daemon_actions done, time: 88.1923
[88.192s] aco: generation 71 start, time: 88.1923
[88.497s] aco: compute_total_information done, time: 88.4975
[88.827s] aco: ants_generation_and_activity done, time: 88.8265
[88.830s] aco: pheromone_evaporation done, time: 88.8295
[89.300s] aco: daemon_actions done, time: 89.3002
[89.300s] aco: generation 72 start, time: 89.3002
[89.562s] aco: compute_total_information done, time: 89.562
[89.893s] aco: ants_generation_and_activity done, time: 89.8931
[89.897s] aco: pheromone_evaporation done, time: 89.8971
[90.475s] aco: daemon_actions done, time: 90.4753
[90.475s] aco: generation 73 start, time: 90.4753
[90.807s] aco: compute_total_information done, time: 90.8068
[91.160s] aco: ants_generation_and_activity done, time: 91.1596
[91.161s] aco: pheromone_evaporation done, time: 91.1606
[91.633s] aco: daemon_actions done, time: 91.6333
[91.633s] aco: generation 74 start, time: 91.6333
[91.992s] aco: compute_total_information done, time: 91.9919
[92.389s] aco: ants_generation_and_activity done, time: 92.3894
[92.392s] aco: pheromone_evaporation done, time: 92.3924
[92.902s] aco: daemon_actions done, time: 92.902
[92.902s] aco: generation 75 start, time: 92.902
[93.179s] aco: compute_total_information done, time: 93.1793
[93.515s] aco: ants_generation_and_activity done, time: 93.5154
[93.519s] aco: pheromone_evaporation done, time: 93.5189
[94.004s] aco: daemon_actions done, time: 94.0045
[94.004s] aco: generation 76 start, time: 94.0045
[94.281s] aco: compute_total_information done, time: 94.2813
[94.610s] aco: ants_generation_and_activity done, time: 94.6094
[94.613s] aco: pheromone_evaporation done, time: 94.6133
[95.138s] aco: daemon_actions done, time: 95.1378
[95.138s] aco: generation 77 start, time: 95.1378
[95.437s] aco: compute_total_information done, time: 95.4375
[95.822s] aco: ants_generation_and_activity done, time: 95.8217
[95.825s] aco: pheromone_evaporation done, time: 95.8247
[96.308s] aco: daemon_actions done, time: 96.3079
[96.308s] aco: generation 78 start, time: 96.3079
[96.575s] aco: compute_total_information done, time: 96.5747
[96.891s] aco: ants_generation_and_activity done, time: 96.8905
[96.895s] aco: pheromone_evaporation done, time: 96.8945
[97.372s] aco: daemon_actions done, time: 97.3719
[97.372s] aco: generation 79 start, time: 97.3719
[97.674s] aco: compute_total_information done, time: 97.6743
[98.019s] aco: ants_generation_and_activity done, time: 98.0189
[98.023s] aco: pheromone_evaporation done, time: 98.0229
[98.503s] aco: daemon_actions done, time: 98.5034
[98.503s] aco: generation 80 start, time: 98.5034
[98.770s] aco: compute_total_information done, time: 98.7698
[99.102s] aco: ants_generation_and_activity done, time: 99.1019
[99.106s] aco: pheromone_evaporation done, time: 99.1059
[99.648s] aco: daemon_actions done, time: 99.6479
[99.649s] aco: generation 81 start, time: 99.6489
[99.931s] aco: compute_total_information done, time: 99.9314
[100.261s] aco: ants_generation_and_activity done, time: 100.261
[100.265s] aco: pheromone_evaporation done, time: 100.265
[100.746s] aco: daemon_actions done, time: 100.746
[100.746s] aco: generation 82 start, time: 100.746
[101.016s] aco: compute_total_information done, time: 101.016
[101.342s] aco: ants_generation_and_activity done, time: 101.342
[101.346s] aco: pheromone_evaporation done, time: 101.346
[101.843s] aco: daemon_actions done, time: 101.843
[101.843s] aco: generation 83 start, time: 101.843
[102.114s] aco: compute_total_information done, time: 102.114
[102.461s] aco: ants_generation_and_activity done, time: 102.461
[102.468s] aco: pheromone_evaporation done, time: 102.468
[102.969s] aco: daemon_actions done, time: 102.969
[102.969s] aco: generation 84 start, time: 102.969
[103.296s] aco: compute_total_information done, time: 103.296
[103.620s] aco: ants_generation_and_activity done, time: 103.62
[103.624s] aco: pheromone_evaporation done, time: 103.624
[104.109s] aco: daemon_actions done, time: 104.109
[104.109s] aco: generation 85 start, time: 104.109
[104.378s] aco: compute_total_information done, time: 104.378
[104.706s] aco: ants_generation_and_activity done, time: 104.706
[104.709s] aco: pheromone_evaporation done, time: 104.709
[105.193s] aco: daemon_actions done, time: 105.193
[105.193s] aco: generation 86 start, time: 105.193
[105.460s] aco: compute_total_information done, time: 105.46
[105.807s] aco: ants_generation_and_activity done, time: 105.807
[105.810s] aco: pheromone_evaporation done, time: 105.81
[106.295s] aco: daemon_actions done, time: 106.295
[106.295s] aco: generation 87 start, time: 106.295
[106.568s] aco: compute_total_information done, time: 106.568
[106.937s] aco: ants_generation_and_activity done, time: 106.937
[106.940s] aco: pheromone_evaporation done, time: 106.94
[107.430s] aco: daemon_actions done, time: 107.43
[107.430s] aco: generation 88 start, time: 107.43
[107.696s] aco: compute_total_information done, time: 107.696
[108.038s] aco: ants_generation_and_activity done, time: 108.038
[108.042s] aco: pheromone_evaporation done, time: 108.042
[108.538s] aco: daemon_actions done, time: 108.538
[108.538s] aco: generation 89 start, time: 108.538
[108.806s] aco: compute_total_information done, time: 108.806
[109.129s] aco: ants_generation_and_activity done, time: 109.129
[109.132s] aco: pheromone_evaporation done, time: 109.132
[109.609s] aco: daemon_actions done, time: 109.609
[109.609s] aco: generation 90 start, time: 109.609
[109.894s] aco: compute_total_information done, time: 109.894
[110.223s] aco: ants_generation_and_activity done, time: 110.223
[110.227s] aco: pheromone_evaporation done, time: 110.227
[110.755s] aco: daemon_actions done, time: 110.755
[110.755s] aco: generation 91 start, time: 110.755
[111.031s] aco: compute_total_information done, time: 111.031
[111.388s] aco: ants_generation_and_activity done, time: 111.388
[111.392s] aco: pheromone_evaporation done, time: 111.392
[111.936s] aco: daemon_actions done, time: 111.936
[111.936s] aco: generation 92 start, time: 111.936
[112.261s] aco: compute_total_information done, time: 112.261
[112.584s] aco: ants_generation_and_activity done, time: 112.584
[112.588s] aco: pheromone_evaporation done, time: 112.588
[113.073s] aco: daemon_actions done, time: 113.073
[113.073s] aco: generation 93 start, time: 113.073
[113.346s] aco: compute_total_information done, time: 113.346
[113.674s] aco: ants_generation_and_activity done, time: 113.674
[113.678s] aco: pheromone_evaporation done, time: 113.678
[114.228s] aco: daemon_actions done, time: 114.228
[114.228s] aco: generation 94 start, time: 114.228
[114.490s] aco: compute_total_information done, time: 114.49
[114.826s] aco: ants_generation_and_activity done, time: 114.826
[114.829s] aco: pheromone_evaporation done, time: 114.829
[115.351s] aco: daemon_actions done, time: 115.351
[115.351s] aco: generation 95 start, time: 115.351
[115.617s] aco: compute_total_information done, time: 115.617
[115.946s] aco: ants_generation_and_activity done, time: 115.946
[115.950s] aco: pheromone_evaporation done, time: 115.95
[116.422s] aco: daemon_actions done, time: 116.422
[116.422s] aco: generation 96 start, time: 116.422
[117.028s] aco: compute_total_information done, time: 117.028
[117.358s] aco: ants_generation_and_activity done, time: 117.358
[117.362s] aco: pheromone_evaporation done, time: 117.362
[117.902s] aco: daemon_actions done, time: 117.902
[117.902s] aco: generation 97 start, time: 117.902
[118.207s] aco: compute_total_information done, time: 118.207
[118.544s] aco: ants_generation_and_activity done, time: 118.544
[118.549s] aco: pheromone_evaporation done, time: 118.549
[119.027s] aco: new best solution found with cost 4.62098e+006 and 1000 components
[119.031s] aco: daemon_actions done, time: 119.031
[119.031s] aco: generation 98 start, time: 119.031
[119.316s] aco: compute_total_information done, time: 119.316
[119.677s] aco: ants_generation_and_activity done, time: 119.677
[119.680s] aco: pheromone_evaporation done, time: 119.68
[120.179s] aco: daemon_actions done, time: 120.179
[120.179s] aco: generation 99 start, time: 120.179
[120.440s] aco: compute_total_information done, time: 120.44
[120.844s] aco: ants_generation_and_activity done, time: 120.844
[120.848s] aco: pheromone_evaporation done, time: 120.848
[121.346s] aco: daemon_actions done, time: 121.346
[121.346s] aco: generation 100 start, time: 121.346
[121.670s] aco: compute_total_information done, time: 121.67
[122.041s] aco: ants_generation_and_activity done, time: 122.041
[122.045s] aco: pheromone_evaporation done, time: 122.045
[122.577s] aco: daemon_actions done, time: 122.577
[122.577s] aco: generation 101 start, time: 122.577
[122.856s] aco: compute_total_information done, time: 122.856
[123.220s] aco: ants_generation_and_activity done, time: 123.22
[123.223s] aco: pheromone_evaporation done, time: 123.223
[123.732s] aco: daemon_actions done, time: 123.732
[123.732s] aco: generation 102 start, time: 123.732
[123.996s] aco: compute_total_information done, time: 123.996
[124.334s] aco: ants_generation_and_activity done, time: 124.334
[124.338s] aco: pheromone_evaporation done, time: 124.338
[124.876s] aco: daemon_actions done, time: 124.876
[124.876s] aco: generation 103 start, time: 124.876
[125.202s] aco: compute_total_information done, time: 125.202
[125.532s] aco: ants_generation_and_activity done, time: 125.532
[125.535s] aco: pheromone_evaporation done, time: 125.535
[126.020s] aco: daemon_actions done, time: 126.02
[126.020s] aco: generation 104 start, time: 126.02
[126.307s] aco: compute_total_information done, time: 126.307
[126.636s] aco: ants_generation_and_activity done, time: 126.636
[126.640s] aco: pheromone_evaporation done, time: 126.64
[127.131s] aco: new best solution found with cost 4.65005e+006 and 1000 components
[127.135s] aco: daemon_actions done, time: 127.135
[127.135s] aco: generation 105 start, time: 127.135
[127.414s] aco: compute_total_information done, time: 127.414
[127.769s] aco: ants_generation_and_activity done, time: 127.769
[127.773s] aco: pheromone_evaporation done, time: 127.773
[128.257s] aco: daemon_actions done, time: 128.257
[128.257s] aco: generation 106 start, time: 128.257
[128.531s] aco: compute_total_information done, time: 128.531
[128.907s] aco: ants_generation_and_activity done, time: 128.907
[128.910s] aco: pheromone_evaporation done, time: 128.91
[129.386s] aco: daemon_actions done, time: 129.386
[129.387s] aco: generation 107 start, time: 129.387
[129.654s] aco: compute_total_information done, time: 129.654
[130.010s] aco: ants_generation_and_activity done, time: 130.01
[130.014s] aco: pheromone_evaporation done, time: 130.014
[130.527s] aco: daemon_actions done, time: 130.527
[130.527s] aco: generation 108 start, time: 130.527
[130.848s] aco: compute_total_information done, time: 130.848
[131.210s] aco: ants_generation_and_activity done, time: 131.21
[131.214s] aco: pheromone_evaporation done, time: 131.214
[131.860s] aco: daemon_actions done, time: 131.86
[131.860s] aco: generation 109 start, time: 131.86
[132.230s] aco: compute_total_information done, time: 132.23
[132.720s] aco: ants_generation_and_activity done, time: 132.72
[132.724s] aco: pheromone_evaporation done, time: 132.724
[133.309s] aco: daemon_actions done, time: 133.309
[133.309s] aco: generation 110 start, time: 133.309
[133.598s] aco: compute_total_information done, time: 133.598
[133.956s] aco: ants_generation_and_activity done, time: 133.956
[133.960s] aco: pheromone_evaporation done, time: 133.96
[134.458s] aco: daemon_actions done, time: 134.458
[134.458s] aco: generation 111 start, time: 134.458
[134.799s] aco: compute_total_information done, time: 134.799
[135.157s] aco: ants_generation_and_activity done, time: 135.157
[135.159s] aco: pheromone_evaporation done, time: 135.159
[135.705s] aco: daemon_actions done, time: 135.705
[135.705s] aco: generation 112 start, time: 135.705
[135.986s] aco: compute_total_information done, time: 135.986
[136.373s] aco: ants_generation_and_activity done, time: 136.373
[136.377s] aco: pheromone_evaporation done, time: 136.377
[136.899s] aco: daemon_actions done, time: 136.899
[136.899s] aco: generation 113 start, time: 136.899
[137.171s] aco: compute_total_information done, time: 137.171
[137.490s] aco: ants_generation_and_activity done, time: 137.49
[137.494s] aco: pheromone_evaporation done, time: 137.494
[137.987s] aco: daemon_actions done, time: 137.987
[137.987s] aco: generation 114 start, time: 137.987
[138.272s] aco: compute_total_information done, time: 138.272
[138.611s] aco: ants_generation_and_activity done, time: 138.611
[138.615s] aco: pheromone_evaporation done, time: 138.615
[139.119s] aco: daemon_actions done, time: 139.119
[139.119s] aco: generation 115 start, time: 139.119
[139.409s] aco: compute_total_information done, time: 139.409
[139.749s] aco: ants_generation_and_activity done, time: 139.749
[139.750s] aco: pheromone_evaporation done, time: 139.75
[140.304s] aco: daemon_actions done, time: 140.304
[140.304s] aco: generation 116 start, time: 140.304
[140.597s] aco: compute_total_information done, time: 140.597
[140.930s] aco: ants_generation_and_activity done, time: 140.93
[140.934s] aco: pheromone_evaporation done, time: 140.934
[141.432s] aco: daemon_actions done, time: 141.432
[141.432s] aco: generation 117 start, time: 141.432
[141.708s] aco: compute_total_information done, time: 141.708
[142.036s] aco: ants_generation_and_activity done, time: 142.036
[142.039s] aco: pheromone_evaporation done, time: 142.039
[142.514s] aco: daemon_actions done, time: 142.514
[142.514s] aco: generation 118 start, time: 142.514
[142.789s] aco: compute_total_information done, time: 142.789
[143.116s] aco: ants_generation_and_activity done, time: 143.116
[143.119s] aco: pheromone_evaporation done, time: 143.119
[143.665s] aco: daemon_actions done, time: 143.665
[143.665s] aco: generation 119 start, time: 143.665
[143.943s] aco: compute_total_information done, time: 143.943
[144.273s] aco: ants_generation_and_activity done, time: 144.273
[144.276s] aco: pheromone_evaporation done, time: 144.276
[144.773s] aco: daemon_actions done, time: 144.773
[144.773s] aco: generation 120 start, time: 144.773
[145.060s] aco: compute_total_information done, time: 145.06
[145.392s] aco: ants_generation_and_activity done, time: 145.392
[145.396s] aco: pheromone_evaporation done, time: 145.396
[145.882s] aco: daemon_actions done, time: 145.882
[145.882s] aco: generation 121 start, time: 145.882
[146.158s] aco: compute_total_information done, time: 146.158
[146.483s] aco: ants_generation_and_activity done, time: 146.483
[146.487s] aco: pheromone_evaporation done, time: 146.487
[146.970s] aco: daemon_actions done, time: 146.969
[146.970s] aco: generation 122 start, time: 146.97
[147.253s] aco: compute_total_information done, time: 147.253
[147.629s] aco: ants_generation_and_activity done, time: 147.629
[147.631s] aco: pheromone_evaporation done, time: 147.631
[148.115s] aco: daemon_actions done, time: 148.115
[148.115s] aco: generation 123 start, time: 148.115
[148.422s] aco: compute_total_information done, time: 148.422
[148.769s] aco: ants_generation_and_activity done, time: 148.769
[148.773s] aco: pheromone_evaporation done, time: 148.773
[149.260s] aco: daemon_actions done, time: 149.26
[149.260s] aco: generation 124 start, time: 149.26
[149.659s] aco: compute_total_information done, time: 149.659
[150.046s] aco: ants_generation_and_activity done, time: 150.046
[150.050s] aco: pheromone_evaporation done, time: 150.05
[150.726s] aco: daemon_actions done, time: 150.726
[150.726s] aco: generation 125 start, time: 150.726
[150.998s] aco: compute_total_information done, time: 150.998
[151.338s] aco: ants_generation_and_activity done, time: 151.338
[151.342s] aco: pheromone_evaporation done, time: 151.342
[151.836s] aco: daemon_actions done, time: 151.836
[151.836s] aco: generation 126 start, time: 151.836
[152.150s] aco: compute_total_information done, time: 152.15
[152.561s] aco: ants_generation_and_activity done, time: 152.561
[152.565s] aco: pheromone_evaporation done, time: 152.565
[153.294s] aco: daemon_actions done, time: 153.294
[153.295s] aco: generation 127 start, time: 153.295
[153.867s] aco: compute_total_information done, time: 153.867
[154.591s] aco: ants_generation_and_activity done, time: 154.591
[154.595s] aco: pheromone_evaporation done, time: 154.595
[155.320s] aco: daemon_actions done, time: 155.32
[155.320s] aco: generation 128 start, time: 155.32
[155.782s] aco: compute_total_information done, time: 155.782
[156.379s] aco: ants_generation_and_activity done, time: 156.379
[156.381s] aco: pheromone_evaporation done, time: 156.381
[157.285s] aco: daemon_actions done, time: 157.285
[157.285s] aco: generation 129 start, time: 157.285
[157.771s] aco: compute_total_information done, time: 157.771
[158.452s] aco: ants_generation_and_activity done, time: 158.452
[158.453s] aco: pheromone_evaporation done, time: 158.453
[159.357s] aco: daemon_actions done, time: 159.357
[159.357s] aco: generation 130 start, time: 159.357
[159.767s] aco: compute_total_information done, time: 159.767
[160.182s] aco: ants_generation_and_activity done, time: 160.182
[160.185s] aco: pheromone_evaporation done, time: 160.185
[160.802s] aco: daemon_actions done, time: 160.802
[160.802s] aco: generation 131 start, time: 160.802
[161.227s] aco: compute_total_information done, time: 161.227
[161.689s] aco: ants_generation_and_activity done, time: 161.689
[161.692s] aco: pheromone_evaporation done, time: 161.692
[162.351s] aco: daemon_actions done, time: 162.351
[162.351s] aco: generation 132 start, time: 162.351
[162.637s] aco: compute_total_information done, time: 162.637
[162.959s] aco: ants_generation_and_activity done, time: 162.959
[162.963s] aco: pheromone_evaporation done, time: 162.963
[163.451s] aco: daemon_actions done, time: 163.451
[163.451s] aco: generation 133 start, time: 163.451
[163.735s] aco: compute_total_information done, time: 163.735
[164.068s] aco: ants_generation_and_activity done, time: 164.068
[164.070s] aco: pheromone_evaporation done, time: 164.07
[164.557s] aco: daemon_actions done, time: 164.557
[164.557s] aco: generation 134 start, time: 164.557
[164.836s] aco: compute_total_information done, time: 164.836
[165.163s] aco: ants_generation_and_activity done, time: 165.163
[165.167s] aco: pheromone_evaporation done, time: 165.167
[165.950s] aco: daemon_actions done, time: 165.95
[165.950s] aco: generation 135 start, time: 165.95
[166.291s] aco: compute_total_information done, time: 166.291
[166.617s] aco: ants_generation_and_activity done, time: 166.617
[166.620s] aco: pheromone_evaporation done, time: 166.62
[167.182s] aco: daemon_actions done, time: 167.182
[167.183s] aco: generation 136 start, time: 167.183
[167.495s] aco: compute_total_information done, time: 167.495
[167.924s] aco: ants_generation_and_activity done, time: 167.924
[167.928s] aco: pheromone_evaporation done, time: 167.928
[168.487s] aco: daemon_actions done, time: 168.487
[168.487s] aco: generation 137 start, time: 168.487
[168.916s] aco: compute_total_information done, time: 168.916
[169.340s] aco: ants_generation_and_activity done, time: 169.34
[169.343s] aco: pheromone_evaporation done, time: 169.343
[170.028s] aco: daemon_actions done, time: 170.028
[170.029s] aco: generation 138 start, time: 170.029
[170.633s] aco: compute_total_information done, time: 170.633
[171.095s] aco: ants_generation_and_activity done, time: 171.095
[171.098s] aco: pheromone_evaporation done, time: 171.098
[171.700s] aco: daemon_actions done, time: 171.7
[171.700s] aco: generation 139 start, time: 171.7
[172.195s] aco: compute_total_information done, time: 172.195
[172.867s] aco: ants_generation_and_activity done, time: 172.867
[172.872s] aco: pheromone_evaporation done, time: 172.872
[173.407s] aco: daemon_actions done, time: 173.407
[173.407s] aco: generation 140 start, time: 173.407
[173.898s] aco: compute_total_information done, time: 173.898
[174.439s] aco: ants_generation_and_activity done, time: 174.439
[174.440s] aco: pheromone_evaporation done, time: 174.44
[175.207s] aco: daemon_actions done, time: 175.207
[175.207s] aco: generation 141 start, time: 175.207
[175.818s] aco: compute_total_information done, time: 175.818
[176.306s] aco: ants_generation_and_activity done, time: 176.306
[176.309s] aco: pheromone_evaporation done, time: 176.309
[176.863s] aco: daemon_actions done, time: 176.863
[176.863s] aco: generation 142 start, time: 176.863
[177.151s] aco: compute_total_information done, time: 177.151
[177.485s] aco: ants_generation_and_activity done, time: 177.485
[177.486s] aco: pheromone_evaporation done, time: 177.486
[178.181s] aco: daemon_actions done, time: 178.181
[178.182s] aco: generation 143 start, time: 178.182
[178.507s] aco: compute_total_information done, time: 178.507
[178.878s] aco: ants_generation_and_activity done, time: 178.878
[178.882s] aco: pheromone_evaporation done, time: 178.882
[179.401s] aco: daemon_actions done, time: 179.401
[179.401s] aco: generation 144 start, time: 179.401
[179.680s] aco: compute_total_information done, time: 179.68
[180.059s] aco: ants_generation_and_activity done, time: 180.059
[180.060s] aco: pheromone_evaporation done, time: 180.06
[180.618s] aco: daemon_actions done, time: 180.618
[180.618s] aco: generation 145 start, time: 180.618
[181.077s] aco: compute_total_information done, time: 181.077
[181.483s] aco: ants_generation_and_activity done, time: 181.483
[181.485s] aco: pheromone_evaporation done, time: 181.485
[182.122s] aco: daemon_actions done, time: 182.122
[182.122s] aco: generation 146 start, time: 182.122
[182.450s] aco: compute_total_information done, time: 182.45
[182.857s] aco: ants_generation_and_activity done, time: 182.857
[182.859s] aco: pheromone_evaporation done, time: 182.859
[183.416s] aco: daemon_actions done, time: 183.416
[183.416s] aco: generation 147 start, time: 183.416
[183.740s] aco: compute_total_information done, time: 183.74
[184.133s] aco: ants_generation_and_activity done, time: 184.133
[184.136s] aco: pheromone_evaporation done, time: 184.136
[184.883s] aco: daemon_actions done, time: 184.883
[184.883s] aco: generation 148 start, time: 184.883
[185.264s] aco: compute_total_information done, time: 185.264
[185.873s] aco: ants_generation_and_activity done, time: 185.873
[185.877s] aco: pheromone_evaporation done, time: 185.877
[186.744s] aco: daemon_actions done, time: 186.744
[186.744s] aco: generation 149 start, time: 186.744
[187.170s] aco: compute_total_information done, time: 187.17
[187.791s] aco: ants_generation_and_activity done, time: 187.791
[187.793s] aco: pheromone_evaporation done, time: 187.793
[188.306s] aco: daemon_actions done, time: 188.306
[188.307s] aco: generation 150 start, time: 188.307
[188.595s] aco: compute_total_information done, time: 188.595
[188.939s] aco: ants_generation_and_activity done, time: 188.939
[188.943s] aco: pheromone_evaporation done, time: 188.943
[189.590s] aco: daemon_actions done, time: 189.59
[189.590s] aco: generation 151 start, time: 189.59
[189.908s] aco: compute_total_information done, time: 189.908
[190.349s] aco: ants_generation_and_activity done, time: 190.349
[190.353s] aco: pheromone_evaporation done, time: 190.353
[190.944s] aco: daemon_actions done, time: 190.944
[190.944s] aco: generation 152 start, time: 190.944
[191.267s] aco: compute_total_information done, time: 191.267
[191.820s] aco: ants_generation_and_activity done, time: 191.82
[191.822s] aco: pheromone_evaporation done, time: 191.822
[192.483s] aco: daemon_actions done, time: 192.483
[192.484s] aco: generation 153 start, time: 192.484
[192.831s] aco: compute_total_information done, time: 192.831
[193.216s] aco: ants_generation_and_activity done, time: 193.216
[193.218s] aco: pheromone_evaporation done, time: 193.218
[193.799s] aco: daemon_actions done, time: 193.799
[193.799s] aco: generation 154 start, time: 193.799
[194.123s] aco: compute_total_information done, time: 194.123
[194.483s] aco: ants_generation_and_activity done, time: 194.483
[194.485s] aco: pheromone_evaporation done, time: 194.485
[195.373s] aco: daemon_actions done, time: 195.373
[195.373s] aco: generation 155 start, time: 195.373
[195.673s] aco: compute_total_information done, time: 195.673
[196.101s] aco: ants_generation_and_activity done, time: 196.101
[196.105s] aco: pheromone_evaporation done, time: 196.105
[196.699s] aco: daemon_actions done, time: 196.699
[196.699s] aco: generation 156 start, time: 196.699
[197.234s] aco: compute_total_information done, time: 197.234
[197.637s] aco: ants_generation_and_activity done, time: 197.637
[197.641s] aco: pheromone_evaporation done, time: 197.641
[198.294s] aco: daemon_actions done, time: 198.294
[198.294s] aco: generation 157 start, time: 198.294
[198.605s] aco: compute_total_information done, time: 198.605
[198.998s] aco: ants_generation_and_activity done, time: 198.998
[199.000s] aco: pheromone_evaporation done, time: 199
[199.536s] aco: daemon_actions done, time: 199.536
[199.536s] aco: generation 158 start, time: 199.536
[199.829s] aco: compute_total_information done, time: 199.829
[200.192s] aco: ants_generation_and_activity done, time: 200.192
[200.197s] aco: pheromone_evaporation done, time: 200.197
[200.717s] aco: daemon_actions done, time: 200.717
[200.717s] aco: generation 159 start, time: 200.717
[201.048s] aco: compute_total_information done, time: 201.048
[201.390s] aco: ants_generation_and_activity done, time: 201.39
[201.394s] aco: pheromone_evaporation done, time: 201.394
[201.901s] aco: daemon_actions done, time: 201.901
[201.901s] aco: generation 160 start, time: 201.901
[202.196s] aco: compute_total_information done, time: 202.196
[202.570s] aco: ants_generation_and_activity done, time: 202.57
[202.574s] aco: pheromone_evaporation done, time: 202.574
[203.099s] aco: daemon_actions done, time: 203.099
[203.099s] aco: generation 161 start, time: 203.099
[203.386s] aco: compute_total_information done, time: 203.386
[203.720s] aco: ants_generation_and_activity done, time: 203.72
[203.723s] aco: pheromone_evaporation done, time: 203.723
[204.211s] aco: daemon_actions done, time: 204.211
[204.211s] aco: generation 162 start, time: 204.211
[204.535s] aco: compute_total_information done, time: 204.535
[204.948s] aco: ants_generation_and_activity done, time: 204.948
[204.951s] aco: pheromone_evaporation done, time: 204.951
[205.485s] aco: daemon_actions done, time: 205.485
[205.486s] aco: generation 163 start, time: 205.486
[205.822s] aco: compute_total_information done, time: 205.822
[206.418s] aco: ants_generation_and_activity done, time: 206.418
[206.421s] aco: pheromone_evaporation done, time: 206.421
[206.953s] aco: daemon_actions done, time: 206.953
[206.953s] aco: generation 164 start, time: 206.953
[207.404s] aco: compute_total_information done, time: 207.404
[207.940s] aco: ants_generation_and_activity done, time: 207.94
[207.944s] aco: pheromone_evaporation done, time: 207.944
[208.822s] aco: daemon_actions done, time: 208.822
[208.822s] aco: generation 165 start, time: 208.822
[209.145s] aco: compute_total_information done, time: 209.145
[209.655s] aco: ants_generation_and_activity done, time: 209.655
[209.656s] aco: pheromone_evaporation done, time: 209.656
[210.652s] aco: daemon_actions done, time: 210.652
[210.652s] aco: generation 166 start, time: 210.652
[211.185s] aco: compute_total_information done, time: 211.185
[211.678s] aco: ants_generation_and_activity done, time: 211.678
[211.682s] aco: pheromone_evaporation done, time: 211.682
[212.478s] aco: daemon_actions done, time: 212.478
[212.478s] aco: generation 167 start, time: 212.478
[212.882s] aco: compute_total_information done, time: 212.882
[213.338s] aco: ants_generation_and_activity done, time: 213.338
[213.340s] aco: pheromone_evaporation done, time: 213.34
[214.093s] aco: daemon_actions done, time: 214.093
[214.093s] aco: generation 168 start, time: 214.093
[214.489s] aco: compute_total_information done, time: 214.489
[214.946s] aco: ants_generation_and_activity done, time: 214.946
[214.950s] aco: pheromone_evaporation done, time: 214.95
[215.753s] aco: daemon_actions done, time: 215.753
[215.753s] aco: generation 169 start, time: 215.753
[216.252s] aco: compute_total_information done, time: 216.252
[216.865s] aco: ants_generation_and_activity done, time: 216.865
[216.867s] aco: pheromone_evaporation done, time: 216.867
[217.763s] aco: daemon_actions done, time: 217.763
[217.763s] aco: generation 170 start, time: 217.763
[218.058s] aco: compute_total_information done, time: 218.058
[218.414s] aco: ants_generation_and_activity done, time: 218.414
[218.418s] aco: pheromone_evaporation done, time: 218.418
[219.160s] aco: daemon_actions done, time: 219.16
[219.160s] aco: generation 171 start, time: 219.16
[219.564s] aco: compute_total_information done, time: 219.564
[219.937s] aco: ants_generation_and_activity done, time: 219.937
[219.939s] aco: pheromone_evaporation done, time: 219.939
[220.501s] aco: daemon_actions done, time: 220.501
[220.501s] aco: generation 172 start, time: 220.501
[220.789s] aco: compute_total_information done, time: 220.789
[221.200s] aco: ants_generation_and_activity done, time: 221.2
[221.203s] aco: pheromone_evaporation done, time: 221.203
[221.918s] aco: daemon_actions done, time: 221.918
[221.918s] aco: generation 173 start, time: 221.918
[222.212s] aco: compute_total_information done, time: 222.212
[222.544s] aco: ants_generation_and_activity done, time: 222.544
[222.548s] aco: pheromone_evaporation done, time: 222.548
[223.056s] aco: daemon_actions done, time: 223.056
[223.057s] aco: generation 174 start, time: 223.057
[223.337s] aco: compute_total_information done, time: 223.337
[223.674s] aco: ants_generation_and_activity done, time: 223.674
[223.676s] aco: pheromone_evaporation done, time: 223.676
[224.184s] aco: daemon_actions done, time: 224.184
[224.185s] aco: generation 175 start, time: 224.185
[224.490s] aco: compute_total_information done, time: 224.49
[224.889s] aco: ants_generation_and_activity done, time: 224.889
[224.892s] aco: pheromone_evaporation done, time: 224.892
[225.522s] aco: daemon_actions done, time: 225.522
[225.522s] aco: generation 176 start, time: 225.522
[225.829s] aco: compute_total_information done, time: 225.829
[226.185s] aco: ants_generation_and_activity done, time: 226.185
[226.188s] aco: pheromone_evaporation done, time: 226.188
[226.693s] aco: daemon_actions done, time: 226.693
[226.693s] aco: generation 177 start, time: 226.693
[226.980s] aco: compute_total_information done, time: 226.98
[227.320s] aco: ants_generation_and_activity done, time: 227.32
[227.324s] aco: pheromone_evaporation done, time: 227.324
[227.844s] aco: daemon_actions done, time: 227.844
[227.844s] aco: generation 178 start, time: 227.844
[228.133s] aco: compute_total_information done, time: 228.133
[228.533s] aco: ants_generation_and_activity done, time: 228.533
[228.535s] aco: pheromone_evaporation done, time: 228.535
[229.044s] aco: daemon_actions done, time: 229.044
[229.044s] aco: generation 179 start, time: 229.044
[229.331s] aco: compute_total_information done, time: 229.331
[229.679s] aco: ants_generation_and_activity done, time: 229.679
[229.683s] aco: pheromone_evaporation done, time: 229.683
[230.216s] aco: daemon_actions done, time: 230.216
[230.216s] aco: generation 180 start, time: 230.216
[230.534s] aco: compute_total_information done, time: 230.534
[230.895s] aco: ants_generation_and_activity done, time: 230.895
[230.898s] aco: pheromone_evaporation done, time: 230.898
[231.492s] aco: daemon_actions done, time: 231.492
[231.493s] aco: generation 181 start, time: 231.493
[231.923s] aco: compute_total_information done, time: 231.923
[232.372s] aco: ants_generation_and_activity done, time: 232.372
[232.376s] aco: pheromone_evaporation done, time: 232.376
[233.216s] aco: daemon_actions done, time: 233.216
[233.217s] aco: generation 182 start, time: 233.217
[233.921s] aco: compute_total_information done, time: 233.921
[234.421s] aco: ants_generation_and_activity done, time: 234.421
[234.422s] aco: pheromone_evaporation done, time: 234.422
[235.283s] aco: daemon_actions done, time: 235.283
[235.283s] aco: generation 183 start, time: 235.283
[236.022s] aco: compute_total_information done, time: 236.022
[236.589s] aco: ants_generation_and_activity done, time: 236.589
[236.590s] aco: pheromone_evaporation done, time: 236.59
[237.479s] aco: daemon_actions done, time: 237.479
[237.479s] aco: generation 184 start, time: 237.479
[237.899s] aco: compute_total_information done, time: 237.899
[238.423s] aco: ants_generation_and_activity done, time: 238.423
[238.425s] aco: pheromone_evaporation done, time: 238.425
[239.207s] aco: daemon_actions done, time: 239.207
[239.207s] aco: generation 185 start, time: 239.207
[239.672s] aco: compute_total_information done, time: 239.672
[240.023s] aco: ants_generation_and_activity done, time: 240.023
[240.026s] aco: pheromone_evaporation done, time: 240.026
[240.579s] aco: daemon_actions done, time: 240.579
[240.580s] aco: generation 186 start, time: 240.58
[240.928s] aco: compute_total_information done, time: 240.928
[241.279s] aco: ants_generation_and_activity done, time: 241.279
[241.283s] aco: pheromone_evaporation done, time: 241.283
[241.810s] aco: daemon_actions done, time: 241.81
[241.810s] aco: generation 187 start, time: 241.81
[242.098s] aco: compute_total_information done, time: 242.098
[242.578s] aco: ants_generation_and_activity done, time: 242.578
[242.582s] aco: pheromone_evaporation done, time: 242.582
[243.103s] aco: daemon_actions done, time: 243.103
[243.103s] aco: generation 188 start, time: 243.103
[243.459s] aco: compute_total_information done, time: 243.459
[243.816s] aco: ants_generation_and_activity done, time: 243.816
[243.818s] aco: pheromone_evaporation done, time: 243.818
[244.330s] aco: daemon_actions done, time: 244.33
[244.330s] aco: generation 189 start, time: 244.33
[244.617s] aco: compute_total_information done, time: 244.617
[244.965s] aco: ants_generation_and_activity done, time: 244.965
[244.968s] aco: pheromone_evaporation done, time: 244.968
[245.626s] aco: daemon_actions done, time: 245.626
[245.627s] aco: generation 190 start, time: 245.627
[245.931s] aco: compute_total_information done, time: 245.931
[246.258s] aco: ants_generation_and_activity done, time: 246.258
[246.262s] aco: pheromone_evaporation done, time: 246.262
[246.797s] aco: daemon_actions done, time: 246.797
[246.797s] aco: generation 191 start, time: 246.797
[247.312s] aco: compute_total_information done, time: 247.312
[248.045s] aco: ants_generation_and_activity done, time: 248.045
[248.048s] aco: pheromone_evaporation done, time: 248.048
[248.555s] aco: daemon_actions done, time: 248.555
[248.556s] aco: generation 192 start, time: 248.556
[248.847s] aco: compute_total_information done, time: 248.847
[249.198s] aco: ants_generation_and_activity done, time: 249.198
[249.199s] aco: pheromone_evaporation done, time: 249.199
[249.726s] aco: daemon_actions done, time: 249.726
[249.726s] aco: generation 193 start, time: 249.726
[250.010s] aco: compute_total_information done, time: 250.01
[250.374s] aco: ants_generation_and_activity done, time: 250.374
[250.377s] aco: pheromone_evaporation done, time: 250.377
[250.998s] aco: daemon_actions done, time: 250.998
[250.998s] aco: generation 194 start, time: 250.998
[251.370s] aco: compute_total_information done, time: 251.37
[251.806s] aco: ants_generation_and_activity done, time: 251.806
[251.809s] aco: pheromone_evaporation done, time: 251.809
[252.478s] aco: daemon_actions done, time: 252.478
[252.478s] aco: generation 195 start, time: 252.478
[252.837s] aco: compute_total_information done, time: 252.837
[253.233s] aco: ants_generation_and_activity done, time: 253.233
[253.236s] aco: pheromone_evaporation done, time: 253.236
[253.952s] aco: daemon_actions done, time: 253.952
[253.952s] aco: generation 196 start, time: 253.952
[254.312s] aco: compute_total_information done, time: 254.312
[254.764s] aco: ants_generation_and_activity done, time: 254.764
[254.765s] aco: pheromone_evaporation done, time: 254.765
[255.395s] aco: daemon_actions done, time: 255.395
[255.395s] aco: generation 197 start, time: 255.395
[255.760s] aco: compute_total_information done, time: 255.76
[256.197s] aco: ants_generation_and_activity done, time: 256.197
[256.201s] aco: pheromone_evaporation done, time: 256.201
[256.761s] aco: daemon_actions done, time: 256.761
[256.761s] aco: generation 198 start, time: 256.761
[257.057s] aco: compute_total_information done, time: 257.057
[257.407s] aco: ants_generation_and_activity done, time: 257.407
[257.410s] aco: pheromone_evaporation done, time: 257.41
[257.910s] aco: daemon_actions done, time: 257.91
[257.910s] aco: generation 199 start, time: 257.91
[258.253s] aco: compute_total_information done, time: 258.253
[258.603s] aco: ants_generation_and_activity done, time: 258.603
[258.607s] aco: pheromone_evaporation done, time: 258.607
[259.276s] aco: daemon_actions done, time: 259.276
[259.276s] aco: generation 200 start, time: 259.276
[259.581s] aco: compute_total_information done, time: 259.581
[259.917s] aco: ants_generation_and_activity done, time: 259.917
[259.919s] aco: pheromone_evaporation done, time: 259.919
[260.477s] aco: daemon_actions done, time: 260.477
[260.477s] aco: generation 201 start, time: 260.477
[260.765s] aco: compute_total_information done, time: 260.765
[261.116s] aco: ants_generation_and_activity done, time: 261.116
[261.118s] aco: pheromone_evaporation done, time: 261.118
[261.637s] aco: new best solution found with cost 4.6579e+006 and 1000 components
[261.642s] aco: daemon_actions done, time: 261.642
[261.642s] aco: generation 202 start, time: 261.642
[262.014s] aco: compute_total_information done, time: 262.014
[262.421s] aco: ants_generation_and_activity done, time: 262.421
[262.425s] aco: pheromone_evaporation done, time: 262.425
[262.977s] aco: daemon_actions done, time: 262.977
[262.977s] aco: generation 203 start, time: 262.977
[263.274s] aco: compute_total_information done, time: 263.274
[263.822s] aco: ants_generation_and_activity done, time: 263.822
[263.825s] aco: pheromone_evaporation done, time: 263.825
[264.553s] aco: daemon_actions done, time: 264.553
[264.553s] aco: generation 204 start, time: 264.553
[264.990s] aco: compute_total_information done, time: 264.99
[265.497s] aco: ants_generation_and_activity done, time: 265.497
[265.500s] aco: pheromone_evaporation done, time: 265.5
[266.269s] aco: daemon_actions done, time: 266.269
[266.269s] aco: generation 205 start, time: 266.269
[266.638s] aco: compute_total_information done, time: 266.638
[267.125s] aco: ants_generation_and_activity done, time: 267.125
[267.130s] aco: pheromone_evaporation done, time: 267.13
[267.738s] aco: daemon_actions done, time: 267.738
[267.738s] aco: generation 206 start, time: 267.738
[268.031s] aco: compute_total_information done, time: 268.031
[268.406s] aco: ants_generation_and_activity done, time: 268.406
[268.409s] aco: pheromone_evaporation done, time: 268.409
[269.026s] aco: daemon_actions done, time: 269.026
[269.026s] aco: generation 207 start, time: 269.026
[269.395s] aco: compute_total_information done, time: 269.395
[269.771s] aco: ants_generation_and_activity done, time: 269.771
[269.775s] aco: pheromone_evaporation done, time: 269.775
[270.290s] aco: daemon_actions done, time: 270.29
[270.290s] aco: generation 208 start, time: 270.29
[270.576s] aco: compute_total_information done, time: 270.576
[270.930s] aco: ants_generation_and_activity done, time: 270.93
[270.934s] aco: pheromone_evaporation done, time: 270.934
[271.451s] aco: daemon_actions done, time: 271.451
[271.451s] aco: generation 209 start, time: 271.451
[271.736s] aco: compute_total_information done, time: 271.736
[272.121s] aco: ants_generation_and_activity done, time: 272.121
[272.125s] aco: pheromone_evaporation done, time: 272.125
[272.767s] aco: daemon_actions done, time: 272.767
[272.767s] aco: generation 210 start, time: 272.767
[273.319s] aco: compute_total_information done, time: 273.319
[273.872s] aco: ants_generation_and_activity done, time: 273.872
[273.876s] aco: pheromone_evaporation done, time: 273.876
[274.576s] aco: daemon_actions done, time: 274.576
[274.576s] aco: generation 211 start, time: 274.576
[274.951s] aco: compute_total_information done, time: 274.951
[275.467s] aco: ants_generation_and_activity done, time: 275.467
[275.469s] aco: pheromone_evaporation done, time: 275.469
[276.794s] aco: daemon_actions done, time: 276.794
[276.794s] aco: generation 212 start, time: 276.794
[277.319s] aco: compute_total_information done, time: 277.319
[277.885s] aco: ants_generation_and_activity done, time: 277.885
[277.887s] aco: pheromone_evaporation done, time: 277.887
[278.686s] aco: daemon_actions done, time: 278.686
[278.686s] aco: generation 213 start, time: 278.686
[279.138s] aco: compute_total_information done, time: 279.138
[279.628s] aco: ants_generation_and_activity done, time: 279.628
[279.632s] aco: pheromone_evaporation done, time: 279.632
[280.136s] aco: daemon_actions done, time: 280.136
[280.136s] aco: generation 214 start, time: 280.136
[280.469s] aco: compute_total_information done, time: 280.469
[280.839s] aco: ants_generation_and_activity done, time: 280.839
[280.842s] aco: pheromone_evaporation done, time: 280.842
[281.346s] aco: daemon_actions done, time: 281.346
[281.346s] aco: generation 215 start, time: 281.346
[281.639s] aco: compute_total_information done, time: 281.639
[281.997s] aco: ants_generation_and_activity done, time: 281.997
[282.001s] aco: pheromone_evaporation done, time: 282.001
[282.503s] aco: daemon_actions done, time: 282.503
[282.504s] aco: generation 216 start, time: 282.504
[282.787s] aco: compute_total_information done, time: 282.787
[283.138s] aco: ants_generation_and_activity done, time: 283.138
[283.142s] aco: pheromone_evaporation done, time: 283.142
[283.646s] aco: daemon_actions done, time: 283.646
[283.646s] aco: generation 217 start, time: 283.646
[283.927s] aco: compute_total_information done, time: 283.927
[284.351s] aco: ants_generation_and_activity done, time: 284.351
[284.355s] aco: pheromone_evaporation done, time: 284.355
[284.861s] aco: daemon_actions done, time: 284.861
[284.861s] aco: generation 218 start, time: 284.861
[285.146s] aco: compute_total_information done, time: 285.146
[285.559s] aco: ants_generation_and_activity done, time: 285.559
[285.561s] aco: pheromone_evaporation done, time: 285.561
[286.076s] aco: daemon_actions done, time: 286.076
[286.076s] aco: generation 219 start, time: 286.076
[286.369s] aco: compute_total_information done, time: 286.369
[286.707s] aco: ants_generation_and_activity done, time: 286.707
[286.713s] aco: pheromone_evaporation done, time: 286.713
[287.301s] aco: daemon_actions done, time: 287.301
[287.301s] aco: generation 220 start, time: 287.301
[287.695s] aco: compute_total_information done, time: 287.695
[288.111s] aco: ants_generation_and_activity done, time: 288.111
[288.112s] aco: pheromone_evaporation done, time: 288.112
[288.620s] aco: daemon_actions done, time: 288.62
[288.620s] aco: generation 221 start, time: 288.62
[288.906s] aco: compute_total_information done, time: 288.906
[289.262s] aco: ants_generation_and_activity done, time: 289.262
[289.266s] aco: pheromone_evaporation done, time: 289.266
[289.793s] aco: daemon_actions done, time: 289.793
[289.793s] aco: generation 222 start, time: 289.793
[290.099s] aco: compute_total_information done, time: 290.099
[290.447s] aco: ants_generation_and_activity done, time: 290.447
[290.451s] aco: pheromone_evaporation done, time: 290.451
[290.956s] aco: daemon_actions done, time: 290.956
[290.956s] aco: generation 223 start, time: 290.956
[291.261s] aco: compute_total_information done, time: 291.261
[291.656s] aco: ants_generation_and_activity done, time: 291.656
[291.659s] aco: pheromone_evaporation done, time: 291.659
[292.159s] aco: daemon_actions done, time: 292.159
[292.159s] aco: generation 224 start, time: 292.159
[292.456s] aco: compute_total_information done, time: 292.456
[292.797s] aco: ants_generation_and_activity done, time: 292.797
[292.801s] aco: pheromone_evaporation done, time: 292.801
[293.302s] aco: daemon_actions done, time: 293.302
[293.302s] aco: generation 225 start, time: 293.302
[293.587s] aco: compute_total_information done, time: 293.587
[293.936s] aco: ants_generation_and_activity done, time: 293.936
[293.940s] aco: pheromone_evaporation done, time: 293.94
[294.464s] aco: daemon_actions done, time: 294.464
[294.464s] aco: generation 226 start, time: 294.464
[294.750s] aco: compute_total_information done, time: 294.75
[295.099s] aco: ants_generation_and_activity done, time: 295.099
[295.102s] aco: pheromone_evaporation done, time: 295.102
[295.675s] aco: daemon_actions done, time: 295.675
[295.676s] aco: generation 227 start, time: 295.676
[295.961s] aco: compute_total_information done, time: 295.961
[296.357s] aco: ants_generation_and_activity done, time: 296.357
[296.361s] aco: pheromone_evaporation done, time: 296.361
[297.135s] aco: daemon_actions done, time: 297.135
[297.135s] aco: generation 228 start, time: 297.135
[297.783s] aco: compute_total_information done, time: 297.783
[298.413s] aco: ants_generation_and_activity done, time: 298.413
[298.418s] aco: pheromone_evaporation done, time: 298.418
[299.383s] aco: daemon_actions done, time: 299.383
[299.384s] aco: generation 229 start, time: 299.384
[299.746s] aco: compute_total_information done, time: 299.746
[300.272s] aco: ants_generation_and_activity done, time: 300.272
[300.276s] aco: pheromone_evaporation done, time: 300.276
[300.965s] aco: daemon_actions done, time: 300.965
[300.965s] aco: generation 230 start, time: 300.965
[301.327s] aco: compute_total_information done, time: 301.327
[301.871s] aco: ants_generation_and_activity done, time: 301.871
[301.877s] aco: pheromone_evaporation done, time: 301.877
[302.763s] aco: daemon_actions done, time: 302.763
[302.763s] aco: generation 231 start, time: 302.763
[303.136s] aco: compute_total_information done, time: 303.136
[303.691s] aco: ants_generation_and_activity done, time: 303.691
[303.693s] aco: pheromone_evaporation done, time: 303.693
[304.414s] aco: daemon_actions done, time: 304.414
[304.414s] aco: generation 232 start, time: 304.414
[305.103s] aco: compute_total_information done, time: 305.103
[305.599s] aco: ants_generation_and_activity done, time: 305.599
[305.602s] aco: pheromone_evaporation done, time: 305.602
[306.295s] aco: daemon_actions done, time: 306.295
[306.295s] aco: generation 233 start, time: 306.295
[306.885s] aco: compute_total_information done, time: 306.885
[307.412s] aco: ants_generation_and_activity done, time: 307.412
[307.416s] aco: pheromone_evaporation done, time: 307.416
[308.144s] aco: daemon_actions done, time: 308.144
[308.144s] aco: generation 234 start, time: 308.144
[308.435s] aco: compute_total_information done, time: 308.435
[308.857s] aco: ants_generation_and_activity done, time: 308.857
[308.859s] aco: pheromone_evaporation done, time: 308.859
[309.450s] aco: daemon_actions done, time: 309.45
[309.451s] aco: generation 235 start, time: 309.451
[309.860s] aco: compute_total_information done, time: 309.86
[310.287s] aco: ants_generation_and_activity done, time: 310.287
[310.291s] aco: pheromone_evaporation done, time: 310.291
[310.869s] aco: daemon_actions done, time: 310.869
[310.869s] aco: generation 236 start, time: 310.869
[311.238s] aco: compute_total_information done, time: 311.238
[311.847s] aco: ants_generation_and_activity done, time: 311.847
[311.848s] aco: pheromone_evaporation done, time: 311.848
[312.485s] aco: daemon_actions done, time: 312.485
[312.485s] aco: generation 237 start, time: 312.485
[312.761s] aco: compute_total_information done, time: 312.761
[313.182s] aco: ants_generation_and_activity done, time: 313.182
[313.184s] aco: pheromone_evaporation done, time: 313.184
[313.819s] aco: daemon_actions done, time: 313.819
[313.819s] aco: generation 238 start, time: 313.819
[314.087s] aco: compute_total_information done, time: 314.087
[314.534s] aco: ants_generation_and_activity done, time: 314.534
[314.537s] aco: pheromone_evaporation done, time: 314.537
[315.059s] aco: daemon_actions done, time: 315.059
[315.059s] aco: generation 239 start, time: 315.059
[315.339s] aco: compute_total_information done, time: 315.339
[315.687s] aco: ants_generation_and_activity done, time: 315.687
[315.690s] aco: pheromone_evaporation done, time: 315.69
[316.232s] aco: daemon_actions done, time: 316.232
[316.233s] aco: generation 240 start, time: 316.233
[316.509s] aco: compute_total_information done, time: 316.509
[316.834s] aco: ants_generation_and_activity done, time: 316.834
[316.837s] aco: pheromone_evaporation done, time: 316.837
[317.393s] aco: daemon_actions done, time: 317.393
[317.393s] aco: generation 241 start, time: 317.393
[317.664s] aco: compute_total_information done, time: 317.664
[318.076s] aco: ants_generation_and_activity done, time: 318.076
[318.080s] aco: pheromone_evaporation done, time: 318.08
[318.642s] aco: daemon_actions done, time: 318.642
[318.642s] aco: generation 242 start, time: 318.642
[319.068s] aco: compute_total_information done, time: 319.067
[319.746s] aco: ants_generation_and_activity done, time: 319.746
[319.756s] aco: pheromone_evaporation done, time: 319.755
[321.380s] aco: daemon_actions done, time: 321.38
[321.380s] aco: generation 243 start, time: 321.38
[322.235s] aco: compute_total_information done, time: 322.235
[323.230s] aco: ants_generation_and_activity done, time: 323.23
[323.234s] aco: pheromone_evaporation done, time: 323.234
[324.476s] aco: daemon_actions done, time: 324.476
[324.476s] aco: generation 244 start, time: 324.476
[325.183s] aco: compute_total_information done, time: 325.183
[325.813s] aco: ants_generation_and_activity done, time: 325.812
[325.816s] aco: pheromone_evaporation done, time: 325.816
[326.746s] aco: daemon_actions done, time: 326.746
[326.746s] aco: generation 245 start, time: 326.746
[327.126s] aco: compute_total_information done, time: 327.126
[327.655s] aco: ants_generation_and_activity done, time: 327.655
[327.656s] aco: pheromone_evaporation done, time: 327.656
[328.497s] aco: daemon_actions done, time: 328.497
[328.497s] aco: generation 246 start, time: 328.497
[328.975s] aco: compute_total_information done, time: 328.975
[329.630s] aco: ants_generation_and_activity done, time: 329.63
[329.631s] aco: pheromone_evaporation done, time: 329.631
[330.494s] aco: daemon_actions done, time: 330.494
[330.494s] aco: generation 247 start, time: 330.494
[330.932s] aco: compute_total_information done, time: 330.932
[331.439s] aco: ants_generation_and_activity done, time: 331.439
[331.442s] aco: pheromone_evaporation done, time: 331.442
[332.078s] aco: daemon_actions done, time: 332.078
[332.078s] aco: generation 248 start, time: 332.078
[332.472s] aco: compute_total_information done, time: 332.472
[332.858s] aco: ants_generation_and_activity done, time: 332.858
[332.862s] aco: pheromone_evaporation done, time: 332.862
[333.342s] aco: daemon_actions done, time: 333.342
[333.342s] aco: generation 249 start, time: 333.342
[333.700s] aco: compute_total_information done, time: 333.7
[334.069s] aco: ants_generation_and_activity done, time: 334.069
[334.073s] aco: pheromone_evaporation done, time: 334.073
[334.567s] aco: daemon_actions done, time: 334.567
[334.567s] aco: generation 250 start, time: 334.567
[334.844s] aco: compute_total_information done, time: 334.844
[335.182s] aco: ants_generation_and_activity done, time: 335.182
[335.184s] aco: pheromone_evaporation done, time: 335.184
[335.739s] aco: daemon_actions done, time: 335.739
[335.739s] aco: generation 251 start, time: 335.739
[336.020s] aco: compute_total_information done, time: 336.02
[336.362s] aco: ants_generation_and_activity done, time: 336.362
[336.365s] aco: pheromone_evaporation done, time: 336.365
[336.842s] aco: daemon_actions done, time: 336.842
[336.842s] aco: generation 252 start, time: 336.842
[337.117s] aco: compute_total_information done, time: 337.117
[337.466s] aco: ants_generation_and_activity done, time: 337.466
[337.467s] aco: pheromone_evaporation done, time: 337.467
[338.053s] aco: daemon_actions done, time: 338.053
[338.053s] aco: generation 253 start, time: 338.053
[338.331s] aco: compute_total_information done, time: 338.331
[338.721s] aco: ants_generation_and_activity done, time: 338.721
[338.724s] aco: pheromone_evaporation done, time: 338.724
[339.401s] aco: daemon_actions done, time: 339.401
[339.401s] aco: generation 254 start, time: 339.401
[339.710s] aco: compute_total_information done, time: 339.71
[340.088s] aco: ants_generation_and_activity done, time: 340.088
[340.091s] aco: pheromone_evaporation done, time: 340.091
[340.596s] aco: daemon_actions done, time: 340.596
[340.596s] aco: generation 255 start, time: 340.596
[340.910s] aco: compute_total_information done, time: 340.91
[341.268s] aco: ants_generation_and_activity done, time: 341.268
[341.272s] aco: pheromone_evaporation done, time: 341.272
[341.763s] aco: daemon_actions done, time: 341.763
[341.763s] aco: generation 256 start, time: 341.763
[342.052s] aco: compute_total_information done, time: 342.052
[342.381s] aco: ants_generation_and_activity done, time: 342.381
[342.385s] aco: pheromone_evaporation done, time: 342.385
[342.875s] aco: daemon_actions done, time: 342.875
[342.875s] aco: generation 257 start, time: 342.875
[343.207s] aco: compute_total_information done, time: 343.207
[343.557s] aco: ants_generation_and_activity done, time: 343.557
[343.560s] aco: pheromone_evaporation done, time: 343.56
[344.094s] aco: daemon_actions done, time: 344.094
[344.094s] aco: generation 258 start, time: 344.094
[344.411s] aco: compute_total_information done, time: 344.411
[344.789s] aco: ants_generation_and_activity done, time: 344.789
[344.791s] aco: pheromone_evaporation done, time: 344.791
[345.312s] aco: daemon_actions done, time: 345.312
[345.312s] aco: generation 259 start, time: 345.312
[345.585s] aco: compute_total_information done, time: 345.585
[345.940s] aco: ants_generation_and_activity done, time: 345.94
[345.943s] aco: pheromone_evaporation done, time: 345.943
[346.526s] aco: daemon_actions done, time: 346.526
[346.526s] aco: generation 260 start, time: 346.526
[346.887s] aco: compute_total_information done, time: 346.887
[347.245s] aco: ants_generation_and_activity done, time: 347.245
[347.248s] aco: pheromone_evaporation done, time: 347.248
[347.768s] aco: daemon_actions done, time: 347.768
[347.768s] aco: generation 261 start, time: 347.768
[348.438s] aco: compute_total_information done, time: 348.438
[348.836s] aco: ants_generation_and_activity done, time: 348.836
[348.839s] aco: pheromone_evaporation done, time: 348.839
[349.437s] aco: daemon_actions done, time: 349.437
[349.437s] aco: generation 262 start, time: 349.437
[349.808s] aco: compute_total_information done, time: 349.808
[350.189s] aco: ants_generation_and_activity done, time: 350.189
[350.194s] aco: pheromone_evaporation done, time: 350.194
[350.945s] aco: daemon_actions done, time: 350.945
[350.945s] aco: generation 263 start, time: 350.945
[351.248s] aco: compute_total_information done, time: 351.248
[351.621s] aco: ants_generation_and_activity done, time: 351.621
[351.625s] aco: pheromone_evaporation done, time: 351.625
[352.115s] aco: daemon_actions done, time: 352.115
[352.115s] aco: generation 264 start, time: 352.115
[352.387s] aco: compute_total_information done, time: 352.387
[352.729s] aco: ants_generation_and_activity done, time: 352.729
[352.732s] aco: pheromone_evaporation done, time: 352.732
[353.220s] aco: daemon_actions done, time: 353.22
[353.220s] aco: generation 265 start, time: 353.22
[353.489s] aco: compute_total_information done, time: 353.489
[353.818s] aco: ants_generation_and_activity done, time: 353.818
[353.823s] aco: pheromone_evaporation done, time: 353.823
[354.355s] aco: daemon_actions done, time: 354.355
[354.355s] aco: generation 266 start, time: 354.355
[354.634s] aco: compute_total_information done, time: 354.634
[354.974s] aco: ants_generation_and_activity done, time: 354.974
[354.978s] aco: pheromone_evaporation done, time: 354.978
[355.478s] aco: daemon_actions done, time: 355.478
[355.478s] aco: generation 267 start, time: 355.478
[355.752s] aco: compute_total_information done, time: 355.752
[356.080s] aco: ants_generation_and_activity done, time: 356.08
[356.084s] aco: pheromone_evaporation done, time: 356.084
[356.563s] aco: daemon_actions done, time: 356.563
[356.563s] aco: generation 268 start, time: 356.563
[356.835s] aco: compute_total_information done, time: 356.835
[357.171s] aco: ants_generation_and_activity done, time: 357.171
[357.174s] aco: pheromone_evaporation done, time: 357.174
[357.665s] aco: daemon_actions done, time: 357.665
[357.665s] aco: generation 269 start, time: 357.665
[358.025s] aco: compute_total_information done, time: 358.025
[358.364s] aco: ants_generation_and_activity done, time: 358.364
[358.367s] aco: pheromone_evaporation done, time: 358.367
[358.888s] aco: daemon_actions done, time: 358.888
[358.888s] aco: generation 270 start, time: 358.888
[359.183s] aco: compute_total_information done, time: 359.183
[359.540s] aco: ants_generation_and_activity done, time: 359.54
[359.544s] aco: pheromone_evaporation done, time: 359.544
[360.029s] aco: daemon_actions done, time: 360.029
[360.029s] aco: generation 271 start, time: 360.029
[360.327s] aco: compute_total_information done, time: 360.327
[360.696s] aco: ants_generation_and_activity done, time: 360.696
[360.698s] aco: pheromone_evaporation done, time: 360.698
[361.218s] aco: daemon_actions done, time: 361.218
[361.218s] aco: generation 272 start, time: 361.218
[361.518s] aco: compute_total_information done, time: 361.518
[361.884s] aco: ants_generation_and_activity done, time: 361.884
[361.887s] aco: pheromone_evaporation done, time: 361.887
[362.372s] aco: daemon_actions done, time: 362.372
[362.372s] aco: generation 273 start, time: 362.372
[362.643s] aco: compute_total_information done, time: 362.642
[362.981s] aco: ants_generation_and_activity done, time: 362.981
[362.985s] aco: pheromone_evaporation done, time: 362.985
[363.480s] aco: daemon_actions done, time: 363.48
[363.480s] aco: generation 274 start, time: 363.48
[363.753s] aco: compute_total_information done, time: 363.753
[364.079s] aco: ants_generation_and_activity done, time: 364.079
[364.082s] aco: pheromone_evaporation done, time: 364.082
[364.617s] aco: daemon_actions done, time: 364.617
[364.618s] aco: generation 275 start, time: 364.618
[364.887s] aco: compute_total_information done, time: 364.887
[365.277s] aco: ants_generation_and_activity done, time: 365.277
[365.280s] aco: pheromone_evaporation done, time: 365.28
[365.765s] aco: daemon_actions done, time: 365.765
[365.765s] aco: generation 276 start, time: 365.765
[366.034s] aco: compute_total_information done, time: 366.034
[366.371s] aco: ants_generation_and_activity done, time: 366.371
[366.374s] aco: pheromone_evaporation done, time: 366.374
[366.852s] aco: daemon_actions done, time: 366.852
[366.852s] aco: generation 277 start, time: 366.852
[367.128s] aco: compute_total_information done, time: 367.128
[367.472s] aco: ants_generation_and_activity done, time: 367.472
[367.476s] aco: pheromone_evaporation done, time: 367.476
[367.957s] aco: daemon_actions done, time: 367.957
[367.957s] aco: generation 278 start, time: 367.957
[368.228s] aco: compute_total_information done, time: 368.228
[368.563s] aco: ants_generation_and_activity done, time: 368.563
[368.566s] aco: pheromone_evaporation done, time: 368.566
[369.138s] aco: daemon_actions done, time: 369.138
[369.138s] aco: generation 279 start, time: 369.138
[369.412s] aco: compute_total_information done, time: 369.412
[369.748s] aco: ants_generation_and_activity done, time: 369.748
[369.753s] aco: pheromone_evaporation done, time: 369.753
[370.232s] aco: daemon_actions done, time: 370.232
[370.232s] aco: generation 280 start, time: 370.232
[370.500s] aco: compute_total_information done, time: 370.5
[370.850s] aco: ants_generation_and_activity done, time: 370.85
[370.852s] aco: pheromone_evaporation done, time: 370.852
[371.329s] aco: daemon_actions done, time: 371.329
[371.329s] aco: generation 281 start, time: 371.329
[371.618s] aco: compute_total_information done, time: 371.618
[371.953s] aco: ants_generation_and_activity done, time: 371.953
[371.956s] aco: pheromone_evaporation done, time: 371.956
[372.434s] aco: daemon_actions done, time: 372.434
[372.434s] aco: generation 282 start, time: 372.434
[372.751s] aco: compute_total_information done, time: 372.751
[373.125s] aco: ants_generation_and_activity done, time: 373.125
[373.128s] aco: pheromone_evaporation done, time: 373.128
[373.605s] aco: daemon_actions done, time: 373.605
[373.605s] aco: generation 283 start, time: 373.605
[373.873s] aco: compute_total_information done, time: 373.873
[374.222s] aco: ants_generation_and_activity done, time: 374.222
[374.226s] aco: pheromone_evaporation done, time: 374.226
[374.751s] aco: daemon_actions done, time: 374.751
[374.751s] aco: generation 284 start, time: 374.751
[375.017s] aco: compute_total_information done, time: 375.017
[375.348s] aco: ants_generation_and_activity done, time: 375.348
[375.351s] aco: pheromone_evaporation done, time: 375.351
[375.842s] aco: daemon_actions done, time: 375.842
[375.842s] aco: generation 285 start, time: 375.842
[376.110s] aco: compute_total_information done, time: 376.11
[376.485s] aco: ants_generation_and_activity done, time: 376.485
[376.490s] aco: pheromone_evaporation done, time: 376.49
[376.964s] aco: daemon_actions done, time: 376.964
[376.964s] aco: generation 286 start, time: 376.964
[377.236s] aco: compute_total_information done, time: 377.236
[377.562s] aco: ants_generation_and_activity done, time: 377.562
[377.565s] aco: pheromone_evaporation done, time: 377.565
[378.040s] aco: daemon_actions done, time: 378.04
[378.040s] aco: generation 287 start, time: 378.04
[378.314s] aco: compute_total_information done, time: 378.314
[378.663s] aco: ants_generation_and_activity done, time: 378.663
[378.666s] aco: pheromone_evaporation done, time: 378.666
[379.152s] aco: daemon_actions done, time: 379.152
[379.152s] aco: generation 288 start, time: 379.152
[379.460s] aco: compute_total_information done, time: 379.46
[379.852s] aco: ants_generation_and_activity done, time: 379.852
[379.855s] aco: pheromone_evaporation done, time: 379.855
[380.390s] aco: daemon_actions done, time: 380.39
[380.390s] aco: generation 289 start, time: 380.39
[380.673s] aco: compute_total_information done, time: 380.673
[381.011s] aco: ants_generation_and_activity done, time: 381.011
[381.014s] aco: pheromone_evaporation done, time: 381.014
[381.530s] aco: daemon_actions done, time: 381.53
[381.530s] aco: generation 290 start, time: 381.53
[381.803s] aco: compute_total_information done, time: 381.803
[382.223s] aco: ants_generation_and_activity done, time: 382.223
[382.225s] aco: pheromone_evaporation done, time: 382.225
[382.836s] aco: daemon_actions done, time: 382.836
[382.837s] aco: generation 291 start, time: 382.837
[383.205s] aco: compute_total_information done, time: 383.205
[383.634s] aco: ants_generation_and_activity done, time: 383.634
[383.638s] aco: pheromone_evaporation done, time: 383.638
[384.299s] aco: daemon_actions done, time: 384.299
[384.301s] aco: generation 292 start, time: 384.301
[384.691s] aco: compute_total_information done, time: 384.691
[385.174s] aco: ants_generation_and_activity done, time: 385.174
[385.178s] aco: pheromone_evaporation done, time: 385.178
[385.887s] aco: daemon_actions done, time: 385.887
[385.887s] aco: generation 293 start, time: 385.887
[386.310s] aco: compute_total_information done, time: 386.31
[386.761s] aco: ants_generation_and_activity done, time: 386.761
[386.765s] aco: pheromone_evaporation done, time: 386.765
[387.368s] aco: daemon_actions done, time: 387.368
[387.368s] aco: generation 294 start, time: 387.368
[387.763s] aco: compute_total_information done, time: 387.763
[388.155s] aco: ants_generation_and_activity done, time: 388.155
[388.158s] aco: pheromone_evaporation done, time: 388.158
[388.642s] aco: daemon_actions done, time: 388.642
[388.642s] aco: generation 295 start, time: 388.642
[388.945s] aco: compute_total_information done, time: 388.945
[389.293s] aco: ants_generation_and_activity done, time: 389.293
[389.296s] aco: pheromone_evaporation done, time: 389.296
[389.784s] aco: daemon_actions done, time: 389.784
[389.784s] aco: generation 296 start, time: 389.784
[390.054s] aco: compute_total_information done, time: 390.054
[390.395s] aco: ants_generation_and_activity done, time: 390.395
[390.398s] aco: pheromone_evaporation done, time: 390.398
[390.882s] aco: daemon_actions done, time: 390.882
[390.882s] aco: generation 297 start, time: 390.882
[391.159s] aco: compute_total_information done, time: 391.159
[391.551s] aco: ants_generation_and_activity done, time: 391.551
[391.555s] aco: pheromone_evaporation done, time: 391.555
[392.045s] aco: daemon_actions done, time: 392.045
[392.046s] aco: generation 298 start, time: 392.046
[392.316s] aco: compute_total_information done, time: 392.316
[392.656s] aco: ants_generation_and_activity done, time: 392.656
[392.659s] aco: pheromone_evaporation done, time: 392.659
[393.156s] aco: daemon_actions done, time: 393.156
[393.156s] aco: generation 299 start, time: 393.156
[393.482s] aco: compute_total_information done, time: 393.482
[393.855s] aco: ants_generation_and_activity done, time: 393.855
[393.859s] aco: pheromone_evaporation done, time: 393.859
[394.382s] aco: daemon_actions done, time: 394.382
[394.382s] aco: generation 300 start, time: 394.382
[394.665s] aco: compute_total_information done, time: 394.665
[395.073s] aco: ants_generation_and_activity done, time: 395.073
[395.077s] aco: pheromone_evaporation done, time: 395.077
[395.594s] aco: daemon_actions done, time: 395.594
[395.594s] aco: generation 301 start, time: 395.594
[395.873s] aco: compute_total_information done, time: 395.873
[396.210s] aco: ants_generation_and_activity done, time: 396.21
[396.214s] aco: pheromone_evaporation done, time: 396.214
[396.735s] aco: daemon_actions done, time: 396.735
[396.735s] aco: generation 302 start, time: 396.735
[397.008s] aco: compute_total_information done, time: 397.008
[397.349s] aco: ants_generation_and_activity done, time: 397.349
[397.349s] aco: pheromone_evaporation done, time: 397.349
[397.892s] aco: daemon_actions done, time: 397.892
[397.892s] aco: generation 303 start, time: 397.892
[398.206s] aco: compute_total_information done, time: 398.206
[398.555s] aco: ants_generation_and_activity done, time: 398.555
[398.559s] aco: pheromone_evaporation done, time: 398.559
[399.073s] aco: daemon_actions done, time: 399.073
[399.073s] aco: generation 304 start, time: 399.073
[399.345s] aco: compute_total_information done, time: 399.345
[399.679s] aco: ants_generation_and_activity done, time: 399.679
[399.682s] aco: pheromone_evaporation done, time: 399.682
[400.275s] aco: daemon_actions done, time: 400.275
[400.275s] aco: generation 305 start, time: 400.275
[400.557s] aco: compute_total_information done, time: 400.556
[400.893s] aco: ants_generation_and_activity done, time: 400.893
[400.896s] aco: pheromone_evaporation done, time: 400.896
[401.375s] aco: daemon_actions done, time: 401.375
[401.375s] aco: generation 306 start, time: 401.375
[401.657s] aco: compute_total_information done, time: 401.657
[401.988s] aco: ants_generation_and_activity done, time: 401.988
[401.992s] aco: pheromone_evaporation done, time: 401.992
[402.510s] aco: daemon_actions done, time: 402.51
[402.510s] aco: generation 307 start, time: 402.51
[402.788s] aco: compute_total_information done, time: 402.788
[403.112s] aco: ants_generation_and_activity done, time: 403.112
[403.116s] aco: pheromone_evaporation done, time: 403.116
[403.590s] aco: daemon_actions done, time: 403.59
[403.590s] aco: generation 308 start, time: 403.59
[403.855s] aco: compute_total_information done, time: 403.855
[404.189s] aco: ants_generation_and_activity done, time: 404.189
[404.193s] aco: pheromone_evaporation done, time: 404.193
[404.699s] aco: daemon_actions done, time: 404.699
[404.699s] aco: generation 309 start, time: 404.699
[405.056s] aco: compute_total_information done, time: 405.056
[405.459s] aco: ants_generation_and_activity done, time: 405.459
[405.462s] aco: pheromone_evaporation done, time: 405.462
[406.011s] aco: daemon_actions done, time: 406.011
[406.011s] aco: generation 310 start, time: 406.011
[406.343s] aco: compute_total_information done, time: 406.342
[406.685s] aco: ants_generation_and_activity done, time: 406.685
[406.690s] aco: pheromone_evaporation done, time: 406.69
[407.215s] aco: daemon_actions done, time: 407.215
[407.215s] aco: generation 311 start, time: 407.215
[407.566s] aco: compute_total_information done, time: 407.566
[408.041s] aco: ants_generation_and_activity done, time: 408.041
[408.045s] aco: pheromone_evaporation done, time: 408.045
[408.652s] aco: daemon_actions done, time: 408.652
[408.652s] aco: generation 312 start, time: 408.652
[409.024s] aco: compute_total_information done, time: 409.024
[409.560s] aco: ants_generation_and_activity done, time: 409.56
[409.561s] aco: pheromone_evaporation done, time: 409.561
[410.298s] aco: daemon_actions done, time: 410.298
[410.298s] aco: generation 313 start, time: 410.298
[410.656s] aco: compute_total_information done, time: 410.656
[411.067s] aco: ants_generation_and_activity done, time: 411.067
[411.072s] aco: pheromone_evaporation done, time: 411.072
[411.677s] aco: daemon_actions done, time: 411.677
[411.677s] aco: generation 314 start, time: 411.677
[412.037s] aco: compute_total_information done, time: 412.037
[412.429s] aco: ants_generation_and_activity done, time: 412.429
[412.431s] aco: pheromone_evaporation done, time: 412.431
[413.005s] aco: daemon_actions done, time: 413.005
[413.005s] aco: generation 315 start, time: 413.005
[413.285s] aco: compute_total_information done, time: 413.285
[413.667s] aco: ants_generation_and_activity done, time: 413.667
[413.670s] aco: pheromone_evaporation done, time: 413.67
[414.154s] aco: daemon_actions done, time: 414.154
[414.154s] aco: generation 316 start, time: 414.154
[414.423s] aco: compute_total_information done, time: 414.423
[414.756s] aco: ants_generation_and_activity done, time: 414.756
[414.759s] aco: pheromone_evaporation done, time: 414.759
[415.276s] aco: daemon_actions done, time: 415.276
[415.276s] aco: generation 317 start, time: 415.276
[415.557s] aco: compute_total_information done, time: 415.557
[415.898s] aco: ants_generation_and_activity done, time: 415.898
[415.900s] aco: pheromone_evaporation done, time: 415.9
[416.380s] aco: daemon_actions done, time: 416.38
[416.380s] aco: generation 318 start, time: 416.38
[416.654s] aco: compute_total_information done, time: 416.654
[416.992s] aco: ants_generation_and_activity done, time: 416.992
[416.996s] aco: pheromone_evaporation done, time: 416.996
[417.519s] aco: daemon_actions done, time: 417.519
[417.519s] aco: generation 319 start, time: 417.519
[417.787s] aco: compute_total_information done, time: 417.787
[418.115s] aco: ants_generation_and_activity done, time: 418.115
[418.119s] aco: pheromone_evaporation done, time: 418.119
[418.598s] aco: daemon_actions done, time: 418.598
[418.598s] aco: generation 320 start, time: 418.598
[418.870s] aco: compute_total_information done, time: 418.87
[419.205s] aco: ants_generation_and_activity done, time: 419.205
[419.208s] aco: pheromone_evaporation done, time: 419.208
[419.700s] aco: daemon_actions done, time: 419.7
[419.700s] aco: generation 321 start, time: 419.7
[419.975s] aco: compute_total_information done, time: 419.975
[420.307s] aco: ants_generation_and_activity done, time: 420.307
[420.309s] aco: pheromone_evaporation done, time: 420.309
[420.850s] aco: daemon_actions done, time: 420.85
[420.850s] aco: generation 322 start, time: 420.85
[421.178s] aco: compute_total_information done, time: 421.178
[421.503s] aco: ants_generation_and_activity done, time: 421.503
[421.507s] aco: pheromone_evaporation done, time: 421.507
[422.027s] aco: daemon_actions done, time: 422.027
[422.027s] aco: generation 323 start, time: 422.027
[422.334s] aco: compute_total_information done, time: 422.334
[422.757s] aco: ants_generation_and_activity done, time: 422.757
[422.762s] aco: pheromone_evaporation done, time: 422.762
[423.448s] aco: daemon_actions done, time: 423.448
[423.448s] aco: generation 324 start, time: 423.448
[423.846s] aco: compute_total_information done, time: 423.846
[424.264s] aco: ants_generation_and_activity done, time: 424.264
[424.268s] aco: pheromone_evaporation done, time: 424.268
[425.068s] aco: daemon_actions done, time: 425.068
[425.068s] aco: generation 325 start, time: 425.068
[425.562s] aco: compute_total_information done, time: 425.562
[426.097s] aco: ants_generation_and_activity done, time: 426.097
[426.098s] aco: pheromone_evaporation done, time: 426.098
[426.857s] aco: daemon_actions done, time: 426.857
[426.857s] aco: generation 326 start, time: 426.857
[427.314s] aco: compute_total_information done, time: 427.314
[427.844s] aco: ants_generation_and_activity done, time: 427.844
[427.846s] aco: pheromone_evaporation done, time: 427.846
[428.660s] aco: daemon_actions done, time: 428.66
[428.660s] aco: generation 327 start, time: 428.66
[429.102s] aco: compute_total_information done, time: 429.102
[429.547s] aco: ants_generation_and_activity done, time: 429.547
[429.550s] aco: pheromone_evaporation done, time: 429.55
[430.180s] aco: daemon_actions done, time: 430.18
[430.180s] aco: generation 328 start, time: 430.18
[430.542s] aco: compute_total_information done, time: 430.542
[430.992s] aco: ants_generation_and_activity done, time: 430.992
[430.997s] aco: pheromone_evaporation done, time: 430.997
[431.649s] aco: daemon_actions done, time: 431.649
[431.650s] aco: generation 329 start, time: 431.65
[432.035s] aco: compute_total_information done, time: 432.035
[432.515s] aco: ants_generation_and_activity done, time: 432.515
[432.518s] aco: pheromone_evaporation done, time: 432.518
[433.147s] aco: daemon_actions done, time: 433.147
[433.147s] aco: generation 330 start, time: 433.147
[433.509s] aco: compute_total_information done, time: 433.509
[433.947s] aco: ants_generation_and_activity done, time: 433.947
[433.948s] aco: pheromone_evaporation done, time: 433.948
[434.585s] aco: daemon_actions done, time: 434.585
[434.585s] aco: generation 331 start, time: 434.585
[434.979s] aco: compute_total_information done, time: 434.979
[435.686s] aco: ants_generation_and_activity done, time: 435.686
[435.688s] aco: pheromone_evaporation done, time: 435.688
[436.527s] aco: daemon_actions done, time: 436.527
[436.527s] aco: generation 332 start, time: 436.527
[436.884s] aco: compute_total_information done, time: 436.884
[437.334s] aco: ants_generation_and_activity done, time: 437.334
[437.338s] aco: pheromone_evaporation done, time: 437.338
[437.973s] aco: daemon_actions done, time: 437.973
[437.973s] aco: generation 333 start, time: 437.973
[438.318s] aco: compute_total_information done, time: 438.318
[438.758s] aco: ants_generation_and_activity done, time: 438.758
[438.762s] aco: pheromone_evaporation done, time: 438.762
[439.392s] aco: daemon_actions done, time: 439.392
[439.392s] aco: generation 334 start, time: 439.392
[439.783s] aco: compute_total_information done, time: 439.783
[440.242s] aco: ants_generation_and_activity done, time: 440.242
[440.246s] aco: pheromone_evaporation done, time: 440.246
[440.871s] aco: daemon_actions done, time: 440.871
[440.871s] aco: generation 335 start, time: 440.871
[441.215s] aco: compute_total_information done, time: 441.215
[441.663s] aco: ants_generation_and_activity done, time: 441.663
[441.665s] aco: pheromone_evaporation done, time: 441.665
[442.294s] aco: daemon_actions done, time: 442.294
[442.294s] aco: generation 336 start, time: 442.294
[442.673s] aco: compute_total_information done, time: 442.673
[443.120s] aco: ants_generation_and_activity done, time: 443.12
[443.123s] aco: pheromone_evaporation done, time: 443.123
[443.779s] aco: daemon_actions done, time: 443.779
[443.779s] aco: generation 337 start, time: 443.779
[444.445s] aco: compute_total_information done, time: 444.445
[444.893s] aco: ants_generation_and_activity done, time: 444.893
[444.897s] aco: pheromone_evaporation done, time: 444.897
[445.863s] aco: daemon_actions done, time: 445.863
[445.863s] aco: generation 338 start, time: 445.863
[446.212s] aco: compute_total_information done, time: 446.212
[446.630s] aco: ants_generation_and_activity done, time: 446.63
[446.634s] aco: pheromone_evaporation done, time: 446.634
[447.298s] aco: daemon_actions done, time: 447.298
[447.298s] aco: generation 339 start, time: 447.298
[447.652s] aco: compute_total_information done, time: 447.652
[448.066s] aco: ants_generation_and_activity done, time: 448.066
[448.070s] aco: pheromone_evaporation done, time: 448.07
[448.843s] aco: daemon_actions done, time: 448.843
[448.843s] aco: generation 340 start, time: 448.843
[449.243s] aco: compute_total_information done, time: 449.243
[449.688s] aco: ants_generation_and_activity done, time: 449.688
[449.692s] aco: pheromone_evaporation done, time: 449.692
[450.308s] aco: daemon_actions done, time: 450.308
[450.308s] aco: generation 341 start, time: 450.308
[450.637s] aco: compute_total_information done, time: 450.637
[451.121s] aco: ants_generation_and_activity done, time: 451.121
[451.125s] aco: pheromone_evaporation done, time: 451.125
[451.734s] aco: daemon_actions done, time: 451.734
[451.734s] aco: generation 342 start, time: 451.734
[452.048s] aco: compute_total_information done, time: 452.048
[452.479s] aco: ants_generation_and_activity done, time: 452.479
[452.481s] aco: pheromone_evaporation done, time: 452.481
[453.105s] aco: daemon_actions done, time: 453.105
[453.106s] aco: generation 343 start, time: 453.106
[453.433s] aco: compute_total_information done, time: 453.433
[453.882s] aco: ants_generation_and_activity done, time: 453.882
[453.887s] aco: pheromone_evaporation done, time: 453.886
[454.499s] aco: daemon_actions done, time: 454.499
[454.499s] aco: generation 344 start, time: 454.499
[454.954s] aco: compute_total_information done, time: 454.954
[455.472s] aco: ants_generation_and_activity done, time: 455.472
[455.477s] aco: pheromone_evaporation done, time: 455.477
[456.272s] aco: daemon_actions done, time: 456.272
[456.272s] aco: generation 345 start, time: 456.272
[456.711s] aco: compute_total_information done, time: 456.711
[457.233s] aco: ants_generation_and_activity done, time: 457.233
[457.238s] aco: pheromone_evaporation done, time: 457.238
[458.034s] aco: daemon_actions done, time: 458.034
[458.034s] aco: generation 346 start, time: 458.034
[458.555s] aco: compute_total_information done, time: 458.555
[459.092s] aco: ants_generation_and_activity done, time: 459.092
[459.096s] aco: pheromone_evaporation done, time: 459.096
[459.879s] aco: daemon_actions done, time: 459.879
[459.879s] aco: generation 347 start, time: 459.879
[460.324s] aco: compute_total_information done, time: 460.324
[460.846s] aco: ants_generation_and_activity done, time: 460.846
[460.850s] aco: pheromone_evaporation done, time: 460.85
[461.610s] aco: daemon_actions done, time: 461.61
[461.610s] aco: generation 348 start, time: 461.61
[462.114s] aco: compute_total_information done, time: 462.114
[462.611s] aco: ants_generation_and_activity done, time: 462.611
[462.616s] aco: pheromone_evaporation done, time: 462.616
[463.281s] aco: daemon_actions done, time: 463.281
[463.281s] aco: generation 349 start, time: 463.281
[463.655s] aco: compute_total_information done, time: 463.655
[464.136s] aco: ants_generation_and_activity done, time: 464.136
[464.138s] aco: pheromone_evaporation done, time: 464.138
[464.761s] aco: daemon_actions done, time: 464.761
[464.762s] aco: generation 350 start, time: 464.762
[465.127s] aco: compute_total_information done, time: 465.127
[465.574s] aco: ants_generation_and_activity done, time: 465.574
[465.575s] aco: pheromone_evaporation done, time: 465.575
[466.218s] aco: daemon_actions done, time: 466.218
[466.218s] aco: generation 351 start, time: 466.218
[466.562s] aco: compute_total_information done, time: 466.562
[466.982s] aco: ants_generation_and_activity done, time: 466.982
[466.984s] aco: pheromone_evaporation done, time: 466.984
[467.608s] aco: daemon_actions done, time: 467.608
[467.608s] aco: generation 352 start, time: 467.608
[467.960s] aco: compute_total_information done, time: 467.96
[468.404s] aco: ants_generation_and_activity done, time: 468.404
[468.408s] aco: pheromone_evaporation done, time: 468.408
[469.032s] aco: daemon_actions done, time: 469.032
[469.032s] aco: generation 353 start, time: 469.032
[469.388s] aco: compute_total_information done, time: 469.388
[469.923s] aco: ants_generation_and_activity done, time: 469.923
[469.925s] aco: pheromone_evaporation done, time: 469.925
[470.576s] aco: daemon_actions done, time: 470.576
[470.576s] aco: generation 354 start, time: 470.576
[471.087s] aco: compute_total_information done, time: 471.087
[471.536s] aco: ants_generation_and_activity done, time: 471.536
[471.540s] aco: pheromone_evaporation done, time: 471.54
[472.183s] aco: daemon_actions done, time: 472.183
[472.183s] aco: generation 355 start, time: 472.183
[472.536s] aco: compute_total_information done, time: 472.536
[472.959s] aco: ants_generation_and_activity done, time: 472.959
[472.963s] aco: pheromone_evaporation done, time: 472.963
[473.647s] aco: daemon_actions done, time: 473.647
[473.647s] aco: generation 356 start, time: 473.647
[474.002s] aco: compute_total_information done, time: 474.002
[474.440s] aco: ants_generation_and_activity done, time: 474.44
[474.444s] aco: pheromone_evaporation done, time: 474.444
[475.072s] aco: daemon_actions done, time: 475.072
[475.072s] aco: generation 357 start, time: 475.072
[475.445s] aco: compute_total_information done, time: 475.445
[475.945s] aco: ants_generation_and_activity done, time: 475.945
[475.947s] aco: pheromone_evaporation done, time: 475.947
[476.597s] aco: daemon_actions done, time: 476.597
[476.597s] aco: generation 358 start, time: 476.597
[476.959s] aco: compute_total_information done, time: 476.959
[477.442s] aco: ants_generation_and_activity done, time: 477.442
[477.445s] aco: pheromone_evaporation done, time: 477.445
[478.085s] aco: daemon_actions done, time: 478.085
[478.085s] aco: generation 359 start, time: 478.085
[478.448s] aco: compute_total_information done, time: 478.448
[478.875s] aco: ants_generation_and_activity done, time: 478.875
[478.878s] aco: pheromone_evaporation done, time: 478.878
[479.493s] aco: daemon_actions done, time: 479.493
[479.493s] aco: generation 360 start, time: 479.493
[479.848s] aco: compute_total_information done, time: 479.848
[480.314s] aco: ants_generation_and_activity done, time: 480.314
[480.316s] aco: pheromone_evaporation done, time: 480.316
[481.074s] aco: daemon_actions done, time: 481.074
[481.074s] aco: generation 361 start, time: 481.074
[481.436s] aco: compute_total_information done, time: 481.436
[481.887s] aco: ants_generation_and_activity done, time: 481.887
[481.891s] aco: pheromone_evaporation done, time: 481.891
[482.587s] aco: daemon_actions done, time: 482.587
[482.587s] aco: generation 362 start, time: 482.587
[483.070s] aco: compute_total_information done, time: 483.07
[483.677s] aco: ants_generation_and_activity done, time: 483.677
[483.680s] aco: pheromone_evaporation done, time: 483.68
[484.447s] aco: daemon_actions done, time: 484.447
[484.447s] aco: generation 363 start, time: 484.447
[484.944s] aco: compute_total_information done, time: 484.944
[485.525s] aco: ants_generation_and_activity done, time: 485.525
[485.526s] aco: pheromone_evaporation done, time: 485.526
[486.297s] aco: daemon_actions done, time: 486.297
[486.297s] aco: generation 364 start, time: 486.297
[486.742s] aco: compute_total_information done, time: 486.742
[487.262s] aco: ants_generation_and_activity done, time: 487.262
[487.265s] aco: pheromone_evaporation done, time: 487.265
[488.031s] aco: daemon_actions done, time: 488.031
[488.031s] aco: generation 365 start, time: 488.031
[488.538s] aco: compute_total_information done, time: 488.538
[489.014s] aco: ants_generation_and_activity done, time: 489.014
[489.015s] aco: pheromone_evaporation done, time: 489.015
[489.653s] aco: daemon_actions done, time: 489.653
[489.653s] aco: generation 366 start, time: 489.653
[490.010s] aco: compute_total_information done, time: 490.01
[490.495s] aco: ants_generation_and_activity done, time: 490.495
[490.498s] aco: pheromone_evaporation done, time: 490.498
[491.119s] aco: daemon_actions done, time: 491.119
[491.120s] aco: generation 367 start, time: 491.12
[491.504s] aco: compute_total_information done, time: 491.504
[491.987s] aco: ants_generation_and_activity done, time: 491.987
[491.990s] aco: pheromone_evaporation done, time: 491.989
[492.641s] aco: daemon_actions done, time: 492.641
[492.641s] aco: generation 368 start, time: 492.641
[493.002s] aco: compute_total_information done, time: 493.002
[493.444s] aco: ants_generation_and_activity done, time: 493.444
[493.447s] aco: pheromone_evaporation done, time: 493.447
[494.079s] aco: daemon_actions done, time: 494.079
[494.079s] aco: generation 369 start, time: 494.079
[494.431s] aco: compute_total_information done, time: 494.431
[494.878s] aco: ants_generation_and_activity done, time: 494.878
[494.880s] aco: pheromone_evaporation done, time: 494.88
[495.544s] aco: daemon_actions done, time: 495.544
[495.544s] aco: generation 370 start, time: 495.544
[495.972s] aco: compute_total_information done, time: 495.972
[496.433s] aco: ants_generation_and_activity done, time: 496.433
[496.437s] aco: pheromone_evaporation done, time: 496.437
[497.084s] aco: daemon_actions done, time: 497.084
[497.084s] aco: generation 371 start, time: 497.084
[497.485s] aco: compute_total_information done, time: 497.485
[497.941s] aco: ants_generation_and_activity done, time: 497.941
[497.945s] aco: pheromone_evaporation done, time: 497.945
[498.574s] aco: daemon_actions done, time: 498.574
[498.575s] aco: generation 372 start, time: 498.575
[498.963s] aco: compute_total_information done, time: 498.963
[499.439s] aco: ants_generation_and_activity done, time: 499.439
[499.441s] aco: pheromone_evaporation done, time: 499.441
[500.088s] aco: daemon_actions done, time: 500.088
[500.088s] aco: generation 373 start, time: 500.088
[500.453s] aco: compute_total_information done, time: 500.453
[500.877s] aco: ants_generation_and_activity done, time: 500.877
[500.879s] aco: pheromone_evaporation done, time: 500.879
[501.544s] aco: daemon_actions done, time: 501.544
[501.544s] aco: generation 374 start, time: 501.544
[501.896s] aco: compute_total_information done, time: 501.896
[502.349s] aco: ants_generation_and_activity done, time: 502.349
[502.352s] aco: pheromone_evaporation done, time: 502.352
[503.027s] aco: daemon_actions done, time: 503.027
[503.027s] aco: generation 375 start, time: 503.027
[503.420s] aco: compute_total_information done, time: 503.42
[503.851s] aco: ants_generation_and_activity done, time: 503.851
[503.855s] aco: pheromone_evaporation done, time: 503.855
[504.484s] aco: daemon_actions done, time: 504.484
[504.484s] aco: generation 376 start, time: 504.484
[504.849s] aco: compute_total_information done, time: 504.849
[505.293s] aco: ants_generation_and_activity done, time: 505.293
[505.296s] aco: pheromone_evaporation done, time: 505.296
[505.925s] aco: daemon_actions done, time: 505.925
[505.926s] aco: generation 377 start, time: 505.926
[506.342s] aco: compute_total_information done, time: 506.342
[506.829s] aco: ants_generation_and_activity done, time: 506.829
[506.830s] aco: pheromone_evaporation done, time: 506.83
[507.506s] aco: daemon_actions done, time: 507.506
[507.506s] aco: generation 378 start, time: 507.506
[507.860s] aco: compute_total_information done, time: 507.86
[508.293s] aco: ants_generation_and_activity done, time: 508.293
[508.297s] aco: pheromone_evaporation done, time: 508.297
[508.975s] aco: daemon_actions done, time: 508.975
[508.975s] aco: generation 379 start, time: 508.975
[509.341s] aco: compute_total_information done, time: 509.341
[509.777s] aco: ants_generation_and_activity done, time: 509.777
[509.778s] aco: pheromone_evaporation done, time: 509.778
[510.419s] aco: daemon_actions done, time: 510.419
[510.419s] aco: generation 380 start, time: 510.419
[510.884s] aco: compute_total_information done, time: 510.884
[511.332s] aco: ants_generation_and_activity done, time: 511.332
[511.337s] aco: pheromone_evaporation done, time: 511.337
[511.974s] aco: daemon_actions done, time: 511.974
[511.974s] aco: generation 381 start, time: 511.974
[512.412s] aco: compute_total_information done, time: 512.412
[512.920s] aco: ants_generation_and_activity done, time: 512.92
[512.924s] aco: pheromone_evaporation done, time: 512.924
[513.714s] aco: daemon_actions done, time: 513.714
[513.715s] aco: generation 382 start, time: 513.715
[514.151s] aco: compute_total_information done, time: 514.151
[514.715s] aco: ants_generation_and_activity done, time: 514.715
[514.718s] aco: pheromone_evaporation done, time: 514.718
[515.518s] aco: daemon_actions done, time: 515.518
[515.518s] aco: generation 383 start, time: 515.518
[515.987s] aco: compute_total_information done, time: 515.987
[516.527s] aco: ants_generation_and_activity done, time: 516.527
[516.530s] aco: pheromone_evaporation done, time: 516.53
[517.291s] aco: daemon_actions done, time: 517.291
[517.292s] aco: generation 384 start, time: 517.292
[517.750s] aco: compute_total_information done, time: 517.75
[518.321s] aco: ants_generation_and_activity done, time: 518.321
[518.325s] aco: pheromone_evaporation done, time: 518.325
[519.091s] aco: daemon_actions done, time: 519.091
[519.091s] aco: generation 385 start, time: 519.091
[519.503s] aco: compute_total_information done, time: 519.503
[519.954s] aco: ants_generation_and_activity done, time: 519.954
[519.958s] aco: pheromone_evaporation done, time: 519.958
[520.598s] aco: daemon_actions done, time: 520.598
[520.598s] aco: generation 386 start, time: 520.598
[520.962s] aco: compute_total_information done, time: 520.962
[521.404s] aco: ants_generation_and_activity done, time: 521.404
[521.408s] aco: pheromone_evaporation done, time: 521.408
[522.103s] aco: daemon_actions done, time: 522.103
[522.103s] aco: generation 387 start, time: 522.103
[522.466s] aco: compute_total_information done, time: 522.466
[522.912s] aco: ants_generation_and_activity done, time: 522.912
[522.916s] aco: pheromone_evaporation done, time: 522.916
[523.551s] aco: daemon_actions done, time: 523.551
[523.551s] aco: generation 388 start, time: 523.551
[523.903s] aco: compute_total_information done, time: 523.903
[524.339s] aco: ants_generation_and_activity done, time: 524.339
[524.343s] aco: pheromone_evaporation done, time: 524.343
[524.973s] aco: daemon_actions done, time: 524.973
[524.973s] aco: generation 389 start, time: 524.973
[525.377s] aco: compute_total_information done, time: 525.377
[525.940s] aco: ants_generation_and_activity done, time: 525.94
[525.944s] aco: pheromone_evaporation done, time: 525.944
[526.609s] aco: daemon_actions done, time: 526.609
[526.609s] aco: generation 390 start, time: 526.609
[527.045s] aco: compute_total_information done, time: 527.045
[527.546s] aco: ants_generation_and_activity done, time: 527.546
[527.551s] aco: pheromone_evaporation done, time: 527.551
[528.244s] aco: daemon_actions done, time: 528.244
[528.244s] aco: generation 391 start, time: 528.244
[528.654s] aco: compute_total_information done, time: 528.654
[529.125s] aco: ants_generation_and_activity done, time: 529.125
[529.129s] aco: pheromone_evaporation done, time: 529.129
[529.812s] aco: daemon_actions done, time: 529.812
[529.812s] aco: generation 392 start, time: 529.812
[530.183s] aco: compute_total_information done, time: 530.183
[530.703s] aco: ants_generation_and_activity done, time: 530.703
[530.707s] aco: pheromone_evaporation done, time: 530.707
[531.347s] aco: daemon_actions done, time: 531.347
[531.347s] aco: generation 393 start, time: 531.347
[531.713s] aco: compute_total_information done, time: 531.713
[532.152s] aco: ants_generation_and_activity done, time: 532.152
[532.156s] aco: pheromone_evaporation done, time: 532.156
[532.978s] aco: daemon_actions done, time: 532.978
[532.978s] aco: generation 394 start, time: 532.978
[533.464s] aco: compute_total_information done, time: 533.464
[534.075s] aco: ants_generation_and_activity done, time: 534.075
[534.076s] aco: pheromone_evaporation done, time: 534.076
[534.867s] aco: daemon_actions done, time: 534.867
[534.868s] aco: generation 395 start, time: 534.868
[535.312s] aco: compute_total_information done, time: 535.312
[535.889s] aco: ants_generation_and_activity done, time: 535.889
[535.892s] aco: pheromone_evaporation done, time: 535.892
[536.701s] aco: daemon_actions done, time: 536.701
[536.701s] aco: generation 396 start, time: 536.701
[537.184s] aco: compute_total_information done, time: 537.184
[537.704s] aco: ants_generation_and_activity done, time: 537.704
[537.708s] aco: pheromone_evaporation done, time: 537.708
[538.489s] aco: daemon_actions done, time: 538.489
[538.489s] aco: generation 397 start, time: 538.489
[538.930s] aco: compute_total_information done, time: 538.93
[539.467s] aco: ants_generation_and_activity done, time: 539.467
[539.472s] aco: pheromone_evaporation done, time: 539.472
[540.113s] aco: daemon_actions done, time: 540.113
[540.113s] aco: generation 398 start, time: 540.113
[540.525s] aco: compute_total_information done, time: 540.525
[541.014s] aco: ants_generation_and_activity done, time: 541.014
[541.016s] aco: pheromone_evaporation done, time: 541.016
[541.656s] aco: daemon_actions done, time: 541.656
[541.656s] aco: generation 399 start, time: 541.656
[542.013s] aco: compute_total_information done, time: 542.012
[542.447s] aco: ants_generation_and_activity done, time: 542.447
[542.451s] aco: pheromone_evaporation done, time: 542.451
[543.079s] aco: daemon_actions done, time: 543.079
[543.079s] aco: generation 400 start, time: 543.079
[543.453s] aco: compute_total_information done, time: 543.453
[543.899s] aco: ants_generation_and_activity done, time: 543.899
[543.902s] aco: pheromone_evaporation done, time: 543.902
[544.574s] aco: daemon_actions done, time: 544.574
[544.574s] aco: generation 401 start, time: 544.574
[544.934s] aco: compute_total_information done, time: 544.934
[545.378s] aco: ants_generation_and_activity done, time: 545.378
[545.380s] aco: pheromone_evaporation done, time: 545.379
[546.021s] aco: daemon_actions done, time: 546.021
[546.021s] aco: generation 402 start, time: 546.021
[546.388s] aco: compute_total_information done, time: 546.388
[546.836s] aco: ants_generation_and_activity done, time: 546.836
[546.840s] aco: pheromone_evaporation done, time: 546.84
[547.523s] aco: daemon_actions done, time: 547.522
[547.523s] aco: generation 403 start, time: 547.523
[548.016s] aco: compute_total_information done, time: 548.016
[548.468s] aco: ants_generation_and_activity done, time: 548.468
[548.472s] aco: pheromone_evaporation done, time: 548.472
[549.124s] aco: daemon_actions done, time: 549.124
[549.124s] aco: generation 404 start, time: 549.124
[549.470s] aco: compute_total_information done, time: 549.47
[549.913s] aco: ants_generation_and_activity done, time: 549.913
[549.917s] aco: pheromone_evaporation done, time: 549.917
[550.539s] aco: daemon_actions done, time: 550.539
[550.539s] aco: generation 405 start, time: 550.539
[550.882s] aco: compute_total_information done, time: 550.882
[551.317s] aco: ants_generation_and_activity done, time: 551.317
[551.321s] aco: pheromone_evaporation done, time: 551.321
[551.996s] aco: daemon_actions done, time: 551.996
[551.996s] aco: generation 406 start, time: 551.996
[552.342s] aco: compute_total_information done, time: 552.342
[552.778s] aco: ants_generation_and_activity done, time: 552.778
[552.780s] aco: pheromone_evaporation done, time: 552.78
[553.395s] aco: daemon_actions done, time: 553.395
[553.395s] aco: generation 407 start, time: 553.395
[553.736s] aco: compute_total_information done, time: 553.736
[554.169s] aco: ants_generation_and_activity done, time: 554.169
[554.173s] aco: pheromone_evaporation done, time: 554.173
[554.776s] aco: daemon_actions done, time: 554.776
[554.776s] aco: generation 408 start, time: 554.776
[555.116s] aco: compute_total_information done, time: 555.116
[555.620s] aco: ants_generation_and_activity done, time: 555.62
[555.624s] aco: pheromone_evaporation done, time: 555.624
[556.260s] aco: daemon_actions done, time: 556.26
[556.260s] aco: generation 409 start, time: 556.26
[556.592s] aco: compute_total_information done, time: 556.592
[557.012s] aco: ants_generation_and_activity done, time: 557.012
[557.015s] aco: pheromone_evaporation done, time: 557.015
[557.620s] aco: daemon_actions done, time: 557.62
[557.620s] aco: generation 410 start, time: 557.62
[557.990s] aco: compute_total_information done, time: 557.99
[558.484s] aco: ants_generation_and_activity done, time: 558.484
[558.489s] aco: pheromone_evaporation done, time: 558.489
[559.146s] aco: daemon_actions done, time: 559.146
[559.146s] aco: generation 411 start, time: 559.146
[559.512s] aco: compute_total_information done, time: 559.512
[559.943s] aco: ants_generation_and_activity done, time: 559.943
[559.945s] aco: pheromone_evaporation done, time: 559.945
[560.558s] aco: daemon_actions done, time: 560.558
[560.558s] aco: generation 412 start, time: 560.558
[560.916s] aco: compute_total_information done, time: 560.916
[561.338s] aco: ants_generation_and_activity done, time: 561.338
[561.339s] aco: pheromone_evaporation done, time: 561.339
[561.930s] aco: daemon_actions done, time: 561.929
[561.930s] aco: generation 413 start, time: 561.93
[562.283s] aco: compute_total_information done, time: 562.283
[562.706s] aco: ants_generation_and_activity done, time: 562.706
[562.709s] aco: pheromone_evaporation done, time: 562.709
[563.371s] aco: daemon_actions done, time: 563.371
[563.371s] aco: generation 414 start, time: 563.371
[563.728s] aco: compute_total_information done, time: 563.728
[564.123s] aco: ants_generation_and_activity done, time: 564.123
[564.125s] aco: pheromone_evaporation done, time: 564.125
[564.715s] aco: daemon_actions done, time: 564.715
[564.715s] aco: generation 415 start, time: 564.715
[565.070s] aco: compute_total_information done, time: 565.07
[565.480s] aco: ants_generation_and_activity done, time: 565.48
[565.481s] aco: pheromone_evaporation done, time: 565.481
[566.072s] aco: daemon_actions done, time: 566.072
[566.072s] aco: generation 416 start, time: 566.072
[566.448s] aco: compute_total_information done, time: 566.448
[566.892s] aco: ants_generation_and_activity done, time: 566.892
[566.896s] aco: pheromone_evaporation done, time: 566.896
[567.504s] aco: daemon_actions done, time: 567.504
[567.505s] aco: generation 417 start, time: 567.505
[567.851s] aco: compute_total_information done, time: 567.851
[568.285s] aco: ants_generation_and_activity done, time: 568.285
[568.289s] aco: pheromone_evaporation done, time: 568.289
[568.881s] aco: daemon_actions done, time: 568.881
[568.881s] aco: generation 418 start, time: 568.881
[569.235s] aco: compute_total_information done, time: 569.235
[569.687s] aco: ants_generation_and_activity done, time: 569.687
[569.688s] aco: pheromone_evaporation done, time: 569.688
[570.339s] aco: daemon_actions done, time: 570.339
[570.339s] aco: generation 419 start, time: 570.339
[570.692s] aco: compute_total_information done, time: 570.692
[571.124s] aco: ants_generation_and_activity done, time: 571.124
[571.127s] aco: pheromone_evaporation done, time: 571.127
[571.735s] aco: daemon_actions done, time: 571.735
[571.735s] aco: generation 420 start, time: 571.735
[572.075s] aco: compute_total_information done, time: 572.075
[572.505s] aco: ants_generation_and_activity done, time: 572.504
[572.509s] aco: pheromone_evaporation done, time: 572.509
[573.234s] aco: daemon_actions done, time: 573.234
[573.234s] aco: generation 421 start, time: 573.234
[573.688s] aco: compute_total_information done, time: 573.688
[574.202s] aco: ants_generation_and_activity done, time: 574.202
[574.206s] aco: pheromone_evaporation done, time: 574.206
[574.917s] aco: daemon_actions done, time: 574.917
[574.917s] aco: generation 422 start, time: 574.917
[575.271s] aco: compute_total_information done, time: 575.271
[575.732s] aco: ants_generation_and_activity done, time: 575.732
[575.734s] aco: pheromone_evaporation done, time: 575.734
[576.406s] aco: daemon_actions done, time: 576.406
[576.406s] aco: generation 423 start, time: 576.406
[576.766s] aco: compute_total_information done, time: 576.766
[577.205s] aco: ants_generation_and_activity done, time: 577.205
[577.208s] aco: pheromone_evaporation done, time: 577.208
[577.867s] aco: daemon_actions done, time: 577.867
[577.867s] aco: generation 424 start, time: 577.867
[578.211s] aco: compute_total_information done, time: 578.211
[578.637s] aco: ants_generation_and_activity done, time: 578.637
[578.641s] aco: pheromone_evaporation done, time: 578.641
[579.174s] aco: daemon_actions done, time: 579.174
[579.174s] aco: generation 425 start, time: 579.174
[579.440s] aco: compute_total_information done, time: 579.44
[579.787s] aco: ants_generation_and_activity done, time: 579.787
[579.791s] aco: pheromone_evaporation done, time: 579.791
[580.267s] aco: daemon_actions done, time: 580.267
[580.267s] aco: generation 426 start, time: 580.267
[580.537s] aco: compute_total_information done, time: 580.537
[580.864s] aco: ants_generation_and_activity done, time: 580.864
[580.868s] aco: pheromone_evaporation done, time: 580.868
[581.403s] aco: daemon_actions done, time: 581.403
[581.403s] aco: generation 427 start, time: 581.403
[581.700s] aco: compute_total_information done, time: 581.7
[582.056s] aco: ants_generation_and_activity done, time: 582.056
[582.060s] aco: pheromone_evaporation done, time: 582.06
[582.567s] aco: daemon_actions done, time: 582.567
[582.567s] aco: generation 428 start, time: 582.567
[582.900s] aco: compute_total_information done, time: 582.9
[583.305s] aco: ants_generation_and_activity done, time: 583.305
[583.309s] aco: pheromone_evaporation done, time: 583.309
[583.811s] aco: daemon_actions done, time: 583.811
[583.811s] aco: generation 429 start, time: 583.811
[584.089s] aco: compute_total_information done, time: 584.089
[584.427s] aco: ants_generation_and_activity done, time: 584.427
[584.430s] aco: pheromone_evaporation done, time: 584.43
[584.915s] aco: daemon_actions done, time: 584.915
[584.915s] aco: generation 430 start, time: 584.915
[585.260s] aco: compute_total_information done, time: 585.26
[585.659s] aco: ants_generation_and_activity done, time: 585.659
[585.662s] aco: pheromone_evaporation done, time: 585.662
[586.165s] aco: daemon_actions done, time: 586.165
[586.165s] aco: generation 431 start, time: 586.165
[586.454s] aco: compute_total_information done, time: 586.454
[586.799s] aco: ants_generation_and_activity done, time: 586.799
[586.803s] aco: pheromone_evaporation done, time: 586.803
[587.292s] aco: daemon_actions done, time: 587.292
[587.292s] aco: generation 432 start, time: 587.292
[587.625s] aco: compute_total_information done, time: 587.625
[588.055s] aco: ants_generation_and_activity done, time: 588.055
[588.059s] aco: pheromone_evaporation done, time: 588.059
[588.685s] aco: daemon_actions done, time: 588.685
[588.685s] aco: generation 433 start, time: 588.685
[588.981s] aco: compute_total_information done, time: 588.981
[589.303s] aco: ants_generation_and_activity done, time: 589.303
[589.306s] aco: pheromone_evaporation done, time: 589.306
[589.797s] aco: daemon_actions done, time: 589.797
[589.797s] aco: generation 434 start, time: 589.797
[590.091s] aco: compute_total_information done, time: 590.091
[590.435s] aco: ants_generation_and_activity done, time: 590.435
[590.439s] aco: pheromone_evaporation done, time: 590.439
[590.957s] aco: daemon_actions done, time: 590.957
[590.958s] aco: generation 435 start, time: 590.958
[591.283s] aco: compute_total_information done, time: 591.283
[591.680s] aco: ants_generation_and_activity done, time: 591.68
[591.684s] aco: pheromone_evaporation done, time: 591.684
[592.358s] aco: daemon_actions done, time: 592.358
[592.359s] aco: generation 436 start, time: 592.359
[592.754s] aco: compute_total_information done, time: 592.754
[593.308s] aco: ants_generation_and_activity done, time: 593.308
[593.312s] aco: pheromone_evaporation done, time: 593.312
[594.019s] aco: daemon_actions done, time: 594.019
[594.019s] aco: generation 437 start, time: 594.019
[594.391s] aco: compute_total_information done, time: 594.391
[594.902s] aco: ants_generation_and_activity done, time: 594.902
[594.903s] aco: pheromone_evaporation done, time: 594.903
[595.748s] aco: daemon_actions done, time: 595.748
[595.749s] aco: generation 438 start, time: 595.749
[596.225s] aco: compute_total_information done, time: 596.225
[596.698s] aco: ants_generation_and_activity done, time: 596.698
[596.700s] aco: pheromone_evaporation done, time: 596.7
[597.317s] aco: daemon_actions done, time: 597.317
[597.317s] aco: generation 439 start, time: 597.317
[597.674s] aco: compute_total_information done, time: 597.674
[598.089s] aco: ants_generation_and_activity done, time: 598.089
[598.091s] aco: pheromone_evaporation done, time: 598.091
[598.581s] aco: daemon_actions done, time: 598.581
[598.581s] aco: generation 440 start, time: 598.581
[598.856s] aco: compute_total_information done, time: 598.856
[599.197s] aco: ants_generation_and_activity done, time: 599.197
[599.201s] aco: pheromone_evaporation done, time: 599.201
[599.714s] aco: daemon_actions done, time: 599.714
[599.714s] aco: generation 441 start, time: 599.714
[600.030s] aco: compute_total_information done, time: 600.03
[600.380s] aco: ants_generation_and_activity done, time: 600.38
[600.381s] aco: pheromone_evaporation done, time: 600.381
[601.045s] aco: daemon_actions done, time: 601.045
[601.045s] aco: generation 442 start, time: 601.045
[601.386s] aco: compute_total_information done, time: 601.386
[601.769s] aco: ants_generation_and_activity done, time: 601.769
[601.773s] aco: pheromone_evaporation done, time: 601.773
[602.394s] aco: daemon_actions done, time: 602.394
[602.394s] aco: generation 443 start, time: 602.394
[602.729s] aco: compute_total_information done, time: 602.729
[603.116s] aco: ants_generation_and_activity done, time: 603.116
[603.119s] aco: pheromone_evaporation done, time: 603.119
[603.763s] aco: daemon_actions done, time: 603.763
[603.763s] aco: generation 444 start, time: 603.763
[604.089s] aco: compute_total_information done, time: 604.089
[604.466s] aco: ants_generation_and_activity done, time: 604.466
[604.470s] aco: pheromone_evaporation done, time: 604.47
[605.062s] aco: daemon_actions done, time: 605.062
[605.062s] aco: generation 445 start, time: 605.062
[605.423s] aco: compute_total_information done, time: 605.423
[605.792s] aco: ants_generation_and_activity done, time: 605.792
[605.795s] aco: pheromone_evaporation done, time: 605.795
[606.479s] aco: daemon_actions done, time: 606.479
[606.479s] aco: generation 446 start, time: 606.479
[606.853s] aco: compute_total_information done, time: 606.853
[607.294s] aco: ants_generation_and_activity done, time: 607.294
[607.296s] aco: pheromone_evaporation done, time: 607.296
[607.876s] aco: daemon_actions done, time: 607.876
[607.876s] aco: generation 447 start, time: 607.876
[608.209s] aco: compute_total_information done, time: 608.209
[608.574s] aco: ants_generation_and_activity done, time: 608.574
[608.577s] aco: pheromone_evaporation done, time: 608.577
[609.172s] aco: daemon_actions done, time: 609.172
[609.172s] aco: generation 448 start, time: 609.172
[609.536s] aco: compute_total_information done, time: 609.536
[609.949s] aco: ants_generation_and_activity done, time: 609.949
[609.953s] aco: pheromone_evaporation done, time: 609.953
[610.475s] aco: daemon_actions done, time: 610.475
[610.475s] aco: generation 449 start, time: 610.475
[610.772s] aco: compute_total_information done, time: 610.772
[611.152s] aco: ants_generation_and_activity done, time: 611.152
[611.156s] aco: pheromone_evaporation done, time: 611.156
[611.658s] aco: daemon_actions done, time: 611.658
[611.658s] aco: generation 450 start, time: 611.658
[611.940s] aco: compute_total_information done, time: 611.94
[612.274s] aco: ants_generation_and_activity done, time: 612.274
[612.277s] aco: pheromone_evaporation done, time: 612.277
[612.766s] aco: daemon_actions done, time: 612.766
[612.766s] aco: generation 451 start, time: 612.766
[613.043s] aco: compute_total_information done, time: 613.043
[613.380s] aco: ants_generation_and_activity done, time: 613.38
[613.383s] aco: pheromone_evaporation done, time: 613.383
[613.866s] aco: daemon_actions done, time: 613.866
[613.866s] aco: generation 452 start, time: 613.866
[614.140s] aco: compute_total_information done, time: 614.14
[614.548s] aco: ants_generation_and_activity done, time: 614.548
[614.553s] aco: pheromone_evaporation done, time: 614.553
[615.037s] aco: daemon_actions done, time: 615.037
[615.037s] aco: generation 453 start, time: 615.037
[615.317s] aco: compute_total_information done, time: 615.317
[615.653s] aco: ants_generation_and_activity done, time: 615.653
[615.657s] aco: pheromone_evaporation done, time: 615.657
[616.159s] aco: daemon_actions done, time: 616.159
[616.159s] aco: generation 454 start, time: 616.159
[616.443s] aco: compute_total_information done, time: 616.443
[616.777s] aco: ants_generation_and_activity done, time: 616.777
[616.782s] aco: pheromone_evaporation done, time: 616.782
[617.265s] aco: daemon_actions done, time: 617.265
[617.265s] aco: generation 455 start, time: 617.265
[617.535s] aco: compute_total_information done, time: 617.535
[617.950s] aco: ants_generation_and_activity done, time: 617.95
[617.951s] aco: pheromone_evaporation done, time: 617.951
[618.599s] aco: daemon_actions done, time: 618.599
[618.600s] aco: generation 456 start, time: 618.6
[618.898s] aco: compute_total_information done, time: 618.898
[619.233s] aco: ants_generation_and_activity done, time: 619.233
[619.237s] aco: pheromone_evaporation done, time: 619.237
[619.713s] aco: daemon_actions done, time: 619.713
[619.713s] aco: generation 457 start, time: 619.713
[620.036s] aco: compute_total_information done, time: 620.036
[620.470s] aco: ants_generation_and_activity done, time: 620.47
[620.475s] aco: pheromone_evaporation done, time: 620.475
[621.126s] aco: daemon_actions done, time: 621.126
[621.126s] aco: generation 458 start, time: 621.126
[621.476s] aco: compute_total_information done, time: 621.476
[621.962s] aco: ants_generation_and_activity done, time: 621.962
[621.965s] aco: pheromone_evaporation done, time: 621.965
[622.598s] aco: daemon_actions done, time: 622.596
[622.598s] aco: generation 459 start, time: 622.598
[623.044s] aco: compute_total_information done, time: 623.044
[623.494s] aco: ants_generation_and_activity done, time: 623.494
[623.498s] aco: pheromone_evaporation done, time: 623.498
[624.124s] aco: daemon_actions done, time: 624.124
[624.124s] aco: generation 460 start, time: 624.124
[624.475s] aco: compute_total_information done, time: 624.475
[624.904s] aco: ants_generation_and_activity done, time: 624.904
[624.907s] aco: pheromone_evaporation done, time: 624.907
[625.561s] aco: daemon_actions done, time: 625.561
[625.561s] aco: generation 461 start, time: 625.561
[625.846s] aco: compute_total_information done, time: 625.846
[626.186s] aco: ants_generation_and_activity done, time: 626.186
[626.191s] aco: pheromone_evaporation done, time: 626.191
[626.671s] aco: daemon_actions done, time: 626.671
[626.671s] aco: generation 462 start, time: 626.671
[626.947s] aco: compute_total_information done, time: 626.947
[627.286s] aco: ants_generation_and_activity done, time: 627.286
[627.290s] aco: pheromone_evaporation done, time: 627.29
[627.771s] aco: daemon_actions done, time: 627.771
[627.771s] aco: generation 463 start, time: 627.771
[628.037s] aco: compute_total_information done, time: 628.037
[628.389s] aco: ants_generation_and_activity done, time: 628.389
[628.390s] aco: pheromone_evaporation done, time: 628.39
[628.874s] aco: daemon_actions done, time: 628.874
[628.874s] aco: generation 464 start, time: 628.874
[629.166s] aco: compute_total_information done, time: 629.166
[629.587s] aco: ants_generation_and_activity done, time: 629.587
[629.591s] aco: pheromone_evaporation done, time: 629.591
[630.064s] aco: daemon_actions done, time: 630.064
[630.064s] aco: generation 465 start, time: 630.064
[630.336s] aco: compute_total_information done, time: 630.336
[630.671s] aco: ants_generation_and_activity done, time: 630.671
[630.675s] aco: pheromone_evaporation done, time: 630.675
[631.169s] aco: daemon_actions done, time: 631.169
[631.170s] aco: generation 466 start, time: 631.17
[631.445s] aco: compute_total_information done, time: 631.445
[631.777s] aco: ants_generation_and_activity done, time: 631.777
[631.781s] aco: pheromone_evaporation done, time: 631.781
[632.357s] aco: daemon_actions done, time: 632.357
[632.357s] aco: generation 467 start, time: 632.357
[632.733s] aco: compute_total_information done, time: 632.733
[633.251s] aco: ants_generation_and_activity done, time: 633.251
[633.255s] aco: pheromone_evaporation done, time: 633.255
[633.908s] aco: daemon_actions done, time: 633.908
[633.908s] aco: generation 468 start, time: 633.908
[634.543s] aco: compute_total_information done, time: 634.543
[635.061s] aco: ants_generation_and_activity done, time: 635.061
[635.063s] aco: pheromone_evaporation done, time: 635.063
[635.751s] aco: daemon_actions done, time: 635.751
[635.751s] aco: generation 469 start, time: 635.751
[636.102s] aco: compute_total_information done, time: 636.102
[636.559s] aco: ants_generation_and_activity done, time: 636.559
[636.567s] aco: pheromone_evaporation done, time: 636.567
[637.206s] aco: daemon_actions done, time: 637.206
[637.206s] aco: generation 470 start, time: 637.206
[637.578s] aco: compute_total_information done, time: 637.578
[637.993s] aco: ants_generation_and_activity done, time: 637.993
[637.996s] aco: pheromone_evaporation done, time: 637.996
[638.481s] aco: daemon_actions done, time: 638.481
[638.481s] aco: generation 471 start, time: 638.481
[638.753s] aco: compute_total_information done, time: 638.753
[639.085s] aco: ants_generation_and_activity done, time: 639.085
[639.089s] aco: pheromone_evaporation done, time: 639.089
[639.565s] aco: daemon_actions done, time: 639.565
[639.566s] aco: generation 472 start, time: 639.566
[639.830s] aco: compute_total_information done, time: 639.83
[640.178s] aco: ants_generation_and_activity done, time: 640.178
[640.182s] aco: pheromone_evaporation done, time: 640.182
[640.731s] aco: daemon_actions done, time: 640.731
[640.731s] aco: generation 473 start, time: 640.731
[641.009s] aco: compute_total_information done, time: 641.009
[641.371s] aco: ants_generation_and_activity done, time: 641.371
[641.374s] aco: pheromone_evaporation done, time: 641.374
[641.885s] aco: daemon_actions done, time: 641.885
[641.885s] aco: generation 474 start, time: 641.885
[642.158s] aco: compute_total_information done, time: 642.158
[642.500s] aco: ants_generation_and_activity done, time: 642.5
[642.505s] aco: pheromone_evaporation done, time: 642.505
[642.982s] aco: daemon_actions done, time: 642.982
[642.982s] aco: generation 475 start, time: 642.982
[643.259s] aco: compute_total_information done, time: 643.259
[643.595s] aco: ants_generation_and_activity done, time: 643.595
[643.598s] aco: pheromone_evaporation done, time: 643.598
[644.134s] aco: daemon_actions done, time: 644.134
[644.134s] aco: generation 476 start, time: 644.134
[644.411s] aco: compute_total_information done, time: 644.411
[644.760s] aco: ants_generation_and_activity done, time: 644.76
[644.763s] aco: pheromone_evaporation done, time: 644.763
[645.278s] aco: daemon_actions done, time: 645.278
[645.278s] aco: generation 477 start, time: 645.278
[645.561s] aco: compute_total_information done, time: 645.561
[645.904s] aco: ants_generation_and_activity done, time: 645.904
[645.907s] aco: pheromone_evaporation done, time: 645.907
[646.413s] aco: daemon_actions done, time: 646.413
[646.413s] aco: generation 478 start, time: 646.413
[646.719s] aco: compute_total_information done, time: 646.719
[647.105s] aco: ants_generation_and_activity done, time: 647.105
[647.109s] aco: pheromone_evaporation done, time: 647.109
[647.605s] aco: daemon_actions done, time: 647.605
[647.605s] aco: generation 479 start, time: 647.605
[647.991s] aco: compute_total_information done, time: 647.991
[648.395s] aco: ants_generation_and_activity done, time: 648.395
[648.400s] aco: pheromone_evaporation done, time: 648.4
[648.962s] aco: daemon_actions done, time: 648.962
[648.962s] aco: generation 480 start, time: 648.962
[649.325s] aco: compute_total_information done, time: 649.325
[649.778s] aco: ants_generation_and_activity done, time: 649.778
[649.779s] aco: pheromone_evaporation done, time: 649.779
[650.483s] aco: daemon_actions done, time: 650.483
[650.483s] aco: generation 481 start, time: 650.483
[650.788s] aco: compute_total_information done, time: 650.788
[651.231s] aco: ants_generation_and_activity done, time: 651.231
[651.233s] aco: pheromone_evaporation done, time: 651.233
[651.882s] aco: daemon_actions done, time: 651.882
[651.882s] aco: generation 482 start, time: 651.882
[652.241s] aco: compute_total_information done, time: 652.241
[652.628s] aco: ants_generation_and_activity done, time: 652.628
[652.631s] aco: pheromone_evaporation done, time: 652.631
[653.111s] aco: daemon_actions done, time: 653.111
[653.111s] aco: generation 483 start, time: 653.111
[653.380s] aco: compute_total_information done, time: 653.38
[653.709s] aco: ants_generation_and_activity done, time: 653.709
[653.713s] aco: pheromone_evaporation done, time: 653.713
[654.191s] aco: daemon_actions done, time: 654.191
[654.191s] aco: generation 484 start, time: 654.191
[654.467s] aco: compute_total_information done, time: 654.467
[654.800s] aco: ants_generation_and_activity done, time: 654.8
[654.804s] aco: pheromone_evaporation done, time: 654.804
[655.350s] aco: daemon_actions done, time: 655.35
[655.350s] aco: generation 485 start, time: 655.35
[655.622s] aco: compute_total_information done, time: 655.622
[655.960s] aco: ants_generation_and_activity done, time: 655.96
[655.964s] aco: pheromone_evaporation done, time: 655.964
[656.445s] aco: daemon_actions done, time: 656.445
[656.446s] aco: generation 486 start, time: 656.446
[656.721s] aco: compute_total_information done, time: 656.721
[657.149s] aco: ants_generation_and_activity done, time: 657.149
[657.153s] aco: pheromone_evaporation done, time: 657.153
[657.673s] aco: daemon_actions done, time: 657.672
[657.673s] aco: generation 487 start, time: 657.673
[657.963s] aco: compute_total_information done, time: 657.963
[658.337s] aco: ants_generation_and_activity done, time: 658.337
[658.341s] aco: pheromone_evaporation done, time: 658.341
[658.872s] aco: daemon_actions done, time: 658.872
[658.872s] aco: generation 488 start, time: 658.872
[659.192s] aco: compute_total_information done, time: 659.192
[659.544s] aco: ants_generation_and_activity done, time: 659.544
[659.548s] aco: pheromone_evaporation done, time: 659.548
[660.063s] aco: daemon_actions done, time: 660.063
[660.063s] aco: generation 489 start, time: 660.063
[660.337s] aco: compute_total_information done, time: 660.337
[660.711s] aco: ants_generation_and_activity done, time: 660.711
[660.713s] aco: pheromone_evaporation done, time: 660.713
[661.280s] aco: daemon_actions done, time: 661.28
[661.280s] aco: generation 490 start, time: 661.28
[661.555s] aco: compute_total_information done, time: 661.555
[661.915s] aco: ants_generation_and_activity done, time: 661.915
[661.917s] aco: pheromone_evaporation done, time: 661.917
[662.524s] aco: daemon_actions done, time: 662.524
[662.524s] aco: generation 491 start, time: 662.524
[662.867s] aco: compute_total_information done, time: 662.867
[663.314s] aco: ants_generation_and_activity done, time: 663.314
[663.315s] aco: pheromone_evaporation done, time: 663.315
[664.048s] aco: daemon_actions done, time: 664.048
[664.048s] aco: generation 492 start, time: 664.048
[664.427s] aco: compute_total_information done, time: 664.427
[664.886s] aco: ants_generation_and_activity done, time: 664.886
[664.891s] aco: pheromone_evaporation done, time: 664.891
[665.643s] aco: daemon_actions done, time: 665.643
[665.643s] aco: generation 493 start, time: 665.643
[666.000s] aco: compute_total_information done, time: 666
[666.486s] aco: ants_generation_and_activity done, time: 666.486
[666.489s] aco: pheromone_evaporation done, time: 666.489
[667.098s] aco: daemon_actions done, time: 667.098
[667.098s] aco: generation 494 start, time: 667.098
[667.461s] aco: compute_total_information done, time: 667.461
[667.877s] aco: ants_generation_and_activity done, time: 667.877
[667.881s] aco: pheromone_evaporation done, time: 667.881
[668.366s] aco: daemon_actions done, time: 668.366
[668.366s] aco: generation 495 start, time: 668.366
[668.637s] aco: compute_total_information done, time: 668.637
[668.978s] aco: ants_generation_and_activity done, time: 668.978
[668.980s] aco: pheromone_evaporation done, time: 668.98
[669.455s] aco: daemon_actions done, time: 669.455
[669.456s] aco: generation 496 start, time: 669.456
[669.723s] aco: compute_total_information done, time: 669.723
[670.104s] aco: ants_generation_and_activity done, time: 670.104
[670.108s] aco: pheromone_evaporation done, time: 670.108
[670.581s] aco: daemon_actions done, time: 670.581
[670.581s] aco: generation 497 start, time: 670.581
[670.864s] aco: compute_total_information done, time: 670.864
[671.201s] aco: ants_generation_and_activity done, time: 671.201
[671.205s] aco: pheromone_evaporation done, time: 671.205
[671.709s] aco: daemon_actions done, time: 671.709
[671.709s] aco: generation 498 start, time: 671.709
[671.992s] aco: compute_total_information done, time: 671.992
[672.310s] aco: ants_generation_and_activity done, time: 672.31
[672.314s] aco: pheromone_evaporation done, time: 672.314
[672.796s] aco: daemon_actions done, time: 672.796
[672.796s] aco: generation 499 start, time: 672.796
[673.065s] aco: compute_total_information done, time: 673.065
[673.415s] aco: ants_generation_and_activity done, time: 673.415
[673.417s] aco: pheromone_evaporation done, time: 673.417
[673.954s] aco: daemon_actions done, time: 673.954
[673.954s] aco: generation 500 start, time: 673.954
[674.235s] aco: compute_total_information done, time: 674.235
[674.576s] aco: ants_generation_and_activity done, time: 674.576
[674.579s] aco: pheromone_evaporation done, time: 674.579
[675.084s] aco: daemon_actions done, time: 675.084
[675.084s] aco: generation 501 start, time: 675.084
[675.370s] aco: compute_total_information done, time: 675.37
[675.727s] aco: ants_generation_and_activity done, time: 675.727
[675.731s] aco: pheromone_evaporation done, time: 675.731
[676.227s] aco: daemon_actions done, time: 676.227
[676.227s] aco: generation 502 start, time: 676.227
[676.509s] aco: compute_total_information done, time: 676.509
[676.854s] aco: ants_generation_and_activity done, time: 676.854
[676.857s] aco: pheromone_evaporation done, time: 676.857
[677.390s] aco: daemon_actions done, time: 677.39
[677.390s] aco: generation 503 start, time: 677.39
[677.657s] aco: compute_total_information done, time: 677.657
[677.991s] aco: ants_generation_and_activity done, time: 677.991
[677.995s] aco: pheromone_evaporation done, time: 677.995
[678.525s] aco: daemon_actions done, time: 678.524
[678.525s] aco: generation 504 start, time: 678.525
[678.803s] aco: compute_total_information done, time: 678.803
[679.145s] aco: ants_generation_and_activity done, time: 679.145
[679.148s] aco: pheromone_evaporation done, time: 679.148
[679.635s] aco: daemon_actions done, time: 679.635
[679.635s] aco: generation 505 start, time: 679.635
[679.924s] aco: compute_total_information done, time: 679.924
[680.304s] aco: ants_generation_and_activity done, time: 680.304
[680.307s] aco: pheromone_evaporation done, time: 680.307
[680.813s] aco: daemon_actions done, time: 680.813
[680.813s] aco: generation 506 start, time: 680.813
[681.159s] aco: compute_total_information done, time: 681.159
[681.489s] aco: ants_generation_and_activity done, time: 681.489
[681.493s] aco: pheromone_evaporation done, time: 681.493
[681.973s] aco: daemon_actions done, time: 681.973
[681.973s] aco: generation 507 start, time: 681.973
[682.242s] aco: compute_total_information done, time: 682.242
[682.586s] aco: ants_generation_and_activity done, time: 682.586
[682.590s] aco: pheromone_evaporation done, time: 682.59
[683.066s] aco: daemon_actions done, time: 683.066
[683.066s] aco: generation 508 start, time: 683.066
[683.335s] aco: compute_total_information done, time: 683.335
[683.663s] aco: ants_generation_and_activity done, time: 683.663
[683.665s] aco: pheromone_evaporation done, time: 683.665
[684.174s] aco: daemon_actions done, time: 684.174
[684.174s] aco: generation 509 start, time: 684.174
[684.460s] aco: compute_total_information done, time: 684.46
[684.856s] aco: ants_generation_and_activity done, time: 684.856
[684.859s] aco: pheromone_evaporation done, time: 684.859
[685.356s] aco: daemon_actions done, time: 685.356
[685.356s] aco: generation 510 start, time: 685.356
[685.636s] aco: compute_total_information done, time: 685.636
[685.976s] aco: ants_generation_and_activity done, time: 685.976
[685.980s] aco: pheromone_evaporation done, time: 685.98
[686.455s] aco: daemon_actions done, time: 686.455
[686.455s] aco: generation 511 start, time: 686.455
[686.732s] aco: compute_total_information done, time: 686.732
[687.073s] aco: ants_generation_and_activity done, time: 687.073
[687.077s] aco: pheromone_evaporation done, time: 687.077
[687.553s] aco: daemon_actions done, time: 687.553
[687.553s] aco: generation 512 start, time: 687.553
[687.822s] aco: compute_total_information done, time: 687.821
[688.149s] aco: ants_generation_and_activity done, time: 688.149
[688.154s] aco: pheromone_evaporation done, time: 688.154
[688.680s] aco: daemon_actions done, time: 688.68
[688.680s] aco: generation 513 start, time: 688.68
[688.953s] aco: compute_total_information done, time: 688.953
[689.291s] aco: ants_generation_and_activity done, time: 689.291
[689.296s] aco: pheromone_evaporation done, time: 689.296
[689.780s] aco: daemon_actions done, time: 689.78
[689.780s] aco: generation 514 start, time: 689.78
[690.049s] aco: compute_total_information done, time: 690.049
[690.395s] aco: ants_generation_and_activity done, time: 690.395
[690.398s] aco: pheromone_evaporation done, time: 690.398
[690.898s] aco: daemon_actions done, time: 690.898
[690.898s] aco: generation 515 start, time: 690.898
[691.236s] aco: compute_total_information done, time: 691.236
[691.666s] aco: ants_generation_and_activity done, time: 691.666
[691.670s] aco: pheromone_evaporation done, time: 691.67
[692.332s] aco: daemon_actions done, time: 692.332
[692.333s] aco: generation 516 start, time: 692.333
[692.686s] aco: compute_total_information done, time: 692.686
[693.139s] aco: ants_generation_and_activity done, time: 693.139
[693.141s] aco: pheromone_evaporation done, time: 693.141
[693.848s] aco: daemon_actions done, time: 693.848
[693.848s] aco: generation 517 start, time: 693.848
[694.209s] aco: compute_total_information done, time: 694.209
[694.648s] aco: ants_generation_and_activity done, time: 694.648
[694.651s] aco: pheromone_evaporation done, time: 694.651
[695.337s] aco: daemon_actions done, time: 695.337
[695.337s] aco: generation 518 start, time: 695.337
[695.828s] aco: compute_total_information done, time: 695.828
[696.305s] aco: ants_generation_and_activity done, time: 696.305
[696.308s] aco: pheromone_evaporation done, time: 696.308
[696.930s] aco: daemon_actions done, time: 696.93
[696.930s] aco: generation 519 start, time: 696.93
[697.303s] aco: compute_total_information done, time: 697.303
[697.757s] aco: ants_generation_and_activity done, time: 697.757
[697.760s] aco: pheromone_evaporation done, time: 697.76
[698.365s] aco: daemon_actions done, time: 698.365
[698.366s] aco: generation 520 start, time: 698.366
[698.679s] aco: compute_total_information done, time: 698.679
[699.022s] aco: ants_generation_and_activity done, time: 699.022
[699.026s] aco: pheromone_evaporation done, time: 699.026
[699.563s] aco: daemon_actions done, time: 699.563
[699.563s] aco: generation 521 start, time: 699.563
[699.829s] aco: compute_total_information done, time: 699.829
[700.169s] aco: ants_generation_and_activity done, time: 700.169
[700.173s] aco: pheromone_evaporation done, time: 700.173
[700.649s] aco: daemon_actions done, time: 700.649
[700.649s] aco: generation 522 start, time: 700.649
[700.935s] aco: compute_total_information done, time: 700.935
[701.267s] aco: ants_generation_and_activity done, time: 701.267
[701.271s] aco: pheromone_evaporation done, time: 701.271
[701.787s] aco: daemon_actions done, time: 701.787
[701.787s] aco: generation 523 start, time: 701.787
[702.081s] aco: compute_total_information done, time: 702.081
[702.421s] aco: ants_generation_and_activity done, time: 702.421
[702.424s] aco: pheromone_evaporation done, time: 702.424
[702.914s] aco: daemon_actions done, time: 702.914
[702.914s] aco: generation 524 start, time: 702.914
[703.240s] aco: compute_total_information done, time: 703.24
[703.581s] aco: ants_generation_and_activity done, time: 703.581
[703.584s] aco: pheromone_evaporation done, time: 703.584
[704.060s] aco: daemon_actions done, time: 704.06
[704.060s] aco: generation 525 start, time: 704.06
[704.334s] aco: compute_total_information done, time: 704.334
[704.681s] aco: ants_generation_and_activity done, time: 704.681
[704.684s] aco: pheromone_evaporation done, time: 704.684
[705.189s] aco: daemon_actions done, time: 705.189
[705.189s] aco: generation 526 start, time: 705.189
[705.471s] aco: compute_total_information done, time: 705.471
[705.816s] aco: ants_generation_and_activity done, time: 705.816
[705.820s] aco: pheromone_evaporation done, time: 705.82
[706.319s] aco: daemon_actions done, time: 706.319
[706.319s] aco: generation 527 start, time: 706.319
[706.612s] aco: compute_total_information done, time: 706.612
[707.001s] aco: ants_generation_and_activity done, time: 707.001
[707.004s] aco: pheromone_evaporation done, time: 707.004
[707.498s] aco: daemon_actions done, time: 707.498
[707.499s] aco: generation 528 start, time: 707.499
[707.769s] aco: compute_total_information done, time: 707.769
[708.107s] aco: ants_generation_and_activity done, time: 708.107
[708.111s] aco: pheromone_evaporation done, time: 708.111
[708.593s] aco: daemon_actions done, time: 708.593
[708.593s] aco: generation 529 start, time: 708.593
[708.863s] aco: compute_total_information done, time: 708.863
[709.199s] aco: ants_generation_and_activity done, time: 709.199
[709.203s] aco: pheromone_evaporation done, time: 709.203
[709.694s] aco: daemon_actions done, time: 709.694
[709.694s] aco: generation 530 start, time: 709.694
[709.984s] aco: compute_total_information done, time: 709.984
[710.330s] aco: ants_generation_and_activity done, time: 710.33
[710.334s] aco: pheromone_evaporation done, time: 710.334
[710.864s] aco: daemon_actions done, time: 710.864
[710.864s] aco: generation 531 start, time: 710.864
[711.151s] aco: compute_total_information done, time: 711.151
[711.489s] aco: ants_generation_and_activity done, time: 711.489
[711.493s] aco: pheromone_evaporation done, time: 711.493
[711.980s] aco: daemon_actions done, time: 711.98
[711.980s] aco: generation 532 start, time: 711.98
[712.255s] aco: compute_total_information done, time: 712.254
[712.601s] aco: ants_generation_and_activity done, time: 712.601
[712.605s] aco: pheromone_evaporation done, time: 712.605
[713.089s] aco: daemon_actions done, time: 713.089
[713.089s] aco: generation 533 start, time: 713.089
[713.363s] aco: compute_total_information done, time: 713.363
[713.702s] aco: ants_generation_and_activity done, time: 713.701
[713.705s] aco: pheromone_evaporation done, time: 713.705
[714.229s] aco: daemon_actions done, time: 714.229
[714.229s] aco: generation 534 start, time: 714.229
[714.498s] aco: compute_total_information done, time: 714.498
[714.846s] aco: ants_generation_and_activity done, time: 714.845
[714.848s] aco: pheromone_evaporation done, time: 714.848
[715.364s] aco: daemon_actions done, time: 715.364
[715.365s] aco: generation 535 start, time: 715.365
[715.635s] aco: compute_total_information done, time: 715.635
[715.968s] aco: ants_generation_and_activity done, time: 715.968
[715.971s] aco: pheromone_evaporation done, time: 715.971
[716.445s] aco: daemon_actions done, time: 716.445
[716.445s] aco: generation 536 start, time: 716.445
[716.721s] aco: compute_total_information done, time: 716.721
[717.053s] aco: ants_generation_and_activity done, time: 717.053
[717.056s] aco: pheromone_evaporation done, time: 717.056
[717.534s] aco: daemon_actions done, time: 717.534
[717.534s] aco: generation 537 start, time: 717.534
[717.852s] aco: compute_total_information done, time: 717.852
[718.185s] aco: ants_generation_and_activity done, time: 718.185
[718.189s] aco: pheromone_evaporation done, time: 718.189
[718.658s] aco: daemon_actions done, time: 718.658
[718.658s] aco: generation 538 start, time: 718.658
[718.931s] aco: compute_total_information done, time: 718.931
[719.274s] aco: ants_generation_and_activity done, time: 719.274
[719.278s] aco: pheromone_evaporation done, time: 719.278
[719.764s] aco: daemon_actions done, time: 719.764
[719.764s] aco: generation 539 start, time: 719.764
[720.031s] aco: compute_total_information done, time: 720.031
[720.351s] aco: ants_generation_and_activity done, time: 720.351
[720.354s] aco: pheromone_evaporation done, time: 720.354
[720.923s] aco: daemon_actions done, time: 720.923
[720.923s] aco: generation 540 start, time: 720.923
[721.200s] aco: compute_total_information done, time: 721.2
[721.596s] aco: ants_generation_and_activity done, time: 721.596
[721.598s] aco: pheromone_evaporation done, time: 721.598
[722.081s] aco: daemon_actions done, time: 722.081
[722.081s] aco: generation 541 start, time: 722.081
[722.401s] aco: compute_total_information done, time: 722.401
[722.837s] aco: ants_generation_and_activity done, time: 722.837
[722.841s] aco: pheromone_evaporation done, time: 722.841
[723.523s] aco: daemon_actions done, time: 723.523
[723.523s] aco: generation 542 start, time: 723.523
[723.972s] aco: compute_total_information done, time: 723.972
[724.510s] aco: ants_generation_and_activity done, time: 724.51
[724.512s] aco: pheromone_evaporation done, time: 724.512
[725.274s] aco: daemon_actions done, time: 725.274
[725.274s] aco: generation 543 start, time: 725.274
[725.700s] aco: compute_total_information done, time: 725.7
[726.237s] aco: ants_generation_and_activity done, time: 726.237
[726.241s] aco: pheromone_evaporation done, time: 726.241
[726.890s] aco: daemon_actions done, time: 726.89
[726.890s] aco: generation 544 start, time: 726.89
[727.247s] aco: compute_total_information done, time: 727.247
[727.692s] aco: ants_generation_and_activity done, time: 727.692
[727.696s] aco: pheromone_evaporation done, time: 727.696
[728.312s] aco: daemon_actions done, time: 728.312
[728.312s] aco: generation 545 start, time: 728.312
[728.627s] aco: compute_total_information done, time: 728.627
[729.032s] aco: ants_generation_and_activity done, time: 729.032
[729.036s] aco: pheromone_evaporation done, time: 729.036
[729.526s] aco: daemon_actions done, time: 729.526
[729.526s] aco: generation 546 start, time: 729.526
[729.801s] aco: compute_total_information done, time: 729.801
[730.143s] aco: ants_generation_and_activity done, time: 730.143
[730.146s] aco: pheromone_evaporation done, time: 730.146
[730.616s] aco: daemon_actions done, time: 730.616
[730.616s] aco: generation 547 start, time: 730.616
[730.891s] aco: compute_total_information done, time: 730.891
[731.227s] aco: ants_generation_and_activity done, time: 731.227
[731.230s] aco: pheromone_evaporation done, time: 731.23
[731.726s] aco: daemon_actions done, time: 731.726
[731.726s] aco: generation 548 start, time: 731.726
[731.996s] aco: compute_total_information done, time: 731.996
[732.360s] aco: ants_generation_and_activity done, time: 732.36
[732.364s] aco: pheromone_evaporation done, time: 732.364
[732.900s] aco: daemon_actions done, time: 732.9
[732.900s] aco: generation 549 start, time: 732.9
[733.174s] aco: compute_total_information done, time: 733.174
[733.534s] aco: ants_generation_and_activity done, time: 733.534
[733.538s] aco: pheromone_evaporation done, time: 733.538
[734.017s] aco: daemon_actions done, time: 734.017
[734.017s] aco: generation 550 start, time: 734.017
[734.289s] aco: compute_total_information done, time: 734.289
[734.623s] aco: ants_generation_and_activity done, time: 734.623
[734.624s] aco: pheromone_evaporation done, time: 734.624
[735.121s] aco: daemon_actions done, time: 735.121
[735.121s] aco: generation 551 start, time: 735.121
[735.426s] aco: compute_total_information done, time: 735.426
[735.809s] aco: ants_generation_and_activity done, time: 735.809
[735.812s] aco: pheromone_evaporation done, time: 735.812
[736.372s] aco: daemon_actions done, time: 736.372
[736.372s] aco: generation 552 start, time: 736.372
[736.670s] aco: compute_total_information done, time: 736.67
[736.998s] aco: ants_generation_and_activity done, time: 736.998
[737.000s] aco: pheromone_evaporation done, time: 736.999
[737.481s] aco: daemon_actions done, time: 737.481
[737.483s] aco: generation 553 start, time: 737.483
[737.752s] aco: compute_total_information done, time: 737.752
[738.083s] aco: ants_generation_and_activity done, time: 738.083
[738.087s] aco: pheromone_evaporation done, time: 738.087
[738.563s] aco: daemon_actions done, time: 738.563
[738.563s] aco: generation 554 start, time: 738.563
[738.838s] aco: compute_total_information done, time: 738.838
[739.180s] aco: ants_generation_and_activity done, time: 739.18
[739.182s] aco: pheromone_evaporation done, time: 739.182
[739.665s] aco: daemon_actions done, time: 739.665
[739.665s] aco: generation 555 start, time: 739.665
[739.998s] aco: compute_total_information done, time: 739.998
[740.338s] aco: ants_generation_and_activity done, time: 740.338
[740.342s] aco: pheromone_evaporation done, time: 740.342
[740.815s] aco: daemon_actions done, time: 740.815
[740.815s] aco: generation 556 start, time: 740.815
[741.090s] aco: compute_total_information done, time: 741.09
[741.433s] aco: ants_generation_and_activity done, time: 741.433
[741.437s] aco: pheromone_evaporation done, time: 741.437
[741.915s] aco: daemon_actions done, time: 741.915
[741.916s] aco: generation 557 start, time: 741.916
[742.191s] aco: compute_total_information done, time: 742.191
[742.543s] aco: ants_generation_and_activity done, time: 742.543
[742.547s] aco: pheromone_evaporation done, time: 742.547
[743.081s] aco: daemon_actions done, time: 743.081
[743.081s] aco: generation 558 start, time: 743.081
[743.357s] aco: compute_total_information done, time: 743.357
[743.751s] aco: ants_generation_and_activity done, time: 743.751
[743.755s] aco: pheromone_evaporation done, time: 743.755
[744.230s] aco: daemon_actions done, time: 744.23
[744.230s] aco: generation 559 start, time: 744.23
[744.503s] aco: compute_total_information done, time: 744.503
[744.841s] aco: ants_generation_and_activity done, time: 744.841
[744.845s] aco: pheromone_evaporation done, time: 744.844
[745.335s] aco: daemon_actions done, time: 745.335
[745.335s] aco: generation 560 start, time: 745.335
[745.606s] aco: compute_total_information done, time: 745.606
[745.952s] aco: ants_generation_and_activity done, time: 745.952
[745.956s] aco: pheromone_evaporation done, time: 745.956
[746.432s] aco: daemon_actions done, time: 746.432
[746.432s] aco: generation 561 start, time: 746.432
[746.704s] aco: compute_total_information done, time: 746.704
[747.036s] aco: ants_generation_and_activity done, time: 747.036
[747.040s] aco: pheromone_evaporation done, time: 747.04
[747.578s] aco: daemon_actions done, time: 747.578
[747.578s] aco: generation 562 start, time: 747.578
[747.843s] aco: compute_total_information done, time: 747.843
[748.175s] aco: ants_generation_and_activity done, time: 748.175
[748.179s] aco: pheromone_evaporation done, time: 748.179
[748.649s] aco: daemon_actions done, time: 748.649
[748.649s] aco: generation 563 start, time: 748.649
[748.924s] aco: compute_total_information done, time: 748.924
[749.272s] aco: ants_generation_and_activity done, time: 749.272
[749.273s] aco: pheromone_evaporation done, time: 749.273
[749.789s] aco: daemon_actions done, time: 749.789
[749.789s] aco: generation 564 start, time: 749.789
[750.055s] aco: compute_total_information done, time: 750.055
[750.396s] aco: ants_generation_and_activity done, time: 750.396
[750.400s] aco: pheromone_evaporation done, time: 750.4
[750.880s] aco: daemon_actions done, time: 750.88
[750.880s] aco: generation 565 start, time: 750.88
[751.199s] aco: compute_total_information done, time: 751.199
[751.548s] aco: ants_generation_and_activity done, time: 751.548
[751.551s] aco: pheromone_evaporation done, time: 751.551
[752.036s] aco: daemon_actions done, time: 752.036
[752.036s] aco: generation 566 start, time: 752.036
[752.301s] aco: compute_total_information done, time: 752.301
[752.628s] aco: ants_generation_and_activity done, time: 752.628
[752.631s] aco: pheromone_evaporation done, time: 752.631
[753.213s] aco: daemon_actions done, time: 753.213
[753.213s] aco: generation 567 start, time: 753.213
[753.582s] aco: compute_total_information done, time: 753.582
[754.022s] aco: ants_generation_and_activity done, time: 754.022
[754.024s] aco: pheromone_evaporation done, time: 754.024
[754.641s] aco: daemon_actions done, time: 754.641
[754.641s] aco: generation 568 start, time: 754.641
[755.046s] aco: compute_total_information done, time: 755.046
[755.486s] aco: ants_generation_and_activity done, time: 755.486
[755.490s] aco: pheromone_evaporation done, time: 755.49
[756.140s] aco: daemon_actions done, time: 756.14
[756.140s] aco: generation 569 start, time: 756.14
[756.507s] aco: compute_total_information done, time: 756.507
[756.945s] aco: ants_generation_and_activity done, time: 756.945
[756.950s] aco: pheromone_evaporation done, time: 756.95
[757.578s] aco: daemon_actions done, time: 757.578
[757.578s] aco: generation 570 start, time: 757.578
[757.929s] aco: compute_total_information done, time: 757.929
[758.360s] aco: ants_generation_and_activity done, time: 758.36
[758.363s] aco: pheromone_evaporation done, time: 758.363
[758.929s] aco: daemon_actions done, time: 758.929
[758.929s] aco: generation 571 start, time: 758.929
[759.200s] aco: compute_total_information done, time: 759.2
[759.537s] aco: ants_generation_and_activity done, time: 759.537
[759.540s] aco: pheromone_evaporation done, time: 759.54
[760.018s] aco: daemon_actions done, time: 760.018
[760.018s] aco: generation 572 start, time: 760.018
[760.286s] aco: compute_total_information done, time: 760.286
[760.622s] aco: ants_generation_and_activity done, time: 760.622
[760.624s] aco: pheromone_evaporation done, time: 760.624
[761.104s] aco: daemon_actions done, time: 761.104
[761.104s] aco: generation 573 start, time: 761.104
[761.394s] aco: compute_total_information done, time: 761.394
[761.758s] aco: ants_generation_and_activity done, time: 761.758
[761.762s] aco: pheromone_evaporation done, time: 761.762
[762.314s] aco: daemon_actions done, time: 762.314
[762.314s] aco: generation 574 start, time: 762.314
[762.591s] aco: compute_total_information done, time: 762.591
[762.935s] aco: ants_generation_and_activity done, time: 762.935
[762.939s] aco: pheromone_evaporation done, time: 762.939
[763.421s] aco: daemon_actions done, time: 763.421
[763.421s] aco: generation 575 start, time: 763.421
[763.689s] aco: compute_total_information done, time: 763.689
[764.039s] aco: ants_generation_and_activity done, time: 764.039
[764.043s] aco: pheromone_evaporation done, time: 764.043
[764.530s] aco: daemon_actions done, time: 764.53
[764.530s] aco: generation 576 start, time: 764.53
[764.816s] aco: compute_total_information done, time: 764.816
[765.157s] aco: ants_generation_and_activity done, time: 765.157
[765.160s] aco: pheromone_evaporation done, time: 765.16
[765.676s] aco: daemon_actions done, time: 765.676
[765.676s] aco: generation 577 start, time: 765.676
[766.008s] aco: compute_total_information done, time: 766.008
[766.360s] aco: ants_generation_and_activity done, time: 766.36
[766.364s] aco: pheromone_evaporation done, time: 766.364
[766.862s] aco: daemon_actions done, time: 766.862
[766.862s] aco: generation 578 start, time: 766.862
[767.136s] aco: compute_total_information done, time: 767.136
[767.475s] aco: ants_generation_and_activity done, time: 767.475
[767.478s] aco: pheromone_evaporation done, time: 767.478
[767.962s] aco: daemon_actions done, time: 767.962
[767.963s] aco: generation 579 start, time: 767.963
[768.236s] aco: compute_total_information done, time: 768.236
[768.572s] aco: ants_generation_and_activity done, time: 768.572
[768.576s] aco: pheromone_evaporation done, time: 768.576
[769.063s] aco: daemon_actions done, time: 769.063
[769.063s] aco: generation 580 start, time: 769.063
[769.337s] aco: compute_total_information done, time: 769.337
[769.723s] aco: ants_generation_and_activity done, time: 769.723
[769.727s] aco: pheromone_evaporation done, time: 769.727
[770.267s] aco: daemon_actions done, time: 770.267
[770.267s] aco: generation 581 start, time: 770.267
[770.540s] aco: compute_total_information done, time: 770.54
[770.879s] aco: ants_generation_and_activity done, time: 770.879
[770.882s] aco: pheromone_evaporation done, time: 770.882
[771.388s] aco: daemon_actions done, time: 771.388
[771.388s] aco: generation 582 start, time: 771.388
[771.673s] aco: compute_total_information done, time: 771.673
[772.011s] aco: ants_generation_and_activity done, time: 772.011
[772.015s] aco: pheromone_evaporation done, time: 772.015
[772.497s] aco: daemon_actions done, time: 772.497
[772.497s] aco: generation 583 start, time: 772.497
[772.772s] aco: compute_total_information done, time: 772.772
[773.108s] aco: ants_generation_and_activity done, time: 773.108
[773.111s] aco: pheromone_evaporation done, time: 773.111
[773.645s] aco: daemon_actions done, time: 773.645
[773.645s] aco: generation 584 start, time: 773.645
[773.922s] aco: compute_total_information done, time: 773.922
[774.271s] aco: ants_generation_and_activity done, time: 774.271
[774.273s] aco: pheromone_evaporation done, time: 774.273
[774.847s] aco: daemon_actions done, time: 774.847
[774.848s] aco: generation 585 start, time: 774.848
[775.186s] aco: compute_total_information done, time: 775.186
[775.535s] aco: ants_generation_and_activity done, time: 775.535
[775.538s] aco: pheromone_evaporation done, time: 775.538
[776.062s] aco: daemon_actions done, time: 776.062
[776.062s] aco: generation 586 start, time: 776.062
[776.332s] aco: compute_total_information done, time: 776.332
[776.676s] aco: ants_generation_and_activity done, time: 776.676
[776.678s] aco: pheromone_evaporation done, time: 776.678
[777.208s] aco: daemon_actions done, time: 777.208
[777.208s] aco: generation 587 start, time: 777.208
[777.487s] aco: compute_total_information done, time: 777.487
[777.828s] aco: ants_generation_and_activity done, time: 777.828
[777.831s] aco: pheromone_evaporation done, time: 777.831
[778.309s] aco: daemon_actions done, time: 778.309
[778.309s] aco: generation 588 start, time: 778.309
[778.576s] aco: compute_total_information done, time: 778.576
[778.916s] aco: ants_generation_and_activity done, time: 778.916
[778.919s] aco: pheromone_evaporation done, time: 778.919
[779.416s] aco: daemon_actions done, time: 779.416
[779.416s] aco: generation 589 start, time: 779.416
[779.686s] aco: compute_total_information done, time: 779.686
[780.029s] aco: ants_generation_and_activity done, time: 780.029
[780.033s] aco: pheromone_evaporation done, time: 780.033
[780.515s] aco: daemon_actions done, time: 780.515
[780.515s] aco: generation 590 start, time: 780.515
[780.900s] aco: compute_total_information done, time: 780.9
[781.234s] aco: ants_generation_and_activity done, time: 781.234
[781.237s] aco: pheromone_evaporation done, time: 781.237
[781.726s] aco: daemon_actions done, time: 781.726
[781.726s] aco: generation 591 start, time: 781.726
[782.017s] aco: compute_total_information done, time: 782.017
[782.438s] aco: ants_generation_and_activity done, time: 782.438
[782.440s] aco: pheromone_evaporation done, time: 782.44
[783.091s] aco: daemon_actions done, time: 783.091
[783.091s] aco: generation 592 start, time: 783.091
[783.526s] aco: compute_total_information done, time: 783.526
[783.954s] aco: ants_generation_and_activity done, time: 783.954
[783.958s] aco: pheromone_evaporation done, time: 783.958
[784.642s] aco: daemon_actions done, time: 784.642
[784.642s] aco: generation 593 start, time: 784.642
[785.087s] aco: compute_total_information done, time: 785.087
[785.531s] aco: ants_generation_and_activity done, time: 785.531
[785.533s] aco: pheromone_evaporation done, time: 785.533
[786.264s] aco: daemon_actions done, time: 786.264
[786.264s] aco: generation 594 start, time: 786.264
[786.617s] aco: compute_total_information done, time: 786.616
[787.047s] aco: ants_generation_and_activity done, time: 787.047
[787.049s] aco: pheromone_evaporation done, time: 787.049
[787.683s] aco: daemon_actions done, time: 787.683
[787.683s] aco: generation 595 start, time: 787.683
[787.960s] aco: compute_total_information done, time: 787.96
[788.368s] aco: ants_generation_and_activity done, time: 788.368
[788.372s] aco: pheromone_evaporation done, time: 788.372
[788.905s] aco: daemon_actions done, time: 788.905
[788.905s] aco: generation 596 start, time: 788.905
[789.218s] aco: compute_total_information done, time: 789.218
[789.564s] aco: ants_generation_and_activity done, time: 789.564
[789.568s] aco: pheromone_evaporation done, time: 789.568
[790.084s] aco: daemon_actions done, time: 790.084
[790.084s] aco: generation 597 start, time: 790.084
[790.354s] aco: compute_total_information done, time: 790.354
[790.736s] aco: ants_generation_and_activity done, time: 790.736
[790.739s] aco: pheromone_evaporation done, time: 790.739
[791.217s] aco: daemon_actions done, time: 791.217
[791.217s] aco: generation 598 start, time: 791.217
[791.564s] aco: compute_total_information done, time: 791.564
[791.907s] aco: ants_generation_and_activity done, time: 791.907
[791.911s] aco: pheromone_evaporation done, time: 791.911
[792.481s] aco: daemon_actions done, time: 792.481
[792.481s] aco: generation 599 start, time: 792.481
[792.754s] aco: compute_total_information done, time: 792.754
[793.104s] aco: ants_generation_and_activity done, time: 793.104
[793.107s] aco: pheromone_evaporation done, time: 793.107
[793.601s] aco: daemon_actions done, time: 793.601
[793.601s] aco: generation 600 start, time: 793.601
[793.875s] aco: compute_total_information done, time: 793.875
[794.221s] aco: ants_generation_and_activity done, time: 794.221
[794.224s] aco: pheromone_evaporation done, time: 794.224
[794.737s] aco: daemon_actions done, time: 794.737
[794.737s] aco: generation 601 start, time: 794.737
[795.015s] aco: compute_total_information done, time: 795.015
[795.358s] aco: ants_generation_and_activity done, time: 795.358
[795.362s] aco: pheromone_evaporation done, time: 795.362
[795.921s] aco: daemon_actions done, time: 795.921
[795.921s] aco: generation 602 start, time: 795.921
[796.192s] aco: compute_total_information done, time: 796.192
[796.528s] aco: ants_generation_and_activity done, time: 796.528
[796.531s] aco: pheromone_evaporation done, time: 796.531
[797.023s] aco: daemon_actions done, time: 797.023
[797.023s] aco: generation 603 start, time: 797.023
[797.294s] aco: compute_total_information done, time: 797.294
[797.642s] aco: ants_generation_and_activity done, time: 797.642
[797.646s] aco: pheromone_evaporation done, time: 797.646
[798.145s] aco: daemon_actions done, time: 798.145
[798.145s] aco: generation 604 start, time: 798.145
[798.413s] aco: compute_total_information done, time: 798.413
[798.758s] aco: ants_generation_and_activity done, time: 798.758
[798.761s] aco: pheromone_evaporation done, time: 798.761
[799.234s] aco: daemon_actions done, time: 799.234
[799.234s] aco: generation 605 start, time: 799.234
[799.559s] aco: compute_total_information done, time: 799.559
[799.923s] aco: ants_generation_and_activity done, time: 799.923
[799.926s] aco: pheromone_evaporation done, time: 799.926
[800.405s] aco: daemon_actions done, time: 800.405
[800.405s] aco: generation 606 start, time: 800.405
[800.673s] aco: compute_total_information done, time: 800.673
[801.017s] aco: ants_generation_and_activity done, time: 801.017
[801.020s] aco: pheromone_evaporation done, time: 801.02
[801.506s] aco: daemon_actions done, time: 801.506
[801.507s] aco: generation 607 start, time: 801.507
[801.778s] aco: compute_total_information done, time: 801.778
[802.150s] aco: ants_generation_and_activity done, time: 802.15
[802.151s] aco: pheromone_evaporation done, time: 802.151
[802.965s] aco: daemon_actions done, time: 802.965
[802.965s] aco: generation 608 start, time: 802.965
[803.291s] aco: compute_total_information done, time: 803.291
[803.623s] aco: ants_generation_and_activity done, time: 803.623
[803.626s] aco: pheromone_evaporation done, time: 803.626
[804.101s] aco: daemon_actions done, time: 804.101
[804.101s] aco: generation 609 start, time: 804.101
[804.370s] aco: compute_total_information done, time: 804.37
[804.712s] aco: ants_generation_and_activity done, time: 804.712
[804.716s] aco: pheromone_evaporation done, time: 804.716
[805.201s] aco: daemon_actions done, time: 805.201
[805.201s] aco: generation 610 start, time: 805.201
[805.486s] aco: compute_total_information done, time: 805.486
[805.823s] aco: ants_generation_and_activity done, time: 805.823
[805.828s] aco: pheromone_evaporation done, time: 805.828
[806.307s] aco: daemon_actions done, time: 806.307
[806.307s] aco: generation 611 start, time: 806.307
[806.576s] aco: compute_total_information done, time: 806.576
[806.970s] aco: ants_generation_and_activity done, time: 806.97
[806.973s] aco: pheromone_evaporation done, time: 806.973
[807.464s] aco: daemon_actions done, time: 807.464
[807.464s] aco: generation 612 start, time: 807.464
[807.738s] aco: compute_total_information done, time: 807.738
[808.075s] aco: ants_generation_and_activity done, time: 808.075
[808.078s] aco: pheromone_evaporation done, time: 808.078
[808.557s] aco: daemon_actions done, time: 808.557
[808.557s] aco: generation 613 start, time: 808.557
[808.828s] aco: compute_total_information done, time: 808.828
[809.158s] aco: ants_generation_and_activity done, time: 809.158
[809.161s] aco: pheromone_evaporation done, time: 809.161
[809.654s] aco: daemon_actions done, time: 809.654
[809.654s] aco: generation 614 start, time: 809.654
[810.044s] aco: compute_total_information done, time: 810.044
[810.441s] aco: ants_generation_and_activity done, time: 810.441
[810.445s] aco: pheromone_evaporation done, time: 810.445
[810.983s] aco: daemon_actions done, time: 810.983
[810.983s] aco: generation 615 start, time: 810.983
[811.253s] aco: compute_total_information done, time: 811.253
[811.596s] aco: ants_generation_and_activity done, time: 811.596
[811.600s] aco: pheromone_evaporation done, time: 811.6
[812.074s] aco: daemon_actions done, time: 812.074
[812.074s] aco: generation 616 start, time: 812.074
[812.403s] aco: compute_total_information done, time: 812.403
[812.830s] aco: ants_generation_and_activity done, time: 812.83
[812.833s] aco: pheromone_evaporation done, time: 812.833
[813.491s] aco: daemon_actions done, time: 813.491
[813.492s] aco: generation 617 start, time: 813.492
[813.844s] aco: compute_total_information done, time: 813.844
[814.306s] aco: ants_generation_and_activity done, time: 814.306
[814.308s] aco: pheromone_evaporation done, time: 814.308
[814.956s] aco: daemon_actions done, time: 814.956
[814.956s] aco: generation 618 start, time: 814.956
[815.360s] aco: compute_total_information done, time: 815.36
[815.858s] aco: ants_generation_and_activity done, time: 815.858
[815.861s] aco: pheromone_evaporation done, time: 815.861
[816.492s] aco: daemon_actions done, time: 816.492
[816.492s] aco: generation 619 start, time: 816.492
[816.855s] aco: compute_total_information done, time: 816.855
[817.282s] aco: ants_generation_and_activity done, time: 817.282
[817.286s] aco: pheromone_evaporation done, time: 817.286
[817.900s] aco: daemon_actions done, time: 817.9
[817.901s] aco: generation 620 start, time: 817.901
[818.327s] aco: compute_total_information done, time: 818.327
[818.666s] aco: ants_generation_and_activity done, time: 818.666
[818.670s] aco: pheromone_evaporation done, time: 818.67
[819.150s] aco: daemon_actions done, time: 819.15
[819.150s] aco: generation 621 start, time: 819.15
[819.423s] aco: compute_total_information done, time: 819.423
[819.758s] aco: ants_generation_and_activity done, time: 819.758
[819.761s] aco: pheromone_evaporation done, time: 819.761
[820.239s] aco: daemon_actions done, time: 820.239
[820.239s] aco: generation 622 start, time: 820.239
[820.509s] aco: compute_total_information done, time: 820.509
[820.851s] aco: ants_generation_and_activity done, time: 820.851
[820.854s] aco: pheromone_evaporation done, time: 820.854
[821.353s] aco: daemon_actions done, time: 821.353
[821.353s] aco: generation 623 start, time: 821.353
[821.654s] aco: compute_total_information done, time: 821.654
[822.046s] aco: ants_generation_and_activity done, time: 822.046
[822.050s] aco: pheromone_evaporation done, time: 822.05
[822.528s] aco: daemon_actions done, time: 822.528
[822.528s] aco: generation 624 start, time: 822.528
[822.796s] aco: compute_total_information done, time: 822.796
[823.136s] aco: ants_generation_and_activity done, time: 823.136
[823.139s] aco: pheromone_evaporation done, time: 823.139
[823.616s] aco: daemon_actions done, time: 823.616
[823.616s] aco: generation 625 start, time: 823.616
[823.888s] aco: compute_total_information done, time: 823.888
[824.239s] aco: ants_generation_and_activity done, time: 824.239
[824.242s] aco: pheromone_evaporation done, time: 824.242
[824.755s] aco: daemon_actions done, time: 824.755
[824.755s] aco: generation 626 start, time: 824.755
[825.038s] aco: compute_total_information done, time: 825.038
[825.383s] aco: ants_generation_and_activity done, time: 825.383
[825.386s] aco: pheromone_evaporation done, time: 825.386
[825.951s] aco: daemon_actions done, time: 825.951
[825.951s] aco: generation 627 start, time: 825.951
[826.234s] aco: compute_total_information done, time: 826.234
[826.576s] aco: ants_generation_and_activity done, time: 826.576
[826.580s] aco: pheromone_evaporation done, time: 826.58
[827.063s] aco: daemon_actions done, time: 827.063
[827.063s] aco: generation 628 start, time: 827.063
[827.335s] aco: compute_total_information done, time: 827.335
[827.673s] aco: ants_generation_and_activity done, time: 827.673
[827.676s] aco: pheromone_evaporation done, time: 827.676
[828.167s] aco: daemon_actions done, time: 828.167
[828.168s] aco: generation 629 start, time: 828.168
[828.438s] aco: compute_total_information done, time: 828.438
[828.762s] aco: ants_generation_and_activity done, time: 828.762
[828.764s] aco: pheromone_evaporation done, time: 828.764
[829.297s] aco: daemon_actions done, time: 829.297
[829.298s] aco: generation 630 start, time: 829.298
[829.570s] aco: compute_total_information done, time: 829.57
[829.923s] aco: ants_generation_and_activity done, time: 829.923
[829.928s] aco: pheromone_evaporation done, time: 829.928
[830.409s] aco: new best solution found with cost 4.66226e+006 and 1000 components
[830.413s] aco: daemon_actions done, time: 830.413
[830.414s] aco: generation 631 start, time: 830.414
[830.734s] aco: compute_total_information done, time: 830.734
[831.066s] aco: ants_generation_and_activity done, time: 831.066
[831.071s] aco: pheromone_evaporation done, time: 831.071
[831.568s] aco: daemon_actions done, time: 831.568
[831.568s] aco: generation 632 start, time: 831.568
[831.835s] aco: compute_total_information done, time: 831.835
[832.169s] aco: ants_generation_and_activity done, time: 832.169
[832.173s] aco: pheromone_evaporation done, time: 832.173
[832.810s] aco: daemon_actions done, time: 832.81
[832.810s] aco: generation 633 start, time: 832.81
[833.343s] aco: compute_total_information done, time: 833.343
[833.893s] aco: ants_generation_and_activity done, time: 833.893
[833.897s] aco: pheromone_evaporation done, time: 833.897
[834.559s] aco: daemon_actions done, time: 834.559
[834.559s] aco: generation 634 start, time: 834.559
[834.920s] aco: compute_total_information done, time: 834.92
[835.371s] aco: ants_generation_and_activity done, time: 835.371
[835.374s] aco: pheromone_evaporation done, time: 835.374
[836.026s] aco: daemon_actions done, time: 836.026
[836.026s] aco: generation 635 start, time: 836.026
[836.382s] aco: compute_total_information done, time: 836.382
[836.853s] aco: ants_generation_and_activity done, time: 836.853
[836.856s] aco: pheromone_evaporation done, time: 836.856
[837.472s] aco: daemon_actions done, time: 837.472
[837.472s] aco: generation 636 start, time: 837.472
[837.823s] aco: compute_total_information done, time: 837.823
[838.272s] aco: ants_generation_and_activity done, time: 838.272
[838.276s] aco: pheromone_evaporation done, time: 838.276
[838.764s] aco: daemon_actions done, time: 838.764
[838.764s] aco: generation 637 start, time: 838.764
[839.032s] aco: compute_total_information done, time: 839.032
[839.366s] aco: ants_generation_and_activity done, time: 839.366
[839.370s] aco: pheromone_evaporation done, time: 839.37
[839.844s] aco: daemon_actions done, time: 839.844
[839.844s] aco: generation 638 start, time: 839.844
[840.117s] aco: compute_total_information done, time: 840.117
[840.486s] aco: ants_generation_and_activity done, time: 840.486
[840.488s] aco: pheromone_evaporation done, time: 840.488
[841.027s] aco: daemon_actions done, time: 841.027
[841.027s] aco: generation 639 start, time: 841.027
[841.304s] aco: compute_total_information done, time: 841.304
[841.624s] aco: ants_generation_and_activity done, time: 841.624
[841.628s] aco: pheromone_evaporation done, time: 841.628
[842.111s] aco: daemon_actions done, time: 842.111
[842.111s] aco: generation 640 start, time: 842.111
[842.386s] aco: compute_total_information done, time: 842.386
[842.699s] aco: ants_generation_and_activity done, time: 842.699
[842.702s] aco: pheromone_evaporation done, time: 842.702
[843.185s] aco: daemon_actions done, time: 843.185
[843.185s] aco: generation 641 start, time: 843.185
[843.473s] aco: compute_total_information done, time: 843.473
[843.787s] aco: ants_generation_and_activity done, time: 843.787
[843.791s] aco: pheromone_evaporation done, time: 843.791
[844.331s] aco: daemon_actions done, time: 844.331
[844.331s] aco: generation 642 start, time: 844.331
[844.601s] aco: compute_total_information done, time: 844.601
[844.919s] aco: ants_generation_and_activity done, time: 844.919
[844.922s] aco: pheromone_evaporation done, time: 844.922
[845.398s] aco: daemon_actions done, time: 845.398
[845.398s] aco: generation 643 start, time: 845.398
[845.676s] aco: compute_total_information done, time: 845.676
[845.993s] aco: ants_generation_and_activity done, time: 845.993
[845.995s] aco: pheromone_evaporation done, time: 845.995
[846.605s] aco: daemon_actions done, time: 846.605
[846.605s] aco: generation 644 start, time: 846.605
[846.874s] aco: compute_total_information done, time: 846.874
[847.212s] aco: ants_generation_and_activity done, time: 847.212
[847.215s] aco: pheromone_evaporation done, time: 847.215
[847.707s] aco: daemon_actions done, time: 847.707
[847.707s] aco: generation 645 start, time: 847.707
[848.027s] aco: compute_total_information done, time: 848.027
[848.365s] aco: ants_generation_and_activity done, time: 848.365
[848.368s] aco: pheromone_evaporation done, time: 848.368
[848.838s] aco: daemon_actions done, time: 848.838
[848.838s] aco: generation 646 start, time: 848.838
[849.118s] aco: compute_total_information done, time: 849.118
[849.445s] aco: ants_generation_and_activity done, time: 849.445
[849.449s] aco: pheromone_evaporation done, time: 849.449
[849.972s] aco: daemon_actions done, time: 849.972
[849.972s] aco: generation 647 start, time: 849.972
[850.240s] aco: compute_total_information done, time: 850.24
[850.566s] aco: ants_generation_and_activity done, time: 850.566
[850.569s] aco: pheromone_evaporation done, time: 850.569
[851.048s] aco: daemon_actions done, time: 851.048
[851.048s] aco: generation 648 start, time: 851.048
[851.316s] aco: compute_total_information done, time: 851.316
[851.688s] aco: ants_generation_and_activity done, time: 851.688
[851.691s] aco: pheromone_evaporation done, time: 851.691
[852.163s] aco: daemon_actions done, time: 852.163
[852.163s] aco: generation 649 start, time: 852.163
[852.431s] aco: compute_total_information done, time: 852.431
[852.754s] aco: ants_generation_and_activity done, time: 852.754
[852.758s] aco: pheromone_evaporation done, time: 852.758
[853.229s] aco: daemon_actions done, time: 853.229
[853.229s] aco: generation 650 start, time: 853.229
[853.501s] aco: compute_total_information done, time: 853.5
[853.814s] aco: ants_generation_and_activity done, time: 853.814
[853.815s] aco: pheromone_evaporation done, time: 853.815
[854.326s] aco: daemon_actions done, time: 854.326
[854.326s] aco: generation 651 start, time: 854.326
[854.633s] aco: compute_total_information done, time: 854.633
[854.952s] aco: ants_generation_and_activity done, time: 854.952
[854.956s] aco: pheromone_evaporation done, time: 854.956
[855.504s] aco: daemon_actions done, time: 855.504
[855.504s] aco: generation 652 start, time: 855.504
[855.839s] aco: compute_total_information done, time: 855.839
[856.150s] aco: ants_generation_and_activity done, time: 856.15
[856.153s] aco: pheromone_evaporation done, time: 856.153
[856.659s] aco: daemon_actions done, time: 856.659
[856.659s] aco: generation 653 start, time: 856.659
[856.931s] aco: compute_total_information done, time: 856.931
[857.282s] aco: ants_generation_and_activity done, time: 857.282
[857.286s] aco: pheromone_evaporation done, time: 857.286
[857.751s] aco: daemon_actions done, time: 857.751
[857.752s] aco: generation 654 start, time: 857.752
[858.021s] aco: compute_total_information done, time: 858.021
[858.377s] aco: ants_generation_and_activity done, time: 858.377
[858.380s] aco: pheromone_evaporation done, time: 858.38
[858.939s] aco: daemon_actions done, time: 858.939
[858.939s] aco: generation 655 start, time: 858.939
[859.236s] aco: compute_total_information done, time: 859.236
[859.535s] aco: ants_generation_and_activity done, time: 859.535
[859.540s] aco: pheromone_evaporation done, time: 859.54
[860.027s] aco: daemon_actions done, time: 860.027
[860.027s] aco: generation 656 start, time: 860.027
[860.299s] aco: compute_total_information done, time: 860.299
[860.622s] aco: ants_generation_and_activity done, time: 860.622
[860.625s] aco: pheromone_evaporation done, time: 860.625
[861.099s] aco: daemon_actions done, time: 861.099
[861.099s] aco: generation 657 start, time: 861.099
[861.369s] aco: compute_total_information done, time: 861.369
[861.685s] aco: ants_generation_and_activity done, time: 861.685
[861.688s] aco: pheromone_evaporation done, time: 861.688
[862.173s] aco: daemon_actions done, time: 862.173
[862.173s] aco: generation 658 start, time: 862.173
[862.446s] aco: compute_total_information done, time: 862.446
[862.815s] aco: ants_generation_and_activity done, time: 862.815
[862.818s] aco: pheromone_evaporation done, time: 862.818
[863.288s] aco: daemon_actions done, time: 863.288
[863.288s] aco: generation 659 start, time: 863.288
[863.560s] aco: compute_total_information done, time: 863.56
[863.872s] aco: ants_generation_and_activity done, time: 863.872
[863.876s] aco: pheromone_evaporation done, time: 863.876
[864.345s] aco: daemon_actions done, time: 864.345
[864.345s] aco: generation 660 start, time: 864.345
[864.612s] aco: compute_total_information done, time: 864.612
[864.932s] aco: ants_generation_and_activity done, time: 864.932
[864.936s] aco: pheromone_evaporation done, time: 864.936
[865.420s] aco: daemon_actions done, time: 865.42
[865.420s] aco: generation 661 start, time: 865.42
[865.688s] aco: compute_total_information done, time: 865.688
[866.005s] aco: ants_generation_and_activity done, time: 866.005
[866.008s] aco: pheromone_evaporation done, time: 866.008
[866.534s] aco: daemon_actions done, time: 866.534
[866.534s] aco: generation 662 start, time: 866.534
[866.795s] aco: compute_total_information done, time: 866.795
[867.115s] aco: ants_generation_and_activity done, time: 867.115
[867.118s] aco: pheromone_evaporation done, time: 867.118
[867.587s] aco: daemon_actions done, time: 867.587
[867.588s] aco: generation 663 start, time: 867.588
[867.856s] aco: compute_total_information done, time: 867.856
[868.170s] aco: ants_generation_and_activity done, time: 868.17
[868.171s] aco: pheromone_evaporation done, time: 868.171
[868.662s] aco: daemon_actions done, time: 868.662
[868.662s] aco: generation 664 start, time: 868.662
[868.927s] aco: compute_total_information done, time: 868.927
[869.250s] aco: ants_generation_and_activity done, time: 869.25
[869.254s] aco: pheromone_evaporation done, time: 869.254
[869.735s] aco: daemon_actions done, time: 869.735
[869.735s] aco: generation 665 start, time: 869.735
[870.001s] aco: compute_total_information done, time: 870.001
[870.376s] aco: ants_generation_and_activity done, time: 870.376
[870.379s] aco: pheromone_evaporation done, time: 870.379
[870.854s] aco: daemon_actions done, time: 870.854
[870.854s] aco: generation 666 start, time: 870.854
[871.130s] aco: compute_total_information done, time: 871.13
[871.443s] aco: ants_generation_and_activity done, time: 871.443
[871.446s] aco: pheromone_evaporation done, time: 871.446
[871.912s] aco: daemon_actions done, time: 871.912
[871.912s] aco: generation 667 start, time: 871.912
[872.182s] aco: compute_total_information done, time: 872.182
[872.504s] aco: ants_generation_and_activity done, time: 872.504
[872.506s] aco: pheromone_evaporation done, time: 872.506
[873.104s] aco: daemon_actions done, time: 873.104
[873.104s] aco: generation 668 start, time: 873.104
[873.507s] aco: compute_total_information done, time: 873.507
[873.950s] aco: ants_generation_and_activity done, time: 873.95
[873.954s] aco: pheromone_evaporation done, time: 873.954
[874.607s] aco: daemon_actions done, time: 874.607
[874.608s] aco: generation 669 start, time: 874.608
[874.959s] aco: compute_total_information done, time: 874.959
[875.406s] aco: ants_generation_and_activity done, time: 875.406
[875.409s] aco: pheromone_evaporation done, time: 875.409
[876.049s] aco: daemon_actions done, time: 876.049
[876.049s] aco: generation 670 start, time: 876.049
[876.405s] aco: compute_total_information done, time: 876.405
[876.811s] aco: ants_generation_and_activity done, time: 876.811
[876.814s] aco: pheromone_evaporation done, time: 876.814
[877.443s] aco: daemon_actions done, time: 877.443
[877.443s] aco: generation 671 start, time: 877.443
[877.847s] aco: compute_total_information done, time: 877.847
[878.246s] aco: ants_generation_and_activity done, time: 878.246
[878.248s] aco: pheromone_evaporation done, time: 878.248
[878.755s] aco: daemon_actions done, time: 878.755
[878.755s] aco: generation 672 start, time: 878.755
[879.026s] aco: compute_total_information done, time: 879.026
[879.353s] aco: ants_generation_and_activity done, time: 879.353
[879.356s] aco: pheromone_evaporation done, time: 879.356
[879.838s] aco: daemon_actions done, time: 879.838
[879.838s] aco: generation 673 start, time: 879.838
[880.109s] aco: compute_total_information done, time: 880.109
[880.426s] aco: ants_generation_and_activity done, time: 880.426
[880.429s] aco: pheromone_evaporation done, time: 880.429
[880.899s] aco: daemon_actions done, time: 880.899
[880.899s] aco: generation 674 start, time: 880.899
[881.228s] aco: compute_total_information done, time: 881.228
[881.558s] aco: ants_generation_and_activity done, time: 881.558
[881.561s] aco: pheromone_evaporation done, time: 881.561
[882.072s] aco: daemon_actions done, time: 882.072
[882.072s] aco: generation 675 start, time: 882.072
[882.339s] aco: compute_total_information done, time: 882.339
[882.652s] aco: ants_generation_and_activity done, time: 882.652
[882.655s] aco: pheromone_evaporation done, time: 882.655
[883.150s] aco: daemon_actions done, time: 883.15
[883.150s] aco: generation 676 start, time: 883.15
[883.426s] aco: compute_total_information done, time: 883.426
[883.753s] aco: ants_generation_and_activity done, time: 883.753
[883.757s] aco: pheromone_evaporation done, time: 883.757
[884.285s] aco: daemon_actions done, time: 884.285
[884.285s] aco: generation 677 start, time: 884.285
[884.576s] aco: compute_total_information done, time: 884.576
[884.946s] aco: ants_generation_and_activity done, time: 884.946
[884.948s] aco: pheromone_evaporation done, time: 884.948
[885.492s] aco: daemon_actions done, time: 885.492
[885.492s] aco: generation 678 start, time: 885.492
[885.776s] aco: compute_total_information done, time: 885.776
[886.103s] aco: ants_generation_and_activity done, time: 886.103
[886.106s] aco: pheromone_evaporation done, time: 886.106
[886.653s] aco: daemon_actions done, time: 886.653
[886.653s] aco: generation 679 start, time: 886.653
[886.926s] aco: compute_total_information done, time: 886.926
[887.245s] aco: ants_generation_and_activity done, time: 887.245
[887.248s] aco: pheromone_evaporation done, time: 887.248
[887.729s] aco: daemon_actions done, time: 887.729
[887.729s] aco: generation 680 start, time: 887.729
[888.008s] aco: compute_total_information done, time: 888.008
[888.343s] aco: ants_generation_and_activity done, time: 888.343
[888.346s] aco: pheromone_evaporation done, time: 888.346
[888.883s] aco: daemon_actions done, time: 888.883
[888.883s] aco: generation 681 start, time: 888.883
[889.151s] aco: compute_total_information done, time: 889.151
[889.462s] aco: ants_generation_and_activity done, time: 889.462
[889.466s] aco: pheromone_evaporation done, time: 889.466
[889.956s] aco: daemon_actions done, time: 889.956
[889.957s] aco: generation 682 start, time: 889.957
[890.223s] aco: compute_total_information done, time: 890.223
[890.544s] aco: ants_generation_and_activity done, time: 890.544
[890.547s] aco: pheromone_evaporation done, time: 890.547
[891.025s] aco: daemon_actions done, time: 891.025
[891.025s] aco: generation 683 start, time: 891.025
[891.307s] aco: compute_total_information done, time: 891.307
[891.622s] aco: ants_generation_and_activity done, time: 891.622
[891.626s] aco: pheromone_evaporation done, time: 891.626
[892.099s] aco: daemon_actions done, time: 892.099
[892.099s] aco: generation 684 start, time: 892.099
[892.425s] aco: compute_total_information done, time: 892.425
[892.791s] aco: ants_generation_and_activity done, time: 892.791
[892.795s] aco: pheromone_evaporation done, time: 892.795
[893.274s] aco: daemon_actions done, time: 893.274
[893.275s] aco: generation 685 start, time: 893.275
[893.542s] aco: compute_total_information done, time: 893.542
[893.857s] aco: ants_generation_and_activity done, time: 893.857
[893.861s] aco: pheromone_evaporation done, time: 893.861
[894.341s] aco: daemon_actions done, time: 894.341
[894.341s] aco: generation 686 start, time: 894.341
[894.617s] aco: compute_total_information done, time: 894.617
[894.924s] aco: ants_generation_and_activity done, time: 894.924
[894.927s] aco: pheromone_evaporation done, time: 894.927
[895.417s] aco: daemon_actions done, time: 895.417
[895.417s] aco: generation 687 start, time: 895.417
[895.692s] aco: compute_total_information done, time: 895.692
[896.148s] aco: ants_generation_and_activity done, time: 896.148
[896.149s] aco: pheromone_evaporation done, time: 896.149
[896.796s] aco: daemon_actions done, time: 896.796
[896.796s] aco: generation 688 start, time: 896.796
[897.150s] aco: compute_total_information done, time: 897.15
[897.562s] aco: ants_generation_and_activity done, time: 897.562
[897.565s] aco: pheromone_evaporation done, time: 897.565
[898.180s] aco: daemon_actions done, time: 898.18
[898.180s] aco: generation 689 start, time: 898.18
[898.591s] aco: compute_total_information done, time: 898.591
[899.030s] aco: ants_generation_and_activity done, time: 899.03
[899.034s] aco: pheromone_evaporation done, time: 899.034
[899.669s] aco: daemon_actions done, time: 899.669
[899.669s] aco: generation 690 start, time: 899.669
[900.065s] aco: compute_total_information done, time: 900.065
[900.456s] aco: ants_generation_and_activity done, time: 900.456
[900.458s] aco: pheromone_evaporation done, time: 900.458
[901.133s] aco: daemon_actions done, time: 901.133
[901.133s] aco: generation 691 start, time: 901.133
[901.420s] aco: compute_total_information done, time: 901.42
[901.738s] aco: ants_generation_and_activity done, time: 901.738
[901.742s] aco: pheromone_evaporation done, time: 901.742
[902.319s] aco: daemon_actions done, time: 902.319
[902.319s] aco: generation 692 start, time: 902.319
[902.611s] aco: compute_total_information done, time: 902.611
[902.932s] aco: ants_generation_and_activity done, time: 902.932
[902.935s] aco: pheromone_evaporation done, time: 902.935
[903.450s] aco: daemon_actions done, time: 903.45
[903.450s] aco: generation 693 start, time: 903.45
[903.756s] aco: compute_total_information done, time: 903.756
[904.064s] aco: ants_generation_and_activity done, time: 904.064
[904.066s] aco: pheromone_evaporation done, time: 904.066
[904.542s] aco: daemon_actions done, time: 904.542
[904.542s] aco: generation 694 start, time: 904.542
[904.814s] aco: compute_total_information done, time: 904.814
[905.133s] aco: ants_generation_and_activity done, time: 905.133
[905.136s] aco: pheromone_evaporation done, time: 905.136
[905.615s] aco: daemon_actions done, time: 905.615
[905.615s] aco: generation 695 start, time: 905.615
[905.885s] aco: compute_total_information done, time: 905.885
[906.211s] aco: ants_generation_and_activity done, time: 906.211
[906.214s] aco: pheromone_evaporation done, time: 906.214
[906.689s] aco: daemon_actions done, time: 906.689
[906.689s] aco: generation 696 start, time: 906.689
[906.963s] aco: compute_total_information done, time: 906.963
[907.325s] aco: ants_generation_and_activity done, time: 907.325
[907.329s] aco: pheromone_evaporation done, time: 907.329
[907.829s] aco: daemon_actions done, time: 907.829
[907.830s] aco: generation 697 start, time: 907.83
[908.099s] aco: compute_total_information done, time: 908.099
[908.428s] aco: ants_generation_and_activity done, time: 908.428
[908.431s] aco: pheromone_evaporation done, time: 908.431
[908.916s] aco: daemon_actions done, time: 908.916
[908.916s] aco: generation 698 start, time: 908.916
[909.198s] aco: compute_total_information done, time: 909.198
[909.503s] aco: ants_generation_and_activity done, time: 909.503
[909.506s] aco: pheromone_evaporation done, time: 909.506
[910.107s] aco: daemon_actions done, time: 910.107
[910.107s] aco: generation 699 start, time: 910.107
[910.384s] aco: compute_total_information done, time: 910.384
[910.714s] aco: ants_generation_and_activity done, time: 910.714
[910.716s] aco: pheromone_evaporation done, time: 910.716
[911.244s] aco: daemon_actions done, time: 911.244
[911.244s] aco: generation 700 start, time: 911.244
[911.516s] aco: compute_total_information done, time: 911.516
[911.853s] aco: ants_generation_and_activity done, time: 911.853
[911.856s] aco: pheromone_evaporation done, time: 911.856
[912.329s] aco: daemon_actions done, time: 912.329
[912.329s] aco: generation 701 start, time: 912.329
[912.606s] aco: compute_total_information done, time: 912.606
[912.914s] aco: ants_generation_and_activity done, time: 912.914
[912.916s] aco: pheromone_evaporation done, time: 912.916
[913.386s] aco: daemon_actions done, time: 913.386
[913.386s] aco: generation 702 start, time: 913.386
[913.654s] aco: compute_total_information done, time: 913.654
[913.966s] aco: ants_generation_and_activity done, time: 913.966
[913.969s] aco: pheromone_evaporation done, time: 913.969
[914.440s] aco: daemon_actions done, time: 914.44
[914.440s] aco: generation 703 start, time: 914.44
[914.765s] aco: compute_total_information done, time: 914.765
[915.086s] aco: ants_generation_and_activity done, time: 915.086
[915.090s] aco: pheromone_evaporation done, time: 915.09
[915.562s] aco: daemon_actions done, time: 915.562
[915.562s] aco: generation 704 start, time: 915.562
[915.848s] aco: compute_total_information done, time: 915.848
[916.159s] aco: ants_generation_and_activity done, time: 916.159
[916.163s] aco: pheromone_evaporation done, time: 916.163
[916.639s] aco: daemon_actions done, time: 916.639
[916.639s] aco: generation 705 start, time: 916.639
[916.904s] aco: compute_total_information done, time: 916.904
[917.223s] aco: ants_generation_and_activity done, time: 917.223
[917.227s] aco: pheromone_evaporation done, time: 917.227
[917.712s] aco: daemon_actions done, time: 917.712
[917.712s] aco: generation 706 start, time: 917.712
[917.990s] aco: compute_total_information done, time: 917.99
[918.358s] aco: ants_generation_and_activity done, time: 918.358
[918.361s] aco: pheromone_evaporation done, time: 918.361
[918.844s] aco: daemon_actions done, time: 918.844
[918.845s] aco: generation 707 start, time: 918.845
[919.118s] aco: compute_total_information done, time: 919.118
[919.428s] aco: ants_generation_and_activity done, time: 919.428
[919.431s] aco: pheromone_evaporation done, time: 919.431
[919.953s] aco: daemon_actions done, time: 919.953
[919.953s] aco: generation 708 start, time: 919.953
[920.416s] aco: compute_total_information done, time: 920.416
[920.835s] aco: ants_generation_and_activity done, time: 920.835
[920.839s] aco: pheromone_evaporation done, time: 920.839
[921.533s] aco: daemon_actions done, time: 921.533
[921.533s] aco: generation 709 start, time: 921.533
[921.908s] aco: compute_total_information done, time: 921.908
[922.404s] aco: ants_generation_and_activity done, time: 922.404
[922.409s] aco: pheromone_evaporation done, time: 922.409
[923.140s] aco: daemon_actions done, time: 923.14
[923.140s] aco: generation 710 start, time: 923.14
[923.547s] aco: compute_total_information done, time: 923.547
[923.999s] aco: ants_generation_and_activity done, time: 923.999
[924.003s] aco: pheromone_evaporation done, time: 924.003
[924.654s] aco: daemon_actions done, time: 924.654
[924.654s] aco: generation 711 start, time: 924.654
[925.024s] aco: compute_total_information done, time: 925.024
[925.436s] aco: ants_generation_and_activity done, time: 925.436
[925.440s] aco: pheromone_evaporation done, time: 925.44
[926.036s] aco: daemon_actions done, time: 926.036
[926.036s] aco: generation 712 start, time: 926.036
[926.308s] aco: compute_total_information done, time: 926.308
[926.618s] aco: ants_generation_and_activity done, time: 926.618
[926.621s] aco: pheromone_evaporation done, time: 926.621
[927.106s] aco: daemon_actions done, time: 927.106
[927.106s] aco: generation 713 start, time: 927.106
[927.374s] aco: compute_total_information done, time: 927.374
[927.692s] aco: ants_generation_and_activity done, time: 927.692
[927.695s] aco: pheromone_evaporation done, time: 927.695
[928.164s] aco: daemon_actions done, time: 928.164
[928.164s] aco: generation 714 start, time: 928.164
[928.445s] aco: compute_total_information done, time: 928.445
[928.761s] aco: ants_generation_and_activity done, time: 928.761
[928.764s] aco: pheromone_evaporation done, time: 928.764
[929.279s] aco: daemon_actions done, time: 929.279
[929.279s] aco: generation 715 start, time: 929.279
[929.653s] aco: compute_total_information done, time: 929.653
[930.006s] aco: ants_generation_and_activity done, time: 930.006
[930.010s] aco: pheromone_evaporation done, time: 930.01
[930.625s] aco: daemon_actions done, time: 930.625
[930.626s] aco: generation 716 start, time: 930.626
[931.024s] aco: compute_total_information done, time: 931.024
[931.445s] aco: ants_generation_and_activity done, time: 931.445
[931.448s] aco: pheromone_evaporation done, time: 931.448
[932.069s] aco: daemon_actions done, time: 932.069
[932.069s] aco: generation 717 start, time: 932.069
[932.454s] aco: compute_total_information done, time: 932.454
[932.961s] aco: ants_generation_and_activity done, time: 932.961
[932.964s] aco: pheromone_evaporation done, time: 932.964
[933.658s] aco: daemon_actions done, time: 933.658
[933.658s] aco: generation 718 start, time: 933.658
[934.037s] aco: compute_total_information done, time: 934.037
[934.446s] aco: ants_generation_and_activity done, time: 934.446
[934.448s] aco: pheromone_evaporation done, time: 934.448
[935.062s] aco: daemon_actions done, time: 935.062
[935.062s] aco: generation 719 start, time: 935.062
[935.426s] aco: compute_total_information done, time: 935.426
[935.769s] aco: ants_generation_and_activity done, time: 935.769
[935.773s] aco: pheromone_evaporation done, time: 935.773
[936.249s] aco: daemon_actions done, time: 936.249
[936.249s] aco: generation 720 start, time: 936.249
[936.520s] aco: compute_total_information done, time: 936.52
[936.892s] aco: ants_generation_and_activity done, time: 936.892
[936.896s] aco: pheromone_evaporation done, time: 936.896
[937.376s] aco: daemon_actions done, time: 937.376
[937.376s] aco: generation 721 start, time: 937.376
[937.668s] aco: compute_total_information done, time: 937.668
[937.989s] aco: ants_generation_and_activity done, time: 937.989
[937.991s] aco: pheromone_evaporation done, time: 937.991
[938.459s] aco: daemon_actions done, time: 938.459
[938.460s] aco: generation 722 start, time: 938.46
[938.732s] aco: compute_total_information done, time: 938.732
[939.053s] aco: ants_generation_and_activity done, time: 939.053
[939.057s] aco: pheromone_evaporation done, time: 939.057
[939.537s] aco: daemon_actions done, time: 939.537
[939.537s] aco: generation 723 start, time: 939.537
[939.805s] aco: compute_total_information done, time: 939.805
[940.126s] aco: ants_generation_and_activity done, time: 940.126
[940.130s] aco: pheromone_evaporation done, time: 940.13
[940.655s] aco: daemon_actions done, time: 940.655
[940.655s] aco: generation 724 start, time: 940.655
[940.934s] aco: compute_total_information done, time: 940.934
[941.257s] aco: ants_generation_and_activity done, time: 941.257
[941.261s] aco: pheromone_evaporation done, time: 941.261
[941.764s] aco: daemon_actions done, time: 941.763
[941.764s] aco: generation 725 start, time: 941.764
[942.034s] aco: compute_total_information done, time: 942.034
[942.353s] aco: ants_generation_and_activity done, time: 942.353
[942.358s] aco: pheromone_evaporation done, time: 942.358
[942.836s] aco: daemon_actions done, time: 942.836
[942.836s] aco: generation 726 start, time: 942.836
[943.104s] aco: compute_total_information done, time: 943.104
[943.501s] aco: ants_generation_and_activity done, time: 943.501
[943.505s] aco: pheromone_evaporation done, time: 943.505
[944.066s] aco: daemon_actions done, time: 944.066
[944.066s] aco: generation 727 start, time: 944.066
[944.350s] aco: compute_total_information done, time: 944.35
[944.663s] aco: ants_generation_and_activity done, time: 944.663
[944.666s] aco: pheromone_evaporation done, time: 944.666
[945.147s] aco: daemon_actions done, time: 945.147
[945.147s] aco: generation 728 start, time: 945.147
[945.426s] aco: compute_total_information done, time: 945.426
[945.761s] aco: ants_generation_and_activity done, time: 945.761
[945.764s] aco: pheromone_evaporation done, time: 945.764
[946.240s] aco: daemon_actions done, time: 946.24
[946.240s] aco: generation 729 start, time: 946.24
[946.529s] aco: compute_total_information done, time: 946.529
[946.853s] aco: ants_generation_and_activity done, time: 946.853
[946.856s] aco: pheromone_evaporation done, time: 946.856
[947.337s] aco: daemon_actions done, time: 947.337
[947.337s] aco: generation 730 start, time: 947.337
[947.609s] aco: compute_total_information done, time: 947.609
[947.983s] aco: ants_generation_and_activity done, time: 947.983
[947.986s] aco: pheromone_evaporation done, time: 947.986
[948.469s] aco: daemon_actions done, time: 948.469
[948.469s] aco: generation 731 start, time: 948.469
[948.740s] aco: compute_total_information done, time: 948.74
[949.062s] aco: ants_generation_and_activity done, time: 949.062
[949.065s] aco: pheromone_evaporation done, time: 949.065
[949.540s] aco: daemon_actions done, time: 949.54
[949.540s] aco: generation 732 start, time: 949.54
[949.832s] aco: compute_total_information done, time: 949.832
[950.147s] aco: ants_generation_and_activity done, time: 950.147
[950.149s] aco: pheromone_evaporation done, time: 950.149
[950.623s] aco: daemon_actions done, time: 950.623
[950.623s] aco: stopping after 733 generations
[950.623s] main: starting Ultimate Tour Optimization
[959.165s] uto: new global improvement loop, time: 959.165
[978.245s] uto: new global improvement loop, time: 978.245
