[0.000s] Log started
[0.000s] main: parameter validation passed
[0.000s] thopproblem: loading data from ..\..\instances\dsj1000-thop\dsj1000_10_usw_10_03.thop
[0.019s] thopproblem: read header -> cities=1000, items=9980, capacity=9122564, maxTime=3.37538e+007
[0.019s] thopproblem: loaded 1000 nodes and 9980 items
[0.019s] thopproblem: Node 0 -> id: 0 x: 981036 y: 508139
[0.019s] thopproblem: Node 999 -> id: 999 x: 471287 y: 119659
[0.020s] main: input loaded (1000 cities, 9980 items)
[0.020s] packing: initializing packing structures
[0.020s] packing: nCities=1000, nItems=9980, capacity=9122564, minSpeed=0.1, maxSpeed=1
[0.020s] packing: initialized city map and item buckets
[0.020s] main: PackingPlan initialized
[0.021s] aco: initializing ACO solver
[0.039s] aco: initialized 1000 components and 50 ants
[0.040s] main: AntColonyOptimization initialized
[0.000s] aco: generation 0 start, time: 0
[0.343s] aco: compute_total_information done, time: 0.343265
[0.680s] aco: ants_generation_and_activity done, time: 0.679854
[0.683s] aco: pheromone_evaporation done, time: 0.683398
[1.172s] aco: new best solution found with cost 4.36785e+006 and 1000 components
[1.177s] aco: daemon_actions done, time: 1.17705
[1.177s] aco: generation 1 start, time: 1.17705
[1.451s] aco: compute_total_information done, time: 1.45108
[1.789s] aco: ants_generation_and_activity done, time: 1.78921
[1.794s] aco: pheromone_evaporation done, time: 1.79375
[2.271s] aco: new best solution found with cost 4.51971e+006 and 1000 components
[2.275s] aco: daemon_actions done, time: 2.27455
[2.275s] aco: generation 2 start, time: 2.27455
[2.554s] aco: compute_total_information done, time: 2.55448
[2.884s] aco: ants_generation_and_activity done, time: 2.88408
[2.888s] aco: pheromone_evaporation done, time: 2.88809
[3.426s] aco: daemon_actions done, time: 3.42579
[3.426s] aco: generation 3 start, time: 3.42579
[3.699s] aco: compute_total_information done, time: 3.69853
[4.030s] aco: ants_generation_and_activity done, time: 4.02989
[4.031s] aco: pheromone_evaporation done, time: 4.03089
[4.625s] aco: new best solution found with cost 4.56209e+006 and 1000 components
[4.628s] aco: daemon_actions done, time: 4.6278
[4.628s] aco: generation 4 start, time: 4.6278
[4.892s] aco: compute_total_information done, time: 4.89221
[5.221s] aco: ants_generation_and_activity done, time: 5.22105
[5.225s] aco: pheromone_evaporation done, time: 5.22461
[5.838s] aco: daemon_actions done, time: 5.83827
[5.838s] aco: generation 5 start, time: 5.83827
[6.132s] aco: compute_total_information done, time: 6.13216
[6.440s] aco: ants_generation_and_activity done, time: 6.43964
[6.444s] aco: pheromone_evaporation done, time: 6.4437
[6.985s] aco: daemon_actions done, time: 6.98477
[6.985s] aco: generation 6 start, time: 6.98477
[7.264s] aco: compute_total_information done, time: 7.2639
[7.555s] aco: ants_generation_and_activity done, time: 7.55513
[7.558s] aco: pheromone_evaporation done, time: 7.55813
[8.049s] aco: daemon_actions done, time: 8.04901
[8.049s] aco: generation 7 start, time: 8.04901
[8.315s] aco: compute_total_information done, time: 8.3151
[8.598s] aco: ants_generation_and_activity done, time: 8.59754
[8.602s] aco: pheromone_evaporation done, time: 8.60154
[9.154s] aco: daemon_actions done, time: 9.15357
[9.154s] aco: generation 8 start, time: 9.15357
[9.457s] aco: compute_total_information done, time: 9.45657
[9.733s] aco: ants_generation_and_activity done, time: 9.73253
[9.736s] aco: pheromone_evaporation done, time: 9.73607
[10.219s] aco: new best solution found with cost 4.5794e+006 and 1000 components
[10.222s] aco: daemon_actions done, time: 10.2221
[10.222s] aco: generation 9 start, time: 10.2221
[10.493s] aco: compute_total_information done, time: 10.4927
[10.803s] aco: ants_generation_and_activity done, time: 10.8034
[10.808s] aco: pheromone_evaporation done, time: 10.808
[11.313s] aco: daemon_actions done, time: 11.3126
[11.313s] aco: generation 10 start, time: 11.3126
[11.586s] aco: compute_total_information done, time: 11.5861
[11.858s] aco: ants_generation_and_activity done, time: 11.8576
[11.861s] aco: pheromone_evaporation done, time: 11.8608
[12.339s] aco: daemon_actions done, time: 12.3387
[12.339s] aco: generation 11 start, time: 12.3387
[12.607s] aco: compute_total_information done, time: 12.6066
[12.868s] aco: ants_generation_and_activity done, time: 12.8679
[12.871s] aco: pheromone_evaporation done, time: 12.8709
[13.346s] aco: daemon_actions done, time: 13.3464
[13.346s] aco: generation 12 start, time: 13.3464
[13.612s] aco: compute_total_information done, time: 13.6106
[13.879s] aco: ants_generation_and_activity done, time: 13.8792
[13.883s] aco: pheromone_evaporation done, time: 13.8833
[14.370s] aco: daemon_actions done, time: 14.3697
[14.370s] aco: generation 13 start, time: 14.3697
[14.682s] aco: compute_total_information done, time: 14.682
[14.946s] aco: ants_generation_and_activity done, time: 14.9464
[14.950s] aco: pheromone_evaporation done, time: 14.9499
[15.438s] aco: daemon_actions done, time: 15.438
[15.438s] aco: generation 14 start, time: 15.438
[15.702s] aco: compute_total_information done, time: 15.7021
[15.966s] aco: ants_generation_and_activity done, time: 15.9657
[15.968s] aco: pheromone_evaporation done, time: 15.9676
[16.483s] aco: daemon_actions done, time: 16.4834
[16.484s] aco: generation 15 start, time: 16.4839
[16.763s] aco: compute_total_information done, time: 16.7634
[17.035s] aco: ants_generation_and_activity done, time: 17.035
[17.037s] aco: pheromone_evaporation done, time: 17.037
[17.622s] aco: daemon_actions done, time: 17.6218
[17.622s] aco: generation 16 start, time: 17.6218
[17.984s] aco: compute_total_information done, time: 17.9838
[18.266s] aco: ants_generation_and_activity done, time: 18.2658
[18.269s] aco: pheromone_evaporation done, time: 18.2688
[18.823s] aco: daemon_actions done, time: 18.8226
[18.823s] aco: generation 17 start, time: 18.8226
[19.130s] aco: compute_total_information done, time: 19.1304
[19.394s] aco: ants_generation_and_activity done, time: 19.3943
[19.397s] aco: pheromone_evaporation done, time: 19.3973
[19.892s] aco: daemon_actions done, time: 19.8921
[19.892s] aco: generation 18 start, time: 19.8921
[20.159s] aco: compute_total_information done, time: 20.1595
[20.414s] aco: ants_generation_and_activity done, time: 20.4136
[20.417s] aco: pheromone_evaporation done, time: 20.4166
[20.904s] aco: daemon_actions done, time: 20.9037
[20.904s] aco: generation 19 start, time: 20.9037
[21.170s] aco: compute_total_information done, time: 21.1699
[21.425s] aco: ants_generation_and_activity done, time: 21.4249
[21.429s] aco: pheromone_evaporation done, time: 21.4289
[21.914s] aco: daemon_actions done, time: 21.9138
[21.914s] aco: generation 20 start, time: 21.9138
[22.217s] aco: compute_total_information done, time: 22.2171
[22.530s] aco: ants_generation_and_activity done, time: 22.53
[22.534s] aco: pheromone_evaporation done, time: 22.5335
[23.021s] aco: daemon_actions done, time: 23.0212
[23.021s] aco: generation 21 start, time: 23.0212
[23.290s] aco: compute_total_information done, time: 23.2902
[23.539s] aco: ants_generation_and_activity done, time: 23.5388
[23.542s] aco: pheromone_evaporation done, time: 23.5418
[24.028s] aco: daemon_actions done, time: 24.0284
[24.028s] aco: generation 22 start, time: 24.0284
[24.295s] aco: compute_total_information done, time: 24.2948
[24.541s] aco: ants_generation_and_activity done, time: 24.5409
[24.544s] aco: pheromone_evaporation done, time: 24.5445
[25.035s] aco: daemon_actions done, time: 25.035
[25.035s] aco: generation 23 start, time: 25.035
[25.308s] aco: compute_total_information done, time: 25.3078
[25.573s] aco: ants_generation_and_activity done, time: 25.5733
[25.576s] aco: pheromone_evaporation done, time: 25.5763
[26.055s] aco: daemon_actions done, time: 26.0546
[26.055s] aco: generation 24 start, time: 26.0546
[26.414s] aco: compute_total_information done, time: 26.4143
[26.669s] aco: ants_generation_and_activity done, time: 26.6693
[26.674s] aco: pheromone_evaporation done, time: 26.6739
[27.160s] aco: daemon_actions done, time: 27.1595
[27.160s] aco: generation 25 start, time: 27.1595
[27.427s] aco: compute_total_information done, time: 27.4267
[27.709s] aco: ants_generation_and_activity done, time: 27.7091
[27.712s] aco: pheromone_evaporation done, time: 27.7121
[28.317s] aco: daemon_actions done, time: 28.3171
[28.318s] aco: generation 26 start, time: 28.3181
[28.680s] aco: compute_total_information done, time: 28.6802
[29.009s] aco: ants_generation_and_activity done, time: 29.0092
[29.013s] aco: pheromone_evaporation done, time: 29.0132
[29.619s] aco: daemon_actions done, time: 29.6185
[29.620s] aco: generation 27 start, time: 29.6195
[29.976s] aco: compute_total_information done, time: 29.9759
[30.396s] aco: ants_generation_and_activity done, time: 30.3961
[30.399s] aco: pheromone_evaporation done, time: 30.3991
[31.134s] aco: daemon_actions done, time: 31.1337
[31.134s] aco: generation 28 start, time: 31.1337
[31.512s] aco: compute_total_information done, time: 31.5117
[31.847s] aco: ants_generation_and_activity done, time: 31.8473
[31.851s] aco: pheromone_evaporation done, time: 31.8513
[32.488s] aco: daemon_actions done, time: 32.4881
[32.488s] aco: generation 29 start, time: 32.4881
[32.836s] aco: compute_total_information done, time: 32.8364
[33.183s] aco: ants_generation_and_activity done, time: 33.1832
[33.186s] aco: pheromone_evaporation done, time: 33.1862
[33.811s] aco: daemon_actions done, time: 33.8109
[33.812s] aco: generation 30 start, time: 33.8119
[34.214s] aco: compute_total_information done, time: 34.2136
[34.520s] aco: ants_generation_and_activity done, time: 34.5202
[34.524s] aco: pheromone_evaporation done, time: 34.5238
[35.043s] aco: new best solution found with cost 4.59549e+006 and 1000 components
[35.047s] aco: daemon_actions done, time: 35.0471
[35.047s] aco: generation 31 start, time: 35.0471
[35.316s] aco: compute_total_information done, time: 35.3156
[35.600s] aco: ants_generation_and_activity done, time: 35.5997
[35.603s] aco: pheromone_evaporation done, time: 35.6032
[36.088s] aco: daemon_actions done, time: 36.0884
[36.088s] aco: generation 32 start, time: 36.0884
[36.368s] aco: compute_total_information done, time: 36.3678
[36.662s] aco: ants_generation_and_activity done, time: 36.6615
[36.664s] aco: pheromone_evaporation done, time: 36.664
[37.188s] aco: daemon_actions done, time: 37.1883
[37.188s] aco: generation 33 start, time: 37.1883
[37.457s] aco: compute_total_information done, time: 37.4566
[37.735s] aco: ants_generation_and_activity done, time: 37.7351
[37.737s] aco: pheromone_evaporation done, time: 37.7371
[38.280s] aco: daemon_actions done, time: 38.2795
[38.280s] aco: generation 34 start, time: 38.2795
[38.563s] aco: compute_total_information done, time: 38.5632
[38.816s] aco: ants_generation_and_activity done, time: 38.8158
[38.819s] aco: pheromone_evaporation done, time: 38.8193
[39.307s] aco: daemon_actions done, time: 39.307
[39.307s] aco: generation 35 start, time: 39.307
[39.574s] aco: compute_total_information done, time: 39.574
[39.821s] aco: ants_generation_and_activity done, time: 39.8208
[39.824s] aco: pheromone_evaporation done, time: 39.8243
[40.306s] aco: daemon_actions done, time: 40.3062
[40.306s] aco: generation 36 start, time: 40.3062
[40.567s] aco: compute_total_information done, time: 40.5672
[40.811s] aco: ants_generation_and_activity done, time: 40.8109
[40.814s] aco: pheromone_evaporation done, time: 40.8135
[41.302s] aco: daemon_actions done, time: 41.3025
[41.302s] aco: generation 37 start, time: 41.3025
[41.581s] aco: compute_total_information done, time: 41.5815
[41.893s] aco: ants_generation_and_activity done, time: 41.8932
[41.899s] aco: pheromone_evaporation done, time: 41.8987
[42.511s] aco: daemon_actions done, time: 42.5112
[42.511s] aco: generation 38 start, time: 42.5112
[42.785s] aco: compute_total_information done, time: 42.785
[43.071s] aco: ants_generation_and_activity done, time: 43.071
[43.072s] aco: pheromone_evaporation done, time: 43.072
[43.692s] aco: daemon_actions done, time: 43.692
[43.692s] aco: generation 39 start, time: 43.692
[44.088s] aco: compute_total_information done, time: 44.088
[44.385s] aco: ants_generation_and_activity done, time: 44.3854
[44.388s] aco: pheromone_evaporation done, time: 44.3878
[45.023s] aco: daemon_actions done, time: 45.0226
[45.023s] aco: generation 40 start, time: 45.0226
[45.368s] aco: compute_total_information done, time: 45.3678
[45.752s] aco: ants_generation_and_activity done, time: 45.7516
[45.755s] aco: pheromone_evaporation done, time: 45.7552
[46.426s] aco: daemon_actions done, time: 46.4256
[46.426s] aco: generation 41 start, time: 46.4256
[46.774s] aco: compute_total_information done, time: 46.7737
[47.079s] aco: ants_generation_and_activity done, time: 47.0793
[47.083s] aco: pheromone_evaporation done, time: 47.0833
[47.690s] aco: daemon_actions done, time: 47.6901
[47.690s] aco: generation 42 start, time: 47.6901
[48.063s] aco: compute_total_information done, time: 48.0633
[48.356s] aco: ants_generation_and_activity done, time: 48.3565
[48.361s] aco: pheromone_evaporation done, time: 48.3605
[48.852s] aco: daemon_actions done, time: 48.8525
[48.852s] aco: generation 43 start, time: 48.8525
[49.127s] aco: compute_total_information done, time: 49.1267
[49.419s] aco: ants_generation_and_activity done, time: 49.4186
[49.421s] aco: pheromone_evaporation done, time: 49.4206
[49.977s] aco: daemon_actions done, time: 49.9768
[49.977s] aco: generation 44 start, time: 49.9768
[50.267s] aco: compute_total_information done, time: 50.2668
[50.525s] aco: ants_generation_and_activity done, time: 50.5252
[50.528s] aco: pheromone_evaporation done, time: 50.5282
[51.076s] aco: daemon_actions done, time: 51.0762
[51.076s] aco: generation 45 start, time: 51.0762
[51.389s] aco: compute_total_information done, time: 51.3889
[51.631s] aco: ants_generation_and_activity done, time: 51.6309
[51.634s] aco: pheromone_evaporation done, time: 51.6344
[52.136s] aco: daemon_actions done, time: 52.1363
[52.136s] aco: generation 46 start, time: 52.1363
[52.407s] aco: compute_total_information done, time: 52.4066
[52.651s] aco: ants_generation_and_activity done, time: 52.6508
[52.654s] aco: pheromone_evaporation done, time: 52.6544
[53.148s] aco: daemon_actions done, time: 53.1479
[53.148s] aco: generation 47 start, time: 53.1479
[53.457s] aco: compute_total_information done, time: 53.4569
[53.710s] aco: ants_generation_and_activity done, time: 53.7098
[53.712s] aco: pheromone_evaporation done, time: 53.7118
[54.196s] aco: daemon_actions done, time: 54.1962
[54.197s] aco: generation 48 start, time: 54.1972
[54.466s] aco: compute_total_information done, time: 54.4658
[54.705s] aco: ants_generation_and_activity done, time: 54.7051
[54.708s] aco: pheromone_evaporation done, time: 54.7082
[55.187s] aco: daemon_actions done, time: 55.1874
[55.187s] aco: generation 49 start, time: 55.1874
[55.452s] aco: compute_total_information done, time: 55.452
[55.694s] aco: ants_generation_and_activity done, time: 55.6942
[55.695s] aco: pheromone_evaporation done, time: 55.6952
[56.190s] aco: new best solution found with cost 4.62686e+006 and 1000 components
[56.194s] aco: daemon_actions done, time: 56.1941
[56.194s] aco: generation 50 start, time: 56.1941
[56.466s] aco: compute_total_information done, time: 56.4656
[56.748s] aco: ants_generation_and_activity done, time: 56.7477
[56.751s] aco: pheromone_evaporation done, time: 56.7507
[57.242s] aco: daemon_actions done, time: 57.2425
[57.242s] aco: generation 51 start, time: 57.2425
[57.576s] aco: compute_total_information done, time: 57.576
[57.870s] aco: ants_generation_and_activity done, time: 57.8696
[57.873s] aco: pheromone_evaporation done, time: 57.873
[58.360s] aco: daemon_actions done, time: 58.36
[58.360s] aco: generation 52 start, time: 58.36
[58.629s] aco: compute_total_information done, time: 58.6285
[58.934s] aco: ants_generation_and_activity done, time: 58.9342
[58.937s] aco: pheromone_evaporation done, time: 58.9372
[59.511s] aco: daemon_actions done, time: 59.5111
[59.511s] aco: generation 53 start, time: 59.5111
[59.778s] aco: compute_total_information done, time: 59.7776
[60.040s] aco: ants_generation_and_activity done, time: 60.04
[60.044s] aco: pheromone_evaporation done, time: 60.0436
[60.535s] aco: new best solution found with cost 4.62835e+006 and 1000 components
[60.540s] aco: daemon_actions done, time: 60.5396
[60.540s] aco: generation 54 start, time: 60.5396
[60.801s] aco: compute_total_information done, time: 60.8008
[61.101s] aco: ants_generation_and_activity done, time: 61.1006
[61.103s] aco: pheromone_evaporation done, time: 61.1031
[61.648s] aco: daemon_actions done, time: 61.6478
[61.648s] aco: generation 55 start, time: 61.6478
[61.919s] aco: compute_total_information done, time: 61.9189
[62.198s] aco: ants_generation_and_activity done, time: 62.198
[62.202s] aco: pheromone_evaporation done, time: 62.202
[62.683s] aco: daemon_actions done, time: 62.6832
[62.683s] aco: generation 56 start, time: 62.6832
[62.948s] aco: compute_total_information done, time: 62.948
[63.210s] aco: ants_generation_and_activity done, time: 63.2104
[63.213s] aco: pheromone_evaporation done, time: 63.2134
[63.698s] aco: daemon_actions done, time: 63.6983
[63.698s] aco: generation 57 start, time: 63.6983
[63.971s] aco: compute_total_information done, time: 63.9714
[64.230s] aco: ants_generation_and_activity done, time: 64.2301
[64.234s] aco: pheromone_evaporation done, time: 64.2341
[64.734s] aco: daemon_actions done, time: 64.7335
[64.734s] aco: generation 58 start, time: 64.7335
[65.045s] aco: compute_total_information done, time: 65.0452
[65.317s] aco: ants_generation_and_activity done, time: 65.3167
[65.321s] aco: pheromone_evaporation done, time: 65.3207
[65.800s] aco: daemon_actions done, time: 65.7997
[65.800s] aco: generation 59 start, time: 65.7997
[66.073s] aco: compute_total_information done, time: 66.073
[66.331s] aco: ants_generation_and_activity done, time: 66.3312
[66.334s] aco: pheromone_evaporation done, time: 66.3342
[66.821s] aco: daemon_actions done, time: 66.8207
[66.821s] aco: generation 60 start, time: 66.8207
[67.090s] aco: compute_total_information done, time: 67.0903
[67.330s] aco: ants_generation_and_activity done, time: 67.3297
[67.333s] aco: pheromone_evaporation done, time: 67.3332
[67.812s] aco: daemon_actions done, time: 67.8116
[67.812s] aco: generation 61 start, time: 67.8116
[68.079s] aco: compute_total_information done, time: 68.0789
[68.317s] aco: ants_generation_and_activity done, time: 68.3167
[68.320s] aco: pheromone_evaporation done, time: 68.3197
[68.821s] aco: daemon_actions done, time: 68.8214
[68.821s] aco: generation 62 start, time: 68.8214
[69.142s] aco: compute_total_information done, time: 69.1415
[69.380s] aco: ants_generation_and_activity done, time: 69.3804
[69.384s] aco: pheromone_evaporation done, time: 69.384
[69.886s] aco: daemon_actions done, time: 69.8861
[69.886s] aco: generation 63 start, time: 69.8861
[70.155s] aco: compute_total_information done, time: 70.1552
[70.393s] aco: ants_generation_and_activity done, time: 70.3933
[70.395s] aco: pheromone_evaporation done, time: 70.3953
[70.878s] aco: daemon_actions done, time: 70.8785
[70.878s] aco: generation 64 start, time: 70.8785
[71.145s] aco: compute_total_information done, time: 71.1446
[71.373s] aco: ants_generation_and_activity done, time: 71.373
[71.377s] aco: pheromone_evaporation done, time: 71.377
[71.868s] aco: daemon_actions done, time: 71.8681
[71.868s] aco: generation 65 start, time: 71.8681
[72.134s] aco: compute_total_information done, time: 72.1343
[72.366s] aco: ants_generation_and_activity done, time: 72.3655
[72.370s] aco: pheromone_evaporation done, time: 72.3695
[72.897s] aco: daemon_actions done, time: 72.8967
[72.897s] aco: generation 66 start, time: 72.8967
[73.175s] aco: compute_total_information done, time: 73.1749
[73.405s] aco: ants_generation_and_activity done, time: 73.4052
[73.409s] aco: pheromone_evaporation done, time: 73.4092
[73.902s] aco: daemon_actions done, time: 73.9017
[73.902s] aco: generation 67 start, time: 73.9017
[74.177s] aco: compute_total_information done, time: 74.1767
[74.418s] aco: ants_generation_and_activity done, time: 74.4178
[74.420s] aco: pheromone_evaporation done, time: 74.4199
[74.912s] aco: daemon_actions done, time: 74.912
[74.912s] aco: generation 68 start, time: 74.912
[75.331s] aco: compute_total_information done, time: 75.3313
[75.563s] aco: ants_generation_and_activity done, time: 75.5633
[75.566s] aco: pheromone_evaporation done, time: 75.5663
[76.097s] aco: daemon_actions done, time: 76.0973
[76.097s] aco: generation 69 start, time: 76.0973
[76.504s] aco: compute_total_information done, time: 76.5042
[76.840s] aco: ants_generation_and_activity done, time: 76.8399
[76.845s] aco: pheromone_evaporation done, time: 76.8449
[77.453s] aco: daemon_actions done, time: 77.4531
[77.453s] aco: generation 70 start, time: 77.4531
[77.818s] aco: compute_total_information done, time: 77.8179
[78.146s] aco: ants_generation_and_activity done, time: 78.1459
[78.149s] aco: pheromone_evaporation done, time: 78.1486
[78.673s] aco: daemon_actions done, time: 78.6731
[78.673s] aco: generation 71 start, time: 78.6731
[78.989s] aco: compute_total_information done, time: 78.989
[79.252s] aco: ants_generation_and_activity done, time: 79.2519
[79.254s] aco: pheromone_evaporation done, time: 79.2545
[79.929s] aco: daemon_actions done, time: 79.9288
[79.929s] aco: generation 72 start, time: 79.9288
[80.332s] aco: compute_total_information done, time: 80.3319
[80.729s] aco: ants_generation_and_activity done, time: 80.729
[80.730s] aco: pheromone_evaporation done, time: 80.73
[81.375s] aco: daemon_actions done, time: 81.3751
[81.375s] aco: generation 73 start, time: 81.3751
[81.733s] aco: compute_total_information done, time: 81.7334
[82.039s] aco: ants_generation_and_activity done, time: 82.0386
[82.041s] aco: pheromone_evaporation done, time: 82.0406
[82.741s] aco: daemon_actions done, time: 82.7406
[82.741s] aco: generation 74 start, time: 82.7406
[83.118s] aco: compute_total_information done, time: 83.1182
[83.434s] aco: ants_generation_and_activity done, time: 83.4335
[83.438s] aco: pheromone_evaporation done, time: 83.4376
[84.109s] aco: daemon_actions done, time: 84.1088
[84.109s] aco: generation 75 start, time: 84.1088
[84.650s] aco: compute_total_information done, time: 84.6503
[84.963s] aco: ants_generation_and_activity done, time: 84.9632
[84.964s] aco: pheromone_evaporation done, time: 84.9642
[85.626s] aco: daemon_actions done, time: 85.6258
[85.626s] aco: generation 76 start, time: 85.6258
[85.910s] aco: compute_total_information done, time: 85.91
[86.148s] aco: ants_generation_and_activity done, time: 86.1475
[86.151s] aco: pheromone_evaporation done, time: 86.1511
[86.657s] aco: daemon_actions done, time: 86.6572
[86.657s] aco: generation 77 start, time: 86.6572
[86.919s] aco: compute_total_information done, time: 86.9194
[87.151s] aco: ants_generation_and_activity done, time: 87.1509
[87.153s] aco: pheromone_evaporation done, time: 87.1534
[87.687s] aco: daemon_actions done, time: 87.687
[87.687s] aco: generation 78 start, time: 87.687
[87.951s] aco: compute_total_information done, time: 87.9508
[88.189s] aco: ants_generation_and_activity done, time: 88.1894
[88.193s] aco: pheromone_evaporation done, time: 88.1929
[88.726s] aco: daemon_actions done, time: 88.7264
[88.726s] aco: generation 79 start, time: 88.7264
[88.996s] aco: compute_total_information done, time: 88.9964
[89.222s] aco: ants_generation_and_activity done, time: 89.2216
[89.225s] aco: pheromone_evaporation done, time: 89.2252
[89.712s] aco: daemon_actions done, time: 89.7121
[89.712s] aco: generation 80 start, time: 89.7121
[89.979s] aco: compute_total_information done, time: 89.9793
[90.265s] aco: ants_generation_and_activity done, time: 90.2652
[90.269s] aco: pheromone_evaporation done, time: 90.2692
[90.767s] aco: daemon_actions done, time: 90.7671
[90.767s] aco: generation 81 start, time: 90.7671
[91.041s] aco: compute_total_information done, time: 91.0414
[91.285s] aco: ants_generation_and_activity done, time: 91.285
[91.288s] aco: pheromone_evaporation done, time: 91.288
[91.781s] aco: daemon_actions done, time: 91.7806
[91.781s] aco: generation 82 start, time: 91.7806
[92.059s] aco: compute_total_information done, time: 92.0587
[92.341s] aco: ants_generation_and_activity done, time: 92.3413
[92.345s] aco: pheromone_evaporation done, time: 92.3448
[92.836s] aco: daemon_actions done, time: 92.8361
[92.836s] aco: generation 83 start, time: 92.8361
[93.104s] aco: compute_total_information done, time: 93.1039
[93.339s] aco: ants_generation_and_activity done, time: 93.3394
[93.343s] aco: pheromone_evaporation done, time: 93.3429
[93.947s] aco: daemon_actions done, time: 93.9474
[93.947s] aco: generation 84 start, time: 93.9474
[94.223s] aco: compute_total_information done, time: 94.223
[94.490s] aco: ants_generation_and_activity done, time: 94.4899
[94.494s] aco: pheromone_evaporation done, time: 94.4945
[95.013s] aco: daemon_actions done, time: 95.013
[95.013s] aco: generation 85 start, time: 95.013
[95.283s] aco: compute_total_information done, time: 95.2828
[95.520s] aco: ants_generation_and_activity done, time: 95.5196
[95.523s] aco: pheromone_evaporation done, time: 95.5231
[96.076s] aco: daemon_actions done, time: 96.0756
[96.076s] aco: generation 86 start, time: 96.0756
[96.386s] aco: compute_total_information done, time: 96.386
[96.636s] aco: ants_generation_and_activity done, time: 96.6363
[96.640s] aco: pheromone_evaporation done, time: 96.6403
[97.148s] aco: daemon_actions done, time: 97.1478
[97.148s] aco: generation 87 start, time: 97.1478
[97.455s] aco: compute_total_information done, time: 97.4553
[97.690s] aco: ants_generation_and_activity done, time: 97.6897
[97.693s] aco: pheromone_evaporation done, time: 97.6932
[98.228s] aco: daemon_actions done, time: 98.2276
[98.228s] aco: generation 88 start, time: 98.2276
[98.512s] aco: compute_total_information done, time: 98.5121
[98.779s] aco: ants_generation_and_activity done, time: 98.7791
[98.784s] aco: pheromone_evaporation done, time: 98.7836
[99.317s] aco: daemon_actions done, time: 99.3168
[99.317s] aco: generation 89 start, time: 99.3168
[99.628s] aco: compute_total_information done, time: 99.6272
[99.950s] aco: ants_generation_and_activity done, time: 99.9504
[99.953s] aco: pheromone_evaporation done, time: 99.9529
[100.455s] aco: daemon_actions done, time: 100.455
[100.455s] aco: generation 90 start, time: 100.455
[100.749s] aco: compute_total_information done, time: 100.749
[100.988s] aco: ants_generation_and_activity done, time: 100.988
[100.991s] aco: pheromone_evaporation done, time: 100.991
[101.484s] aco: daemon_actions done, time: 101.484
[101.484s] aco: generation 91 start, time: 101.484
[101.754s] aco: compute_total_information done, time: 101.754
[101.984s] aco: ants_generation_and_activity done, time: 101.984
[101.986s] aco: pheromone_evaporation done, time: 101.986
[102.464s] aco: daemon_actions done, time: 102.464
[102.464s] aco: generation 92 start, time: 102.464
[102.730s] aco: compute_total_information done, time: 102.73
[102.958s] aco: ants_generation_and_activity done, time: 102.958
[102.962s] aco: pheromone_evaporation done, time: 102.962
[103.441s] aco: daemon_actions done, time: 103.441
[103.441s] aco: generation 93 start, time: 103.441
[103.776s] aco: compute_total_information done, time: 103.776
[104.034s] aco: ants_generation_and_activity done, time: 104.034
[104.037s] aco: pheromone_evaporation done, time: 104.037
[104.530s] aco: daemon_actions done, time: 104.53
[104.530s] aco: generation 94 start, time: 104.53
[104.811s] aco: compute_total_information done, time: 104.811
[105.049s] aco: ants_generation_and_activity done, time: 105.049
[105.053s] aco: pheromone_evaporation done, time: 105.053
[105.542s] aco: daemon_actions done, time: 105.542
[105.542s] aco: generation 95 start, time: 105.542
[105.817s] aco: compute_total_information done, time: 105.817
[106.052s] aco: ants_generation_and_activity done, time: 106.052
[106.053s] aco: pheromone_evaporation done, time: 106.053
[106.533s] aco: daemon_actions done, time: 106.533
[106.533s] aco: generation 96 start, time: 106.533
[106.804s] aco: compute_total_information done, time: 106.804
[107.039s] aco: ants_generation_and_activity done, time: 107.039
[107.043s] aco: pheromone_evaporation done, time: 107.043
[107.573s] aco: daemon_actions done, time: 107.573
[107.573s] aco: generation 97 start, time: 107.573
[107.856s] aco: compute_total_information done, time: 107.856
[108.117s] aco: ants_generation_and_activity done, time: 108.117
[108.119s] aco: pheromone_evaporation done, time: 108.119
[108.611s] aco: daemon_actions done, time: 108.611
[108.611s] aco: generation 98 start, time: 108.611
[108.876s] aco: compute_total_information done, time: 108.876
[109.100s] aco: ants_generation_and_activity done, time: 109.1
[109.103s] aco: pheromone_evaporation done, time: 109.103
[109.661s] aco: daemon_actions done, time: 109.661
[109.661s] aco: generation 99 start, time: 109.661
[109.932s] aco: compute_total_information done, time: 109.932
[110.176s] aco: ants_generation_and_activity done, time: 110.176
[110.178s] aco: pheromone_evaporation done, time: 110.178
[110.738s] aco: daemon_actions done, time: 110.738
[110.738s] aco: generation 100 start, time: 110.738
[111.084s] aco: compute_total_information done, time: 111.084
[111.434s] aco: ants_generation_and_activity done, time: 111.434
[111.438s] aco: pheromone_evaporation done, time: 111.438
[112.157s] aco: daemon_actions done, time: 112.157
[112.158s] aco: generation 101 start, time: 112.158
[112.581s] aco: compute_total_information done, time: 112.581
[112.950s] aco: ants_generation_and_activity done, time: 112.95
[112.953s] aco: pheromone_evaporation done, time: 112.953
[113.781s] aco: daemon_actions done, time: 113.781
[113.781s] aco: generation 102 start, time: 113.781
[114.324s] aco: compute_total_information done, time: 114.324
[114.646s] aco: ants_generation_and_activity done, time: 114.646
[114.650s] aco: pheromone_evaporation done, time: 114.65
[115.315s] aco: daemon_actions done, time: 115.315
[115.316s] aco: generation 103 start, time: 115.316
[115.665s] aco: compute_total_information done, time: 115.665
[115.947s] aco: ants_generation_and_activity done, time: 115.947
[115.951s] aco: pheromone_evaporation done, time: 115.951
[116.555s] aco: daemon_actions done, time: 116.555
[116.555s] aco: generation 104 start, time: 116.555
[116.825s] aco: compute_total_information done, time: 116.825
[117.055s] aco: ants_generation_and_activity done, time: 117.055
[117.059s] aco: pheromone_evaporation done, time: 117.059
[117.550s] aco: daemon_actions done, time: 117.55
[117.550s] aco: generation 105 start, time: 117.55
[117.833s] aco: compute_total_information done, time: 117.833
[118.072s] aco: ants_generation_and_activity done, time: 118.072
[118.076s] aco: pheromone_evaporation done, time: 118.076
[118.659s] aco: daemon_actions done, time: 118.659
[118.660s] aco: generation 106 start, time: 118.66
[118.999s] aco: compute_total_information done, time: 118.999
[119.288s] aco: ants_generation_and_activity done, time: 119.288
[119.291s] aco: pheromone_evaporation done, time: 119.291
[119.795s] aco: daemon_actions done, time: 119.795
[119.795s] aco: generation 107 start, time: 119.795
[120.087s] aco: compute_total_information done, time: 120.087
[120.339s] aco: ants_generation_and_activity done, time: 120.339
[120.343s] aco: pheromone_evaporation done, time: 120.343
[120.839s] aco: daemon_actions done, time: 120.839
[120.839s] aco: generation 108 start, time: 120.839
[121.110s] aco: compute_total_information done, time: 121.11
[121.337s] aco: ants_generation_and_activity done, time: 121.337
[121.341s] aco: pheromone_evaporation done, time: 121.341
[121.831s] aco: daemon_actions done, time: 121.831
[121.831s] aco: generation 109 start, time: 121.831
[122.106s] aco: compute_total_information done, time: 122.106
[122.343s] aco: ants_generation_and_activity done, time: 122.343
[122.345s] aco: pheromone_evaporation done, time: 122.345
[122.836s] aco: daemon_actions done, time: 122.836
[122.836s] aco: generation 110 start, time: 122.836
[123.180s] aco: compute_total_information done, time: 123.18
[123.418s] aco: ants_generation_and_activity done, time: 123.418
[123.420s] aco: pheromone_evaporation done, time: 123.42
[123.933s] aco: daemon_actions done, time: 123.933
[123.933s] aco: generation 111 start, time: 123.933
[124.213s] aco: compute_total_information done, time: 124.213
[124.479s] aco: ants_generation_and_activity done, time: 124.479
[124.482s] aco: pheromone_evaporation done, time: 124.482
[124.970s] aco: daemon_actions done, time: 124.97
[124.970s] aco: generation 112 start, time: 124.97
[125.251s] aco: compute_total_information done, time: 125.251
[125.474s] aco: ants_generation_and_activity done, time: 125.474
[125.478s] aco: pheromone_evaporation done, time: 125.478
[125.961s] aco: daemon_actions done, time: 125.961
[125.961s] aco: generation 113 start, time: 125.961
[126.239s] aco: compute_total_information done, time: 126.239
[126.474s] aco: ants_generation_and_activity done, time: 126.474
[126.478s] aco: pheromone_evaporation done, time: 126.478
[127.020s] aco: daemon_actions done, time: 127.02
[127.020s] aco: generation 114 start, time: 127.02
[127.396s] aco: compute_total_information done, time: 127.396
[127.696s] aco: ants_generation_and_activity done, time: 127.696
[127.700s] aco: pheromone_evaporation done, time: 127.7
[128.387s] aco: daemon_actions done, time: 128.387
[128.388s] aco: generation 115 start, time: 128.388
[128.815s] aco: compute_total_information done, time: 128.815
[129.353s] aco: ants_generation_and_activity done, time: 129.353
[129.356s] aco: pheromone_evaporation done, time: 129.356
[129.977s] aco: daemon_actions done, time: 129.977
[129.977s] aco: generation 116 start, time: 129.977
[130.351s] aco: compute_total_information done, time: 130.351
[130.726s] aco: ants_generation_and_activity done, time: 130.726
[130.730s] aco: pheromone_evaporation done, time: 130.73
[131.228s] aco: daemon_actions done, time: 131.228
[131.228s] aco: generation 117 start, time: 131.228
[131.696s] aco: compute_total_information done, time: 131.696
[132.036s] aco: ants_generation_and_activity done, time: 132.036
[132.038s] aco: pheromone_evaporation done, time: 132.038
[132.904s] aco: daemon_actions done, time: 132.904
[132.904s] aco: generation 118 start, time: 132.904
[133.484s] aco: compute_total_information done, time: 133.484
[133.821s] aco: ants_generation_and_activity done, time: 133.821
[133.827s] aco: pheromone_evaporation done, time: 133.827
[134.595s] aco: daemon_actions done, time: 134.595
[134.596s] aco: generation 119 start, time: 134.596
[135.138s] aco: compute_total_information done, time: 135.138
[135.596s] aco: ants_generation_and_activity done, time: 135.596
[135.601s] aco: pheromone_evaporation done, time: 135.601
[136.328s] aco: daemon_actions done, time: 136.328
[136.328s] aco: generation 120 start, time: 136.328
[136.677s] aco: compute_total_information done, time: 136.677
[136.966s] aco: ants_generation_and_activity done, time: 136.966
[136.970s] aco: pheromone_evaporation done, time: 136.97
[137.719s] aco: daemon_actions done, time: 137.719
[137.719s] aco: generation 121 start, time: 137.719
[138.232s] aco: compute_total_information done, time: 138.232
[138.610s] aco: ants_generation_and_activity done, time: 138.61
[138.613s] aco: pheromone_evaporation done, time: 138.613
[139.255s] aco: daemon_actions done, time: 139.255
[139.255s] aco: generation 122 start, time: 139.255
[139.584s] aco: compute_total_information done, time: 139.584
[139.843s] aco: ants_generation_and_activity done, time: 139.843
[139.845s] aco: pheromone_evaporation done, time: 139.845
[140.384s] aco: daemon_actions done, time: 140.384
[140.384s] aco: generation 123 start, time: 140.384
[140.868s] aco: compute_total_information done, time: 140.868
[141.140s] aco: ants_generation_and_activity done, time: 141.14
[141.143s] aco: pheromone_evaporation done, time: 141.143
[141.799s] aco: daemon_actions done, time: 141.799
[141.799s] aco: generation 124 start, time: 141.799
[142.105s] aco: compute_total_information done, time: 142.105
[142.427s] aco: ants_generation_and_activity done, time: 142.427
[142.429s] aco: pheromone_evaporation done, time: 142.429
[142.956s] aco: daemon_actions done, time: 142.956
[142.957s] aco: generation 125 start, time: 142.957
[143.240s] aco: compute_total_information done, time: 143.24
[143.505s] aco: ants_generation_and_activity done, time: 143.505
[143.509s] aco: pheromone_evaporation done, time: 143.509
[144.042s] aco: daemon_actions done, time: 144.042
[144.042s] aco: generation 126 start, time: 144.042
[144.345s] aco: compute_total_information done, time: 144.345
[144.590s] aco: ants_generation_and_activity done, time: 144.59
[144.594s] aco: pheromone_evaporation done, time: 144.594
[145.117s] aco: daemon_actions done, time: 145.117
[145.117s] aco: generation 127 start, time: 145.117
[145.430s] aco: compute_total_information done, time: 145.43
[145.685s] aco: ants_generation_and_activity done, time: 145.685
[145.687s] aco: pheromone_evaporation done, time: 145.687
[146.310s] aco: daemon_actions done, time: 146.31
[146.310s] aco: generation 128 start, time: 146.31
[146.626s] aco: compute_total_information done, time: 146.626
[146.881s] aco: ants_generation_and_activity done, time: 146.881
[146.886s] aco: pheromone_evaporation done, time: 146.886
[147.394s] aco: daemon_actions done, time: 147.394
[147.394s] aco: generation 129 start, time: 147.394
[147.666s] aco: compute_total_information done, time: 147.665
[147.891s] aco: ants_generation_and_activity done, time: 147.891
[147.894s] aco: pheromone_evaporation done, time: 147.894
[148.388s] aco: daemon_actions done, time: 148.388
[148.388s] aco: generation 130 start, time: 148.388
[148.676s] aco: compute_total_information done, time: 148.676
[148.913s] aco: ants_generation_and_activity done, time: 148.913
[148.917s] aco: pheromone_evaporation done, time: 148.917
[149.542s] aco: daemon_actions done, time: 149.542
[149.542s] aco: generation 131 start, time: 149.542
[150.439s] aco: compute_total_information done, time: 150.439
[150.879s] aco: ants_generation_and_activity done, time: 150.879
[150.881s] aco: pheromone_evaporation done, time: 150.881
[151.364s] aco: daemon_actions done, time: 151.364
[151.364s] aco: generation 132 start, time: 151.364
[151.635s] aco: compute_total_information done, time: 151.635
[151.874s] aco: ants_generation_and_activity done, time: 151.874
[151.878s] aco: pheromone_evaporation done, time: 151.878
[152.366s] aco: daemon_actions done, time: 152.366
[152.366s] aco: generation 133 start, time: 152.366
[152.633s] aco: compute_total_information done, time: 152.633
[152.867s] aco: ants_generation_and_activity done, time: 152.867
[152.870s] aco: pheromone_evaporation done, time: 152.87
[153.353s] aco: daemon_actions done, time: 153.353
[153.353s] aco: generation 134 start, time: 153.353
[153.657s] aco: compute_total_information done, time: 153.657
[154.043s] aco: ants_generation_and_activity done, time: 154.043
[154.045s] aco: pheromone_evaporation done, time: 154.045
[154.586s] aco: daemon_actions done, time: 154.586
[154.587s] aco: generation 135 start, time: 154.587
[154.908s] aco: compute_total_information done, time: 154.908
[155.143s] aco: ants_generation_and_activity done, time: 155.143
[155.147s] aco: pheromone_evaporation done, time: 155.147
[155.863s] aco: daemon_actions done, time: 155.863
[155.863s] aco: generation 136 start, time: 155.863
[156.204s] aco: compute_total_information done, time: 156.204
[156.468s] aco: ants_generation_and_activity done, time: 156.468
[156.470s] aco: pheromone_evaporation done, time: 156.47
[156.962s] aco: daemon_actions done, time: 156.962
[156.962s] aco: generation 137 start, time: 156.962
[157.229s] aco: compute_total_information done, time: 157.229
[157.468s] aco: ants_generation_and_activity done, time: 157.468
[157.470s] aco: pheromone_evaporation done, time: 157.47
[158.059s] aco: daemon_actions done, time: 158.059
[158.059s] aco: generation 138 start, time: 158.059
[158.394s] aco: compute_total_information done, time: 158.394
[158.671s] aco: ants_generation_and_activity done, time: 158.671
[158.676s] aco: pheromone_evaporation done, time: 158.676
[159.246s] aco: daemon_actions done, time: 159.246
[159.246s] aco: generation 139 start, time: 159.246
[159.523s] aco: compute_total_information done, time: 159.523
[159.787s] aco: ants_generation_and_activity done, time: 159.787
[159.791s] aco: pheromone_evaporation done, time: 159.791
[160.280s] aco: daemon_actions done, time: 160.28
[160.280s] aco: generation 140 start, time: 160.28
[160.554s] aco: compute_total_information done, time: 160.554
[160.842s] aco: ants_generation_and_activity done, time: 160.842
[160.845s] aco: pheromone_evaporation done, time: 160.845
[161.360s] aco: daemon_actions done, time: 161.36
[161.360s] aco: generation 141 start, time: 161.36
[161.703s] aco: compute_total_information done, time: 161.703
[161.977s] aco: ants_generation_and_activity done, time: 161.977
[161.980s] aco: pheromone_evaporation done, time: 161.98
[162.566s] aco: daemon_actions done, time: 162.566
[162.566s] aco: generation 142 start, time: 162.566
[162.868s] aco: compute_total_information done, time: 162.868
[163.136s] aco: ants_generation_and_activity done, time: 163.136
[163.140s] aco: pheromone_evaporation done, time: 163.14
[163.653s] aco: daemon_actions done, time: 163.653
[163.653s] aco: generation 143 start, time: 163.653
[163.965s] aco: compute_total_information done, time: 163.965
[164.216s] aco: ants_generation_and_activity done, time: 164.216
[164.219s] aco: pheromone_evaporation done, time: 164.219
[165.087s] aco: daemon_actions done, time: 165.087
[165.087s] aco: generation 144 start, time: 165.087
[165.582s] aco: compute_total_information done, time: 165.582
[165.907s] aco: ants_generation_and_activity done, time: 165.907
[165.911s] aco: pheromone_evaporation done, time: 165.911
[166.453s] aco: daemon_actions done, time: 166.453
[166.453s] aco: generation 145 start, time: 166.453
[166.750s] aco: compute_total_information done, time: 166.75
[167.001s] aco: ants_generation_and_activity done, time: 167.001
[167.003s] aco: pheromone_evaporation done, time: 167.003
[167.529s] aco: daemon_actions done, time: 167.529
[167.529s] aco: generation 146 start, time: 167.529
[167.844s] aco: compute_total_information done, time: 167.844
[168.111s] aco: ants_generation_and_activity done, time: 168.111
[168.113s] aco: pheromone_evaporation done, time: 168.113
[168.635s] aco: daemon_actions done, time: 168.635
[168.635s] aco: generation 147 start, time: 168.635
[168.931s] aco: compute_total_information done, time: 168.931
[169.230s] aco: ants_generation_and_activity done, time: 169.23
[169.242s] aco: pheromone_evaporation done, time: 169.242
[169.963s] aco: daemon_actions done, time: 169.963
[169.963s] aco: generation 148 start, time: 169.963
[170.334s] aco: compute_total_information done, time: 170.334
[170.628s] aco: ants_generation_and_activity done, time: 170.628
[170.630s] aco: pheromone_evaporation done, time: 170.63
[171.423s] aco: daemon_actions done, time: 171.423
[171.423s] aco: generation 149 start, time: 171.423
[171.807s] aco: compute_total_information done, time: 171.807
[172.163s] aco: ants_generation_and_activity done, time: 172.163
[172.167s] aco: pheromone_evaporation done, time: 172.167
[172.889s] aco: daemon_actions done, time: 172.889
[172.889s] aco: generation 150 start, time: 172.889
[173.490s] aco: compute_total_information done, time: 173.49
[173.823s] aco: ants_generation_and_activity done, time: 173.823
[173.826s] aco: pheromone_evaporation done, time: 173.826
[174.446s] aco: daemon_actions done, time: 174.446
[174.446s] aco: generation 151 start, time: 174.446
[174.805s] aco: compute_total_information done, time: 174.805
[175.085s] aco: ants_generation_and_activity done, time: 175.085
[175.087s] aco: pheromone_evaporation done, time: 175.087
[175.741s] aco: daemon_actions done, time: 175.741
[175.741s] aco: generation 152 start, time: 175.741
[176.131s] aco: compute_total_information done, time: 176.131
[176.397s] aco: ants_generation_and_activity done, time: 176.397
[176.401s] aco: pheromone_evaporation done, time: 176.401
[176.918s] aco: daemon_actions done, time: 176.918
[176.919s] aco: generation 153 start, time: 176.919
[177.227s] aco: compute_total_information done, time: 177.227
[177.602s] aco: ants_generation_and_activity done, time: 177.602
[177.603s] aco: pheromone_evaporation done, time: 177.603
[178.132s] aco: daemon_actions done, time: 178.132
[178.132s] aco: generation 154 start, time: 178.132
[178.457s] aco: compute_total_information done, time: 178.457
[178.909s] aco: ants_generation_and_activity done, time: 178.909
[178.911s] aco: pheromone_evaporation done, time: 178.911
[179.728s] aco: daemon_actions done, time: 179.728
[179.728s] aco: generation 155 start, time: 179.728
[180.021s] aco: compute_total_information done, time: 180.021
[180.430s] aco: ants_generation_and_activity done, time: 180.43
[180.434s] aco: pheromone_evaporation done, time: 180.434
[181.185s] aco: daemon_actions done, time: 181.185
[181.186s] aco: generation 156 start, time: 181.186
[181.556s] aco: compute_total_information done, time: 181.556
[181.825s] aco: ants_generation_and_activity done, time: 181.825
[181.829s] aco: pheromone_evaporation done, time: 181.829
[182.318s] aco: daemon_actions done, time: 182.318
[182.318s] aco: generation 157 start, time: 182.318
[182.606s] aco: compute_total_information done, time: 182.606
[182.878s] aco: ants_generation_and_activity done, time: 182.878
[182.881s] aco: pheromone_evaporation done, time: 182.881
[183.525s] aco: daemon_actions done, time: 183.525
[183.525s] aco: generation 158 start, time: 183.525
[183.823s] aco: compute_total_information done, time: 183.823
[184.139s] aco: ants_generation_and_activity done, time: 184.139
[184.143s] aco: pheromone_evaporation done, time: 184.143
[184.920s] aco: daemon_actions done, time: 184.92
[184.920s] aco: generation 159 start, time: 184.92
[185.221s] aco: compute_total_information done, time: 185.221
[185.509s] aco: ants_generation_and_activity done, time: 185.509
[185.511s] aco: pheromone_evaporation done, time: 185.511
[186.010s] aco: daemon_actions done, time: 186.01
[186.010s] aco: generation 160 start, time: 186.01
[186.332s] aco: compute_total_information done, time: 186.332
[186.581s] aco: ants_generation_and_activity done, time: 186.581
[186.584s] aco: pheromone_evaporation done, time: 186.584
[187.153s] aco: daemon_actions done, time: 187.153
[187.153s] aco: generation 161 start, time: 187.153
[187.479s] aco: compute_total_information done, time: 187.479
[187.808s] aco: ants_generation_and_activity done, time: 187.808
[187.813s] aco: pheromone_evaporation done, time: 187.813
[189.770s] aco: daemon_actions done, time: 189.77
[189.770s] aco: generation 162 start, time: 189.77
[190.068s] aco: compute_total_information done, time: 190.068
[190.370s] aco: ants_generation_and_activity done, time: 190.37
[190.374s] aco: pheromone_evaporation done, time: 190.374
[190.996s] aco: daemon_actions done, time: 190.996
[190.996s] aco: generation 163 start, time: 190.996
[191.356s] aco: compute_total_information done, time: 191.356
[191.697s] aco: ants_generation_and_activity done, time: 191.697
[191.698s] aco: pheromone_evaporation done, time: 191.698
[192.673s] aco: daemon_actions done, time: 192.673
[192.674s] aco: generation 164 start, time: 192.674
[193.469s] aco: compute_total_information done, time: 193.469
[193.734s] aco: ants_generation_and_activity done, time: 193.734
[193.738s] aco: pheromone_evaporation done, time: 193.738
[194.254s] aco: daemon_actions done, time: 194.254
[194.255s] aco: generation 165 start, time: 194.255
[194.555s] aco: compute_total_information done, time: 194.555
[194.801s] aco: ants_generation_and_activity done, time: 194.801
[194.804s] aco: pheromone_evaporation done, time: 194.804
[195.293s] aco: daemon_actions done, time: 195.293
[195.293s] aco: generation 166 start, time: 195.293
[195.568s] aco: compute_total_information done, time: 195.568
[195.816s] aco: ants_generation_and_activity done, time: 195.816
[195.819s] aco: pheromone_evaporation done, time: 195.819
[196.364s] aco: daemon_actions done, time: 196.364
[196.364s] aco: generation 167 start, time: 196.364
[196.676s] aco: compute_total_information done, time: 196.676
[196.943s] aco: ants_generation_and_activity done, time: 196.943
[196.947s] aco: pheromone_evaporation done, time: 196.947
[197.697s] aco: daemon_actions done, time: 197.697
[197.697s] aco: generation 168 start, time: 197.697
[198.411s] aco: compute_total_information done, time: 198.411
[198.683s] aco: ants_generation_and_activity done, time: 198.683
[198.686s] aco: pheromone_evaporation done, time: 198.686
[200.103s] aco: daemon_actions done, time: 200.103
[200.103s] aco: generation 169 start, time: 200.103
[200.558s] aco: compute_total_information done, time: 200.558
[200.816s] aco: ants_generation_and_activity done, time: 200.816
[200.820s] aco: pheromone_evaporation done, time: 200.82
[201.363s] aco: daemon_actions done, time: 201.363
[201.363s] aco: generation 170 start, time: 201.363
[201.643s] aco: compute_total_information done, time: 201.643
[201.895s] aco: ants_generation_and_activity done, time: 201.895
[201.899s] aco: pheromone_evaporation done, time: 201.899
[202.603s] aco: daemon_actions done, time: 202.603
[202.603s] aco: generation 171 start, time: 202.603
[202.917s] aco: compute_total_information done, time: 202.917
[203.159s] aco: ants_generation_and_activity done, time: 203.159
[203.161s] aco: pheromone_evaporation done, time: 203.161
[203.709s] aco: daemon_actions done, time: 203.709
[203.709s] aco: generation 172 start, time: 203.709
[204.005s] aco: compute_total_information done, time: 204.005
[204.399s] aco: ants_generation_and_activity done, time: 204.399
[204.403s] aco: pheromone_evaporation done, time: 204.403
[205.003s] aco: daemon_actions done, time: 205.003
[205.003s] aco: generation 173 start, time: 205.003
[205.360s] aco: compute_total_information done, time: 205.358
[205.640s] aco: ants_generation_and_activity done, time: 205.64
[205.645s] aco: pheromone_evaporation done, time: 205.645
[206.224s] aco: daemon_actions done, time: 206.224
[206.224s] aco: generation 174 start, time: 206.224
[206.565s] aco: compute_total_information done, time: 206.565
[206.850s] aco: ants_generation_and_activity done, time: 206.85
[206.853s] aco: pheromone_evaporation done, time: 206.853
[207.890s] aco: daemon_actions done, time: 207.89
[207.890s] aco: generation 175 start, time: 207.89
[208.461s] aco: compute_total_information done, time: 208.461
[208.759s] aco: ants_generation_and_activity done, time: 208.759
[208.761s] aco: pheromone_evaporation done, time: 208.761
[209.293s] aco: daemon_actions done, time: 209.293
[209.293s] aco: generation 176 start, time: 209.293
[209.597s] aco: compute_total_information done, time: 209.597
[209.849s] aco: ants_generation_and_activity done, time: 209.849
[209.852s] aco: pheromone_evaporation done, time: 209.852
[210.349s] aco: daemon_actions done, time: 210.349
[210.349s] aco: generation 177 start, time: 210.349
[210.639s] aco: compute_total_information done, time: 210.639
[210.876s] aco: ants_generation_and_activity done, time: 210.876
[210.878s] aco: pheromone_evaporation done, time: 210.878
[211.396s] aco: daemon_actions done, time: 211.396
[211.396s] aco: generation 178 start, time: 211.396
[211.747s] aco: compute_total_information done, time: 211.747
[212.083s] aco: ants_generation_and_activity done, time: 212.083
[212.085s] aco: pheromone_evaporation done, time: 212.085
[212.603s] aco: daemon_actions done, time: 212.603
[212.603s] aco: generation 179 start, time: 212.603
[212.910s] aco: compute_total_information done, time: 212.91
[213.176s] aco: ants_generation_and_activity done, time: 213.176
[213.178s] aco: pheromone_evaporation done, time: 213.178
[213.687s] aco: daemon_actions done, time: 213.687
[213.688s] aco: generation 180 start, time: 213.688
[213.967s] aco: compute_total_information done, time: 213.967
[214.207s] aco: ants_generation_and_activity done, time: 214.207
[214.211s] aco: pheromone_evaporation done, time: 214.211
[214.713s] aco: daemon_actions done, time: 214.713
[214.713s] aco: generation 181 start, time: 214.713
[214.988s] aco: compute_total_information done, time: 214.988
[215.226s] aco: ants_generation_and_activity done, time: 215.226
[215.229s] aco: pheromone_evaporation done, time: 215.229
[215.778s] aco: daemon_actions done, time: 215.778
[215.778s] aco: generation 182 start, time: 215.778
[216.111s] aco: compute_total_information done, time: 216.111
[216.360s] aco: ants_generation_and_activity done, time: 216.36
[216.363s] aco: pheromone_evaporation done, time: 216.363
[216.851s] aco: daemon_actions done, time: 216.851
[216.852s] aco: generation 183 start, time: 216.852
[217.127s] aco: compute_total_information done, time: 217.127
[217.377s] aco: ants_generation_and_activity done, time: 217.377
[217.380s] aco: pheromone_evaporation done, time: 217.38
[217.869s] aco: daemon_actions done, time: 217.869
[217.870s] aco: generation 184 start, time: 217.87
[218.221s] aco: compute_total_information done, time: 218.221
[218.491s] aco: ants_generation_and_activity done, time: 218.491
[218.495s] aco: pheromone_evaporation done, time: 218.495
[219.074s] aco: daemon_actions done, time: 219.074
[219.074s] aco: generation 185 start, time: 219.074
[219.354s] aco: compute_total_information done, time: 219.354
[219.641s] aco: ants_generation_and_activity done, time: 219.641
[219.644s] aco: pheromone_evaporation done, time: 219.644
[220.166s] aco: daemon_actions done, time: 220.166
[220.166s] aco: generation 186 start, time: 220.166
[220.454s] aco: compute_total_information done, time: 220.454
[220.744s] aco: ants_generation_and_activity done, time: 220.744
[220.747s] aco: pheromone_evaporation done, time: 220.747
[221.285s] aco: daemon_actions done, time: 221.285
[221.285s] aco: generation 187 start, time: 221.285
[221.564s] aco: compute_total_information done, time: 221.564
[221.807s] aco: ants_generation_and_activity done, time: 221.807
[221.810s] aco: pheromone_evaporation done, time: 221.81
[222.339s] aco: daemon_actions done, time: 222.339
[222.339s] aco: generation 188 start, time: 222.339
[222.608s] aco: compute_total_information done, time: 222.608
[222.890s] aco: ants_generation_and_activity done, time: 222.89
[222.893s] aco: pheromone_evaporation done, time: 222.893
[223.911s] aco: daemon_actions done, time: 223.911
[223.913s] aco: generation 189 start, time: 223.913
[224.211s] aco: compute_total_information done, time: 224.211
[224.491s] aco: ants_generation_and_activity done, time: 224.491
[224.494s] aco: pheromone_evaporation done, time: 224.494
[225.052s] aco: daemon_actions done, time: 225.052
[225.052s] aco: generation 190 start, time: 225.052
[225.349s] aco: compute_total_information done, time: 225.349
[225.601s] aco: ants_generation_and_activity done, time: 225.601
[225.604s] aco: pheromone_evaporation done, time: 225.604
[226.111s] aco: daemon_actions done, time: 226.111
[226.111s] aco: generation 191 start, time: 226.111
[226.410s] aco: compute_total_information done, time: 226.41
[226.655s] aco: ants_generation_and_activity done, time: 226.655
[226.660s] aco: pheromone_evaporation done, time: 226.66
[227.193s] aco: daemon_actions done, time: 227.193
[227.193s] aco: generation 192 start, time: 227.193
[227.553s] aco: compute_total_information done, time: 227.553
[227.856s] aco: ants_generation_and_activity done, time: 227.856
[227.860s] aco: pheromone_evaporation done, time: 227.86
[228.500s] aco: daemon_actions done, time: 228.5
[228.500s] aco: generation 193 start, time: 228.5
[228.786s] aco: compute_total_information done, time: 228.786
[229.073s] aco: ants_generation_and_activity done, time: 229.073
[229.077s] aco: pheromone_evaporation done, time: 229.077
[229.670s] aco: daemon_actions done, time: 229.67
[229.670s] aco: generation 194 start, time: 229.67
[230.026s] aco: compute_total_information done, time: 230.026
[230.304s] aco: ants_generation_and_activity done, time: 230.304
[230.307s] aco: pheromone_evaporation done, time: 230.307
[230.886s] aco: daemon_actions done, time: 230.886
[230.886s] aco: generation 195 start, time: 230.886
[231.271s] aco: compute_total_information done, time: 231.271
[231.530s] aco: ants_generation_and_activity done, time: 231.53
[231.535s] aco: pheromone_evaporation done, time: 231.535
[232.116s] aco: daemon_actions done, time: 232.116
[232.116s] aco: generation 196 start, time: 232.116
[232.416s] aco: compute_total_information done, time: 232.416
[232.693s] aco: ants_generation_and_activity done, time: 232.693
[232.696s] aco: pheromone_evaporation done, time: 232.696
[233.255s] aco: daemon_actions done, time: 233.255
[233.255s] aco: generation 197 start, time: 233.255
[233.551s] aco: compute_total_information done, time: 233.551
[233.798s] aco: ants_generation_and_activity done, time: 233.798
[233.801s] aco: pheromone_evaporation done, time: 233.801
[234.335s] aco: daemon_actions done, time: 234.335
[234.335s] aco: generation 198 start, time: 234.335
[234.621s] aco: compute_total_information done, time: 234.621
[234.854s] aco: ants_generation_and_activity done, time: 234.854
[234.857s] aco: pheromone_evaporation done, time: 234.857
[235.675s] aco: daemon_actions done, time: 235.675
[235.675s] aco: generation 199 start, time: 235.675
[235.967s] aco: compute_total_information done, time: 235.967
[236.224s] aco: ants_generation_and_activity done, time: 236.224
[236.227s] aco: pheromone_evaporation done, time: 236.227
[236.925s] aco: daemon_actions done, time: 236.925
[236.926s] aco: generation 200 start, time: 236.926
[237.236s] aco: compute_total_information done, time: 237.236
[237.538s] aco: ants_generation_and_activity done, time: 237.538
[237.539s] aco: pheromone_evaporation done, time: 237.539
[238.230s] aco: daemon_actions done, time: 238.23
[238.230s] aco: generation 201 start, time: 238.23
[238.536s] aco: compute_total_information done, time: 238.536
[238.844s] aco: ants_generation_and_activity done, time: 238.844
[238.848s] aco: pheromone_evaporation done, time: 238.848
[239.462s] aco: daemon_actions done, time: 239.462
[239.462s] aco: generation 202 start, time: 239.462
[239.845s] aco: compute_total_information done, time: 239.845
[240.189s] aco: ants_generation_and_activity done, time: 240.189
[240.195s] aco: pheromone_evaporation done, time: 240.195
[240.861s] aco: daemon_actions done, time: 240.861
[240.863s] aco: generation 203 start, time: 240.863
[241.299s] aco: compute_total_information done, time: 241.299
[241.629s] aco: ants_generation_and_activity done, time: 241.629
[241.630s] aco: pheromone_evaporation done, time: 241.63
[242.377s] aco: daemon_actions done, time: 242.377
[242.377s] aco: generation 204 start, time: 242.377
[242.815s] aco: compute_total_information done, time: 242.815
[243.133s] aco: ants_generation_and_activity done, time: 243.133
[243.136s] aco: pheromone_evaporation done, time: 243.136
[243.800s] aco: daemon_actions done, time: 243.8
[243.801s] aco: generation 205 start, time: 243.801
[244.162s] aco: compute_total_information done, time: 244.162
[244.513s] aco: ants_generation_and_activity done, time: 244.513
[244.517s] aco: pheromone_evaporation done, time: 244.517
[245.204s] aco: daemon_actions done, time: 245.204
[245.204s] aco: generation 206 start, time: 245.204
[245.589s] aco: compute_total_information done, time: 245.589
[245.842s] aco: ants_generation_and_activity done, time: 245.842
[245.844s] aco: pheromone_evaporation done, time: 245.844
[246.401s] aco: daemon_actions done, time: 246.401
[246.401s] aco: generation 207 start, time: 246.401
[246.765s] aco: compute_total_information done, time: 246.765
[247.010s] aco: ants_generation_and_activity done, time: 247.01
[247.012s] aco: pheromone_evaporation done, time: 247.012
[247.554s] aco: daemon_actions done, time: 247.554
[247.554s] aco: generation 208 start, time: 247.554
[247.838s] aco: compute_total_information done, time: 247.838
[248.081s] aco: ants_generation_and_activity done, time: 248.081
[248.084s] aco: pheromone_evaporation done, time: 248.084
[248.615s] aco: daemon_actions done, time: 248.615
[248.615s] aco: generation 209 start, time: 248.615
[248.904s] aco: compute_total_information done, time: 248.904
[249.153s] aco: ants_generation_and_activity done, time: 249.153
[249.157s] aco: pheromone_evaporation done, time: 249.157
[249.682s] aco: daemon_actions done, time: 249.682
[249.682s] aco: generation 210 start, time: 249.682
[249.977s] aco: compute_total_information done, time: 249.977
[250.229s] aco: ants_generation_and_activity done, time: 250.229
[250.232s] aco: pheromone_evaporation done, time: 250.232
[251.115s] aco: daemon_actions done, time: 251.115
[251.115s] aco: generation 211 start, time: 251.115
[252.117s] aco: compute_total_information done, time: 252.117
[252.447s] aco: ants_generation_and_activity done, time: 252.447
[252.450s] aco: pheromone_evaporation done, time: 252.45
[253.025s] aco: daemon_actions done, time: 253.025
[253.025s] aco: generation 212 start, time: 253.025
[253.323s] aco: compute_total_information done, time: 253.323
[253.730s] aco: ants_generation_and_activity done, time: 253.73
[253.734s] aco: pheromone_evaporation done, time: 253.734
[254.505s] aco: daemon_actions done, time: 254.505
[254.506s] aco: generation 213 start, time: 254.506
[254.889s] aco: compute_total_information done, time: 254.889
[255.147s] aco: ants_generation_and_activity done, time: 255.147
[255.150s] aco: pheromone_evaporation done, time: 255.15
[255.888s] aco: daemon_actions done, time: 255.888
[255.888s] aco: generation 214 start, time: 255.888
[256.184s] aco: compute_total_information done, time: 256.184
[256.437s] aco: ants_generation_and_activity done, time: 256.437
[256.440s] aco: pheromone_evaporation done, time: 256.44
[257.204s] aco: daemon_actions done, time: 257.204
[257.204s] aco: generation 215 start, time: 257.204
[257.826s] aco: compute_total_information done, time: 257.826
[258.266s] aco: ants_generation_and_activity done, time: 258.266
[258.270s] aco: pheromone_evaporation done, time: 258.27
[258.931s] aco: daemon_actions done, time: 258.931
[258.931s] aco: generation 216 start, time: 258.931
[259.280s] aco: compute_total_information done, time: 259.28
[259.659s] aco: ants_generation_and_activity done, time: 259.659
[259.663s] aco: pheromone_evaporation done, time: 259.663
[260.368s] aco: daemon_actions done, time: 260.368
[260.368s] aco: generation 217 start, time: 260.368
[260.823s] aco: compute_total_information done, time: 260.823
[261.222s] aco: ants_generation_and_activity done, time: 261.222
[261.226s] aco: pheromone_evaporation done, time: 261.226
[262.090s] aco: daemon_actions done, time: 262.09
[262.091s] aco: generation 218 start, time: 262.091
[262.830s] aco: compute_total_information done, time: 262.83
[263.289s] aco: ants_generation_and_activity done, time: 263.289
[263.293s] aco: pheromone_evaporation done, time: 263.293
[263.979s] aco: daemon_actions done, time: 263.979
[263.980s] aco: generation 219 start, time: 263.98
[264.491s] aco: compute_total_information done, time: 264.491
[264.818s] aco: ants_generation_and_activity done, time: 264.818
[264.821s] aco: pheromone_evaporation done, time: 264.821
[265.706s] aco: daemon_actions done, time: 265.706
[265.706s] aco: generation 220 start, time: 265.706
[266.266s] aco: compute_total_information done, time: 266.266
[266.565s] aco: ants_generation_and_activity done, time: 266.565
[266.569s] aco: pheromone_evaporation done, time: 266.569
[267.184s] aco: daemon_actions done, time: 267.184
[267.184s] aco: generation 221 start, time: 267.184
[267.489s] aco: compute_total_information done, time: 267.489
[267.763s] aco: ants_generation_and_activity done, time: 267.763
[267.767s] aco: pheromone_evaporation done, time: 267.767
[268.337s] aco: daemon_actions done, time: 268.337
[268.337s] aco: generation 222 start, time: 268.337
[268.665s] aco: compute_total_information done, time: 268.665
[268.933s] aco: ants_generation_and_activity done, time: 268.933
[268.937s] aco: pheromone_evaporation done, time: 268.937
[269.518s] aco: daemon_actions done, time: 269.518
[269.518s] aco: generation 223 start, time: 269.518
[269.888s] aco: compute_total_information done, time: 269.888
[270.187s] aco: ants_generation_and_activity done, time: 270.187
[270.191s] aco: pheromone_evaporation done, time: 270.191
[270.775s] aco: daemon_actions done, time: 270.775
[270.775s] aco: generation 224 start, time: 270.775
[271.086s] aco: compute_total_information done, time: 271.086
[271.367s] aco: ants_generation_and_activity done, time: 271.367
[271.370s] aco: pheromone_evaporation done, time: 271.37
[271.934s] aco: daemon_actions done, time: 271.934
[271.934s] aco: generation 225 start, time: 271.934
[272.261s] aco: compute_total_information done, time: 272.261
[272.525s] aco: ants_generation_and_activity done, time: 272.525
[272.528s] aco: pheromone_evaporation done, time: 272.528
[273.077s] aco: daemon_actions done, time: 273.077
[273.078s] aco: generation 226 start, time: 273.078
[273.368s] aco: compute_total_information done, time: 273.368
[273.679s] aco: ants_generation_and_activity done, time: 273.679
[273.683s] aco: pheromone_evaporation done, time: 273.683
[274.240s] aco: daemon_actions done, time: 274.24
[274.240s] aco: generation 227 start, time: 274.24
[274.714s] aco: compute_total_information done, time: 274.714
[275.012s] aco: ants_generation_and_activity done, time: 275.012
[275.014s] aco: pheromone_evaporation done, time: 275.014
[275.729s] aco: daemon_actions done, time: 275.729
[275.729s] aco: generation 228 start, time: 275.729
[276.017s] aco: compute_total_information done, time: 276.017
[276.290s] aco: ants_generation_and_activity done, time: 276.29
[276.293s] aco: pheromone_evaporation done, time: 276.293
[276.841s] aco: daemon_actions done, time: 276.841
[276.841s] aco: generation 229 start, time: 276.841
[277.155s] aco: compute_total_information done, time: 277.155
[277.400s] aco: ants_generation_and_activity done, time: 277.4
[277.403s] aco: pheromone_evaporation done, time: 277.403
[278.020s] aco: daemon_actions done, time: 278.02
[278.020s] aco: generation 230 start, time: 278.02
[278.351s] aco: compute_total_information done, time: 278.351
[278.690s] aco: ants_generation_and_activity done, time: 278.69
[278.694s] aco: pheromone_evaporation done, time: 278.694
[279.519s] aco: daemon_actions done, time: 279.519
[279.520s] aco: generation 231 start, time: 279.52
[279.930s] aco: compute_total_information done, time: 279.93
[280.281s] aco: ants_generation_and_activity done, time: 280.281
[280.283s] aco: pheromone_evaporation done, time: 280.283
[280.981s] aco: daemon_actions done, time: 280.981
[280.981s] aco: generation 232 start, time: 280.981
[281.484s] aco: compute_total_information done, time: 281.484
[281.871s] aco: ants_generation_and_activity done, time: 281.871
[281.872s] aco: pheromone_evaporation done, time: 281.872
[282.875s] aco: daemon_actions done, time: 282.875
[282.875s] aco: generation 233 start, time: 282.875
[283.312s] aco: compute_total_information done, time: 283.312
[283.684s] aco: ants_generation_and_activity done, time: 283.684
[283.687s] aco: pheromone_evaporation done, time: 283.687
[284.896s] aco: daemon_actions done, time: 284.896
[284.896s] aco: generation 234 start, time: 284.896
[285.429s] aco: compute_total_information done, time: 285.429
[285.766s] aco: ants_generation_and_activity done, time: 285.766
[285.769s] aco: pheromone_evaporation done, time: 285.769
[286.418s] aco: daemon_actions done, time: 286.418
[286.418s] aco: generation 235 start, time: 286.418
[286.776s] aco: compute_total_information done, time: 286.776
[287.071s] aco: ants_generation_and_activity done, time: 287.071
[287.074s] aco: pheromone_evaporation done, time: 287.074
[287.795s] aco: daemon_actions done, time: 287.795
[287.796s] aco: generation 236 start, time: 287.796
[288.124s] aco: compute_total_information done, time: 288.124
[288.393s] aco: ants_generation_and_activity done, time: 288.393
[288.397s] aco: pheromone_evaporation done, time: 288.397
[288.919s] aco: daemon_actions done, time: 288.919
[288.919s] aco: generation 237 start, time: 288.919
[289.297s] aco: compute_total_information done, time: 289.297
[289.611s] aco: ants_generation_and_activity done, time: 289.611
[289.615s] aco: pheromone_evaporation done, time: 289.615
[290.167s] aco: daemon_actions done, time: 290.167
[290.167s] aco: generation 238 start, time: 290.167
[290.512s] aco: compute_total_information done, time: 290.512
[290.821s] aco: ants_generation_and_activity done, time: 290.821
[290.824s] aco: pheromone_evaporation done, time: 290.824
[291.404s] aco: daemon_actions done, time: 291.404
[291.404s] aco: generation 239 start, time: 291.404
[291.736s] aco: compute_total_information done, time: 291.736
[291.976s] aco: ants_generation_and_activity done, time: 291.976
[291.978s] aco: pheromone_evaporation done, time: 291.978
[292.520s] aco: daemon_actions done, time: 292.52
[292.520s] aco: generation 240 start, time: 292.52
[292.821s] aco: compute_total_information done, time: 292.821
[293.208s] aco: ants_generation_and_activity done, time: 293.208
[293.212s] aco: pheromone_evaporation done, time: 293.212
[293.925s] aco: daemon_actions done, time: 293.925
[293.925s] aco: generation 241 start, time: 293.925
[294.363s] aco: compute_total_information done, time: 294.363
[294.640s] aco: ants_generation_and_activity done, time: 294.64
[294.644s] aco: pheromone_evaporation done, time: 294.644
[295.261s] aco: daemon_actions done, time: 295.261
[295.261s] aco: generation 242 start, time: 295.261
[295.616s] aco: compute_total_information done, time: 295.616
[296.096s] aco: ants_generation_and_activity done, time: 296.096
[296.100s] aco: pheromone_evaporation done, time: 296.1
[296.761s] aco: daemon_actions done, time: 296.761
[296.761s] aco: generation 243 start, time: 296.761
[297.100s] aco: compute_total_information done, time: 297.1
[297.406s] aco: ants_generation_and_activity done, time: 297.406
[297.410s] aco: pheromone_evaporation done, time: 297.41
[298.049s] aco: daemon_actions done, time: 298.049
[298.049s] aco: generation 244 start, time: 298.049
[298.473s] aco: compute_total_information done, time: 298.473
[298.835s] aco: ants_generation_and_activity done, time: 298.835
[298.839s] aco: pheromone_evaporation done, time: 298.839
[299.450s] aco: daemon_actions done, time: 299.45
[299.450s] aco: generation 245 start, time: 299.45
[299.772s] aco: compute_total_information done, time: 299.772
[300.048s] aco: ants_generation_and_activity done, time: 300.048
[300.051s] aco: pheromone_evaporation done, time: 300.051
[300.586s] aco: daemon_actions done, time: 300.586
[300.586s] aco: generation 246 start, time: 300.586
[300.945s] aco: compute_total_information done, time: 300.945
[301.224s] aco: ants_generation_and_activity done, time: 301.224
[301.228s] aco: pheromone_evaporation done, time: 301.228
[301.779s] aco: daemon_actions done, time: 301.779
[301.779s] aco: generation 247 start, time: 301.779
[302.071s] aco: compute_total_information done, time: 302.071
[302.340s] aco: ants_generation_and_activity done, time: 302.34
[302.344s] aco: pheromone_evaporation done, time: 302.344
[302.871s] aco: daemon_actions done, time: 302.871
[302.871s] aco: generation 248 start, time: 302.871
[303.190s] aco: compute_total_information done, time: 303.19
[303.451s] aco: ants_generation_and_activity done, time: 303.451
[303.453s] aco: pheromone_evaporation done, time: 303.453
[304.034s] aco: daemon_actions done, time: 304.034
[304.034s] aco: generation 249 start, time: 304.034
[304.327s] aco: compute_total_information done, time: 304.326
[304.649s] aco: ants_generation_and_activity done, time: 304.649
[304.652s] aco: pheromone_evaporation done, time: 304.652
[305.193s] aco: daemon_actions done, time: 305.193
[305.193s] aco: generation 250 start, time: 305.193
[305.487s] aco: compute_total_information done, time: 305.487
[305.817s] aco: ants_generation_and_activity done, time: 305.817
[305.820s] aco: pheromone_evaporation done, time: 305.82
[306.342s] aco: daemon_actions done, time: 306.342
[306.343s] aco: generation 251 start, time: 306.343
[306.613s] aco: compute_total_information done, time: 306.613
[306.874s] aco: ants_generation_and_activity done, time: 306.874
[306.878s] aco: pheromone_evaporation done, time: 306.878
[307.417s] aco: daemon_actions done, time: 307.417
[307.417s] aco: generation 252 start, time: 307.417
[307.741s] aco: compute_total_information done, time: 307.741
[307.987s] aco: ants_generation_and_activity done, time: 307.987
[307.990s] aco: pheromone_evaporation done, time: 307.99
[308.570s] aco: daemon_actions done, time: 308.57
[308.570s] aco: generation 253 start, time: 308.57
[308.924s] aco: compute_total_information done, time: 308.924
[309.193s] aco: ants_generation_and_activity done, time: 309.193
[309.197s] aco: pheromone_evaporation done, time: 309.197
[309.811s] aco: daemon_actions done, time: 309.811
[309.811s] aco: generation 254 start, time: 309.811
[310.170s] aco: compute_total_information done, time: 310.17
[310.424s] aco: ants_generation_and_activity done, time: 310.424
[310.427s] aco: pheromone_evaporation done, time: 310.427
[310.955s] aco: daemon_actions done, time: 310.955
[310.956s] aco: generation 255 start, time: 310.956
[311.253s] aco: compute_total_information done, time: 311.253
[311.501s] aco: ants_generation_and_activity done, time: 311.501
[311.504s] aco: pheromone_evaporation done, time: 311.504
[312.074s] aco: daemon_actions done, time: 312.074
[312.074s] aco: generation 256 start, time: 312.074
[312.468s] aco: compute_total_information done, time: 312.468
[312.706s] aco: ants_generation_and_activity done, time: 312.706
[312.710s] aco: pheromone_evaporation done, time: 312.71
[313.306s] aco: daemon_actions done, time: 313.306
[313.307s] aco: generation 257 start, time: 313.307
[313.626s] aco: compute_total_information done, time: 313.626
[313.950s] aco: ants_generation_and_activity done, time: 313.95
[313.955s] aco: pheromone_evaporation done, time: 313.955
[314.489s] aco: daemon_actions done, time: 314.489
[314.489s] aco: generation 258 start, time: 314.489
[314.788s] aco: compute_total_information done, time: 314.788
[315.033s] aco: ants_generation_and_activity done, time: 315.033
[315.035s] aco: pheromone_evaporation done, time: 315.035
[315.577s] aco: daemon_actions done, time: 315.577
[315.577s] aco: generation 259 start, time: 315.577
[315.858s] aco: compute_total_information done, time: 315.858
[316.102s] aco: ants_generation_and_activity done, time: 316.102
[316.106s] aco: pheromone_evaporation done, time: 316.106
[316.743s] aco: daemon_actions done, time: 316.743
[316.743s] aco: generation 260 start, time: 316.743
[317.138s] aco: compute_total_information done, time: 317.138
[317.464s] aco: ants_generation_and_activity done, time: 317.464
[317.468s] aco: pheromone_evaporation done, time: 317.468
[318.141s] aco: daemon_actions done, time: 318.141
[318.141s] aco: generation 261 start, time: 318.141
[318.480s] aco: compute_total_information done, time: 318.48
[318.778s] aco: ants_generation_and_activity done, time: 318.778
[318.781s] aco: pheromone_evaporation done, time: 318.781
[319.428s] aco: daemon_actions done, time: 319.428
[319.428s] aco: generation 262 start, time: 319.428
[319.805s] aco: compute_total_information done, time: 319.805
[320.159s] aco: ants_generation_and_activity done, time: 320.159
[320.162s] aco: pheromone_evaporation done, time: 320.162
[320.819s] aco: daemon_actions done, time: 320.819
[320.819s] aco: generation 263 start, time: 320.819
[321.174s] aco: compute_total_information done, time: 321.174
[321.480s] aco: ants_generation_and_activity done, time: 321.48
[321.483s] aco: pheromone_evaporation done, time: 321.483
[322.111s] aco: daemon_actions done, time: 322.111
[322.111s] aco: generation 264 start, time: 322.111
[322.463s] aco: compute_total_information done, time: 322.463
[322.723s] aco: ants_generation_and_activity done, time: 322.723
[322.727s] aco: pheromone_evaporation done, time: 322.727
[323.280s] aco: daemon_actions done, time: 323.28
[323.281s] aco: generation 265 start, time: 323.281
[323.610s] aco: compute_total_information done, time: 323.61
[323.876s] aco: ants_generation_and_activity done, time: 323.876
[323.880s] aco: pheromone_evaporation done, time: 323.88
[324.462s] aco: daemon_actions done, time: 324.462
[324.462s] aco: generation 266 start, time: 324.462
[324.794s] aco: compute_total_information done, time: 324.794
[325.099s] aco: ants_generation_and_activity done, time: 325.099
[325.102s] aco: pheromone_evaporation done, time: 325.102
[325.593s] aco: daemon_actions done, time: 325.593
[325.593s] aco: generation 267 start, time: 325.593
[325.938s] aco: compute_total_information done, time: 325.938
[326.221s] aco: ants_generation_and_activity done, time: 326.221
[326.225s] aco: pheromone_evaporation done, time: 326.225
[326.750s] aco: daemon_actions done, time: 326.75
[326.750s] aco: generation 268 start, time: 326.75
[327.066s] aco: compute_total_information done, time: 327.066
[327.358s] aco: ants_generation_and_activity done, time: 327.358
[327.361s] aco: pheromone_evaporation done, time: 327.361
[327.894s] aco: daemon_actions done, time: 327.894
[327.894s] aco: generation 269 start, time: 327.894
[328.165s] aco: compute_total_information done, time: 328.165
[328.402s] aco: ants_generation_and_activity done, time: 328.402
[328.405s] aco: pheromone_evaporation done, time: 328.405
[328.892s] aco: daemon_actions done, time: 328.892
[328.892s] aco: generation 270 start, time: 328.892
[329.179s] aco: compute_total_information done, time: 329.179
[329.433s] aco: ants_generation_and_activity done, time: 329.433
[329.435s] aco: pheromone_evaporation done, time: 329.435
[329.936s] aco: daemon_actions done, time: 329.936
[329.936s] aco: generation 271 start, time: 329.936
[330.248s] aco: compute_total_information done, time: 330.247
[330.523s] aco: ants_generation_and_activity done, time: 330.523
[330.525s] aco: pheromone_evaporation done, time: 330.525
[331.111s] aco: daemon_actions done, time: 331.111
[331.111s] aco: generation 272 start, time: 331.111
[331.380s] aco: compute_total_information done, time: 331.38
[331.609s] aco: ants_generation_and_activity done, time: 331.609
[331.613s] aco: pheromone_evaporation done, time: 331.613
[332.143s] aco: daemon_actions done, time: 332.143
[332.143s] aco: generation 273 start, time: 332.143
[332.412s] aco: compute_total_information done, time: 332.412
[332.645s] aco: ants_generation_and_activity done, time: 332.645
[332.648s] aco: pheromone_evaporation done, time: 332.648
[333.136s] aco: daemon_actions done, time: 333.136
[333.136s] aco: generation 274 start, time: 333.136
[333.396s] aco: compute_total_information done, time: 333.396
[333.616s] aco: ants_generation_and_activity done, time: 333.616
[333.620s] aco: pheromone_evaporation done, time: 333.62
[334.105s] aco: daemon_actions done, time: 334.105
[334.105s] aco: generation 275 start, time: 334.105
[334.383s] aco: compute_total_information done, time: 334.383
[334.622s] aco: ants_generation_and_activity done, time: 334.622
[334.625s] aco: pheromone_evaporation done, time: 334.625
[335.123s] aco: daemon_actions done, time: 335.123
[335.123s] aco: generation 276 start, time: 335.123
[335.390s] aco: compute_total_information done, time: 335.39
[335.671s] aco: ants_generation_and_activity done, time: 335.671
[335.675s] aco: pheromone_evaporation done, time: 335.675
[336.162s] aco: daemon_actions done, time: 336.162
[336.162s] aco: generation 277 start, time: 336.162
[336.434s] aco: compute_total_information done, time: 336.434
[336.682s] aco: ants_generation_and_activity done, time: 336.682
[336.685s] aco: pheromone_evaporation done, time: 336.685
[337.195s] aco: daemon_actions done, time: 337.195
[337.195s] aco: generation 278 start, time: 337.195
[337.470s] aco: compute_total_information done, time: 337.47
[337.707s] aco: ants_generation_and_activity done, time: 337.707
[337.711s] aco: pheromone_evaporation done, time: 337.71
[338.234s] aco: daemon_actions done, time: 338.234
[338.234s] aco: generation 279 start, time: 338.234
[338.515s] aco: compute_total_information done, time: 338.515
[338.759s] aco: ants_generation_and_activity done, time: 338.759
[338.763s] aco: pheromone_evaporation done, time: 338.763
[339.246s] aco: daemon_actions done, time: 339.246
[339.246s] aco: generation 280 start, time: 339.246
[339.595s] aco: compute_total_information done, time: 339.595
[339.922s] aco: ants_generation_and_activity done, time: 339.922
[339.926s] aco: pheromone_evaporation done, time: 339.926
[340.468s] aco: daemon_actions done, time: 340.468
[340.468s] aco: generation 281 start, time: 340.468
[340.742s] aco: compute_total_information done, time: 340.742
[341.020s] aco: ants_generation_and_activity done, time: 341.02
[341.025s] aco: pheromone_evaporation done, time: 341.025
[341.519s] aco: daemon_actions done, time: 341.519
[341.519s] aco: generation 282 start, time: 341.519
[341.794s] aco: compute_total_information done, time: 341.794
[342.036s] aco: ants_generation_and_activity done, time: 342.036
[342.040s] aco: pheromone_evaporation done, time: 342.04
[342.521s] aco: daemon_actions done, time: 342.521
[342.521s] aco: generation 283 start, time: 342.521
[342.790s] aco: compute_total_information done, time: 342.79
[343.025s] aco: ants_generation_and_activity done, time: 343.025
[343.029s] aco: pheromone_evaporation done, time: 343.029
[343.581s] aco: daemon_actions done, time: 343.581
[343.582s] aco: generation 284 start, time: 343.582
[343.906s] aco: compute_total_information done, time: 343.906
[344.151s] aco: ants_generation_and_activity done, time: 344.151
[344.152s] aco: pheromone_evaporation done, time: 344.152
[344.659s] aco: daemon_actions done, time: 344.659
[344.659s] aco: generation 285 start, time: 344.659
[345.033s] aco: compute_total_information done, time: 345.033
[345.347s] aco: ants_generation_and_activity done, time: 345.347
[345.351s] aco: pheromone_evaporation done, time: 345.351
[345.993s] aco: daemon_actions done, time: 345.993
[345.993s] aco: generation 286 start, time: 345.993
[346.423s] aco: compute_total_information done, time: 346.423
[346.812s] aco: ants_generation_and_activity done, time: 346.812
[346.813s] aco: pheromone_evaporation done, time: 346.813
[347.570s] aco: daemon_actions done, time: 347.57
[347.570s] aco: generation 287 start, time: 347.57
[348.088s] aco: compute_total_information done, time: 348.088
[348.388s] aco: ants_generation_and_activity done, time: 348.388
[348.392s] aco: pheromone_evaporation done, time: 348.392
[349.018s] aco: daemon_actions done, time: 349.018
[349.018s] aco: generation 288 start, time: 349.018
[349.435s] aco: compute_total_information done, time: 349.435
[349.807s] aco: ants_generation_and_activity done, time: 349.807
[349.812s] aco: pheromone_evaporation done, time: 349.812
[350.449s] aco: daemon_actions done, time: 350.449
[350.449s] aco: generation 289 start, time: 350.449
[350.848s] aco: compute_total_information done, time: 350.848
[351.275s] aco: ants_generation_and_activity done, time: 351.274
[351.279s] aco: pheromone_evaporation done, time: 351.279
[351.904s] aco: daemon_actions done, time: 351.904
[351.904s] aco: generation 290 start, time: 351.904
[352.212s] aco: compute_total_information done, time: 352.212
[352.529s] aco: ants_generation_and_activity done, time: 352.529
[352.533s] aco: pheromone_evaporation done, time: 352.533
[353.117s] aco: daemon_actions done, time: 353.117
[353.117s] aco: generation 291 start, time: 353.117
[353.419s] aco: compute_total_information done, time: 353.419
[353.680s] aco: ants_generation_and_activity done, time: 353.68
[353.684s] aco: pheromone_evaporation done, time: 353.684
[354.215s] aco: daemon_actions done, time: 354.215
[354.215s] aco: generation 292 start, time: 354.215
[354.496s] aco: compute_total_information done, time: 354.496
[354.731s] aco: ants_generation_and_activity done, time: 354.731
[354.735s] aco: pheromone_evaporation done, time: 354.735
[355.309s] aco: daemon_actions done, time: 355.309
[355.309s] aco: generation 293 start, time: 355.309
[355.596s] aco: compute_total_information done, time: 355.596
[355.838s] aco: ants_generation_and_activity done, time: 355.838
[355.842s] aco: pheromone_evaporation done, time: 355.842
[356.338s] aco: daemon_actions done, time: 356.338
[356.338s] aco: generation 294 start, time: 356.338
[356.608s] aco: compute_total_information done, time: 356.608
[356.838s] aco: ants_generation_and_activity done, time: 356.838
[356.842s] aco: pheromone_evaporation done, time: 356.842
[357.327s] aco: daemon_actions done, time: 357.327
[357.328s] aco: generation 295 start, time: 357.328
[357.606s] aco: compute_total_information done, time: 357.606
[357.870s] aco: ants_generation_and_activity done, time: 357.87
[357.873s] aco: pheromone_evaporation done, time: 357.873
[358.398s] aco: daemon_actions done, time: 358.398
[358.398s] aco: generation 296 start, time: 358.398
[358.685s] aco: compute_total_information done, time: 358.685
[359.068s] aco: ants_generation_and_activity done, time: 359.068
[359.070s] aco: pheromone_evaporation done, time: 359.07
[359.579s] aco: daemon_actions done, time: 359.579
[359.580s] aco: generation 297 start, time: 359.58
[359.933s] aco: compute_total_information done, time: 359.933
[360.190s] aco: ants_generation_and_activity done, time: 360.19
[360.193s] aco: pheromone_evaporation done, time: 360.193
[360.727s] aco: daemon_actions done, time: 360.727
[360.727s] aco: generation 298 start, time: 360.727
[361.013s] aco: compute_total_information done, time: 361.013
[361.264s] aco: ants_generation_and_activity done, time: 361.264
[361.268s] aco: pheromone_evaporation done, time: 361.268
[361.766s] aco: daemon_actions done, time: 361.766
[361.766s] aco: generation 299 start, time: 361.766
[362.055s] aco: compute_total_information done, time: 362.055
[362.290s] aco: ants_generation_and_activity done, time: 362.29
[362.293s] aco: pheromone_evaporation done, time: 362.293
[362.886s] aco: daemon_actions done, time: 362.886
[362.886s] aco: generation 300 start, time: 362.886
[363.204s] aco: compute_total_information done, time: 363.204
[363.468s] aco: ants_generation_and_activity done, time: 363.468
[363.470s] aco: pheromone_evaporation done, time: 363.47
[363.978s] aco: daemon_actions done, time: 363.978
[363.978s] aco: generation 301 start, time: 363.978
[364.261s] aco: compute_total_information done, time: 364.261
[364.510s] aco: ants_generation_and_activity done, time: 364.51
[364.513s] aco: pheromone_evaporation done, time: 364.513
[365.016s] aco: daemon_actions done, time: 365.016
[365.016s] aco: generation 302 start, time: 365.016
[365.284s] aco: compute_total_information done, time: 365.284
[365.513s] aco: ants_generation_and_activity done, time: 365.513
[365.517s] aco: pheromone_evaporation done, time: 365.517
[366.001s] aco: daemon_actions done, time: 366.001
[366.001s] aco: generation 303 start, time: 366.001
[366.269s] aco: compute_total_information done, time: 366.269
[366.493s] aco: ants_generation_and_activity done, time: 366.493
[366.496s] aco: pheromone_evaporation done, time: 366.496
[367.037s] aco: daemon_actions done, time: 367.037
[367.037s] aco: generation 304 start, time: 367.037
[367.297s] aco: compute_total_information done, time: 367.297
[367.532s] aco: ants_generation_and_activity done, time: 367.532
[367.535s] aco: pheromone_evaporation done, time: 367.535
[368.016s] aco: daemon_actions done, time: 368.016
[368.016s] aco: generation 305 start, time: 368.016
[368.275s] aco: compute_total_information done, time: 368.275
[368.506s] aco: ants_generation_and_activity done, time: 368.506
[368.509s] aco: pheromone_evaporation done, time: 368.509
[368.992s] aco: daemon_actions done, time: 368.992
[368.993s] aco: generation 306 start, time: 368.993
[369.260s] aco: compute_total_information done, time: 369.26
[369.488s] aco: ants_generation_and_activity done, time: 369.488
[369.492s] aco: pheromone_evaporation done, time: 369.492
[369.993s] aco: daemon_actions done, time: 369.993
[369.993s] aco: generation 307 start, time: 369.993
[370.263s] aco: compute_total_information done, time: 370.263
[370.549s] aco: ants_generation_and_activity done, time: 370.549
[370.552s] aco: pheromone_evaporation done, time: 370.552
[371.028s] aco: daemon_actions done, time: 371.028
[371.028s] aco: generation 308 start, time: 371.028
[371.293s] aco: compute_total_information done, time: 371.293
[371.524s] aco: ants_generation_and_activity done, time: 371.524
[371.529s] aco: pheromone_evaporation done, time: 371.529
[372.017s] aco: daemon_actions done, time: 372.017
[372.017s] aco: generation 309 start, time: 372.017
[372.283s] aco: compute_total_information done, time: 372.283
[372.511s] aco: ants_generation_and_activity done, time: 372.511
[372.514s] aco: pheromone_evaporation done, time: 372.514
[372.994s] aco: daemon_actions done, time: 372.994
[372.994s] aco: generation 310 start, time: 372.994
[373.262s] aco: compute_total_information done, time: 373.262
[373.486s] aco: ants_generation_and_activity done, time: 373.486
[373.490s] aco: pheromone_evaporation done, time: 373.49
[373.998s] aco: daemon_actions done, time: 373.998
[373.998s] aco: generation 311 start, time: 373.998
[374.306s] aco: compute_total_information done, time: 374.306
[374.558s] aco: ants_generation_and_activity done, time: 374.558
[374.560s] aco: pheromone_evaporation done, time: 374.56
[375.063s] aco: daemon_actions done, time: 375.063
[375.063s] aco: generation 312 start, time: 375.063
[375.325s] aco: compute_total_information done, time: 375.325
[375.561s] aco: ants_generation_and_activity done, time: 375.561
[375.564s] aco: pheromone_evaporation done, time: 375.564
[376.049s] aco: daemon_actions done, time: 376.049
[376.049s] aco: generation 313 start, time: 376.049
[376.309s] aco: compute_total_information done, time: 376.309
[376.537s] aco: ants_generation_and_activity done, time: 376.537
[376.540s] aco: pheromone_evaporation done, time: 376.54
[377.018s] aco: daemon_actions done, time: 377.018
[377.018s] aco: generation 314 start, time: 377.018
[377.282s] aco: compute_total_information done, time: 377.282
[377.522s] aco: ants_generation_and_activity done, time: 377.522
[377.526s] aco: pheromone_evaporation done, time: 377.526
[378.051s] aco: daemon_actions done, time: 378.051
[378.051s] aco: generation 315 start, time: 378.051
[378.427s] aco: compute_total_information done, time: 378.427
[378.679s] aco: ants_generation_and_activity done, time: 378.679
[378.683s] aco: pheromone_evaporation done, time: 378.683
[379.168s] aco: daemon_actions done, time: 379.168
[379.169s] aco: generation 316 start, time: 379.169
[379.436s] aco: compute_total_information done, time: 379.436
[379.670s] aco: ants_generation_and_activity done, time: 379.67
[379.674s] aco: pheromone_evaporation done, time: 379.674
[380.160s] aco: daemon_actions done, time: 380.16
[380.160s] aco: generation 317 start, time: 380.16
[380.436s] aco: compute_total_information done, time: 380.436
[380.695s] aco: ants_generation_and_activity done, time: 380.695
[380.698s] aco: pheromone_evaporation done, time: 380.698
[381.345s] aco: daemon_actions done, time: 381.345
[381.345s] aco: generation 318 start, time: 381.345
[381.709s] aco: compute_total_information done, time: 381.709
[382.124s] aco: ants_generation_and_activity done, time: 382.124
[382.131s] aco: pheromone_evaporation done, time: 382.131
[382.855s] aco: daemon_actions done, time: 382.855
[382.855s] aco: generation 319 start, time: 382.855
[383.280s] aco: compute_total_information done, time: 383.28
[383.636s] aco: ants_generation_and_activity done, time: 383.636
[383.640s] aco: pheromone_evaporation done, time: 383.64
[384.360s] aco: daemon_actions done, time: 384.36
[384.360s] aco: generation 320 start, time: 384.36
[384.762s] aco: compute_total_information done, time: 384.762
[385.097s] aco: ants_generation_and_activity done, time: 385.097
[385.102s] aco: pheromone_evaporation done, time: 385.102
[385.829s] aco: daemon_actions done, time: 385.829
[385.829s] aco: generation 321 start, time: 385.829
[386.214s] aco: compute_total_information done, time: 386.214
[386.545s] aco: ants_generation_and_activity done, time: 386.545
[386.547s] aco: pheromone_evaporation done, time: 386.547
[387.272s] aco: daemon_actions done, time: 387.272
[387.272s] aco: generation 322 start, time: 387.272
[387.656s] aco: compute_total_information done, time: 387.656
[387.896s] aco: ants_generation_and_activity done, time: 387.896
[387.900s] aco: pheromone_evaporation done, time: 387.9
[388.386s] aco: daemon_actions done, time: 388.386
[388.386s] aco: generation 323 start, time: 388.386
[388.654s] aco: compute_total_information done, time: 388.654
[388.893s] aco: ants_generation_and_activity done, time: 388.893
[388.895s] aco: pheromone_evaporation done, time: 388.895
[389.386s] aco: daemon_actions done, time: 389.386
[389.386s] aco: generation 324 start, time: 389.386
[389.723s] aco: compute_total_information done, time: 389.723
[389.952s] aco: ants_generation_and_activity done, time: 389.952
[389.953s] aco: pheromone_evaporation done, time: 389.953
[390.460s] aco: daemon_actions done, time: 390.46
[390.460s] aco: generation 325 start, time: 390.46
[390.739s] aco: compute_total_information done, time: 390.739
[390.972s] aco: ants_generation_and_activity done, time: 390.972
[390.975s] aco: pheromone_evaporation done, time: 390.975
[391.452s] aco: daemon_actions done, time: 391.452
[391.452s] aco: generation 326 start, time: 391.452
[391.724s] aco: compute_total_information done, time: 391.724
[392.001s] aco: ants_generation_and_activity done, time: 392.001
[392.003s] aco: pheromone_evaporation done, time: 392.003
[392.490s] aco: daemon_actions done, time: 392.49
[392.490s] aco: generation 327 start, time: 392.49
[392.765s] aco: compute_total_information done, time: 392.765
[393.008s] aco: ants_generation_and_activity done, time: 393.008
[393.012s] aco: pheromone_evaporation done, time: 393.012
[393.599s] aco: daemon_actions done, time: 393.599
[393.599s] aco: generation 328 start, time: 393.599
[393.882s] aco: compute_total_information done, time: 393.882
[394.216s] aco: ants_generation_and_activity done, time: 394.216
[394.235s] aco: pheromone_evaporation done, time: 394.235
[394.839s] aco: daemon_actions done, time: 394.839
[394.839s] aco: generation 329 start, time: 394.839
[395.163s] aco: compute_total_information done, time: 395.163
[395.411s] aco: ants_generation_and_activity done, time: 395.411
[395.412s] aco: pheromone_evaporation done, time: 395.412
[395.908s] aco: daemon_actions done, time: 395.908
[395.908s] aco: generation 330 start, time: 395.908
[396.175s] aco: compute_total_information done, time: 396.175
[396.416s] aco: ants_generation_and_activity done, time: 396.416
[396.418s] aco: pheromone_evaporation done, time: 396.418
[396.952s] aco: daemon_actions done, time: 396.95
[396.952s] aco: generation 331 start, time: 396.952
[397.289s] aco: compute_total_information done, time: 397.289
[397.522s] aco: ants_generation_and_activity done, time: 397.522
[397.526s] aco: pheromone_evaporation done, time: 397.526
[398.119s] aco: daemon_actions done, time: 398.119
[398.119s] aco: generation 332 start, time: 398.119
[398.444s] aco: compute_total_information done, time: 398.444
[398.712s] aco: ants_generation_and_activity done, time: 398.712
[398.716s] aco: pheromone_evaporation done, time: 398.716
[399.302s] aco: daemon_actions done, time: 399.302
[399.302s] aco: generation 333 start, time: 399.302
[399.598s] aco: compute_total_information done, time: 399.598
[399.864s] aco: ants_generation_and_activity done, time: 399.864
[399.868s] aco: pheromone_evaporation done, time: 399.868
[400.410s] aco: daemon_actions done, time: 400.41
[400.411s] aco: generation 334 start, time: 400.411
[400.704s] aco: compute_total_information done, time: 400.704
[400.950s] aco: ants_generation_and_activity done, time: 400.95
[400.953s] aco: pheromone_evaporation done, time: 400.953
[401.526s] aco: daemon_actions done, time: 401.526
[401.526s] aco: generation 335 start, time: 401.526
[401.795s] aco: compute_total_information done, time: 401.795
[402.054s] aco: ants_generation_and_activity done, time: 402.054
[402.058s] aco: pheromone_evaporation done, time: 402.058
[402.563s] aco: daemon_actions done, time: 402.563
[402.563s] aco: generation 336 start, time: 402.563
[402.878s] aco: compute_total_information done, time: 402.878
[403.132s] aco: ants_generation_and_activity done, time: 403.132
[403.136s] aco: pheromone_evaporation done, time: 403.136
[403.709s] aco: daemon_actions done, time: 403.709
[403.709s] aco: generation 337 start, time: 403.709
[404.025s] aco: compute_total_information done, time: 404.025
[404.312s] aco: ants_generation_and_activity done, time: 404.312
[404.316s] aco: pheromone_evaporation done, time: 404.316
[404.878s] aco: daemon_actions done, time: 404.878
[404.878s] aco: generation 338 start, time: 404.878
[405.285s] aco: compute_total_information done, time: 405.285
[405.540s] aco: ants_generation_and_activity done, time: 405.54
[405.543s] aco: pheromone_evaporation done, time: 405.543
[406.060s] aco: daemon_actions done, time: 406.06
[406.060s] aco: generation 339 start, time: 406.06
[406.364s] aco: compute_total_information done, time: 406.364
[406.605s] aco: ants_generation_and_activity done, time: 406.605
[406.607s] aco: pheromone_evaporation done, time: 406.607
[407.095s] aco: daemon_actions done, time: 407.095
[407.095s] aco: generation 340 start, time: 407.095
[407.365s] aco: compute_total_information done, time: 407.365
[407.636s] aco: ants_generation_and_activity done, time: 407.636
[407.641s] aco: pheromone_evaporation done, time: 407.641
[408.198s] aco: daemon_actions done, time: 408.198
[408.198s] aco: generation 341 start, time: 408.198
[408.508s] aco: compute_total_information done, time: 408.508
[408.760s] aco: ants_generation_and_activity done, time: 408.76
[408.762s] aco: pheromone_evaporation done, time: 408.762
[409.335s] aco: daemon_actions done, time: 409.335
[409.336s] aco: generation 342 start, time: 409.336
[409.670s] aco: compute_total_information done, time: 409.67
[409.906s] aco: ants_generation_and_activity done, time: 409.906
[409.910s] aco: pheromone_evaporation done, time: 409.91
[410.403s] aco: daemon_actions done, time: 410.403
[410.403s] aco: generation 343 start, time: 410.403
[410.674s] aco: compute_total_information done, time: 410.674
[410.919s] aco: ants_generation_and_activity done, time: 410.919
[410.922s] aco: pheromone_evaporation done, time: 410.922
[411.449s] aco: daemon_actions done, time: 411.449
[411.449s] aco: generation 344 start, time: 411.449
[411.805s] aco: compute_total_information done, time: 411.805
[412.090s] aco: ants_generation_and_activity done, time: 412.09
[412.096s] aco: pheromone_evaporation done, time: 412.096
[412.909s] aco: daemon_actions done, time: 412.909
[412.909s] aco: generation 345 start, time: 412.909
[413.316s] aco: compute_total_information done, time: 413.316
[413.613s] aco: ants_generation_and_activity done, time: 413.613
[413.618s] aco: pheromone_evaporation done, time: 413.618
[414.367s] aco: daemon_actions done, time: 414.367
[414.367s] aco: generation 346 start, time: 414.367
[414.839s] aco: compute_total_information done, time: 414.839
[415.129s] aco: ants_generation_and_activity done, time: 415.129
[415.130s] aco: pheromone_evaporation done, time: 415.13
[415.783s] aco: daemon_actions done, time: 415.783
[415.783s] aco: generation 347 start, time: 415.783
[416.226s] aco: compute_total_information done, time: 416.226
[416.503s] aco: ants_generation_and_activity done, time: 416.503
[416.507s] aco: pheromone_evaporation done, time: 416.507
[417.214s] aco: daemon_actions done, time: 417.214
[417.214s] aco: generation 348 start, time: 417.214
[417.523s] aco: compute_total_information done, time: 417.523
[417.780s] aco: ants_generation_and_activity done, time: 417.78
[417.785s] aco: pheromone_evaporation done, time: 417.785
[418.280s] aco: daemon_actions done, time: 418.28
[418.280s] aco: generation 349 start, time: 418.28
[418.547s] aco: compute_total_information done, time: 418.547
[418.785s] aco: ants_generation_and_activity done, time: 418.785
[418.788s] aco: pheromone_evaporation done, time: 418.788
[419.303s] aco: daemon_actions done, time: 419.303
[419.303s] aco: generation 350 start, time: 419.303
[419.574s] aco: compute_total_information done, time: 419.574
[419.819s] aco: ants_generation_and_activity done, time: 419.819
[419.823s] aco: pheromone_evaporation done, time: 419.823
[420.359s] aco: daemon_actions done, time: 420.359
[420.359s] aco: generation 351 start, time: 420.359
[420.717s] aco: compute_total_information done, time: 420.717
[420.964s] aco: ants_generation_and_activity done, time: 420.964
[420.967s] aco: pheromone_evaporation done, time: 420.967
[421.445s] aco: daemon_actions done, time: 421.445
[421.445s] aco: generation 352 start, time: 421.445
[421.722s] aco: compute_total_information done, time: 421.722
[421.953s] aco: ants_generation_and_activity done, time: 421.953
[421.954s] aco: pheromone_evaporation done, time: 421.954
[422.453s] aco: daemon_actions done, time: 422.453
[422.453s] aco: generation 353 start, time: 422.453
[422.737s] aco: compute_total_information done, time: 422.737
[422.986s] aco: ants_generation_and_activity done, time: 422.986
[422.990s] aco: pheromone_evaporation done, time: 422.99
[423.494s] aco: daemon_actions done, time: 423.494
[423.494s] aco: generation 354 start, time: 423.494
[423.781s] aco: compute_total_information done, time: 423.781
[424.023s] aco: ants_generation_and_activity done, time: 424.023
[424.026s] aco: pheromone_evaporation done, time: 424.026
[424.643s] aco: daemon_actions done, time: 424.643
[424.643s] aco: generation 355 start, time: 424.643
[424.908s] aco: compute_total_information done, time: 424.908
[425.155s] aco: ants_generation_and_activity done, time: 425.155
[425.159s] aco: pheromone_evaporation done, time: 425.159
[425.709s] aco: daemon_actions done, time: 425.709
[425.709s] aco: generation 356 start, time: 425.709
[425.998s] aco: compute_total_information done, time: 425.998
[426.267s] aco: ants_generation_and_activity done, time: 426.267
[426.270s] aco: pheromone_evaporation done, time: 426.27
[426.774s] aco: daemon_actions done, time: 426.774
[426.774s] aco: generation 357 start, time: 426.774
[427.112s] aco: compute_total_information done, time: 427.112
[427.363s] aco: ants_generation_and_activity done, time: 427.363
[427.366s] aco: pheromone_evaporation done, time: 427.366
[427.978s] aco: daemon_actions done, time: 427.978
[427.978s] aco: generation 358 start, time: 427.978
[428.252s] aco: compute_total_information done, time: 428.252
[428.570s] aco: ants_generation_and_activity done, time: 428.57
[428.571s] aco: pheromone_evaporation done, time: 428.571
[429.057s] aco: daemon_actions done, time: 429.057
[429.058s] aco: generation 359 start, time: 429.058
[429.358s] aco: compute_total_information done, time: 429.358
[429.591s] aco: ants_generation_and_activity done, time: 429.591
[429.595s] aco: pheromone_evaporation done, time: 429.595
[430.114s] aco: daemon_actions done, time: 430.114
[430.114s] aco: generation 360 start, time: 430.114
[430.450s] aco: compute_total_information done, time: 430.45
[430.698s] aco: ants_generation_and_activity done, time: 430.698
[430.702s] aco: pheromone_evaporation done, time: 430.702
[431.212s] aco: daemon_actions done, time: 431.212
[431.213s] aco: generation 361 start, time: 431.213
[431.492s] aco: compute_total_information done, time: 431.492
[431.729s] aco: ants_generation_and_activity done, time: 431.729
[431.733s] aco: pheromone_evaporation done, time: 431.733
[432.288s] aco: daemon_actions done, time: 432.288
[432.288s] aco: generation 362 start, time: 432.288
[432.648s] aco: compute_total_information done, time: 432.648
[432.880s] aco: ants_generation_and_activity done, time: 432.88
[432.883s] aco: pheromone_evaporation done, time: 432.883
[433.496s] aco: daemon_actions done, time: 433.496
[433.496s] aco: generation 363 start, time: 433.496
[433.842s] aco: compute_total_information done, time: 433.842
[434.080s] aco: ants_generation_and_activity done, time: 434.08
[434.083s] aco: pheromone_evaporation done, time: 434.083
[434.565s] aco: daemon_actions done, time: 434.565
[434.565s] aco: generation 364 start, time: 434.565
[434.832s] aco: compute_total_information done, time: 434.832
[435.079s] aco: ants_generation_and_activity done, time: 435.079
[435.080s] aco: pheromone_evaporation done, time: 435.08
[435.699s] aco: daemon_actions done, time: 435.699
[435.699s] aco: generation 365 start, time: 435.699
[435.963s] aco: compute_total_information done, time: 435.963
[436.249s] aco: ants_generation_and_activity done, time: 436.249
[436.253s] aco: pheromone_evaporation done, time: 436.253
[436.753s] aco: daemon_actions done, time: 436.753
[436.754s] aco: generation 366 start, time: 436.754
[437.044s] aco: compute_total_information done, time: 437.044
[437.302s] aco: ants_generation_and_activity done, time: 437.302
[437.305s] aco: pheromone_evaporation done, time: 437.305
[437.842s] aco: daemon_actions done, time: 437.842
[437.842s] aco: generation 367 start, time: 437.842
[438.128s] aco: compute_total_information done, time: 438.128
[438.397s] aco: ants_generation_and_activity done, time: 438.397
[438.401s] aco: pheromone_evaporation done, time: 438.401
[438.956s] aco: daemon_actions done, time: 438.956
[438.956s] aco: generation 368 start, time: 438.956
[439.220s] aco: compute_total_information done, time: 439.22
[439.474s] aco: ants_generation_and_activity done, time: 439.474
[439.478s] aco: pheromone_evaporation done, time: 439.478
[440.045s] aco: daemon_actions done, time: 440.045
[440.045s] aco: generation 369 start, time: 440.045
[440.435s] aco: compute_total_information done, time: 440.435
[440.687s] aco: ants_generation_and_activity done, time: 440.687
[440.690s] aco: pheromone_evaporation done, time: 440.69
[441.250s] aco: daemon_actions done, time: 441.25
[441.251s] aco: generation 370 start, time: 441.251
[441.598s] aco: compute_total_information done, time: 441.598
[441.879s] aco: ants_generation_and_activity done, time: 441.879
[441.883s] aco: pheromone_evaporation done, time: 441.883
[442.428s] aco: daemon_actions done, time: 442.428
[442.428s] aco: generation 371 start, time: 442.428
[442.705s] aco: compute_total_information done, time: 442.705
[442.958s] aco: ants_generation_and_activity done, time: 442.958
[442.961s] aco: pheromone_evaporation done, time: 442.961
[443.466s] aco: daemon_actions done, time: 443.466
[443.466s] aco: generation 372 start, time: 443.466
[443.738s] aco: compute_total_information done, time: 443.738
[444.016s] aco: ants_generation_and_activity done, time: 444.016
[444.019s] aco: pheromone_evaporation done, time: 444.019
[444.499s] aco: daemon_actions done, time: 444.499
[444.499s] aco: generation 373 start, time: 444.499
[444.822s] aco: compute_total_information done, time: 444.822
[445.058s] aco: ants_generation_and_activity done, time: 445.058
[445.061s] aco: pheromone_evaporation done, time: 445.061
[445.581s] aco: daemon_actions done, time: 445.581
[445.581s] aco: generation 374 start, time: 445.581
[445.908s] aco: compute_total_information done, time: 445.908
[446.158s] aco: ants_generation_and_activity done, time: 446.156
[446.160s] aco: pheromone_evaporation done, time: 446.16
[446.768s] aco: daemon_actions done, time: 446.768
[446.769s] aco: generation 375 start, time: 446.769
[447.039s] aco: compute_total_information done, time: 447.039
[447.285s] aco: ants_generation_and_activity done, time: 447.285
[447.288s] aco: pheromone_evaporation done, time: 447.288
[447.870s] aco: daemon_actions done, time: 447.87
[447.870s] aco: generation 376 start, time: 447.87
[448.149s] aco: compute_total_information done, time: 448.149
[448.383s] aco: ants_generation_and_activity done, time: 448.383
[448.385s] aco: pheromone_evaporation done, time: 448.385
[448.893s] aco: daemon_actions done, time: 448.893
[448.894s] aco: generation 377 start, time: 448.894
[449.156s] aco: compute_total_information done, time: 449.156
[449.388s] aco: ants_generation_and_activity done, time: 449.388
[449.392s] aco: pheromone_evaporation done, time: 449.392
[449.868s] aco: daemon_actions done, time: 449.868
[449.868s] aco: generation 378 start, time: 449.868
[450.132s] aco: compute_total_information done, time: 450.132
[450.391s] aco: ants_generation_and_activity done, time: 450.391
[450.395s] aco: pheromone_evaporation done, time: 450.395
[450.957s] aco: daemon_actions done, time: 450.957
[450.957s] aco: generation 379 start, time: 450.957
[451.301s] aco: compute_total_information done, time: 451.301
[451.634s] aco: ants_generation_and_activity done, time: 451.634
[451.638s] aco: pheromone_evaporation done, time: 451.638
[452.327s] aco: daemon_actions done, time: 452.327
[452.327s] aco: generation 380 start, time: 452.327
[452.699s] aco: compute_total_information done, time: 452.699
[452.985s] aco: ants_generation_and_activity done, time: 452.985
[452.987s] aco: pheromone_evaporation done, time: 452.987
[453.599s] aco: daemon_actions done, time: 453.599
[453.599s] aco: generation 381 start, time: 453.599
[453.949s] aco: compute_total_information done, time: 453.949
[454.286s] aco: ants_generation_and_activity done, time: 454.286
[454.289s] aco: pheromone_evaporation done, time: 454.289
[455.044s] aco: daemon_actions done, time: 455.044
[455.045s] aco: generation 382 start, time: 455.045
[455.488s] aco: compute_total_information done, time: 455.488
[455.843s] aco: ants_generation_and_activity done, time: 455.843
[455.846s] aco: pheromone_evaporation done, time: 455.846
[456.489s] aco: daemon_actions done, time: 456.489
[456.489s] aco: generation 383 start, time: 456.489
[456.866s] aco: compute_total_information done, time: 456.866
[457.213s] aco: ants_generation_and_activity done, time: 457.213
[457.214s] aco: pheromone_evaporation done, time: 457.214
[457.871s] aco: daemon_actions done, time: 457.871
[457.871s] aco: generation 384 start, time: 457.871
[458.146s] aco: compute_total_information done, time: 458.146
[458.378s] aco: ants_generation_and_activity done, time: 458.378
[458.382s] aco: pheromone_evaporation done, time: 458.382
[458.876s] aco: daemon_actions done, time: 458.876
[458.876s] aco: generation 385 start, time: 458.876
[459.133s] aco: compute_total_information done, time: 459.133
[459.468s] aco: ants_generation_and_activity done, time: 459.468
[459.469s] aco: pheromone_evaporation done, time: 459.469
[460.003s] aco: daemon_actions done, time: 460.003
[460.003s] aco: generation 386 start, time: 460.003
[460.287s] aco: compute_total_information done, time: 460.287
[460.589s] aco: ants_generation_and_activity done, time: 460.589
[460.595s] aco: pheromone_evaporation done, time: 460.595
[461.233s] aco: daemon_actions done, time: 461.233
[461.234s] aco: generation 387 start, time: 461.234
[461.533s] aco: compute_total_information done, time: 461.533
[461.891s] aco: ants_generation_and_activity done, time: 461.891
[461.897s] aco: pheromone_evaporation done, time: 461.897
[462.435s] aco: daemon_actions done, time: 462.435
[462.435s] aco: generation 388 start, time: 462.435
[462.711s] aco: compute_total_information done, time: 462.711
[462.947s] aco: ants_generation_and_activity done, time: 462.947
[462.951s] aco: pheromone_evaporation done, time: 462.951
[463.571s] aco: daemon_actions done, time: 463.571
[463.571s] aco: generation 389 start, time: 463.571
[463.858s] aco: compute_total_information done, time: 463.858
[464.090s] aco: ants_generation_and_activity done, time: 464.09
[464.094s] aco: pheromone_evaporation done, time: 464.094
[464.644s] aco: daemon_actions done, time: 464.644
[464.644s] aco: generation 390 start, time: 464.644
[464.948s] aco: compute_total_information done, time: 464.948
[465.198s] aco: ants_generation_and_activity done, time: 465.198
[465.202s] aco: pheromone_evaporation done, time: 465.202
[465.733s] aco: daemon_actions done, time: 465.733
[465.733s] aco: generation 391 start, time: 465.733
[466.074s] aco: compute_total_information done, time: 466.074
[466.363s] aco: ants_generation_and_activity done, time: 466.363
[466.366s] aco: pheromone_evaporation done, time: 466.366
[466.868s] aco: daemon_actions done, time: 466.868
[466.868s] aco: generation 392 start, time: 466.868
[467.194s] aco: compute_total_information done, time: 467.194
[467.427s] aco: ants_generation_and_activity done, time: 467.427
[467.431s] aco: pheromone_evaporation done, time: 467.431
[468.037s] aco: daemon_actions done, time: 468.037
[468.037s] aco: generation 393 start, time: 468.037
[468.340s] aco: compute_total_information done, time: 468.34
[468.596s] aco: ants_generation_and_activity done, time: 468.596
[468.601s] aco: pheromone_evaporation done, time: 468.601
[469.098s] aco: daemon_actions done, time: 469.098
[469.098s] aco: generation 394 start, time: 469.098
[469.406s] aco: compute_total_information done, time: 469.406
[469.665s] aco: ants_generation_and_activity done, time: 469.665
[469.669s] aco: pheromone_evaporation done, time: 469.669
[470.141s] aco: daemon_actions done, time: 470.141
[470.141s] aco: generation 395 start, time: 470.141
[470.419s] aco: compute_total_information done, time: 470.419
[470.666s] aco: ants_generation_and_activity done, time: 470.666
[470.669s] aco: pheromone_evaporation done, time: 470.669
[471.342s] aco: daemon_actions done, time: 471.342
[471.342s] aco: generation 396 start, time: 471.342
[471.727s] aco: compute_total_information done, time: 471.727
[472.089s] aco: ants_generation_and_activity done, time: 472.089
[472.093s] aco: pheromone_evaporation done, time: 472.093
[472.748s] aco: daemon_actions done, time: 472.748
[472.748s] aco: generation 397 start, time: 472.748
[473.132s] aco: compute_total_information done, time: 473.132
[473.526s] aco: ants_generation_and_activity done, time: 473.526
[473.527s] aco: pheromone_evaporation done, time: 473.527
[474.261s] aco: daemon_actions done, time: 474.261
[474.262s] aco: generation 398 start, time: 474.262
[474.639s] aco: compute_total_information done, time: 474.639
[475.033s] aco: ants_generation_and_activity done, time: 475.033
[475.038s] aco: pheromone_evaporation done, time: 475.038
[475.641s] aco: daemon_actions done, time: 475.641
[475.641s] aco: generation 399 start, time: 475.641
[475.974s] aco: compute_total_information done, time: 475.974
[476.278s] aco: ants_generation_and_activity done, time: 476.278
[476.282s] aco: pheromone_evaporation done, time: 476.282
[476.784s] aco: daemon_actions done, time: 476.784
[476.784s] aco: generation 400 start, time: 476.784
[477.041s] aco: compute_total_information done, time: 477.041
[477.319s] aco: ants_generation_and_activity done, time: 477.319
[477.323s] aco: pheromone_evaporation done, time: 477.323
[477.912s] aco: daemon_actions done, time: 477.912
[477.912s] aco: generation 401 start, time: 477.912
[478.223s] aco: compute_total_information done, time: 478.223
[478.496s] aco: ants_generation_and_activity done, time: 478.496
[478.499s] aco: pheromone_evaporation done, time: 478.499
[479.101s] aco: daemon_actions done, time: 479.101
[479.101s] aco: generation 402 start, time: 479.101
[479.377s] aco: compute_total_information done, time: 479.377
[479.607s] aco: ants_generation_and_activity done, time: 479.607
[479.610s] aco: pheromone_evaporation done, time: 479.61
[480.101s] aco: daemon_actions done, time: 480.101
[480.101s] aco: generation 403 start, time: 480.101
[480.405s] aco: compute_total_information done, time: 480.405
[480.639s] aco: ants_generation_and_activity done, time: 480.639
[480.642s] aco: pheromone_evaporation done, time: 480.642
[481.128s] aco: daemon_actions done, time: 481.128
[481.128s] aco: generation 404 start, time: 481.128
[481.453s] aco: compute_total_information done, time: 481.453
[481.719s] aco: ants_generation_and_activity done, time: 481.719
[481.720s] aco: pheromone_evaporation done, time: 481.72
[482.273s] aco: daemon_actions done, time: 482.273
[482.273s] aco: generation 405 start, time: 482.273
[482.666s] aco: compute_total_information done, time: 482.666
[482.921s] aco: ants_generation_and_activity done, time: 482.921
[482.925s] aco: pheromone_evaporation done, time: 482.925
[483.577s] aco: daemon_actions done, time: 483.577
[483.577s] aco: generation 406 start, time: 483.577
[483.967s] aco: compute_total_information done, time: 483.967
[484.264s] aco: ants_generation_and_activity done, time: 484.264
[484.266s] aco: pheromone_evaporation done, time: 484.266
[484.886s] aco: daemon_actions done, time: 484.886
[484.886s] aco: generation 407 start, time: 484.886
[485.171s] aco: compute_total_information done, time: 485.171
[485.469s] aco: ants_generation_and_activity done, time: 485.469
[485.473s] aco: pheromone_evaporation done, time: 485.473
[485.979s] aco: daemon_actions done, time: 485.979
[485.979s] aco: generation 408 start, time: 485.979
[486.291s] aco: compute_total_information done, time: 486.291
[486.608s] aco: ants_generation_and_activity done, time: 486.608
[486.610s] aco: pheromone_evaporation done, time: 486.61
[487.154s] aco: daemon_actions done, time: 487.154
[487.155s] aco: generation 409 start, time: 487.155
[487.433s] aco: compute_total_information done, time: 487.433
[487.682s] aco: ants_generation_and_activity done, time: 487.682
[487.686s] aco: pheromone_evaporation done, time: 487.686
[488.205s] aco: daemon_actions done, time: 488.205
[488.205s] aco: generation 410 start, time: 488.205
[488.480s] aco: compute_total_information done, time: 488.48
[488.718s] aco: ants_generation_and_activity done, time: 488.718
[488.722s] aco: pheromone_evaporation done, time: 488.722
[489.219s] aco: daemon_actions done, time: 489.219
[489.219s] aco: generation 411 start, time: 489.219
[489.495s] aco: compute_total_information done, time: 489.495
[489.758s] aco: ants_generation_and_activity done, time: 489.758
[489.761s] aco: pheromone_evaporation done, time: 489.761
[490.249s] aco: daemon_actions done, time: 490.249
[490.249s] aco: generation 412 start, time: 490.249
[490.619s] aco: compute_total_information done, time: 490.619
[490.880s] aco: ants_generation_and_activity done, time: 490.88
[490.884s] aco: pheromone_evaporation done, time: 490.884
[491.493s] aco: daemon_actions done, time: 491.493
[491.493s] aco: generation 413 start, time: 491.493
[491.785s] aco: compute_total_information done, time: 491.785
[492.032s] aco: ants_generation_and_activity done, time: 492.032
[492.035s] aco: pheromone_evaporation done, time: 492.035
[492.553s] aco: daemon_actions done, time: 492.553
[492.553s] aco: generation 414 start, time: 492.553
[492.827s] aco: compute_total_information done, time: 492.827
[493.073s] aco: ants_generation_and_activity done, time: 493.073
[493.077s] aco: pheromone_evaporation done, time: 493.077
[493.575s] aco: daemon_actions done, time: 493.575
[493.575s] aco: generation 415 start, time: 493.575
[493.905s] aco: compute_total_information done, time: 493.905
[494.212s] aco: ants_generation_and_activity done, time: 494.212
[494.216s] aco: pheromone_evaporation done, time: 494.216
[494.706s] aco: daemon_actions done, time: 494.706
[494.707s] aco: generation 416 start, time: 494.707
[495.003s] aco: compute_total_information done, time: 495.003
[495.261s] aco: ants_generation_and_activity done, time: 495.261
[495.265s] aco: pheromone_evaporation done, time: 495.265
[495.787s] aco: daemon_actions done, time: 495.787
[495.787s] aco: generation 417 start, time: 495.787
[496.089s] aco: compute_total_information done, time: 496.089
[496.368s] aco: ants_generation_and_activity done, time: 496.368
[496.372s] aco: pheromone_evaporation done, time: 496.372
[496.868s] aco: daemon_actions done, time: 496.868
[496.868s] aco: generation 418 start, time: 496.868
[497.130s] aco: compute_total_information done, time: 497.13
[497.365s] aco: ants_generation_and_activity done, time: 497.365
[497.368s] aco: pheromone_evaporation done, time: 497.368
[497.851s] aco: daemon_actions done, time: 497.851
[497.851s] aco: generation 419 start, time: 497.851
[498.230s] aco: compute_total_information done, time: 498.23
[498.503s] aco: ants_generation_and_activity done, time: 498.503
[498.507s] aco: pheromone_evaporation done, time: 498.507
[499.016s] aco: daemon_actions done, time: 499.016
[499.016s] aco: generation 420 start, time: 499.016
[499.321s] aco: compute_total_information done, time: 499.321
[499.594s] aco: ants_generation_and_activity done, time: 499.594
[499.599s] aco: pheromone_evaporation done, time: 499.599
[500.142s] aco: daemon_actions done, time: 500.142
[500.142s] aco: generation 421 start, time: 500.142
[500.439s] aco: compute_total_information done, time: 500.439
[500.669s] aco: ants_generation_and_activity done, time: 500.669
[500.672s] aco: pheromone_evaporation done, time: 500.672
[501.261s] aco: daemon_actions done, time: 501.261
[501.261s] aco: generation 422 start, time: 501.261
[501.602s] aco: compute_total_information done, time: 501.602
[501.963s] aco: ants_generation_and_activity done, time: 501.963
[501.974s] aco: pheromone_evaporation done, time: 501.974
[502.601s] aco: daemon_actions done, time: 502.601
[502.601s] aco: generation 423 start, time: 502.601
[502.954s] aco: compute_total_information done, time: 502.954
[503.232s] aco: ants_generation_and_activity done, time: 503.232
[503.236s] aco: pheromone_evaporation done, time: 503.236
[503.912s] aco: daemon_actions done, time: 503.912
[503.912s] aco: generation 424 start, time: 503.912
[504.245s] aco: compute_total_information done, time: 504.245
[504.531s] aco: ants_generation_and_activity done, time: 504.531
[504.534s] aco: pheromone_evaporation done, time: 504.534
[505.189s] aco: daemon_actions done, time: 505.189
[505.189s] aco: generation 425 start, time: 505.189
[505.560s] aco: compute_total_information done, time: 505.56
[505.933s] aco: ants_generation_and_activity done, time: 505.933
[505.937s] aco: pheromone_evaporation done, time: 505.937
[506.535s] aco: daemon_actions done, time: 506.535
[506.536s] aco: generation 426 start, time: 506.536
[506.817s] aco: compute_total_information done, time: 506.817
[507.162s] aco: ants_generation_and_activity done, time: 507.162
[507.166s] aco: pheromone_evaporation done, time: 507.166
[508.309s] aco: daemon_actions done, time: 508.309
[508.309s] aco: generation 427 start, time: 508.309
[508.568s] aco: compute_total_information done, time: 508.568
[508.806s] aco: ants_generation_and_activity done, time: 508.806
[508.808s] aco: pheromone_evaporation done, time: 508.808
[509.295s] aco: daemon_actions done, time: 509.295
[509.296s] aco: generation 428 start, time: 509.296
[509.559s] aco: compute_total_information done, time: 509.559
[509.848s] aco: ants_generation_and_activity done, time: 509.848
[509.851s] aco: pheromone_evaporation done, time: 509.851
[510.393s] aco: daemon_actions done, time: 510.393
[510.393s] aco: generation 429 start, time: 510.393
[510.660s] aco: compute_total_information done, time: 510.66
[510.891s] aco: ants_generation_and_activity done, time: 510.891
[510.895s] aco: pheromone_evaporation done, time: 510.895
[511.373s] aco: daemon_actions done, time: 511.373
[511.373s] aco: generation 430 start, time: 511.373
[511.632s] aco: compute_total_information done, time: 511.632
[511.876s] aco: ants_generation_and_activity done, time: 511.876
[511.879s] aco: pheromone_evaporation done, time: 511.879
[512.352s] aco: daemon_actions done, time: 512.352
[512.352s] aco: generation 431 start, time: 512.352
[512.614s] aco: compute_total_information done, time: 512.614
[512.864s] aco: ants_generation_and_activity done, time: 512.864
[512.868s] aco: pheromone_evaporation done, time: 512.868
[513.381s] aco: daemon_actions done, time: 513.381
[513.381s] aco: generation 432 start, time: 513.381
[513.736s] aco: compute_total_information done, time: 513.736
[513.981s] aco: ants_generation_and_activity done, time: 513.981
[513.985s] aco: pheromone_evaporation done, time: 513.985
[514.605s] aco: daemon_actions done, time: 514.605
[514.605s] aco: generation 433 start, time: 514.605
[514.967s] aco: compute_total_information done, time: 514.967
[515.262s] aco: ants_generation_and_activity done, time: 515.262
[515.266s] aco: pheromone_evaporation done, time: 515.266
[515.917s] aco: daemon_actions done, time: 515.917
[515.917s] aco: generation 434 start, time: 515.917
[516.810s] aco: compute_total_information done, time: 516.81
[517.316s] aco: ants_generation_and_activity done, time: 517.316
[517.319s] aco: pheromone_evaporation done, time: 517.319
[518.273s] aco: daemon_actions done, time: 518.273
[518.273s] aco: generation 435 start, time: 518.273
[519.062s] aco: compute_total_information done, time: 519.062
[519.300s] aco: ants_generation_and_activity done, time: 519.3
[519.302s] aco: pheromone_evaporation done, time: 519.302
[519.875s] aco: daemon_actions done, time: 519.875
[519.875s] aco: generation 436 start, time: 519.875
[520.202s] aco: compute_total_information done, time: 520.202
[520.487s] aco: ants_generation_and_activity done, time: 520.487
[520.491s] aco: pheromone_evaporation done, time: 520.491
[521.138s] aco: daemon_actions done, time: 521.138
[521.138s] aco: generation 437 start, time: 521.138
[521.575s] aco: compute_total_information done, time: 521.575
[521.841s] aco: ants_generation_and_activity done, time: 521.841
[521.844s] aco: pheromone_evaporation done, time: 521.844
[522.406s] aco: daemon_actions done, time: 522.406
[522.406s] aco: generation 438 start, time: 522.406
[522.700s] aco: compute_total_information done, time: 522.7
[522.964s] aco: ants_generation_and_activity done, time: 522.964
[522.967s] aco: pheromone_evaporation done, time: 522.967
[523.514s] aco: daemon_actions done, time: 523.514
[523.514s] aco: generation 439 start, time: 523.514
[523.822s] aco: compute_total_information done, time: 523.822
[524.133s] aco: ants_generation_and_activity done, time: 524.133
[524.138s] aco: pheromone_evaporation done, time: 524.138
[524.994s] aco: daemon_actions done, time: 524.994
[524.994s] aco: generation 440 start, time: 524.994
[525.651s] aco: compute_total_information done, time: 525.651
[525.947s] aco: ants_generation_and_activity done, time: 525.947
[525.952s] aco: pheromone_evaporation done, time: 525.952
[526.627s] aco: daemon_actions done, time: 526.627
[526.627s] aco: generation 441 start, time: 526.627
[526.970s] aco: compute_total_information done, time: 526.97
[527.311s] aco: ants_generation_and_activity done, time: 527.311
[527.316s] aco: pheromone_evaporation done, time: 527.316
[527.997s] aco: daemon_actions done, time: 527.997
[527.998s] aco: generation 442 start, time: 527.998
[528.366s] aco: compute_total_information done, time: 528.366
[528.668s] aco: ants_generation_and_activity done, time: 528.668
[528.673s] aco: pheromone_evaporation done, time: 528.673
[529.411s] aco: daemon_actions done, time: 529.411
[529.411s] aco: generation 443 start, time: 529.411
[529.749s] aco: compute_total_information done, time: 529.749
[530.103s] aco: ants_generation_and_activity done, time: 530.103
[530.107s] aco: pheromone_evaporation done, time: 530.107
[530.739s] aco: daemon_actions done, time: 530.739
[530.739s] aco: generation 444 start, time: 530.739
[531.095s] aco: compute_total_information done, time: 531.095
[531.409s] aco: ants_generation_and_activity done, time: 531.409
[531.411s] aco: pheromone_evaporation done, time: 531.411
[532.029s] aco: daemon_actions done, time: 532.029
[532.029s] aco: generation 445 start, time: 532.029
[532.382s] aco: compute_total_information done, time: 532.382
[532.656s] aco: ants_generation_and_activity done, time: 532.656
[532.658s] aco: pheromone_evaporation done, time: 532.658
[533.191s] aco: daemon_actions done, time: 533.191
[533.191s] aco: generation 446 start, time: 533.191
[533.461s] aco: compute_total_information done, time: 533.461
[533.713s] aco: ants_generation_and_activity done, time: 533.713
[533.718s] aco: pheromone_evaporation done, time: 533.718
[534.228s] aco: daemon_actions done, time: 534.228
[534.229s] aco: generation 447 start, time: 534.229
[534.566s] aco: compute_total_information done, time: 534.566
[534.801s] aco: ants_generation_and_activity done, time: 534.801
[534.804s] aco: pheromone_evaporation done, time: 534.804
[535.316s] aco: daemon_actions done, time: 535.316
[535.316s] aco: generation 448 start, time: 535.316
[535.655s] aco: compute_total_information done, time: 535.655
[535.952s] aco: ants_generation_and_activity done, time: 535.952
[535.956s] aco: pheromone_evaporation done, time: 535.956
[536.539s] aco: daemon_actions done, time: 536.539
[536.539s] aco: generation 449 start, time: 536.539
[536.927s] aco: compute_total_information done, time: 536.927
[537.202s] aco: ants_generation_and_activity done, time: 537.202
[537.206s] aco: pheromone_evaporation done, time: 537.206
[537.743s] aco: daemon_actions done, time: 537.743
[537.743s] aco: generation 450 start, time: 537.743
[538.029s] aco: compute_total_information done, time: 538.029
[538.338s] aco: ants_generation_and_activity done, time: 538.338
[538.343s] aco: pheromone_evaporation done, time: 538.343
[538.892s] aco: daemon_actions done, time: 538.892
[538.892s] aco: generation 451 start, time: 538.892
[539.200s] aco: compute_total_information done, time: 539.2
[539.501s] aco: ants_generation_and_activity done, time: 539.501
[539.504s] aco: pheromone_evaporation done, time: 539.504
[540.069s] aco: daemon_actions done, time: 540.069
[540.069s] aco: generation 452 start, time: 540.069
[540.366s] aco: compute_total_information done, time: 540.366
[540.614s] aco: ants_generation_and_activity done, time: 540.614
[540.617s] aco: pheromone_evaporation done, time: 540.617
[541.226s] aco: daemon_actions done, time: 541.226
[541.226s] aco: generation 453 start, time: 541.226
[541.528s] aco: compute_total_information done, time: 541.528
[541.759s] aco: ants_generation_and_activity done, time: 541.759
[541.763s] aco: pheromone_evaporation done, time: 541.763
[542.465s] aco: daemon_actions done, time: 542.465
[542.465s] aco: generation 454 start, time: 542.465
[542.748s] aco: compute_total_information done, time: 542.748
[542.985s] aco: ants_generation_and_activity done, time: 542.985
[542.990s] aco: pheromone_evaporation done, time: 542.99
[543.498s] aco: daemon_actions done, time: 543.498
[543.498s] aco: generation 455 start, time: 543.498
[543.784s] aco: compute_total_information done, time: 543.784
[544.025s] aco: ants_generation_and_activity done, time: 544.025
[544.027s] aco: pheromone_evaporation done, time: 544.027
[544.572s] aco: daemon_actions done, time: 544.572
[544.573s] aco: generation 456 start, time: 544.573
[544.912s] aco: compute_total_information done, time: 544.912
[545.162s] aco: ants_generation_and_activity done, time: 545.162
[545.166s] aco: pheromone_evaporation done, time: 545.166
[545.735s] aco: daemon_actions done, time: 545.735
[545.735s] aco: generation 457 start, time: 545.735
[546.033s] aco: compute_total_information done, time: 546.033
[546.288s] aco: ants_generation_and_activity done, time: 546.288
[546.291s] aco: pheromone_evaporation done, time: 546.291
[546.794s] aco: daemon_actions done, time: 546.794
[546.794s] aco: generation 458 start, time: 546.794
[547.083s] aco: compute_total_information done, time: 547.083
[547.328s] aco: ants_generation_and_activity done, time: 547.328
[547.332s] aco: pheromone_evaporation done, time: 547.332
[547.824s] aco: daemon_actions done, time: 547.824
[547.824s] aco: generation 459 start, time: 547.824
[548.102s] aco: compute_total_information done, time: 548.102
[548.346s] aco: ants_generation_and_activity done, time: 548.346
[548.351s] aco: pheromone_evaporation done, time: 548.351
[548.964s] aco: daemon_actions done, time: 548.964
[548.964s] aco: generation 460 start, time: 548.964
[549.276s] aco: compute_total_information done, time: 549.276
[549.517s] aco: ants_generation_and_activity done, time: 549.517
[549.522s] aco: pheromone_evaporation done, time: 549.522
[550.073s] aco: daemon_actions done, time: 550.073
[550.073s] aco: generation 461 start, time: 550.073
[550.363s] aco: compute_total_information done, time: 550.363
[550.595s] aco: ants_generation_and_activity done, time: 550.595
[550.598s] aco: pheromone_evaporation done, time: 550.598
[551.073s] aco: daemon_actions done, time: 551.073
[551.073s] aco: generation 462 start, time: 551.073
[551.345s] aco: compute_total_information done, time: 551.345
[551.577s] aco: ants_generation_and_activity done, time: 551.577
[551.580s] aco: pheromone_evaporation done, time: 551.58
[552.060s] aco: daemon_actions done, time: 552.06
[552.060s] aco: generation 463 start, time: 552.06
[552.384s] aco: compute_total_information done, time: 552.384
[552.631s] aco: ants_generation_and_activity done, time: 552.631
[552.634s] aco: pheromone_evaporation done, time: 552.634
[553.145s] aco: daemon_actions done, time: 553.145
[553.145s] aco: generation 464 start, time: 553.145
[553.470s] aco: compute_total_information done, time: 553.47
[553.697s] aco: ants_generation_and_activity done, time: 553.697
[553.701s] aco: pheromone_evaporation done, time: 553.701
[554.195s] aco: daemon_actions done, time: 554.195
[554.196s] aco: generation 465 start, time: 554.196
[554.458s] aco: compute_total_information done, time: 554.458
[554.684s] aco: ants_generation_and_activity done, time: 554.684
[554.686s] aco: pheromone_evaporation done, time: 554.686
[555.156s] aco: daemon_actions done, time: 555.156
[555.156s] aco: generation 466 start, time: 555.156
[555.419s] aco: compute_total_information done, time: 555.419
[555.646s] aco: ants_generation_and_activity done, time: 555.646
[555.650s] aco: pheromone_evaporation done, time: 555.65
[556.130s] aco: daemon_actions done, time: 556.13
[556.130s] aco: generation 467 start, time: 556.13
[556.447s] aco: compute_total_information done, time: 556.447
[556.694s] aco: ants_generation_and_activity done, time: 556.694
[556.697s] aco: pheromone_evaporation done, time: 556.697
[557.349s] aco: daemon_actions done, time: 557.349
[557.349s] aco: generation 468 start, time: 557.349
[557.757s] aco: compute_total_information done, time: 557.757
[558.065s] aco: ants_generation_and_activity done, time: 558.065
[558.069s] aco: pheromone_evaporation done, time: 558.069
[558.687s] aco: daemon_actions done, time: 558.687
[558.687s] aco: generation 469 start, time: 558.687
[559.000s] aco: compute_total_information done, time: 559
[559.239s] aco: ants_generation_and_activity done, time: 559.239
[559.242s] aco: pheromone_evaporation done, time: 559.242
[559.723s] aco: daemon_actions done, time: 559.723
[559.723s] aco: generation 470 start, time: 559.723
[560.065s] aco: compute_total_information done, time: 560.065
[560.329s] aco: ants_generation_and_activity done, time: 560.329
[560.333s] aco: pheromone_evaporation done, time: 560.333
[560.839s] aco: daemon_actions done, time: 560.839
[560.839s] aco: generation 471 start, time: 560.839
[561.126s] aco: compute_total_information done, time: 561.126
[561.350s] aco: ants_generation_and_activity done, time: 561.35
[561.353s] aco: pheromone_evaporation done, time: 561.353
[561.885s] aco: daemon_actions done, time: 561.885
[561.885s] aco: generation 472 start, time: 561.885
[562.265s] aco: compute_total_information done, time: 562.265
[562.500s] aco: ants_generation_and_activity done, time: 562.5
[562.503s] aco: pheromone_evaporation done, time: 562.503
[563.010s] aco: daemon_actions done, time: 563.01
[563.010s] aco: generation 473 start, time: 563.01
[563.280s] aco: compute_total_information done, time: 563.28
[563.517s] aco: ants_generation_and_activity done, time: 563.517
[563.520s] aco: pheromone_evaporation done, time: 563.52
[564.049s] aco: daemon_actions done, time: 564.049
[564.049s] aco: generation 474 start, time: 564.049
[564.306s] aco: compute_total_information done, time: 564.306
[564.534s] aco: ants_generation_and_activity done, time: 564.534
[564.538s] aco: pheromone_evaporation done, time: 564.538
[565.031s] aco: daemon_actions done, time: 565.031
[565.031s] aco: generation 475 start, time: 565.031
[565.362s] aco: compute_total_information done, time: 565.362
[565.610s] aco: ants_generation_and_activity done, time: 565.61
[565.612s] aco: pheromone_evaporation done, time: 565.612
[566.140s] aco: daemon_actions done, time: 566.14
[566.140s] aco: generation 476 start, time: 566.14
[566.440s] aco: compute_total_information done, time: 566.44
[566.670s] aco: ants_generation_and_activity done, time: 566.67
[566.673s] aco: pheromone_evaporation done, time: 566.673
[567.181s] aco: daemon_actions done, time: 567.181
[567.181s] aco: generation 477 start, time: 567.181
[567.453s] aco: compute_total_information done, time: 567.453
[567.756s] aco: ants_generation_and_activity done, time: 567.756
[567.759s] aco: pheromone_evaporation done, time: 567.759
[568.357s] aco: daemon_actions done, time: 568.357
[568.357s] aco: generation 478 start, time: 568.357
[568.643s] aco: compute_total_information done, time: 568.643
[568.885s] aco: ants_generation_and_activity done, time: 568.885
[568.888s] aco: pheromone_evaporation done, time: 568.888
[569.449s] aco: daemon_actions done, time: 569.449
[569.449s] aco: generation 479 start, time: 569.449
[569.734s] aco: compute_total_information done, time: 569.734
[569.998s] aco: ants_generation_and_activity done, time: 569.998
[570.002s] aco: pheromone_evaporation done, time: 570.002
[570.640s] aco: daemon_actions done, time: 570.64
[570.640s] aco: generation 480 start, time: 570.64
[570.929s] aco: compute_total_information done, time: 570.929
[571.178s] aco: ants_generation_and_activity done, time: 571.178
[571.181s] aco: pheromone_evaporation done, time: 571.181
[571.801s] aco: daemon_actions done, time: 571.801
[571.801s] aco: generation 481 start, time: 571.801
[572.122s] aco: compute_total_information done, time: 572.122
[572.437s] aco: ants_generation_and_activity done, time: 572.437
[572.441s] aco: pheromone_evaporation done, time: 572.441
[573.223s] aco: daemon_actions done, time: 573.223
[573.223s] aco: generation 482 start, time: 573.223
[573.612s] aco: compute_total_information done, time: 573.612
[573.904s] aco: ants_generation_and_activity done, time: 573.904
[573.908s] aco: pheromone_evaporation done, time: 573.908
[574.594s] aco: daemon_actions done, time: 574.594
[574.594s] aco: generation 483 start, time: 574.594
[574.957s] aco: compute_total_information done, time: 574.957
[575.312s] aco: ants_generation_and_activity done, time: 575.312
[575.316s] aco: pheromone_evaporation done, time: 575.316
[575.988s] aco: daemon_actions done, time: 575.988
[575.988s] aco: generation 484 start, time: 575.988
[576.337s] aco: compute_total_information done, time: 576.337
[576.615s] aco: ants_generation_and_activity done, time: 576.615
[576.617s] aco: pheromone_evaporation done, time: 576.617
[577.267s] aco: daemon_actions done, time: 577.267
[577.268s] aco: generation 485 start, time: 577.268
[577.613s] aco: compute_total_information done, time: 577.613
[577.911s] aco: ants_generation_and_activity done, time: 577.911
[577.914s] aco: pheromone_evaporation done, time: 577.914
[578.470s] aco: daemon_actions done, time: 578.47
[578.470s] aco: generation 486 start, time: 578.47
[578.758s] aco: compute_total_information done, time: 578.758
[579.001s] aco: ants_generation_and_activity done, time: 579.001
[579.005s] aco: pheromone_evaporation done, time: 579.005
[579.610s] aco: daemon_actions done, time: 579.61
[579.610s] aco: generation 487 start, time: 579.61
[579.955s] aco: compute_total_information done, time: 579.955
[580.205s] aco: ants_generation_and_activity done, time: 580.205
[580.209s] aco: pheromone_evaporation done, time: 580.209
[580.732s] aco: daemon_actions done, time: 580.732
[580.732s] aco: generation 488 start, time: 580.732
[581.002s] aco: compute_total_information done, time: 581.002
[581.337s] aco: ants_generation_and_activity done, time: 581.337
[581.341s] aco: pheromone_evaporation done, time: 581.341
[581.996s] aco: daemon_actions done, time: 581.996
[581.996s] aco: generation 489 start, time: 581.996
[582.537s] aco: compute_total_information done, time: 582.537
[583.002s] aco: ants_generation_and_activity done, time: 583.002
[583.006s] aco: pheromone_evaporation done, time: 583.006
[583.792s] aco: daemon_actions done, time: 583.792
[583.792s] aco: generation 490 start, time: 583.792
[584.229s] aco: compute_total_information done, time: 584.229
[584.596s] aco: ants_generation_and_activity done, time: 584.596
[584.600s] aco: pheromone_evaporation done, time: 584.6
[585.319s] aco: daemon_actions done, time: 585.319
[585.319s] aco: generation 491 start, time: 585.319
[585.758s] aco: compute_total_information done, time: 585.758
[586.154s] aco: ants_generation_and_activity done, time: 586.154
[586.157s] aco: pheromone_evaporation done, time: 586.157
[586.838s] aco: daemon_actions done, time: 586.838
[586.838s] aco: generation 492 start, time: 586.838
[587.229s] aco: compute_total_information done, time: 587.229
[587.529s] aco: ants_generation_and_activity done, time: 587.529
[587.533s] aco: pheromone_evaporation done, time: 587.533
[588.210s] aco: daemon_actions done, time: 588.21
[588.210s] aco: generation 493 start, time: 588.21
[588.574s] aco: compute_total_information done, time: 588.574
[588.965s] aco: ants_generation_and_activity done, time: 588.965
[588.969s] aco: pheromone_evaporation done, time: 588.969
[589.524s] aco: daemon_actions done, time: 589.524
[589.524s] aco: generation 494 start, time: 589.524
[589.894s] aco: compute_total_information done, time: 589.894
[590.160s] aco: ants_generation_and_activity done, time: 590.16
[590.164s] aco: pheromone_evaporation done, time: 590.164
[590.704s] aco: daemon_actions done, time: 590.704
[590.704s] aco: generation 495 start, time: 590.704
[591.024s] aco: compute_total_information done, time: 591.024
[591.390s] aco: ants_generation_and_activity done, time: 591.39
[591.393s] aco: pheromone_evaporation done, time: 591.393
[591.903s] aco: daemon_actions done, time: 591.903
[591.903s] aco: generation 496 start, time: 591.903
[592.249s] aco: compute_total_information done, time: 592.249
[592.503s] aco: ants_generation_and_activity done, time: 592.503
[592.507s] aco: pheromone_evaporation done, time: 592.507
[593.008s] aco: daemon_actions done, time: 593.008
[593.008s] aco: generation 497 start, time: 593.008
[593.296s] aco: compute_total_information done, time: 593.296
[593.529s] aco: ants_generation_and_activity done, time: 593.529
[593.533s] aco: pheromone_evaporation done, time: 593.533
[594.022s] aco: daemon_actions done, time: 594.022
[594.024s] aco: generation 498 start, time: 594.024
[594.347s] aco: compute_total_information done, time: 594.347
[594.620s] aco: ants_generation_and_activity done, time: 594.62
[594.623s] aco: pheromone_evaporation done, time: 594.623
[595.361s] aco: daemon_actions done, time: 595.361
[595.361s] aco: generation 499 start, time: 595.361
[595.663s] aco: compute_total_information done, time: 595.663
[595.897s] aco: ants_generation_and_activity done, time: 595.897
[595.900s] aco: pheromone_evaporation done, time: 595.9
[596.402s] aco: daemon_actions done, time: 596.402
[596.402s] aco: generation 500 start, time: 596.402
[596.691s] aco: compute_total_information done, time: 596.691
[596.936s] aco: ants_generation_and_activity done, time: 596.936
[596.940s] aco: pheromone_evaporation done, time: 596.94
[597.474s] aco: daemon_actions done, time: 597.474
[597.474s] aco: generation 501 start, time: 597.474
[597.784s] aco: compute_total_information done, time: 597.784
[598.028s] aco: ants_generation_and_activity done, time: 598.028
[598.031s] aco: pheromone_evaporation done, time: 598.031
[598.506s] aco: daemon_actions done, time: 598.506
[598.506s] aco: generation 502 start, time: 598.506
[598.771s] aco: compute_total_information done, time: 598.771
[599.055s] aco: ants_generation_and_activity done, time: 599.055
[599.058s] aco: pheromone_evaporation done, time: 599.058
[599.677s] aco: daemon_actions done, time: 599.677
[599.677s] aco: generation 503 start, time: 599.677
[600.012s] aco: compute_total_information done, time: 600.012
[600.322s] aco: ants_generation_and_activity done, time: 600.322
[600.327s] aco: pheromone_evaporation done, time: 600.327
[600.993s] aco: daemon_actions done, time: 600.993
[600.993s] aco: generation 504 start, time: 600.993
[601.264s] aco: compute_total_information done, time: 601.264
[601.506s] aco: ants_generation_and_activity done, time: 601.506
[601.510s] aco: pheromone_evaporation done, time: 601.51
[601.984s] aco: daemon_actions done, time: 601.984
[601.985s] aco: generation 505 start, time: 601.985
[602.267s] aco: compute_total_information done, time: 602.267
[602.577s] aco: ants_generation_and_activity done, time: 602.577
[602.582s] aco: pheromone_evaporation done, time: 602.582
[603.253s] aco: daemon_actions done, time: 603.253
[603.253s] aco: generation 506 start, time: 603.253
[603.554s] aco: compute_total_information done, time: 603.554
[603.819s] aco: ants_generation_and_activity done, time: 603.819
[603.823s] aco: pheromone_evaporation done, time: 603.823
[604.340s] aco: daemon_actions done, time: 604.339
[604.340s] aco: generation 507 start, time: 604.34
[604.670s] aco: compute_total_information done, time: 604.67
[604.938s] aco: ants_generation_and_activity done, time: 604.938
[604.941s] aco: pheromone_evaporation done, time: 604.941
[605.434s] aco: daemon_actions done, time: 605.434
[605.434s] aco: generation 508 start, time: 605.434
[605.703s] aco: compute_total_information done, time: 605.703
[605.942s] aco: ants_generation_and_activity done, time: 605.942
[605.947s] aco: pheromone_evaporation done, time: 605.947
[606.491s] aco: daemon_actions done, time: 606.491
[606.491s] aco: generation 509 start, time: 606.491
[606.839s] aco: compute_total_information done, time: 606.839
[607.082s] aco: ants_generation_and_activity done, time: 607.082
[607.085s] aco: pheromone_evaporation done, time: 607.085
[607.622s] aco: daemon_actions done, time: 607.622
[607.622s] aco: generation 510 start, time: 607.622
[607.901s] aco: compute_total_information done, time: 607.901
[608.152s] aco: ants_generation_and_activity done, time: 608.152
[608.156s] aco: pheromone_evaporation done, time: 608.156
[608.697s] aco: daemon_actions done, time: 608.697
[608.697s] aco: generation 511 start, time: 608.697
[608.994s] aco: compute_total_information done, time: 608.994
[609.241s] aco: ants_generation_and_activity done, time: 609.241
[609.243s] aco: pheromone_evaporation done, time: 609.243
[609.723s] aco: daemon_actions done, time: 609.723
[609.723s] aco: generation 512 start, time: 609.723
[609.998s] aco: compute_total_information done, time: 609.998
[610.231s] aco: ants_generation_and_activity done, time: 610.231
[610.234s] aco: pheromone_evaporation done, time: 610.234
[610.820s] aco: daemon_actions done, time: 610.819
[610.820s] aco: generation 513 start, time: 610.82
[611.097s] aco: compute_total_information done, time: 611.097
[611.337s] aco: ants_generation_and_activity done, time: 611.337
[611.340s] aco: pheromone_evaporation done, time: 611.34
[611.847s] aco: daemon_actions done, time: 611.847
[611.847s] aco: generation 514 start, time: 611.847
[612.130s] aco: compute_total_information done, time: 612.13
[612.378s] aco: ants_generation_and_activity done, time: 612.378
[612.382s] aco: pheromone_evaporation done, time: 612.382
[612.851s] aco: daemon_actions done, time: 612.851
[612.851s] aco: generation 515 start, time: 612.851
[613.114s] aco: compute_total_information done, time: 613.114
[613.344s] aco: ants_generation_and_activity done, time: 613.344
[613.349s] aco: pheromone_evaporation done, time: 613.349
[613.894s] aco: daemon_actions done, time: 613.894
[613.894s] aco: generation 516 start, time: 613.894
[614.203s] aco: compute_total_information done, time: 614.203
[614.439s] aco: ants_generation_and_activity done, time: 614.439
[614.442s] aco: pheromone_evaporation done, time: 614.442
[615.037s] aco: daemon_actions done, time: 615.036
[615.037s] aco: generation 517 start, time: 615.037
[615.331s] aco: compute_total_information done, time: 615.331
[615.563s] aco: ants_generation_and_activity done, time: 615.563
[615.567s] aco: pheromone_evaporation done, time: 615.567
[616.043s] aco: daemon_actions done, time: 616.043
[616.043s] aco: generation 518 start, time: 616.043
[616.322s] aco: compute_total_information done, time: 616.322
[616.556s] aco: ants_generation_and_activity done, time: 616.556
[616.560s] aco: pheromone_evaporation done, time: 616.56
[617.036s] aco: daemon_actions done, time: 617.036
[617.036s] aco: generation 519 start, time: 617.036
[617.334s] aco: compute_total_information done, time: 617.334
[617.566s] aco: ants_generation_and_activity done, time: 617.566
[617.567s] aco: pheromone_evaporation done, time: 617.567
[618.176s] aco: daemon_actions done, time: 618.176
[618.176s] aco: generation 520 start, time: 618.176
[618.552s] aco: compute_total_information done, time: 618.552
[618.836s] aco: ants_generation_and_activity done, time: 618.836
[618.840s] aco: pheromone_evaporation done, time: 618.84
[619.323s] aco: daemon_actions done, time: 619.323
[619.323s] aco: generation 521 start, time: 619.323
[619.591s] aco: compute_total_information done, time: 619.591
[619.814s] aco: ants_generation_and_activity done, time: 619.814
[619.819s] aco: pheromone_evaporation done, time: 619.819
[620.287s] aco: daemon_actions done, time: 620.287
[620.288s] aco: generation 522 start, time: 620.288
[620.549s] aco: compute_total_information done, time: 620.549
[620.786s] aco: ants_generation_and_activity done, time: 620.786
[620.789s] aco: pheromone_evaporation done, time: 620.789
[621.377s] aco: daemon_actions done, time: 621.377
[621.377s] aco: generation 523 start, time: 621.377
[621.718s] aco: compute_total_information done, time: 621.718
[622.081s] aco: ants_generation_and_activity done, time: 622.081
[622.085s] aco: pheromone_evaporation done, time: 622.085
[622.798s] aco: daemon_actions done, time: 622.798
[622.798s] aco: generation 524 start, time: 622.798
[623.254s] aco: compute_total_information done, time: 623.254
[623.565s] aco: ants_generation_and_activity done, time: 623.565
[623.568s] aco: pheromone_evaporation done, time: 623.568
[624.336s] aco: daemon_actions done, time: 624.336
[624.336s] aco: generation 525 start, time: 624.336
[624.785s] aco: compute_total_information done, time: 624.785
[625.120s] aco: ants_generation_and_activity done, time: 625.12
[625.124s] aco: pheromone_evaporation done, time: 625.124
[625.909s] aco: daemon_actions done, time: 625.909
[625.909s] aco: generation 526 start, time: 625.909
[626.361s] aco: compute_total_information done, time: 626.361
[626.749s] aco: ants_generation_and_activity done, time: 626.749
[626.753s] aco: pheromone_evaporation done, time: 626.753
[627.552s] aco: daemon_actions done, time: 627.552
[627.552s] aco: generation 527 start, time: 627.552
[627.964s] aco: compute_total_information done, time: 627.964
[628.270s] aco: ants_generation_and_activity done, time: 628.27
[628.274s] aco: pheromone_evaporation done, time: 628.274
[628.791s] aco: daemon_actions done, time: 628.791
[628.791s] aco: generation 528 start, time: 628.791
[629.082s] aco: compute_total_information done, time: 629.082
[629.340s] aco: ants_generation_and_activity done, time: 629.34
[629.343s] aco: pheromone_evaporation done, time: 629.343
[629.862s] aco: daemon_actions done, time: 629.862
[629.862s] aco: generation 529 start, time: 629.862
[630.229s] aco: compute_total_information done, time: 630.229
[630.477s] aco: ants_generation_and_activity done, time: 630.477
[630.480s] aco: pheromone_evaporation done, time: 630.48
[630.982s] aco: daemon_actions done, time: 630.982
[630.982s] aco: generation 530 start, time: 630.982
[631.256s] aco: compute_total_information done, time: 631.256
[631.489s] aco: ants_generation_and_activity done, time: 631.489
[631.492s] aco: pheromone_evaporation done, time: 631.492
[632.020s] aco: daemon_actions done, time: 632.02
[632.020s] aco: generation 531 start, time: 632.02
[632.361s] aco: compute_total_information done, time: 632.361
[632.633s] aco: ants_generation_and_activity done, time: 632.633
[632.637s] aco: pheromone_evaporation done, time: 632.637
[633.109s] aco: daemon_actions done, time: 633.109
[633.109s] aco: generation 532 start, time: 633.109
[633.372s] aco: compute_total_information done, time: 633.372
[633.602s] aco: ants_generation_and_activity done, time: 633.602
[633.606s] aco: pheromone_evaporation done, time: 633.606
[634.151s] aco: daemon_actions done, time: 634.151
[634.151s] aco: generation 533 start, time: 634.151
[634.431s] aco: compute_total_information done, time: 634.431
[634.664s] aco: ants_generation_and_activity done, time: 634.664
[634.667s] aco: pheromone_evaporation done, time: 634.667
[635.177s] aco: daemon_actions done, time: 635.177
[635.177s] aco: generation 534 start, time: 635.177
[635.437s] aco: compute_total_information done, time: 635.437
[635.687s] aco: ants_generation_and_activity done, time: 635.687
[635.691s] aco: pheromone_evaporation done, time: 635.691
[636.207s] aco: daemon_actions done, time: 636.207
[636.207s] aco: generation 535 start, time: 636.207
[636.507s] aco: compute_total_information done, time: 636.507
[636.797s] aco: ants_generation_and_activity done, time: 636.797
[636.800s] aco: pheromone_evaporation done, time: 636.8
[637.330s] aco: daemon_actions done, time: 637.33
[637.330s] aco: generation 536 start, time: 637.33
[637.640s] aco: compute_total_information done, time: 637.64
[637.961s] aco: ants_generation_and_activity done, time: 637.961
[637.965s] aco: pheromone_evaporation done, time: 637.965
[638.469s] aco: daemon_actions done, time: 638.469
[638.470s] aco: generation 537 start, time: 638.47
[638.807s] aco: compute_total_information done, time: 638.807
[639.141s] aco: ants_generation_and_activity done, time: 639.141
[639.144s] aco: pheromone_evaporation done, time: 639.144
[639.681s] aco: daemon_actions done, time: 639.681
[639.681s] aco: generation 538 start, time: 639.681
[639.952s] aco: compute_total_information done, time: 639.952
[640.185s] aco: ants_generation_and_activity done, time: 640.185
[640.188s] aco: pheromone_evaporation done, time: 640.188
[640.664s] aco: daemon_actions done, time: 640.664
[640.664s] aco: generation 539 start, time: 640.664
[640.927s] aco: compute_total_information done, time: 640.927
[641.158s] aco: ants_generation_and_activity done, time: 641.158
[641.160s] aco: pheromone_evaporation done, time: 641.16
[641.688s] aco: daemon_actions done, time: 641.688
[641.688s] aco: generation 540 start, time: 641.688
[641.969s] aco: compute_total_information done, time: 641.969
[642.202s] aco: ants_generation_and_activity done, time: 642.202
[642.203s] aco: pheromone_evaporation done, time: 642.203
[642.678s] aco: daemon_actions done, time: 642.678
[642.678s] aco: generation 541 start, time: 642.678
[642.942s] aco: compute_total_information done, time: 642.942
[643.173s] aco: ants_generation_and_activity done, time: 643.173
[643.177s] aco: pheromone_evaporation done, time: 643.177
[643.676s] aco: daemon_actions done, time: 643.676
[643.676s] aco: generation 542 start, time: 643.676
[644.039s] aco: compute_total_information done, time: 644.039
[644.341s] aco: ants_generation_and_activity done, time: 644.341
[644.344s] aco: pheromone_evaporation done, time: 644.344
[645.004s] aco: daemon_actions done, time: 645.004
[645.004s] aco: generation 543 start, time: 645.004
[645.377s] aco: compute_total_information done, time: 645.377
[645.729s] aco: ants_generation_and_activity done, time: 645.729
[645.733s] aco: pheromone_evaporation done, time: 645.733
[646.446s] aco: daemon_actions done, time: 646.446
[646.446s] aco: generation 544 start, time: 646.446
[646.937s] aco: compute_total_information done, time: 646.937
[647.258s] aco: ants_generation_and_activity done, time: 647.258
[647.260s] aco: pheromone_evaporation done, time: 647.26
[647.915s] aco: daemon_actions done, time: 647.915
[647.915s] aco: generation 545 start, time: 647.915
[648.265s] aco: compute_total_information done, time: 648.265
[648.624s] aco: ants_generation_and_activity done, time: 648.624
[648.627s] aco: pheromone_evaporation done, time: 648.627
[649.568s] aco: daemon_actions done, time: 649.568
[649.568s] aco: generation 546 start, time: 649.568
[649.929s] aco: compute_total_information done, time: 649.929
[650.220s] aco: ants_generation_and_activity done, time: 650.22
[650.224s] aco: pheromone_evaporation done, time: 650.224
[650.875s] aco: daemon_actions done, time: 650.875
[650.875s] aco: generation 547 start, time: 650.875
[651.187s] aco: compute_total_information done, time: 651.187
[651.463s] aco: ants_generation_and_activity done, time: 651.463
[651.466s] aco: pheromone_evaporation done, time: 651.466
[651.940s] aco: daemon_actions done, time: 651.94
[651.940s] aco: generation 548 start, time: 651.94
[652.229s] aco: compute_total_information done, time: 652.229
[652.461s] aco: ants_generation_and_activity done, time: 652.461
[652.465s] aco: pheromone_evaporation done, time: 652.465
[653.031s] aco: daemon_actions done, time: 653.031
[653.031s] aco: generation 549 start, time: 653.031
[653.342s] aco: compute_total_information done, time: 653.342
[653.605s] aco: ants_generation_and_activity done, time: 653.605
[653.608s] aco: pheromone_evaporation done, time: 653.608
[654.117s] aco: daemon_actions done, time: 654.117
[654.117s] aco: generation 550 start, time: 654.117
[654.381s] aco: compute_total_information done, time: 654.381
[654.613s] aco: ants_generation_and_activity done, time: 654.613
[654.617s] aco: pheromone_evaporation done, time: 654.617
[655.122s] aco: daemon_actions done, time: 655.122
[655.122s] aco: generation 551 start, time: 655.122
[655.385s] aco: compute_total_information done, time: 655.385
[655.633s] aco: ants_generation_and_activity done, time: 655.633
[655.635s] aco: pheromone_evaporation done, time: 655.635
[656.127s] aco: daemon_actions done, time: 656.127
[656.127s] aco: generation 552 start, time: 656.127
[656.400s] aco: compute_total_information done, time: 656.4
[656.626s] aco: ants_generation_and_activity done, time: 656.626
[656.630s] aco: pheromone_evaporation done, time: 656.63
[657.110s] aco: daemon_actions done, time: 657.11
[657.110s] aco: generation 553 start, time: 657.11
[657.428s] aco: compute_total_information done, time: 657.428
[657.663s] aco: ants_generation_and_activity done, time: 657.663
[657.666s] aco: pheromone_evaporation done, time: 657.666
[658.165s] aco: daemon_actions done, time: 658.165
[658.165s] aco: generation 554 start, time: 658.165
[658.459s] aco: compute_total_information done, time: 658.459
[658.760s] aco: ants_generation_and_activity done, time: 658.76
[658.761s] aco: pheromone_evaporation done, time: 658.761
[659.322s] aco: daemon_actions done, time: 659.322
[659.322s] aco: generation 555 start, time: 659.322
[659.595s] aco: compute_total_information done, time: 659.595
[659.833s] aco: ants_generation_and_activity done, time: 659.833
[659.835s] aco: pheromone_evaporation done, time: 659.835
[660.335s] aco: daemon_actions done, time: 660.335
[660.335s] aco: generation 556 start, time: 660.335
[660.595s] aco: compute_total_information done, time: 660.595
[660.821s] aco: ants_generation_and_activity done, time: 660.821
[660.825s] aco: pheromone_evaporation done, time: 660.825
[661.375s] aco: daemon_actions done, time: 661.375
[661.375s] aco: generation 557 start, time: 661.375
[661.680s] aco: compute_total_information done, time: 661.68
[661.957s] aco: ants_generation_and_activity done, time: 661.957
[661.960s] aco: pheromone_evaporation done, time: 661.96
[662.635s] aco: daemon_actions done, time: 662.635
[662.635s] aco: generation 558 start, time: 662.635
[662.932s] aco: compute_total_information done, time: 662.932
[663.184s] aco: ants_generation_and_activity done, time: 663.184
[663.188s] aco: pheromone_evaporation done, time: 663.188
[663.691s] aco: daemon_actions done, time: 663.691
[663.691s] aco: generation 559 start, time: 663.691
[663.992s] aco: compute_total_information done, time: 663.992
[664.247s] aco: ants_generation_and_activity done, time: 664.247
[664.248s] aco: pheromone_evaporation done, time: 664.248
[664.808s] aco: daemon_actions done, time: 664.808
[664.808s] aco: generation 560 start, time: 664.808
[665.171s] aco: compute_total_information done, time: 665.171
[665.399s] aco: ants_generation_and_activity done, time: 665.399
[665.400s] aco: pheromone_evaporation done, time: 665.4
[665.873s] aco: daemon_actions done, time: 665.873
[665.873s] aco: generation 561 start, time: 665.873
[666.132s] aco: compute_total_information done, time: 666.132
[666.358s] aco: ants_generation_and_activity done, time: 666.358
[666.360s] aco: pheromone_evaporation done, time: 666.36
[666.841s] aco: daemon_actions done, time: 666.841
[666.841s] aco: generation 562 start, time: 666.841
[667.102s] aco: compute_total_information done, time: 667.102
[667.337s] aco: ants_generation_and_activity done, time: 667.337
[667.341s] aco: pheromone_evaporation done, time: 667.341
[667.870s] aco: daemon_actions done, time: 667.87
[667.870s] aco: generation 563 start, time: 667.87
[668.135s] aco: compute_total_information done, time: 668.135
[668.423s] aco: ants_generation_and_activity done, time: 668.423
[668.429s] aco: pheromone_evaporation done, time: 668.429
[669.052s] aco: daemon_actions done, time: 669.052
[669.052s] aco: generation 564 start, time: 669.052
[669.408s] aco: compute_total_information done, time: 669.408
[669.708s] aco: ants_generation_and_activity done, time: 669.708
[669.713s] aco: pheromone_evaporation done, time: 669.713
[670.389s] aco: daemon_actions done, time: 670.389
[670.389s] aco: generation 565 start, time: 670.389
[670.743s] aco: compute_total_information done, time: 670.743
[671.208s] aco: ants_generation_and_activity done, time: 671.208
[671.212s] aco: pheromone_evaporation done, time: 671.212
[671.926s] aco: daemon_actions done, time: 671.926
[671.926s] aco: generation 566 start, time: 671.926
[672.436s] aco: compute_total_information done, time: 672.436
[672.870s] aco: ants_generation_and_activity done, time: 672.87
[672.874s] aco: pheromone_evaporation done, time: 672.874
[673.485s] aco: daemon_actions done, time: 673.485
[673.485s] aco: generation 567 start, time: 673.485
[673.827s] aco: compute_total_information done, time: 673.827
[674.138s] aco: ants_generation_and_activity done, time: 674.138
[674.143s] aco: pheromone_evaporation done, time: 674.143
[675.137s] aco: daemon_actions done, time: 675.137
[675.137s] aco: generation 568 start, time: 675.137
[675.459s] aco: compute_total_information done, time: 675.459
[675.694s] aco: ants_generation_and_activity done, time: 675.694
[675.698s] aco: pheromone_evaporation done, time: 675.698
[676.308s] aco: daemon_actions done, time: 676.308
[676.308s] aco: generation 569 start, time: 676.308
[676.628s] aco: compute_total_information done, time: 676.628
[676.863s] aco: ants_generation_and_activity done, time: 676.863
[676.867s] aco: pheromone_evaporation done, time: 676.867
[677.475s] aco: daemon_actions done, time: 677.475
[677.475s] aco: generation 570 start, time: 677.475
[677.758s] aco: compute_total_information done, time: 677.758
[678.028s] aco: ants_generation_and_activity done, time: 678.028
[678.032s] aco: pheromone_evaporation done, time: 678.032
[678.506s] aco: daemon_actions done, time: 678.506
[678.506s] aco: generation 571 start, time: 678.506
[678.762s] aco: compute_total_information done, time: 678.762
[679.010s] aco: ants_generation_and_activity done, time: 679.01
[679.014s] aco: pheromone_evaporation done, time: 679.014
[679.553s] aco: daemon_actions done, time: 679.553
[679.553s] aco: generation 572 start, time: 679.553
[679.822s] aco: compute_total_information done, time: 679.822
[680.071s] aco: ants_generation_and_activity done, time: 680.071
[680.075s] aco: pheromone_evaporation done, time: 680.075
[680.632s] aco: daemon_actions done, time: 680.632
[680.632s] aco: generation 573 start, time: 680.632
[680.903s] aco: compute_total_information done, time: 680.903
[681.144s] aco: ants_generation_and_activity done, time: 681.144
[681.148s] aco: pheromone_evaporation done, time: 681.148
[681.648s] aco: daemon_actions done, time: 681.648
[681.648s] aco: generation 574 start, time: 681.648
[681.933s] aco: compute_total_information done, time: 681.933
[682.222s] aco: ants_generation_and_activity done, time: 682.222
[682.226s] aco: pheromone_evaporation done, time: 682.226
[682.722s] aco: daemon_actions done, time: 682.722
[682.722s] aco: generation 575 start, time: 682.722
[682.995s] aco: compute_total_information done, time: 682.995
[683.238s] aco: ants_generation_and_activity done, time: 683.238
[683.242s] aco: pheromone_evaporation done, time: 683.242
[683.721s] aco: daemon_actions done, time: 683.721
[683.721s] aco: generation 576 start, time: 683.721
[684.080s] aco: compute_total_information done, time: 684.08
[684.419s] aco: ants_generation_and_activity done, time: 684.419
[684.423s] aco: pheromone_evaporation done, time: 684.423
[684.902s] aco: daemon_actions done, time: 684.902
[684.902s] aco: generation 577 start, time: 684.902
[685.164s] aco: compute_total_information done, time: 685.164
[685.390s] aco: ants_generation_and_activity done, time: 685.39
[685.394s] aco: pheromone_evaporation done, time: 685.394
[685.871s] aco: daemon_actions done, time: 685.871
[685.871s] aco: generation 578 start, time: 685.871
[686.137s] aco: compute_total_information done, time: 686.137
[686.389s] aco: ants_generation_and_activity done, time: 686.389
[686.392s] aco: pheromone_evaporation done, time: 686.392
[686.871s] aco: daemon_actions done, time: 686.871
[686.871s] aco: generation 579 start, time: 686.871
[687.129s] aco: compute_total_information done, time: 687.129
[687.414s] aco: ants_generation_and_activity done, time: 687.414
[687.419s] aco: pheromone_evaporation done, time: 687.419
[687.960s] aco: daemon_actions done, time: 687.96
[687.960s] aco: generation 580 start, time: 687.96
[688.364s] aco: compute_total_information done, time: 688.364
[688.699s] aco: ants_generation_and_activity done, time: 688.699
[688.702s] aco: pheromone_evaporation done, time: 688.702
[689.267s] aco: daemon_actions done, time: 689.267
[689.267s] aco: generation 581 start, time: 689.267
[689.554s] aco: compute_total_information done, time: 689.554
[689.858s] aco: ants_generation_and_activity done, time: 689.858
[689.859s] aco: pheromone_evaporation done, time: 689.859
[690.431s] aco: daemon_actions done, time: 690.431
[690.431s] aco: generation 582 start, time: 690.431
[690.737s] aco: compute_total_information done, time: 690.737
[691.003s] aco: ants_generation_and_activity done, time: 691.003
[691.007s] aco: pheromone_evaporation done, time: 691.007
[691.515s] aco: daemon_actions done, time: 691.515
[691.515s] aco: generation 583 start, time: 691.515
[691.831s] aco: compute_total_information done, time: 691.831
[692.135s] aco: ants_generation_and_activity done, time: 692.135
[692.138s] aco: pheromone_evaporation done, time: 692.138
[692.651s] aco: daemon_actions done, time: 692.651
[692.651s] aco: generation 584 start, time: 692.651
[692.961s] aco: compute_total_information done, time: 692.961
[693.267s] aco: ants_generation_and_activity done, time: 693.267
[693.270s] aco: pheromone_evaporation done, time: 693.27
[693.786s] aco: daemon_actions done, time: 693.786
[693.786s] aco: generation 585 start, time: 693.786
[694.074s] aco: compute_total_information done, time: 694.074
[694.320s] aco: ants_generation_and_activity done, time: 694.32
[694.323s] aco: pheromone_evaporation done, time: 694.323
[694.831s] aco: daemon_actions done, time: 694.831
[694.831s] aco: generation 586 start, time: 694.831
[695.135s] aco: compute_total_information done, time: 695.135
[695.411s] aco: ants_generation_and_activity done, time: 695.411
[695.413s] aco: pheromone_evaporation done, time: 695.413
[696.061s] aco: daemon_actions done, time: 696.061
[696.061s] aco: generation 587 start, time: 696.061
[696.368s] aco: compute_total_information done, time: 696.368
[696.614s] aco: ants_generation_and_activity done, time: 696.614
[696.617s] aco: pheromone_evaporation done, time: 696.617
[697.105s] aco: daemon_actions done, time: 697.105
[697.105s] aco: generation 588 start, time: 697.105
[697.379s] aco: compute_total_information done, time: 697.379
[697.665s] aco: ants_generation_and_activity done, time: 697.665
[697.670s] aco: pheromone_evaporation done, time: 697.67
[698.161s] aco: daemon_actions done, time: 698.161
[698.161s] aco: generation 589 start, time: 698.161
[698.431s] aco: compute_total_information done, time: 698.431
[698.666s] aco: ants_generation_and_activity done, time: 698.666
[698.667s] aco: pheromone_evaporation done, time: 698.667
[699.215s] aco: daemon_actions done, time: 699.215
[699.215s] aco: generation 590 start, time: 699.215
[699.539s] aco: compute_total_information done, time: 699.539
[699.879s] aco: ants_generation_and_activity done, time: 699.879
[699.882s] aco: pheromone_evaporation done, time: 699.882
[700.373s] aco: daemon_actions done, time: 700.373
[700.373s] aco: generation 591 start, time: 700.373
[700.638s] aco: compute_total_information done, time: 700.638
[700.872s] aco: ants_generation_and_activity done, time: 700.872
[700.873s] aco: pheromone_evaporation done, time: 700.873
[701.435s] aco: daemon_actions done, time: 701.435
[701.435s] aco: generation 592 start, time: 701.435
[701.722s] aco: compute_total_information done, time: 701.722
[702.020s] aco: ants_generation_and_activity done, time: 702.02
[702.023s] aco: pheromone_evaporation done, time: 702.023
[702.523s] aco: daemon_actions done, time: 702.523
[702.523s] aco: generation 593 start, time: 702.523
[702.788s] aco: compute_total_information done, time: 702.788
[703.020s] aco: ants_generation_and_activity done, time: 703.02
[703.024s] aco: pheromone_evaporation done, time: 703.024
[703.557s] aco: daemon_actions done, time: 703.557
[703.557s] aco: generation 594 start, time: 703.557
[703.954s] aco: compute_total_information done, time: 703.954
[704.223s] aco: ants_generation_and_activity done, time: 704.223
[704.225s] aco: pheromone_evaporation done, time: 704.225
[704.707s] aco: daemon_actions done, time: 704.707
[704.708s] aco: generation 595 start, time: 704.708
[705.108s] aco: compute_total_information done, time: 705.108
[705.373s] aco: ants_generation_and_activity done, time: 705.373
[705.377s] aco: pheromone_evaporation done, time: 705.377
[706.021s] aco: daemon_actions done, time: 706.021
[706.021s] aco: generation 596 start, time: 706.021
[706.377s] aco: compute_total_information done, time: 706.377
[706.682s] aco: ants_generation_and_activity done, time: 706.682
[706.685s] aco: pheromone_evaporation done, time: 706.685
[707.525s] aco: daemon_actions done, time: 707.525
[707.525s] aco: generation 597 start, time: 707.525
[707.870s] aco: compute_total_information done, time: 707.87
[708.243s] aco: ants_generation_and_activity done, time: 708.243
[708.246s] aco: pheromone_evaporation done, time: 708.246
[709.060s] aco: daemon_actions done, time: 709.06
[709.060s] aco: generation 598 start, time: 709.06
[709.522s] aco: compute_total_information done, time: 709.522
[709.849s] aco: ants_generation_and_activity done, time: 709.849
[709.850s] aco: pheromone_evaporation done, time: 709.85
[710.542s] aco: daemon_actions done, time: 710.542
[710.542s] aco: generation 599 start, time: 710.542
[710.898s] aco: compute_total_information done, time: 710.898
[711.211s] aco: ants_generation_and_activity done, time: 711.211
[711.212s] aco: pheromone_evaporation done, time: 711.212
[711.870s] aco: daemon_actions done, time: 711.87
[711.870s] aco: generation 600 start, time: 711.87
[712.236s] aco: compute_total_information done, time: 712.236
[712.541s] aco: ants_generation_and_activity done, time: 712.541
[712.544s] aco: pheromone_evaporation done, time: 712.544
[713.181s] aco: daemon_actions done, time: 713.181
[713.181s] aco: generation 601 start, time: 713.181
[713.447s] aco: compute_total_information done, time: 713.447
[713.679s] aco: ants_generation_and_activity done, time: 713.679
[713.681s] aco: pheromone_evaporation done, time: 713.681
[714.198s] aco: daemon_actions done, time: 714.198
[714.198s] aco: generation 602 start, time: 714.198
[714.472s] aco: compute_total_information done, time: 714.472
[714.721s] aco: ants_generation_and_activity done, time: 714.721
[714.725s] aco: pheromone_evaporation done, time: 714.725
[715.274s] aco: daemon_actions done, time: 715.274
[715.274s] aco: generation 603 start, time: 715.274
[715.573s] aco: compute_total_information done, time: 715.573
[715.825s] aco: ants_generation_and_activity done, time: 715.825
[715.828s] aco: pheromone_evaporation done, time: 715.828
[716.306s] aco: daemon_actions done, time: 716.306
[716.306s] aco: generation 604 start, time: 716.306
[716.573s] aco: compute_total_information done, time: 716.573
[716.807s] aco: ants_generation_and_activity done, time: 716.807
[716.809s] aco: pheromone_evaporation done, time: 716.809
[717.315s] aco: daemon_actions done, time: 717.315
[717.315s] aco: generation 605 start, time: 717.315
[717.608s] aco: compute_total_information done, time: 717.608
[717.874s] aco: ants_generation_and_activity done, time: 717.874
[717.877s] aco: pheromone_evaporation done, time: 717.877
[718.384s] aco: daemon_actions done, time: 718.384
[718.384s] aco: generation 606 start, time: 718.384
[718.663s] aco: compute_total_information done, time: 718.663
[718.952s] aco: ants_generation_and_activity done, time: 718.952
[718.954s] aco: pheromone_evaporation done, time: 718.954
[719.561s] aco: daemon_actions done, time: 719.561
[719.561s] aco: generation 607 start, time: 719.561
[719.828s] aco: compute_total_information done, time: 719.828
[720.053s] aco: ants_generation_and_activity done, time: 720.053
[720.057s] aco: pheromone_evaporation done, time: 720.057
[720.566s] aco: daemon_actions done, time: 720.566
[720.566s] aco: generation 608 start, time: 720.566
[720.933s] aco: compute_total_information done, time: 720.933
[721.210s] aco: ants_generation_and_activity done, time: 721.21
[721.214s] aco: pheromone_evaporation done, time: 721.214
[721.733s] aco: daemon_actions done, time: 721.732
[721.733s] aco: generation 609 start, time: 721.733
[722.067s] aco: compute_total_information done, time: 722.067
[722.330s] aco: ants_generation_and_activity done, time: 722.33
[722.333s] aco: pheromone_evaporation done, time: 722.333
[722.805s] aco: daemon_actions done, time: 722.805
[722.805s] aco: generation 610 start, time: 722.805
[723.119s] aco: compute_total_information done, time: 723.119
[723.394s] aco: ants_generation_and_activity done, time: 723.394
[723.398s] aco: pheromone_evaporation done, time: 723.398
[723.942s] aco: daemon_actions done, time: 723.942
[723.943s] aco: generation 611 start, time: 723.943
[724.217s] aco: compute_total_information done, time: 724.217
[724.486s] aco: ants_generation_and_activity done, time: 724.486
[724.489s] aco: pheromone_evaporation done, time: 724.489
[724.990s] aco: daemon_actions done, time: 724.99
[724.990s] aco: generation 612 start, time: 724.99
[725.248s] aco: compute_total_information done, time: 725.248
[725.492s] aco: ants_generation_and_activity done, time: 725.492
[725.496s] aco: pheromone_evaporation done, time: 725.496
[725.967s] aco: daemon_actions done, time: 725.967
[725.967s] aco: generation 613 start, time: 725.967
[726.222s] aco: compute_total_information done, time: 726.222
[726.458s] aco: ants_generation_and_activity done, time: 726.458
[726.463s] aco: pheromone_evaporation done, time: 726.463
[726.983s] aco: daemon_actions done, time: 726.983
[726.984s] aco: generation 614 start, time: 726.984
[727.290s] aco: compute_total_information done, time: 727.29
[727.544s] aco: ants_generation_and_activity done, time: 727.544
[727.547s] aco: pheromone_evaporation done, time: 727.547
[728.018s] aco: daemon_actions done, time: 728.018
[728.018s] aco: generation 615 start, time: 728.018
[728.298s] aco: compute_total_information done, time: 728.298
[728.639s] aco: ants_generation_and_activity done, time: 728.639
[728.643s] aco: pheromone_evaporation done, time: 728.643
[729.165s] aco: daemon_actions done, time: 729.165
[729.165s] aco: generation 616 start, time: 729.165
[729.445s] aco: compute_total_information done, time: 729.445
[729.675s] aco: ants_generation_and_activity done, time: 729.675
[729.679s] aco: pheromone_evaporation done, time: 729.679
[730.192s] aco: daemon_actions done, time: 730.192
[730.192s] aco: generation 617 start, time: 730.192
[730.515s] aco: compute_total_information done, time: 730.515
[730.830s] aco: ants_generation_and_activity done, time: 730.83
[730.833s] aco: pheromone_evaporation done, time: 730.833
[731.335s] aco: daemon_actions done, time: 731.335
[731.335s] aco: generation 618 start, time: 731.335
[731.596s] aco: compute_total_information done, time: 731.596
[731.869s] aco: ants_generation_and_activity done, time: 731.869
[731.873s] aco: pheromone_evaporation done, time: 731.873
[732.375s] aco: daemon_actions done, time: 732.375
[732.375s] aco: generation 619 start, time: 732.375
[732.665s] aco: compute_total_information done, time: 732.665
[732.955s] aco: ants_generation_and_activity done, time: 732.955
[732.958s] aco: pheromone_evaporation done, time: 732.958
[733.651s] aco: daemon_actions done, time: 733.651
[733.651s] aco: generation 620 start, time: 733.651
[733.948s] aco: compute_total_information done, time: 733.948
[734.314s] aco: ants_generation_and_activity done, time: 734.314
[734.318s] aco: pheromone_evaporation done, time: 734.318
[734.882s] aco: daemon_actions done, time: 734.882
[734.882s] aco: generation 621 start, time: 734.882
[735.162s] aco: compute_total_information done, time: 735.162
[735.462s] aco: ants_generation_and_activity done, time: 735.462
[735.465s] aco: pheromone_evaporation done, time: 735.465
[736.011s] aco: daemon_actions done, time: 736.011
[736.011s] aco: generation 622 start, time: 736.011
[736.290s] aco: compute_total_information done, time: 736.29
[736.511s] aco: ants_generation_and_activity done, time: 736.511
[736.515s] aco: pheromone_evaporation done, time: 736.515
[736.988s] aco: daemon_actions done, time: 736.988
[736.988s] aco: generation 623 start, time: 736.988
[737.255s] aco: compute_total_information done, time: 737.255
[737.496s] aco: ants_generation_and_activity done, time: 737.496
[737.500s] aco: pheromone_evaporation done, time: 737.5
[738.000s] aco: daemon_actions done, time: 738
[738.000s] aco: generation 624 start, time: 738
[738.306s] aco: compute_total_information done, time: 738.306
[738.547s] aco: ants_generation_and_activity done, time: 738.547
[738.550s] aco: pheromone_evaporation done, time: 738.55
[739.117s] aco: daemon_actions done, time: 739.117
[739.118s] aco: generation 625 start, time: 739.118
[739.494s] aco: compute_total_information done, time: 739.494
[739.747s] aco: ants_generation_and_activity done, time: 739.747
[739.750s] aco: pheromone_evaporation done, time: 739.75
[740.235s] aco: daemon_actions done, time: 740.235
[740.235s] aco: generation 626 start, time: 740.235
[740.511s] aco: compute_total_information done, time: 740.511
[740.754s] aco: ants_generation_and_activity done, time: 740.754
[740.757s] aco: pheromone_evaporation done, time: 740.757
[741.431s] aco: daemon_actions done, time: 741.431
[741.431s] aco: generation 627 start, time: 741.431
[741.809s] aco: compute_total_information done, time: 741.809
[742.191s] aco: ants_generation_and_activity done, time: 742.191
[742.194s] aco: pheromone_evaporation done, time: 742.194
[742.872s] aco: daemon_actions done, time: 742.872
[742.872s] aco: generation 628 start, time: 742.872
[743.251s] aco: compute_total_information done, time: 743.251
[743.626s] aco: ants_generation_and_activity done, time: 743.626
[743.630s] aco: pheromone_evaporation done, time: 743.63
[744.290s] aco: daemon_actions done, time: 744.29
[744.290s] aco: generation 629 start, time: 744.29
[744.758s] aco: compute_total_information done, time: 744.758
[745.047s] aco: ants_generation_and_activity done, time: 745.047
[745.050s] aco: pheromone_evaporation done, time: 745.05
[745.725s] aco: daemon_actions done, time: 745.725
[745.725s] aco: generation 630 start, time: 745.725
[746.124s] aco: compute_total_information done, time: 746.124
[746.455s] aco: ants_generation_and_activity done, time: 746.455
[746.459s] aco: pheromone_evaporation done, time: 746.459
[747.100s] aco: daemon_actions done, time: 747.1
[747.100s] aco: generation 631 start, time: 747.1
[747.453s] aco: compute_total_information done, time: 747.453
[747.733s] aco: ants_generation_and_activity done, time: 747.733
[747.738s] aco: pheromone_evaporation done, time: 747.738
[748.210s] aco: daemon_actions done, time: 748.21
[748.210s] aco: generation 632 start, time: 748.21
[748.560s] aco: compute_total_information done, time: 748.56
[748.816s] aco: ants_generation_and_activity done, time: 748.816
[748.818s] aco: pheromone_evaporation done, time: 748.818
[749.343s] aco: daemon_actions done, time: 749.343
[749.343s] aco: generation 633 start, time: 749.343
[749.642s] aco: compute_total_information done, time: 749.642
[750.021s] aco: ants_generation_and_activity done, time: 750.021
[750.024s] aco: pheromone_evaporation done, time: 750.024
[750.565s] aco: daemon_actions done, time: 750.565
[750.565s] aco: generation 634 start, time: 750.565
[750.873s] aco: compute_total_information done, time: 750.873
[751.123s] aco: ants_generation_and_activity done, time: 751.123
[751.127s] aco: pheromone_evaporation done, time: 751.127
[751.651s] aco: daemon_actions done, time: 751.651
[751.651s] aco: generation 635 start, time: 751.651
[751.924s] aco: compute_total_information done, time: 751.924
[752.310s] aco: ants_generation_and_activity done, time: 752.31
[752.313s] aco: pheromone_evaporation done, time: 752.313
[752.909s] aco: daemon_actions done, time: 752.909
[752.909s] aco: generation 636 start, time: 752.909
[753.219s] aco: compute_total_information done, time: 753.219
[753.535s] aco: ants_generation_and_activity done, time: 753.535
[753.539s] aco: pheromone_evaporation done, time: 753.539
[754.210s] aco: daemon_actions done, time: 754.21
[754.211s] aco: generation 637 start, time: 754.211
[754.547s] aco: compute_total_information done, time: 754.547
[754.810s] aco: ants_generation_and_activity done, time: 754.81
[754.813s] aco: pheromone_evaporation done, time: 754.813
[755.442s] aco: daemon_actions done, time: 755.442
[755.442s] aco: generation 638 start, time: 755.442
[755.794s] aco: compute_total_information done, time: 755.794
[756.054s] aco: ants_generation_and_activity done, time: 756.054
[756.059s] aco: pheromone_evaporation done, time: 756.059
[756.568s] aco: daemon_actions done, time: 756.568
[756.568s] aco: generation 639 start, time: 756.568
[756.861s] aco: compute_total_information done, time: 756.861
[757.087s] aco: ants_generation_and_activity done, time: 757.087
[757.091s] aco: pheromone_evaporation done, time: 757.091
[757.710s] aco: daemon_actions done, time: 757.71
[757.710s] aco: generation 640 start, time: 757.71
[758.069s] aco: compute_total_information done, time: 758.069
[758.384s] aco: ants_generation_and_activity done, time: 758.384
[758.389s] aco: pheromone_evaporation done, time: 758.389
[759.101s] aco: daemon_actions done, time: 759.101
[759.102s] aco: generation 641 start, time: 759.102
[759.474s] aco: compute_total_information done, time: 759.474
[759.821s] aco: ants_generation_and_activity done, time: 759.821
[759.826s] aco: pheromone_evaporation done, time: 759.826
[760.584s] aco: daemon_actions done, time: 760.584
[760.584s] aco: generation 642 start, time: 760.584
[760.958s] aco: compute_total_information done, time: 760.958
[761.339s] aco: ants_generation_and_activity done, time: 761.339
[761.342s] aco: pheromone_evaporation done, time: 761.342
[762.090s] aco: daemon_actions done, time: 762.09
[762.090s] aco: generation 643 start, time: 762.09
[762.445s] aco: compute_total_information done, time: 762.445
[762.742s] aco: ants_generation_and_activity done, time: 762.742
[762.743s] aco: pheromone_evaporation done, time: 762.743
[763.320s] aco: daemon_actions done, time: 763.32
[763.320s] aco: generation 644 start, time: 763.32
[763.581s] aco: compute_total_information done, time: 763.581
[763.834s] aco: ants_generation_and_activity done, time: 763.834
[763.835s] aco: pheromone_evaporation done, time: 763.835
[764.334s] aco: daemon_actions done, time: 764.334
[764.334s] aco: generation 645 start, time: 764.334
[764.604s] aco: compute_total_information done, time: 764.604
[764.877s] aco: ants_generation_and_activity done, time: 764.877
[764.881s] aco: pheromone_evaporation done, time: 764.881
[765.493s] aco: daemon_actions done, time: 765.493
[765.493s] aco: generation 646 start, time: 765.493
[765.763s] aco: compute_total_information done, time: 765.763
[766.006s] aco: ants_generation_and_activity done, time: 766.006
[766.009s] aco: pheromone_evaporation done, time: 766.009
[766.584s] aco: daemon_actions done, time: 766.584
[766.584s] aco: generation 647 start, time: 766.584
[766.907s] aco: compute_total_information done, time: 766.907
[767.187s] aco: ants_generation_and_activity done, time: 767.187
[767.190s] aco: pheromone_evaporation done, time: 767.19
[767.742s] aco: daemon_actions done, time: 767.742
[767.742s] aco: generation 648 start, time: 767.742
[768.083s] aco: compute_total_information done, time: 768.083
[768.333s] aco: ants_generation_and_activity done, time: 768.333
[768.336s] aco: pheromone_evaporation done, time: 768.336
[768.890s] aco: daemon_actions done, time: 768.89
[768.890s] aco: generation 649 start, time: 768.89
[769.205s] aco: compute_total_information done, time: 769.205
[769.529s] aco: ants_generation_and_activity done, time: 769.529
[769.532s] aco: pheromone_evaporation done, time: 769.532
[770.086s] aco: daemon_actions done, time: 770.086
[770.086s] aco: generation 650 start, time: 770.086
[770.460s] aco: compute_total_information done, time: 770.46
[770.714s] aco: ants_generation_and_activity done, time: 770.714
[770.717s] aco: pheromone_evaporation done, time: 770.717
[771.235s] aco: daemon_actions done, time: 771.235
[771.235s] aco: generation 651 start, time: 771.235
[771.526s] aco: compute_total_information done, time: 771.526
[771.795s] aco: ants_generation_and_activity done, time: 771.795
[771.798s] aco: pheromone_evaporation done, time: 771.798
[772.427s] aco: daemon_actions done, time: 772.427
[772.427s] aco: generation 652 start, time: 772.427
[772.724s] aco: compute_total_information done, time: 772.724
[772.955s] aco: ants_generation_and_activity done, time: 772.955
[772.959s] aco: pheromone_evaporation done, time: 772.959
[773.524s] aco: daemon_actions done, time: 773.524
[773.524s] aco: generation 653 start, time: 773.524
[773.804s] aco: compute_total_information done, time: 773.804
[774.029s] aco: ants_generation_and_activity done, time: 774.029
[774.033s] aco: pheromone_evaporation done, time: 774.033
[774.571s] aco: daemon_actions done, time: 774.571
[774.571s] aco: generation 654 start, time: 774.571
[774.873s] aco: compute_total_information done, time: 774.873
[775.207s] aco: ants_generation_and_activity done, time: 775.207
[775.210s] aco: pheromone_evaporation done, time: 775.21
[775.795s] aco: daemon_actions done, time: 775.795
[775.795s] aco: generation 655 start, time: 775.795
[776.124s] aco: compute_total_information done, time: 776.124
[776.416s] aco: ants_generation_and_activity done, time: 776.416
[776.421s] aco: pheromone_evaporation done, time: 776.421
[777.002s] aco: daemon_actions done, time: 777.002
[777.002s] aco: generation 656 start, time: 777.002
[777.306s] aco: compute_total_information done, time: 777.306
[777.542s] aco: ants_generation_and_activity done, time: 777.542
[777.545s] aco: pheromone_evaporation done, time: 777.545
[778.026s] aco: daemon_actions done, time: 778.026
[778.027s] aco: generation 657 start, time: 778.027
[778.288s] aco: compute_total_information done, time: 778.288
[778.512s] aco: ants_generation_and_activity done, time: 778.512
[778.515s] aco: pheromone_evaporation done, time: 778.515
[778.993s] aco: daemon_actions done, time: 778.993
[778.993s] aco: generation 658 start, time: 778.993
[779.274s] aco: compute_total_information done, time: 779.274
[779.564s] aco: ants_generation_and_activity done, time: 779.564
[779.568s] aco: pheromone_evaporation done, time: 779.568
[780.142s] aco: daemon_actions done, time: 780.142
[780.142s] aco: generation 659 start, time: 780.142
[780.440s] aco: compute_total_information done, time: 780.44
[780.722s] aco: ants_generation_and_activity done, time: 780.722
[780.723s] aco: pheromone_evaporation done, time: 780.723
[781.241s] aco: daemon_actions done, time: 781.241
[781.241s] aco: generation 660 start, time: 781.241
[781.511s] aco: compute_total_information done, time: 781.511
[781.745s] aco: ants_generation_and_activity done, time: 781.745
[781.748s] aco: pheromone_evaporation done, time: 781.748
[782.281s] aco: daemon_actions done, time: 782.281
[782.281s] aco: generation 661 start, time: 782.281
[782.560s] aco: compute_total_information done, time: 782.56
[782.795s] aco: ants_generation_and_activity done, time: 782.795
[782.799s] aco: pheromone_evaporation done, time: 782.799
[783.357s] aco: daemon_actions done, time: 783.357
[783.357s] aco: generation 662 start, time: 783.357
[783.756s] aco: compute_total_information done, time: 783.756
[784.008s] aco: ants_generation_and_activity done, time: 784.008
[784.010s] aco: pheromone_evaporation done, time: 784.01
[784.502s] aco: daemon_actions done, time: 784.502
[784.502s] aco: generation 663 start, time: 784.502
[784.834s] aco: compute_total_information done, time: 784.834
[785.072s] aco: ants_generation_and_activity done, time: 785.072
[785.075s] aco: pheromone_evaporation done, time: 785.075
[785.550s] aco: daemon_actions done, time: 785.55
[785.550s] aco: generation 664 start, time: 785.55
[785.824s] aco: compute_total_information done, time: 785.824
[786.053s] aco: ants_generation_and_activity done, time: 786.053
[786.057s] aco: pheromone_evaporation done, time: 786.057
[786.531s] aco: daemon_actions done, time: 786.531
[786.531s] aco: generation 665 start, time: 786.531
[786.802s] aco: compute_total_information done, time: 786.802
[787.060s] aco: ants_generation_and_activity done, time: 787.06
[787.063s] aco: pheromone_evaporation done, time: 787.063
[787.539s] aco: daemon_actions done, time: 787.539
[787.539s] aco: generation 666 start, time: 787.539
[787.799s] aco: compute_total_information done, time: 787.799
[788.033s] aco: ants_generation_and_activity done, time: 788.033
[788.037s] aco: pheromone_evaporation done, time: 788.037
[788.581s] aco: daemon_actions done, time: 788.581
[788.581s] aco: generation 667 start, time: 788.581
[788.852s] aco: compute_total_information done, time: 788.852
[789.073s] aco: ants_generation_and_activity done, time: 789.073
[789.077s] aco: pheromone_evaporation done, time: 789.077
[789.561s] aco: daemon_actions done, time: 789.561
[789.561s] aco: generation 668 start, time: 789.561
[789.864s] aco: compute_total_information done, time: 789.864
[790.135s] aco: ants_generation_and_activity done, time: 790.135
[790.140s] aco: pheromone_evaporation done, time: 790.14
[790.683s] aco: daemon_actions done, time: 790.683
[790.683s] aco: generation 669 start, time: 790.683
[790.971s] aco: compute_total_information done, time: 790.971
[791.230s] aco: ants_generation_and_activity done, time: 791.23
[791.234s] aco: pheromone_evaporation done, time: 791.234
[791.835s] aco: daemon_actions done, time: 791.835
[791.835s] aco: generation 670 start, time: 791.835
[792.107s] aco: compute_total_information done, time: 792.107
[792.404s] aco: ants_generation_and_activity done, time: 792.404
[792.407s] aco: pheromone_evaporation done, time: 792.407
[792.894s] aco: daemon_actions done, time: 792.894
[792.894s] aco: generation 671 start, time: 792.894
[793.176s] aco: compute_total_information done, time: 793.176
[793.421s] aco: ants_generation_and_activity done, time: 793.421
[793.425s] aco: pheromone_evaporation done, time: 793.425
[794.007s] aco: daemon_actions done, time: 794.007
[794.007s] aco: generation 672 start, time: 794.007
[794.287s] aco: compute_total_information done, time: 794.287
[794.523s] aco: ants_generation_and_activity done, time: 794.523
[794.528s] aco: pheromone_evaporation done, time: 794.528
[795.044s] aco: daemon_actions done, time: 795.044
[795.044s] aco: generation 673 start, time: 795.044
[795.404s] aco: compute_total_information done, time: 795.404
[795.671s] aco: ants_generation_and_activity done, time: 795.671
[795.675s] aco: pheromone_evaporation done, time: 795.675
[796.384s] aco: daemon_actions done, time: 796.384
[796.384s] aco: generation 674 start, time: 796.384
[796.648s] aco: compute_total_information done, time: 796.648
[796.883s] aco: ants_generation_and_activity done, time: 796.883
[796.887s] aco: pheromone_evaporation done, time: 796.887
[797.434s] aco: daemon_actions done, time: 797.434
[797.434s] aco: generation 675 start, time: 797.434
[797.726s] aco: compute_total_information done, time: 797.726
[797.966s] aco: ants_generation_and_activity done, time: 797.966
[797.967s] aco: pheromone_evaporation done, time: 797.967
[798.486s] aco: daemon_actions done, time: 798.486
[798.486s] aco: generation 676 start, time: 798.486
[798.763s] aco: compute_total_information done, time: 798.763
[799.005s] aco: ants_generation_and_activity done, time: 799.005
[799.009s] aco: pheromone_evaporation done, time: 799.009
[799.575s] aco: daemon_actions done, time: 799.575
[799.575s] aco: generation 677 start, time: 799.575
[799.871s] aco: compute_total_information done, time: 799.871
[800.183s] aco: ants_generation_and_activity done, time: 800.183
[800.188s] aco: pheromone_evaporation done, time: 800.188
[800.704s] aco: daemon_actions done, time: 800.704
[800.705s] aco: generation 678 start, time: 800.705
[800.975s] aco: compute_total_information done, time: 800.975
[801.231s] aco: ants_generation_and_activity done, time: 801.231
[801.235s] aco: pheromone_evaporation done, time: 801.235
[801.796s] aco: daemon_actions done, time: 801.796
[801.798s] aco: generation 679 start, time: 801.798
[802.140s] aco: compute_total_information done, time: 802.14
[802.382s] aco: ants_generation_and_activity done, time: 802.382
[802.384s] aco: pheromone_evaporation done, time: 802.384
[802.876s] aco: daemon_actions done, time: 802.876
[802.876s] aco: generation 680 start, time: 802.876
[803.147s] aco: compute_total_information done, time: 803.147
[803.382s] aco: ants_generation_and_activity done, time: 803.382
[803.385s] aco: pheromone_evaporation done, time: 803.385
[804.011s] aco: daemon_actions done, time: 804.011
[804.011s] aco: generation 681 start, time: 804.011
[804.283s] aco: compute_total_information done, time: 804.283
[804.507s] aco: ants_generation_and_activity done, time: 804.507
[804.510s] aco: pheromone_evaporation done, time: 804.51
[805.018s] aco: daemon_actions done, time: 805.018
[805.018s] aco: generation 682 start, time: 805.018
[805.280s] aco: compute_total_information done, time: 805.28
[805.517s] aco: ants_generation_and_activity done, time: 805.517
[805.521s] aco: pheromone_evaporation done, time: 805.521
[805.999s] aco: daemon_actions done, time: 805.999
[805.999s] aco: generation 683 start, time: 805.999
[806.292s] aco: compute_total_information done, time: 806.292
[806.533s] aco: ants_generation_and_activity done, time: 806.533
[806.536s] aco: pheromone_evaporation done, time: 806.536
[807.014s] aco: daemon_actions done, time: 807.014
[807.014s] aco: generation 684 start, time: 807.014
[807.279s] aco: compute_total_information done, time: 807.279
[807.505s] aco: ants_generation_and_activity done, time: 807.505
[807.508s] aco: pheromone_evaporation done, time: 807.508
[808.044s] aco: daemon_actions done, time: 808.044
[808.044s] aco: generation 685 start, time: 808.044
[808.327s] aco: compute_total_information done, time: 808.327
[808.561s] aco: ants_generation_and_activity done, time: 808.561
[808.565s] aco: pheromone_evaporation done, time: 808.565
[809.067s] aco: daemon_actions done, time: 809.067
[809.067s] aco: generation 686 start, time: 809.067
[809.328s] aco: compute_total_information done, time: 809.328
[809.551s] aco: ants_generation_and_activity done, time: 809.551
[809.554s] aco: pheromone_evaporation done, time: 809.554
[810.057s] aco: daemon_actions done, time: 810.057
[810.057s] aco: generation 687 start, time: 810.057
[810.337s] aco: compute_total_information done, time: 810.337
[810.556s] aco: ants_generation_and_activity done, time: 810.556
[810.558s] aco: pheromone_evaporation done, time: 810.558
[811.070s] aco: daemon_actions done, time: 811.07
[811.070s] aco: generation 688 start, time: 811.07
[811.382s] aco: compute_total_information done, time: 811.382
[811.670s] aco: ants_generation_and_activity done, time: 811.67
[811.674s] aco: pheromone_evaporation done, time: 811.674
[812.197s] aco: daemon_actions done, time: 812.197
[812.197s] aco: generation 689 start, time: 812.197
[812.605s] aco: compute_total_information done, time: 812.605
[812.884s] aco: ants_generation_and_activity done, time: 812.884
[812.887s] aco: pheromone_evaporation done, time: 812.887
[813.414s] aco: daemon_actions done, time: 813.414
[813.414s] aco: generation 690 start, time: 813.414
[813.701s] aco: compute_total_information done, time: 813.701
[813.979s] aco: ants_generation_and_activity done, time: 813.979
[813.983s] aco: pheromone_evaporation done, time: 813.983
[814.498s] aco: daemon_actions done, time: 814.498
[814.498s] aco: generation 691 start, time: 814.498
[814.806s] aco: compute_total_information done, time: 814.806
[815.061s] aco: ants_generation_and_activity done, time: 815.061
[815.065s] aco: pheromone_evaporation done, time: 815.065
[815.630s] aco: daemon_actions done, time: 815.63
[815.630s] aco: generation 692 start, time: 815.63
[815.914s] aco: compute_total_information done, time: 815.914
[816.152s] aco: ants_generation_and_activity done, time: 816.152
[816.155s] aco: pheromone_evaporation done, time: 816.155
[816.650s] aco: daemon_actions done, time: 816.65
[816.650s] aco: generation 693 start, time: 816.65
[816.927s] aco: compute_total_information done, time: 816.927
[817.173s] aco: ants_generation_and_activity done, time: 817.173
[817.176s] aco: pheromone_evaporation done, time: 817.176
[817.704s] aco: daemon_actions done, time: 817.704
[817.704s] aco: generation 694 start, time: 817.704
[818.047s] aco: compute_total_information done, time: 818.047
[818.320s] aco: ants_generation_and_activity done, time: 818.32
[818.324s] aco: pheromone_evaporation done, time: 818.324
[819.016s] aco: daemon_actions done, time: 819.016
[819.016s] aco: generation 695 start, time: 819.016
[819.414s] aco: compute_total_information done, time: 819.414
[819.702s] aco: ants_generation_and_activity done, time: 819.702
[819.706s] aco: pheromone_evaporation done, time: 819.706
[820.408s] aco: daemon_actions done, time: 820.408
[820.408s] aco: generation 696 start, time: 820.408
[820.857s] aco: compute_total_information done, time: 820.857
[821.194s] aco: ants_generation_and_activity done, time: 821.194
[821.196s] aco: pheromone_evaporation done, time: 821.196
[822.485s] aco: daemon_actions done, time: 822.485
[822.485s] aco: generation 697 start, time: 822.485
[822.957s] aco: compute_total_information done, time: 822.957
[823.379s] aco: ants_generation_and_activity done, time: 823.379
[823.384s] aco: pheromone_evaporation done, time: 823.384
[824.114s] aco: daemon_actions done, time: 824.114
[824.114s] aco: generation 698 start, time: 824.114
[824.511s] aco: compute_total_information done, time: 824.511
[824.823s] aco: ants_generation_and_activity done, time: 824.823
[824.828s] aco: pheromone_evaporation done, time: 824.828
[825.338s] aco: daemon_actions done, time: 825.338
[825.338s] aco: generation 699 start, time: 825.338
[825.658s] aco: compute_total_information done, time: 825.658
[825.894s] aco: ants_generation_and_activity done, time: 825.894
[825.899s] aco: pheromone_evaporation done, time: 825.899
[826.446s] aco: daemon_actions done, time: 826.446
[826.446s] aco: generation 700 start, time: 826.446
[826.728s] aco: compute_total_information done, time: 826.728
[827.045s] aco: ants_generation_and_activity done, time: 827.045
[827.049s] aco: pheromone_evaporation done, time: 827.049
[827.533s] aco: daemon_actions done, time: 827.533
[827.533s] aco: generation 701 start, time: 827.533
[827.817s] aco: compute_total_information done, time: 827.817
[828.062s] aco: ants_generation_and_activity done, time: 828.062
[828.065s] aco: pheromone_evaporation done, time: 828.065
[828.536s] aco: daemon_actions done, time: 828.536
[828.536s] aco: generation 702 start, time: 828.536
[828.807s] aco: compute_total_information done, time: 828.807
[829.034s] aco: ants_generation_and_activity done, time: 829.034
[829.036s] aco: pheromone_evaporation done, time: 829.036
[829.569s] aco: daemon_actions done, time: 829.569
[829.569s] aco: generation 703 start, time: 829.569
[829.837s] aco: compute_total_information done, time: 829.837
[830.066s] aco: ants_generation_and_activity done, time: 830.066
[830.070s] aco: pheromone_evaporation done, time: 830.07
[830.592s] aco: daemon_actions done, time: 830.592
[830.592s] aco: generation 704 start, time: 830.592
[830.920s] aco: compute_total_information done, time: 830.92
[831.163s] aco: ants_generation_and_activity done, time: 831.163
[831.166s] aco: pheromone_evaporation done, time: 831.166
[831.846s] aco: daemon_actions done, time: 831.846
[831.846s] aco: generation 705 start, time: 831.846
[832.299s] aco: compute_total_information done, time: 832.299
[832.641s] aco: ants_generation_and_activity done, time: 832.641
[832.643s] aco: pheromone_evaporation done, time: 832.643
[833.318s] aco: daemon_actions done, time: 833.318
[833.318s] aco: generation 706 start, time: 833.318
[833.715s] aco: compute_total_information done, time: 833.715
[833.992s] aco: ants_generation_and_activity done, time: 833.992
[833.996s] aco: pheromone_evaporation done, time: 833.996
[834.720s] aco: daemon_actions done, time: 834.72
[834.720s] aco: generation 707 start, time: 834.72
[835.064s] aco: compute_total_information done, time: 835.064
[835.344s] aco: ants_generation_and_activity done, time: 835.344
[835.348s] aco: pheromone_evaporation done, time: 835.348
[835.949s] aco: daemon_actions done, time: 835.949
[835.949s] aco: generation 708 start, time: 835.949
[836.311s] aco: compute_total_information done, time: 836.311
[836.604s] aco: ants_generation_and_activity done, time: 836.604
[836.608s] aco: pheromone_evaporation done, time: 836.608
[837.130s] aco: daemon_actions done, time: 837.13
[837.130s] aco: generation 709 start, time: 837.13
[837.393s] aco: compute_total_information done, time: 837.393
[837.618s] aco: ants_generation_and_activity done, time: 837.618
[837.621s] aco: pheromone_evaporation done, time: 837.621
[838.114s] aco: daemon_actions done, time: 838.114
[838.114s] aco: generation 710 start, time: 838.114
[838.380s] aco: compute_total_information done, time: 838.38
[838.660s] aco: ants_generation_and_activity done, time: 838.66
[838.664s] aco: pheromone_evaporation done, time: 838.664
[839.174s] aco: daemon_actions done, time: 839.174
[839.174s] aco: generation 711 start, time: 839.174
[839.450s] aco: compute_total_information done, time: 839.45
[839.693s] aco: ants_generation_and_activity done, time: 839.693
[839.696s] aco: pheromone_evaporation done, time: 839.696
[840.184s] aco: daemon_actions done, time: 840.184
[840.185s] aco: generation 712 start, time: 840.185
[840.478s] aco: compute_total_information done, time: 840.478
[840.718s] aco: ants_generation_and_activity done, time: 840.718
[840.722s] aco: pheromone_evaporation done, time: 840.722
[841.215s] aco: daemon_actions done, time: 841.215
[841.216s] aco: generation 713 start, time: 841.216
[841.472s] aco: compute_total_information done, time: 841.472
[841.698s] aco: ants_generation_and_activity done, time: 841.698
[841.702s] aco: pheromone_evaporation done, time: 841.702
[842.173s] aco: daemon_actions done, time: 842.173
[842.173s] aco: generation 714 start, time: 842.173
[842.499s] aco: compute_total_information done, time: 842.499
[842.736s] aco: ants_generation_and_activity done, time: 842.736
[842.740s] aco: pheromone_evaporation done, time: 842.74
[843.217s] aco: daemon_actions done, time: 843.217
[843.217s] aco: generation 715 start, time: 843.217
[843.494s] aco: compute_total_information done, time: 843.494
[843.730s] aco: ants_generation_and_activity done, time: 843.73
[843.733s] aco: pheromone_evaporation done, time: 843.733
[844.237s] aco: daemon_actions done, time: 844.237
[844.237s] aco: generation 716 start, time: 844.237
[844.536s] aco: compute_total_information done, time: 844.536
[844.766s] aco: ants_generation_and_activity done, time: 844.766
[844.768s] aco: pheromone_evaporation done, time: 844.768
[845.263s] aco: daemon_actions done, time: 845.263
[845.263s] aco: generation 717 start, time: 845.263
[845.524s] aco: compute_total_information done, time: 845.524
[845.750s] aco: ants_generation_and_activity done, time: 845.75
[845.755s] aco: pheromone_evaporation done, time: 845.755
[846.286s] aco: daemon_actions done, time: 846.286
[846.286s] aco: generation 718 start, time: 846.286
[846.559s] aco: compute_total_information done, time: 846.559
[846.781s] aco: ants_generation_and_activity done, time: 846.781
[846.783s] aco: pheromone_evaporation done, time: 846.783
[847.252s] aco: daemon_actions done, time: 847.252
[847.252s] aco: generation 719 start, time: 847.252
[847.512s] aco: compute_total_information done, time: 847.512
[847.734s] aco: ants_generation_and_activity done, time: 847.734
[847.737s] aco: pheromone_evaporation done, time: 847.737
[848.263s] aco: daemon_actions done, time: 848.263
[848.263s] aco: generation 720 start, time: 848.263
[848.618s] aco: compute_total_information done, time: 848.618
[848.844s] aco: ants_generation_and_activity done, time: 848.844
[848.848s] aco: pheromone_evaporation done, time: 848.848
[849.324s] aco: daemon_actions done, time: 849.324
[849.325s] aco: generation 721 start, time: 849.325
[849.584s] aco: compute_total_information done, time: 849.584
[849.818s] aco: ants_generation_and_activity done, time: 849.818
[849.822s] aco: pheromone_evaporation done, time: 849.822
[850.362s] aco: daemon_actions done, time: 850.362
[850.362s] aco: generation 722 start, time: 850.362
[850.629s] aco: compute_total_information done, time: 850.629
[850.866s] aco: ants_generation_and_activity done, time: 850.866
[850.868s] aco: pheromone_evaporation done, time: 850.868
[851.340s] aco: daemon_actions done, time: 851.34
[851.341s] aco: generation 723 start, time: 851.341
[851.604s] aco: compute_total_information done, time: 851.604
[851.832s] aco: ants_generation_and_activity done, time: 851.832
[851.834s] aco: pheromone_evaporation done, time: 851.834
[852.306s] aco: daemon_actions done, time: 852.306
[852.306s] aco: generation 724 start, time: 852.306
[852.580s] aco: compute_total_information done, time: 852.58
[852.836s] aco: ants_generation_and_activity done, time: 852.836
[852.840s] aco: pheromone_evaporation done, time: 852.84
[853.322s] aco: daemon_actions done, time: 853.322
[853.322s] aco: generation 725 start, time: 853.322
[853.587s] aco: compute_total_information done, time: 853.587
[853.874s] aco: ants_generation_and_activity done, time: 853.874
[853.876s] aco: pheromone_evaporation done, time: 853.876
[854.358s] aco: daemon_actions done, time: 854.358
[854.358s] aco: generation 726 start, time: 854.358
[854.621s] aco: compute_total_information done, time: 854.621
[854.854s] aco: ants_generation_and_activity done, time: 854.854
[854.857s] aco: pheromone_evaporation done, time: 854.857
[855.338s] aco: daemon_actions done, time: 855.338
[855.338s] aco: generation 727 start, time: 855.338
[855.605s] aco: compute_total_information done, time: 855.605
[855.833s] aco: ants_generation_and_activity done, time: 855.833
[855.837s] aco: pheromone_evaporation done, time: 855.837
[856.312s] aco: daemon_actions done, time: 856.312
[856.312s] aco: generation 728 start, time: 856.312
[856.574s] aco: compute_total_information done, time: 856.574
[856.806s] aco: ants_generation_and_activity done, time: 856.806
[856.808s] aco: pheromone_evaporation done, time: 856.808
[857.297s] aco: daemon_actions done, time: 857.297
[857.297s] aco: generation 729 start, time: 857.297
[857.563s] aco: compute_total_information done, time: 857.563
[857.849s] aco: ants_generation_and_activity done, time: 857.849
[857.851s] aco: pheromone_evaporation done, time: 857.851
[858.381s] aco: daemon_actions done, time: 858.381
[858.381s] aco: generation 730 start, time: 858.381
[858.773s] aco: compute_total_information done, time: 858.773
[859.016s] aco: ants_generation_and_activity done, time: 859.016
[859.018s] aco: pheromone_evaporation done, time: 859.018
[859.569s] aco: daemon_actions done, time: 859.569
[859.569s] aco: generation 731 start, time: 859.569
[859.847s] aco: compute_total_information done, time: 859.847
[860.099s] aco: ants_generation_and_activity done, time: 860.099
[860.101s] aco: pheromone_evaporation done, time: 860.101
[860.592s] aco: daemon_actions done, time: 860.592
[860.593s] aco: generation 732 start, time: 860.593
[860.860s] aco: compute_total_information done, time: 860.86
[861.092s] aco: ants_generation_and_activity done, time: 861.092
[861.093s] aco: pheromone_evaporation done, time: 861.093
[861.686s] aco: daemon_actions done, time: 861.686
[861.686s] aco: generation 733 start, time: 861.686
[862.037s] aco: compute_total_information done, time: 862.037
[862.355s] aco: ants_generation_and_activity done, time: 862.355
[862.357s] aco: pheromone_evaporation done, time: 862.357
[862.984s] aco: daemon_actions done, time: 862.984
[862.984s] aco: generation 734 start, time: 862.984
[863.321s] aco: compute_total_information done, time: 863.321
[863.619s] aco: ants_generation_and_activity done, time: 863.619
[863.623s] aco: pheromone_evaporation done, time: 863.623
[864.303s] aco: daemon_actions done, time: 864.303
[864.303s] aco: generation 735 start, time: 864.303
[864.651s] aco: compute_total_information done, time: 864.651
[864.941s] aco: ants_generation_and_activity done, time: 864.941
[864.942s] aco: pheromone_evaporation done, time: 864.942
[865.674s] aco: daemon_actions done, time: 865.674
[865.674s] aco: generation 736 start, time: 865.674
[866.011s] aco: compute_total_information done, time: 866.011
[866.408s] aco: ants_generation_and_activity done, time: 866.408
[866.410s] aco: pheromone_evaporation done, time: 866.41
[867.051s] aco: daemon_actions done, time: 867.051
[867.051s] aco: generation 737 start, time: 867.051
[867.362s] aco: compute_total_information done, time: 867.362
[867.659s] aco: ants_generation_and_activity done, time: 867.659
[867.660s] aco: pheromone_evaporation done, time: 867.66
[868.198s] aco: daemon_actions done, time: 868.198
[868.198s] aco: generation 738 start, time: 868.198
[868.511s] aco: compute_total_information done, time: 868.511
[868.815s] aco: ants_generation_and_activity done, time: 868.815
[868.818s] aco: pheromone_evaporation done, time: 868.818
[869.425s] aco: daemon_actions done, time: 869.425
[869.425s] aco: generation 739 start, time: 869.425
[869.712s] aco: compute_total_information done, time: 869.712
[870.002s] aco: ants_generation_and_activity done, time: 870.002
[870.007s] aco: pheromone_evaporation done, time: 870.007
[870.608s] aco: daemon_actions done, time: 870.608
[870.608s] aco: generation 740 start, time: 870.608
[870.978s] aco: compute_total_information done, time: 870.978
[871.265s] aco: ants_generation_and_activity done, time: 871.265
[871.269s] aco: pheromone_evaporation done, time: 871.269
[871.860s] aco: daemon_actions done, time: 871.86
[871.860s] aco: generation 741 start, time: 871.86
[872.198s] aco: compute_total_information done, time: 872.198
[872.463s] aco: ants_generation_and_activity done, time: 872.463
[872.467s] aco: pheromone_evaporation done, time: 872.467
[872.966s] aco: daemon_actions done, time: 872.966
[872.966s] aco: generation 742 start, time: 872.966
[873.321s] aco: compute_total_information done, time: 873.321
[873.573s] aco: ants_generation_and_activity done, time: 873.573
[873.574s] aco: pheromone_evaporation done, time: 873.574
[874.125s] aco: daemon_actions done, time: 874.125
[874.125s] aco: generation 743 start, time: 874.125
[874.457s] aco: compute_total_information done, time: 874.457
[874.697s] aco: ants_generation_and_activity done, time: 874.697
[874.701s] aco: pheromone_evaporation done, time: 874.701
[875.302s] aco: daemon_actions done, time: 875.302
[875.302s] aco: generation 744 start, time: 875.302
[875.617s] aco: compute_total_information done, time: 875.617
[875.881s] aco: ants_generation_and_activity done, time: 875.881
[875.884s] aco: pheromone_evaporation done, time: 875.884
[876.494s] aco: daemon_actions done, time: 876.494
[876.494s] aco: generation 745 start, time: 876.494
[876.805s] aco: compute_total_information done, time: 876.805
[877.163s] aco: ants_generation_and_activity done, time: 877.163
[877.166s] aco: pheromone_evaporation done, time: 877.166
[877.697s] aco: daemon_actions done, time: 877.697
[877.697s] aco: generation 746 start, time: 877.697
[877.979s] aco: compute_total_information done, time: 877.979
[878.230s] aco: ants_generation_and_activity done, time: 878.23
[878.233s] aco: pheromone_evaporation done, time: 878.233
[878.831s] aco: daemon_actions done, time: 878.831
[878.831s] aco: generation 747 start, time: 878.831
[879.153s] aco: compute_total_information done, time: 879.153
[879.423s] aco: ants_generation_and_activity done, time: 879.423
[879.425s] aco: pheromone_evaporation done, time: 879.425
[879.936s] aco: daemon_actions done, time: 879.936
[879.936s] aco: generation 748 start, time: 879.936
[880.213s] aco: compute_total_information done, time: 880.213
[880.444s] aco: ants_generation_and_activity done, time: 880.444
[880.447s] aco: pheromone_evaporation done, time: 880.447
[881.110s] aco: daemon_actions done, time: 881.11
[881.110s] aco: generation 749 start, time: 881.11
[881.627s] aco: compute_total_information done, time: 881.627
[882.052s] aco: ants_generation_and_activity done, time: 882.052
[882.054s] aco: pheromone_evaporation done, time: 882.054
[882.765s] aco: daemon_actions done, time: 882.765
[882.765s] aco: generation 750 start, time: 882.765
[883.130s] aco: compute_total_information done, time: 883.13
[883.446s] aco: ants_generation_and_activity done, time: 883.446
[883.450s] aco: pheromone_evaporation done, time: 883.45
[884.242s] aco: daemon_actions done, time: 884.242
[884.242s] aco: generation 751 start, time: 884.242
[884.666s] aco: compute_total_information done, time: 884.666
[885.007s] aco: ants_generation_and_activity done, time: 885.007
[885.010s] aco: pheromone_evaporation done, time: 885.01
[885.783s] aco: daemon_actions done, time: 885.783
[885.783s] aco: generation 752 start, time: 885.783
[886.161s] aco: compute_total_information done, time: 886.161
[886.461s] aco: ants_generation_and_activity done, time: 886.461
[886.465s] aco: pheromone_evaporation done, time: 886.465
[887.088s] aco: daemon_actions done, time: 887.088
[887.088s] aco: generation 753 start, time: 887.088
[887.382s] aco: compute_total_information done, time: 887.382
[887.628s] aco: ants_generation_and_activity done, time: 887.628
[887.630s] aco: pheromone_evaporation done, time: 887.63
[888.173s] aco: daemon_actions done, time: 888.173
[888.173s] aco: generation 754 start, time: 888.173
[888.473s] aco: compute_total_information done, time: 888.473
[888.776s] aco: ants_generation_and_activity done, time: 888.776
[888.780s] aco: pheromone_evaporation done, time: 888.78
[889.291s] aco: daemon_actions done, time: 889.291
[889.292s] aco: generation 755 start, time: 889.292
[889.729s] aco: compute_total_information done, time: 889.729
[889.981s] aco: ants_generation_and_activity done, time: 889.981
[889.984s] aco: pheromone_evaporation done, time: 889.984
[890.513s] aco: daemon_actions done, time: 890.513
[890.513s] aco: generation 756 start, time: 890.513
[890.864s] aco: compute_total_information done, time: 890.864
[891.119s] aco: ants_generation_and_activity done, time: 891.119
[891.123s] aco: pheromone_evaporation done, time: 891.123
[891.608s] aco: daemon_actions done, time: 891.608
[891.608s] aco: generation 757 start, time: 891.608
[891.871s] aco: compute_total_information done, time: 891.871
[892.106s] aco: ants_generation_and_activity done, time: 892.106
[892.110s] aco: pheromone_evaporation done, time: 892.11
[892.656s] aco: daemon_actions done, time: 892.656
[892.656s] aco: generation 758 start, time: 892.656
[892.926s] aco: compute_total_information done, time: 892.926
[893.166s] aco: ants_generation_and_activity done, time: 893.166
[893.168s] aco: pheromone_evaporation done, time: 893.168
[893.719s] aco: daemon_actions done, time: 893.719
[893.719s] aco: generation 759 start, time: 893.719
[894.016s] aco: compute_total_information done, time: 894.016
[894.280s] aco: ants_generation_and_activity done, time: 894.28
[894.283s] aco: pheromone_evaporation done, time: 894.283
[894.761s] aco: daemon_actions done, time: 894.761
[894.761s] aco: generation 760 start, time: 894.761
[895.043s] aco: compute_total_information done, time: 895.043
[895.314s] aco: ants_generation_and_activity done, time: 895.314
[895.318s] aco: pheromone_evaporation done, time: 895.318
[895.820s] aco: daemon_actions done, time: 895.82
[895.820s] aco: generation 761 start, time: 895.82
[896.102s] aco: compute_total_information done, time: 896.102
[896.419s] aco: ants_generation_and_activity done, time: 896.419
[896.423s] aco: pheromone_evaporation done, time: 896.423
[896.897s] aco: daemon_actions done, time: 896.897
[896.897s] aco: generation 762 start, time: 896.897
[897.187s] aco: compute_total_information done, time: 897.187
[897.418s] aco: ants_generation_and_activity done, time: 897.418
[897.422s] aco: pheromone_evaporation done, time: 897.422
[898.053s] aco: daemon_actions done, time: 898.053
[898.053s] aco: generation 763 start, time: 898.053
[898.382s] aco: compute_total_information done, time: 898.382
[898.732s] aco: ants_generation_and_activity done, time: 898.732
[898.734s] aco: pheromone_evaporation done, time: 898.734
[899.366s] aco: daemon_actions done, time: 899.366
[899.366s] aco: generation 764 start, time: 899.366
[899.669s] aco: compute_total_information done, time: 899.669
[899.920s] aco: ants_generation_and_activity done, time: 899.92
[899.923s] aco: pheromone_evaporation done, time: 899.923
[900.484s] aco: daemon_actions done, time: 900.484
[900.484s] aco: generation 765 start, time: 900.484
[900.756s] aco: compute_total_information done, time: 900.756
[901.006s] aco: ants_generation_and_activity done, time: 901.006
[901.008s] aco: pheromone_evaporation done, time: 901.008
[901.504s] aco: daemon_actions done, time: 901.504
[901.504s] aco: generation 766 start, time: 901.504
[901.786s] aco: compute_total_information done, time: 901.786
[902.016s] aco: ants_generation_and_activity done, time: 902.016
[902.018s] aco: pheromone_evaporation done, time: 902.018
[902.501s] aco: daemon_actions done, time: 902.501
[902.501s] aco: generation 767 start, time: 902.501
[902.766s] aco: compute_total_information done, time: 902.766
[902.998s] aco: ants_generation_and_activity done, time: 902.998
[903.000s] aco: pheromone_evaporation done, time: 903
[903.520s] aco: daemon_actions done, time: 903.52
[903.520s] aco: generation 768 start, time: 903.52
[903.814s] aco: compute_total_information done, time: 903.814
[904.097s] aco: ants_generation_and_activity done, time: 904.097
[904.101s] aco: pheromone_evaporation done, time: 904.101
[904.630s] aco: daemon_actions done, time: 904.63
[904.630s] aco: generation 769 start, time: 904.63
[904.910s] aco: compute_total_information done, time: 904.91
[905.165s] aco: ants_generation_and_activity done, time: 905.165
[905.168s] aco: pheromone_evaporation done, time: 905.168
[905.658s] aco: daemon_actions done, time: 905.658
[905.658s] aco: generation 770 start, time: 905.658
[905.922s] aco: compute_total_information done, time: 905.922
[906.151s] aco: ants_generation_and_activity done, time: 906.151
[906.154s] aco: pheromone_evaporation done, time: 906.154
[906.640s] aco: daemon_actions done, time: 906.64
[906.641s] aco: generation 771 start, time: 906.641
[906.952s] aco: compute_total_information done, time: 906.952
[907.182s] aco: ants_generation_and_activity done, time: 907.182
[907.186s] aco: pheromone_evaporation done, time: 907.186
[907.694s] aco: daemon_actions done, time: 907.694
[907.694s] aco: generation 772 start, time: 907.694
[908.030s] aco: compute_total_information done, time: 908.03
[908.270s] aco: ants_generation_and_activity done, time: 908.27
[908.274s] aco: pheromone_evaporation done, time: 908.274
[908.783s] aco: daemon_actions done, time: 908.783
[908.783s] aco: generation 773 start, time: 908.783
[909.049s] aco: compute_total_information done, time: 909.049
[909.274s] aco: ants_generation_and_activity done, time: 909.274
[909.278s] aco: pheromone_evaporation done, time: 909.278
[909.794s] aco: daemon_actions done, time: 909.794
[909.794s] aco: generation 774 start, time: 909.794
[910.073s] aco: compute_total_information done, time: 910.073
[910.344s] aco: ants_generation_and_activity done, time: 910.344
[910.347s] aco: pheromone_evaporation done, time: 910.347
[910.824s] aco: daemon_actions done, time: 910.824
[910.824s] aco: generation 775 start, time: 910.824
[911.103s] aco: compute_total_information done, time: 911.103
[911.335s] aco: ants_generation_and_activity done, time: 911.335
[911.339s] aco: pheromone_evaporation done, time: 911.339
[911.922s] aco: daemon_actions done, time: 911.922
[911.922s] aco: generation 776 start, time: 911.922
[912.209s] aco: compute_total_information done, time: 912.209
[912.457s] aco: ants_generation_and_activity done, time: 912.457
[912.462s] aco: pheromone_evaporation done, time: 912.462
[912.968s] aco: daemon_actions done, time: 912.968
[912.968s] aco: generation 777 start, time: 912.968
[913.241s] aco: compute_total_information done, time: 913.241
[913.477s] aco: ants_generation_and_activity done, time: 913.477
[913.481s] aco: pheromone_evaporation done, time: 913.481
[914.001s] aco: daemon_actions done, time: 914.001
[914.001s] aco: generation 778 start, time: 914.001
[914.278s] aco: compute_total_information done, time: 914.278
[914.519s] aco: ants_generation_and_activity done, time: 914.519
[914.523s] aco: pheromone_evaporation done, time: 914.523
[915.018s] aco: daemon_actions done, time: 915.018
[915.018s] aco: generation 779 start, time: 915.018
[915.310s] aco: compute_total_information done, time: 915.31
[915.606s] aco: ants_generation_and_activity done, time: 915.606
[915.609s] aco: pheromone_evaporation done, time: 915.609
[916.122s] aco: daemon_actions done, time: 916.122
[916.122s] aco: generation 780 start, time: 916.122
[916.420s] aco: compute_total_information done, time: 916.42
[916.686s] aco: ants_generation_and_activity done, time: 916.686
[916.690s] aco: pheromone_evaporation done, time: 916.69
[917.201s] aco: daemon_actions done, time: 917.201
[917.201s] aco: generation 781 start, time: 917.201
[917.490s] aco: compute_total_information done, time: 917.49
[917.731s] aco: ants_generation_and_activity done, time: 917.731
[917.735s] aco: pheromone_evaporation done, time: 917.735
[918.227s] aco: daemon_actions done, time: 918.227
[918.227s] aco: generation 782 start, time: 918.227
[918.492s] aco: compute_total_information done, time: 918.492
[918.711s] aco: ants_generation_and_activity done, time: 918.711
[918.712s] aco: pheromone_evaporation done, time: 918.712
[919.201s] aco: daemon_actions done, time: 919.201
[919.201s] aco: generation 783 start, time: 919.201
[919.522s] aco: compute_total_information done, time: 919.522
[919.758s] aco: ants_generation_and_activity done, time: 919.758
[919.761s] aco: pheromone_evaporation done, time: 919.761
[920.246s] aco: daemon_actions done, time: 920.246
[920.246s] aco: generation 784 start, time: 920.246
[920.512s] aco: compute_total_information done, time: 920.512
[920.751s] aco: ants_generation_and_activity done, time: 920.751
[920.754s] aco: pheromone_evaporation done, time: 920.754
[921.248s] aco: daemon_actions done, time: 921.248
[921.248s] aco: generation 785 start, time: 921.248
[921.517s] aco: compute_total_information done, time: 921.517
[921.761s] aco: ants_generation_and_activity done, time: 921.761
[921.765s] aco: pheromone_evaporation done, time: 921.765
[922.410s] aco: daemon_actions done, time: 922.41
[922.410s] aco: generation 786 start, time: 922.41
[922.774s] aco: compute_total_information done, time: 922.774
[923.120s] aco: ants_generation_and_activity done, time: 923.12
[923.124s] aco: pheromone_evaporation done, time: 923.124
[923.817s] aco: daemon_actions done, time: 923.817
[923.817s] aco: generation 787 start, time: 923.817
[924.183s] aco: compute_total_information done, time: 924.183
[924.461s] aco: ants_generation_and_activity done, time: 924.461
[924.465s] aco: pheromone_evaporation done, time: 924.465
[925.219s] aco: daemon_actions done, time: 925.219
[925.219s] aco: generation 788 start, time: 925.219
[925.589s] aco: compute_total_information done, time: 925.589
[925.899s] aco: ants_generation_and_activity done, time: 925.899
[925.904s] aco: pheromone_evaporation done, time: 925.904
[926.584s] aco: daemon_actions done, time: 926.584
[926.584s] aco: generation 789 start, time: 926.584
[926.920s] aco: compute_total_information done, time: 926.92
[927.270s] aco: ants_generation_and_activity done, time: 927.27
[927.274s] aco: pheromone_evaporation done, time: 927.274
[927.928s] aco: daemon_actions done, time: 927.928
[927.928s] aco: generation 790 start, time: 927.928
[928.222s] aco: compute_total_information done, time: 928.222
[928.454s] aco: ants_generation_and_activity done, time: 928.454
[928.457s] aco: pheromone_evaporation done, time: 928.457
[928.930s] aco: daemon_actions done, time: 928.93
[928.930s] aco: generation 791 start, time: 928.93
[929.194s] aco: compute_total_information done, time: 929.194
[929.416s] aco: ants_generation_and_activity done, time: 929.416
[929.417s] aco: pheromone_evaporation done, time: 929.417
[929.894s] aco: daemon_actions done, time: 929.894
[929.894s] aco: generation 792 start, time: 929.894
[930.162s] aco: compute_total_information done, time: 930.162
[930.419s] aco: ants_generation_and_activity done, time: 930.419
[930.422s] aco: pheromone_evaporation done, time: 930.422
[931.070s] aco: daemon_actions done, time: 931.07
[931.070s] aco: generation 793 start, time: 931.07
[931.419s] aco: compute_total_information done, time: 931.419
[931.666s] aco: ants_generation_and_activity done, time: 931.666
[931.668s] aco: pheromone_evaporation done, time: 931.668
[932.265s] aco: daemon_actions done, time: 932.265
[932.265s] aco: generation 794 start, time: 932.265
[932.556s] aco: compute_total_information done, time: 932.556
[932.838s] aco: ants_generation_and_activity done, time: 932.838
[932.842s] aco: pheromone_evaporation done, time: 932.842
[933.339s] aco: daemon_actions done, time: 933.339
[933.339s] aco: generation 795 start, time: 933.339
[933.615s] aco: compute_total_information done, time: 933.615
[933.860s] aco: ants_generation_and_activity done, time: 933.86
[933.863s] aco: pheromone_evaporation done, time: 933.863
[934.392s] aco: daemon_actions done, time: 934.392
[934.392s] aco: generation 796 start, time: 934.392
[934.721s] aco: compute_total_information done, time: 934.721
[935.030s] aco: ants_generation_and_activity done, time: 935.03
[935.034s] aco: pheromone_evaporation done, time: 935.034
[935.600s] aco: daemon_actions done, time: 935.6
[935.600s] aco: generation 797 start, time: 935.6
[935.873s] aco: compute_total_information done, time: 935.873
[936.145s] aco: ants_generation_and_activity done, time: 936.145
[936.149s] aco: pheromone_evaporation done, time: 936.149
[936.634s] aco: daemon_actions done, time: 936.634
[936.634s] aco: generation 798 start, time: 936.634
[936.937s] aco: compute_total_information done, time: 936.937
[937.206s] aco: ants_generation_and_activity done, time: 937.206
[937.209s] aco: pheromone_evaporation done, time: 937.209
[937.744s] aco: daemon_actions done, time: 937.744
[937.744s] aco: generation 799 start, time: 937.744
[938.023s] aco: compute_total_information done, time: 938.023
[938.279s] aco: ants_generation_and_activity done, time: 938.279
[938.283s] aco: pheromone_evaporation done, time: 938.283
[938.866s] aco: daemon_actions done, time: 938.866
[938.866s] aco: generation 800 start, time: 938.866
[939.184s] aco: compute_total_information done, time: 939.184
[939.431s] aco: ants_generation_and_activity done, time: 939.431
[939.433s] aco: pheromone_evaporation done, time: 939.433
[939.956s] aco: daemon_actions done, time: 939.956
[939.956s] aco: generation 801 start, time: 939.956
[940.219s] aco: compute_total_information done, time: 940.219
[940.455s] aco: ants_generation_and_activity done, time: 940.455
[940.458s] aco: pheromone_evaporation done, time: 940.458
[940.969s] aco: daemon_actions done, time: 940.969
[940.969s] aco: generation 802 start, time: 940.969
[941.283s] aco: compute_total_information done, time: 941.283
[941.539s] aco: ants_generation_and_activity done, time: 941.539
[941.542s] aco: pheromone_evaporation done, time: 941.542
[942.059s] aco: daemon_actions done, time: 942.059
[942.059s] aco: generation 803 start, time: 942.059
[942.322s] aco: compute_total_information done, time: 942.322
[942.605s] aco: ants_generation_and_activity done, time: 942.605
[942.609s] aco: pheromone_evaporation done, time: 942.609
[943.081s] aco: daemon_actions done, time: 943.081
[943.081s] aco: generation 804 start, time: 943.081
[943.345s] aco: compute_total_information done, time: 943.345
[943.593s] aco: ants_generation_and_activity done, time: 943.593
[943.597s] aco: pheromone_evaporation done, time: 943.597
[944.275s] aco: daemon_actions done, time: 944.275
[944.275s] aco: generation 805 start, time: 944.275
[944.631s] aco: compute_total_information done, time: 944.631
[944.953s] aco: ants_generation_and_activity done, time: 944.953
[944.957s] aco: pheromone_evaporation done, time: 944.957
[945.573s] aco: daemon_actions done, time: 945.573
[945.573s] aco: generation 806 start, time: 945.573
[945.910s] aco: compute_total_information done, time: 945.91
[946.206s] aco: ants_generation_and_activity done, time: 946.206
[946.208s] aco: pheromone_evaporation done, time: 946.208
[946.943s] aco: daemon_actions done, time: 946.943
[946.943s] aco: generation 807 start, time: 946.943
[947.287s] aco: compute_total_information done, time: 947.287
[947.576s] aco: ants_generation_and_activity done, time: 947.576
[947.580s] aco: pheromone_evaporation done, time: 947.58
[948.194s] aco: daemon_actions done, time: 948.194
[948.194s] aco: generation 808 start, time: 948.194
[948.532s] aco: compute_total_information done, time: 948.532
[948.813s] aco: ants_generation_and_activity done, time: 948.813
[948.817s] aco: pheromone_evaporation done, time: 948.817
[949.438s] aco: daemon_actions done, time: 949.438
[949.439s] aco: generation 809 start, time: 949.439
[949.804s] aco: compute_total_information done, time: 949.804
[950.102s] aco: ants_generation_and_activity done, time: 950.102
[950.107s] aco: pheromone_evaporation done, time: 950.107
[950.657s] aco: daemon_actions done, time: 950.657
[950.657s] aco: stopping after 810 generations
[950.657s] main: starting Ultimate Tour Optimization
[959.139s] uto: new global improvement loop, time: 959.139
