[0.001s] Log started
[0.001s] main: parameter validation passed
[0.001s] thopproblem: loading data from ..\..\instances\dsj1000-thop\dsj1000_10_usw_10_03.thop
[0.024s] thopproblem: read header -> cities=1000, items=9980, capacity=9122564, maxTime=3.37538e+007
[0.024s] thopproblem: loaded 1000 nodes and 9980 items
[0.024s] thopproblem: Node 0 -> id: 0 x: 981036 y: 508139
[0.024s] thopproblem: Node 999 -> id: 999 x: 471287 y: 119659
[0.024s] main: input loaded (1000 cities, 9980 items)
[0.024s] packing: initializing packing structures
[0.024s] packing: nCities=1000, nItems=9980, capacity=9122564, minSpeed=0.1, maxSpeed=1
[0.026s] packing: initialized city map and item buckets
[0.026s] main: PackingPlan initialized
[0.026s] aco: initializing ACO solver
[0.048s] aco: initialized 1000 components and 50 ants
[0.048s] main: AntColonyOptimization initialized
[0.000s] aco: generation 0 start, time: 0
[0.424s] aco: compute_total_information done, time: 0.424466
[0.949s] aco: ants_generation_and_activity done, time: 0.948552
[0.954s] aco: pheromone_evaporation done, time: 0.95355
[1.475s] aco: new best solution found with cost 4.37836e+006 and 1000 components
[1.481s] aco: daemon_actions done, time: 1.48131
[1.481s] aco: generation 1 start, time: 1.48131
[1.773s] aco: compute_total_information done, time: 1.77252
[2.123s] aco: ants_generation_and_activity done, time: 2.1227
[2.126s] aco: pheromone_evaporation done, time: 2.1257
[2.611s] aco: new best solution found with cost 4.39985e+006 and 1000 components
[2.614s] aco: daemon_actions done, time: 2.61366
[2.614s] aco: generation 2 start, time: 2.61366
[2.883s] aco: compute_total_information done, time: 2.88311
[3.238s] aco: ants_generation_and_activity done, time: 3.23829
[3.242s] aco: pheromone_evaporation done, time: 3.24231
[3.799s] aco: daemon_actions done, time: 3.79881
[3.799s] aco: generation 3 start, time: 3.79881
[4.095s] aco: compute_total_information done, time: 4.09514
[4.464s] aco: ants_generation_and_activity done, time: 4.46401
[4.468s] aco: pheromone_evaporation done, time: 4.46753
[4.972s] aco: new best solution found with cost 4.44761e+006 and 1000 components
[4.975s] aco: daemon_actions done, time: 4.97515
[4.975s] aco: generation 4 start, time: 4.97515
[5.293s] aco: compute_total_information done, time: 5.29342
[5.652s] aco: ants_generation_and_activity done, time: 5.65185
[5.653s] aco: pheromone_evaporation done, time: 5.65284
[6.152s] aco: daemon_actions done, time: 6.15226
[6.152s] aco: generation 5 start, time: 6.15226
[6.437s] aco: compute_total_information done, time: 6.43719
[6.776s] aco: ants_generation_and_activity done, time: 6.7761
[6.779s] aco: pheromone_evaporation done, time: 6.77913
[7.248s] aco: new best solution found with cost 4.46436e+006 and 1000 components
[7.251s] aco: daemon_actions done, time: 7.25124
[7.251s] aco: generation 6 start, time: 7.25124
[7.568s] aco: compute_total_information done, time: 7.56772
[7.913s] aco: ants_generation_and_activity done, time: 7.91289
[7.916s] aco: pheromone_evaporation done, time: 7.9159
[8.463s] aco: daemon_actions done, time: 8.46325
[8.464s] aco: generation 7 start, time: 8.46425
[8.782s] aco: compute_total_information done, time: 8.78222
[9.130s] aco: ants_generation_and_activity done, time: 9.12975
[9.134s] aco: pheromone_evaporation done, time: 9.13375
[9.655s] aco: daemon_actions done, time: 9.65452
[9.655s] aco: generation 8 start, time: 9.65452
[9.934s] aco: compute_total_information done, time: 9.93416
[10.273s] aco: ants_generation_and_activity done, time: 10.2727
[10.277s] aco: pheromone_evaporation done, time: 10.2772
[10.764s] aco: daemon_actions done, time: 10.7636
[10.764s] aco: generation 9 start, time: 10.7636
[11.095s] aco: compute_total_information done, time: 11.0955
[11.428s] aco: ants_generation_and_activity done, time: 11.4278
[11.431s] aco: pheromone_evaporation done, time: 11.4308
[11.932s] aco: new best solution found with cost 4.48756e+006 and 1000 components
[11.937s] aco: daemon_actions done, time: 11.9374
[11.937s] aco: generation 10 start, time: 11.9374
[12.214s] aco: compute_total_information done, time: 12.2145
[12.535s] aco: ants_generation_and_activity done, time: 12.5348
[12.536s] aco: pheromone_evaporation done, time: 12.5358
[13.009s] aco: daemon_actions done, time: 13.0092
[13.009s] aco: generation 11 start, time: 13.0092
[13.280s] aco: compute_total_information done, time: 13.2799
[13.600s] aco: ants_generation_and_activity done, time: 13.5999
[13.603s] aco: pheromone_evaporation done, time: 13.6029
[14.076s] aco: new best solution found with cost 4.51584e+006 and 1000 components
[14.079s] aco: daemon_actions done, time: 14.0792
[14.079s] aco: generation 12 start, time: 14.0792
[14.339s] aco: compute_total_information done, time: 14.3388
[14.720s] aco: ants_generation_and_activity done, time: 14.7197
[14.723s] aco: pheromone_evaporation done, time: 14.7227
[15.182s] aco: new best solution found with cost 4.54542e+006 and 1000 components
[15.186s] aco: daemon_actions done, time: 15.1859
[15.186s] aco: generation 13 start, time: 15.1859
[15.449s] aco: compute_total_information done, time: 15.4485
[15.765s] aco: ants_generation_and_activity done, time: 15.7655
[15.770s] aco: pheromone_evaporation done, time: 15.77
[16.239s] aco: daemon_actions done, time: 16.2387
[16.239s] aco: generation 14 start, time: 16.2387
[16.500s] aco: compute_total_information done, time: 16.4998
[16.815s] aco: ants_generation_and_activity done, time: 16.8147
[16.818s] aco: pheromone_evaporation done, time: 16.8177
[17.278s] aco: daemon_actions done, time: 17.278
[17.278s] aco: generation 15 start, time: 17.278
[17.533s] aco: compute_total_information done, time: 17.5327
[17.860s] aco: ants_generation_and_activity done, time: 17.8597
[17.863s] aco: pheromone_evaporation done, time: 17.8627
[18.428s] aco: daemon_actions done, time: 18.4278
[18.428s] aco: generation 16 start, time: 18.4278
[18.734s] aco: compute_total_information done, time: 18.7345
[19.056s] aco: ants_generation_and_activity done, time: 19.0561
[19.060s] aco: pheromone_evaporation done, time: 19.0601
[19.604s] aco: daemon_actions done, time: 19.6038
[19.604s] aco: generation 17 start, time: 19.6038
[19.943s] aco: compute_total_information done, time: 19.9432
[20.254s] aco: ants_generation_and_activity done, time: 20.2539
[20.257s] aco: pheromone_evaporation done, time: 20.257
[20.770s] aco: daemon_actions done, time: 20.7701
[20.770s] aco: generation 18 start, time: 20.7701
[21.033s] aco: compute_total_information done, time: 21.0332
[21.351s] aco: ants_generation_and_activity done, time: 21.3514
[21.354s] aco: pheromone_evaporation done, time: 21.3544
[21.909s] aco: daemon_actions done, time: 21.9091
[21.909s] aco: generation 19 start, time: 21.9091
[22.161s] aco: compute_total_information done, time: 22.1614
[22.502s] aco: ants_generation_and_activity done, time: 22.5018
[22.506s] aco: pheromone_evaporation done, time: 22.5057
[23.027s] aco: daemon_actions done, time: 23.0272
[23.028s] aco: generation 20 start, time: 23.0282
[23.300s] aco: compute_total_information done, time: 23.3002
[23.615s] aco: ants_generation_and_activity done, time: 23.6154
[23.618s] aco: pheromone_evaporation done, time: 23.6184
[24.104s] aco: daemon_actions done, time: 24.104
[24.104s] aco: generation 21 start, time: 24.104
[24.360s] aco: compute_total_information done, time: 24.3597
[24.674s] aco: ants_generation_and_activity done, time: 24.6745
[24.677s] aco: pheromone_evaporation done, time: 24.6775
[25.190s] aco: new best solution found with cost 4.5484e+006 and 1000 components
[25.194s] aco: daemon_actions done, time: 25.194
[25.194s] aco: generation 22 start, time: 25.194
[25.457s] aco: compute_total_information done, time: 25.4568
[25.777s] aco: ants_generation_and_activity done, time: 25.7766
[25.780s] aco: pheromone_evaporation done, time: 25.7796
[26.245s] aco: daemon_actions done, time: 26.2439
[26.245s] aco: generation 23 start, time: 26.2449
[26.505s] aco: compute_total_information done, time: 26.5045
[26.836s] aco: ants_generation_and_activity done, time: 26.836
[26.839s] aco: pheromone_evaporation done, time: 26.839
[27.295s] aco: daemon_actions done, time: 27.2954
[27.295s] aco: generation 24 start, time: 27.2954
[27.556s] aco: compute_total_information done, time: 27.5559
[27.878s] aco: ants_generation_and_activity done, time: 27.8785
[27.882s] aco: pheromone_evaporation done, time: 27.8825
[28.358s] aco: daemon_actions done, time: 28.3584
[28.358s] aco: generation 25 start, time: 28.3584
[28.708s] aco: compute_total_information done, time: 28.7077
[29.084s] aco: ants_generation_and_activity done, time: 29.0842
[29.087s] aco: pheromone_evaporation done, time: 29.0872
[29.567s] aco: daemon_actions done, time: 29.5669
[29.567s] aco: generation 26 start, time: 29.5669
[29.832s] aco: compute_total_information done, time: 29.832
[30.134s] aco: ants_generation_and_activity done, time: 30.1336
[30.137s] aco: pheromone_evaporation done, time: 30.1366
[30.608s] aco: daemon_actions done, time: 30.6079
[30.608s] aco: generation 27 start, time: 30.6079
[30.867s] aco: compute_total_information done, time: 30.8671
[31.169s] aco: ants_generation_and_activity done, time: 31.1691
[31.172s] aco: pheromone_evaporation done, time: 31.1721
[31.651s] aco: daemon_actions done, time: 31.6507
[31.651s] aco: generation 28 start, time: 31.6507
[31.916s] aco: compute_total_information done, time: 31.9163
[32.288s] aco: ants_generation_and_activity done, time: 32.2875
[32.292s] aco: pheromone_evaporation done, time: 32.2915
[32.770s] aco: new best solution found with cost 4.58368e+006 and 1000 components
[32.773s] aco: daemon_actions done, time: 32.7732
[32.773s] aco: generation 29 start, time: 32.7732
[33.031s] aco: compute_total_information done, time: 33.0312
[33.318s] aco: ants_generation_and_activity done, time: 33.3182
[33.320s] aco: pheromone_evaporation done, time: 33.3201
[33.796s] aco: daemon_actions done, time: 33.7958
[33.796s] aco: generation 30 start, time: 33.7958
[34.063s] aco: compute_total_information done, time: 34.0634
[34.386s] aco: ants_generation_and_activity done, time: 34.3855
[34.388s] aco: pheromone_evaporation done, time: 34.3875
[34.894s] aco: daemon_actions done, time: 34.8942
[34.894s] aco: generation 31 start, time: 34.8942
[35.150s] aco: compute_total_information done, time: 35.1497
[35.441s] aco: ants_generation_and_activity done, time: 35.4407
[35.444s] aco: pheromone_evaporation done, time: 35.4437
[35.970s] aco: daemon_actions done, time: 35.9696
[35.970s] aco: generation 32 start, time: 35.9696
[36.235s] aco: compute_total_information done, time: 36.2346
[36.534s] aco: ants_generation_and_activity done, time: 36.5341
[36.536s] aco: pheromone_evaporation done, time: 36.5361
[37.007s] aco: new best solution found with cost 4.58692e+006 and 1000 components
[37.011s] aco: daemon_actions done, time: 37.0112
[37.011s] aco: generation 33 start, time: 37.0112
[37.269s] aco: compute_total_information done, time: 37.2695
[37.561s] aco: ants_generation_and_activity done, time: 37.5605
[37.564s] aco: pheromone_evaporation done, time: 37.5635
[38.029s] aco: daemon_actions done, time: 38.0286
[38.029s] aco: generation 34 start, time: 38.0286
[38.300s] aco: compute_total_information done, time: 38.3002
[38.600s] aco: ants_generation_and_activity done, time: 38.6004
[38.604s] aco: pheromone_evaporation done, time: 38.6044
[39.077s] aco: daemon_actions done, time: 39.0773
[39.077s] aco: generation 35 start, time: 39.0773
[39.331s] aco: compute_total_information done, time: 39.3314
[39.676s] aco: ants_generation_and_activity done, time: 39.6758
[39.679s] aco: pheromone_evaporation done, time: 39.6788
[40.237s] aco: daemon_actions done, time: 40.237
[40.237s] aco: generation 36 start, time: 40.237
[40.598s] aco: compute_total_information done, time: 40.5979
[40.996s] aco: ants_generation_and_activity done, time: 40.9961
[41.000s] aco: pheromone_evaporation done, time: 41.0001
[41.606s] aco: daemon_actions done, time: 41.6056
[41.607s] aco: generation 37 start, time: 41.6066
[41.950s] aco: compute_total_information done, time: 41.9499
[42.305s] aco: ants_generation_and_activity done, time: 42.3046
[42.309s] aco: pheromone_evaporation done, time: 42.3086
[43.037s] aco: daemon_actions done, time: 43.0369
[43.037s] aco: generation 38 start, time: 43.0369
[43.372s] aco: compute_total_information done, time: 43.3722
[43.752s] aco: ants_generation_and_activity done, time: 43.7521
[43.756s] aco: pheromone_evaporation done, time: 43.7561
[44.380s] aco: daemon_actions done, time: 44.3799
[44.380s] aco: generation 39 start, time: 44.3799
[44.741s] aco: compute_total_information done, time: 44.7412
[45.097s] aco: ants_generation_and_activity done, time: 45.0968
[45.101s] aco: pheromone_evaporation done, time: 45.1008
[45.703s] aco: daemon_actions done, time: 45.703
[45.703s] aco: generation 40 start, time: 45.703
[45.975s] aco: compute_total_information done, time: 45.9753
[46.259s] aco: ants_generation_and_activity done, time: 46.2591
[46.261s] aco: pheromone_evaporation done, time: 46.2611
[46.796s] aco: daemon_actions done, time: 46.7956
[46.796s] aco: generation 41 start, time: 46.7956
[47.052s] aco: compute_total_information done, time: 47.0521
[47.343s] aco: ants_generation_and_activity done, time: 47.343
[47.347s] aco: pheromone_evaporation done, time: 47.347
[47.825s] aco: daemon_actions done, time: 47.8253
[47.825s] aco: generation 42 start, time: 47.8253
[48.099s] aco: compute_total_information done, time: 48.0987
[48.392s] aco: ants_generation_and_activity done, time: 48.3915
[48.394s] aco: pheromone_evaporation done, time: 48.3935
[48.898s] aco: daemon_actions done, time: 48.8978
[48.898s] aco: generation 43 start, time: 48.8978
[49.161s] aco: compute_total_information done, time: 49.1608
[49.502s] aco: ants_generation_and_activity done, time: 49.5017
[49.506s] aco: pheromone_evaporation done, time: 49.5058
[50.009s] aco: daemon_actions done, time: 50.0092
[50.009s] aco: generation 44 start, time: 50.0092
[50.322s] aco: compute_total_information done, time: 50.322
[50.635s] aco: ants_generation_and_activity done, time: 50.634
[50.637s] aco: pheromone_evaporation done, time: 50.637
[51.537s] aco: daemon_actions done, time: 51.5366
[51.537s] aco: generation 45 start, time: 51.5366
[52.040s] aco: compute_total_information done, time: 52.0405
[52.622s] aco: ants_generation_and_activity done, time: 52.6223
[52.624s] aco: pheromone_evaporation done, time: 52.6239
[53.393s] aco: daemon_actions done, time: 53.3931
[53.394s] aco: generation 46 start, time: 53.394
[53.975s] aco: compute_total_information done, time: 53.9749
[54.434s] aco: ants_generation_and_activity done, time: 54.4344
[54.437s] aco: pheromone_evaporation done, time: 54.4369
[54.964s] aco: daemon_actions done, time: 54.9637
[54.964s] aco: generation 47 start, time: 54.9637
[55.323s] aco: compute_total_information done, time: 55.3229
[55.704s] aco: ants_generation_and_activity done, time: 55.7044
[55.709s] aco: pheromone_evaporation done, time: 55.7089
[56.221s] aco: daemon_actions done, time: 56.2205
[56.221s] aco: generation 48 start, time: 56.2205
[56.521s] aco: compute_total_information done, time: 56.521
[56.832s] aco: ants_generation_and_activity done, time: 56.8321
[56.835s] aco: pheromone_evaporation done, time: 56.8351
[57.405s] aco: daemon_actions done, time: 57.4049
[57.405s] aco: generation 49 start, time: 57.4049
[57.678s] aco: compute_total_information done, time: 57.6784
[57.992s] aco: ants_generation_and_activity done, time: 57.9924
[57.996s] aco: pheromone_evaporation done, time: 57.9959
[58.508s] aco: daemon_actions done, time: 58.5081
[58.508s] aco: generation 50 start, time: 58.5081
[58.786s] aco: compute_total_information done, time: 58.786
[59.091s] aco: ants_generation_and_activity done, time: 59.0911
[59.093s] aco: pheromone_evaporation done, time: 59.0931
[59.635s] aco: daemon_actions done, time: 59.6352
[59.636s] aco: generation 51 start, time: 59.6362
[60.043s] aco: compute_total_information done, time: 60.0428
[60.410s] aco: ants_generation_and_activity done, time: 60.4104
[60.414s] aco: pheromone_evaporation done, time: 60.4144
[60.995s] aco: daemon_actions done, time: 60.995
[60.995s] aco: generation 52 start, time: 60.995
[61.272s] aco: compute_total_information done, time: 61.2716
[61.604s] aco: ants_generation_and_activity done, time: 61.6039
[61.607s] aco: pheromone_evaporation done, time: 61.6075
[62.095s] aco: new best solution found with cost 4.5904e+006 and 1000 components
[62.099s] aco: daemon_actions done, time: 62.0986
[62.099s] aco: generation 53 start, time: 62.0986
[62.379s] aco: compute_total_information done, time: 62.3786
[62.694s] aco: ants_generation_and_activity done, time: 62.6944
[62.699s] aco: pheromone_evaporation done, time: 62.6989
[63.302s] aco: daemon_actions done, time: 63.3017
[63.302s] aco: generation 54 start, time: 63.3017
[63.597s] aco: compute_total_information done, time: 63.5966
[63.977s] aco: ants_generation_and_activity done, time: 63.9765
[63.981s] aco: pheromone_evaporation done, time: 63.9805
[64.552s] aco: daemon_actions done, time: 64.5524
[64.552s] aco: generation 55 start, time: 64.5524
[64.889s] aco: compute_total_information done, time: 64.889
[65.203s] aco: ants_generation_and_activity done, time: 65.2029
[65.207s] aco: pheromone_evaporation done, time: 65.2074
[65.712s] aco: daemon_actions done, time: 65.7121
[65.712s] aco: generation 56 start, time: 65.7121
[65.998s] aco: compute_total_information done, time: 65.9982
[66.301s] aco: ants_generation_and_activity done, time: 66.3008
[66.305s] aco: pheromone_evaporation done, time: 66.3048
[66.830s] aco: daemon_actions done, time: 66.8299
[66.830s] aco: generation 57 start, time: 66.8299
[67.112s] aco: compute_total_information done, time: 67.1116
[67.402s] aco: ants_generation_and_activity done, time: 67.4025
[67.406s] aco: pheromone_evaporation done, time: 67.406
[67.973s] aco: daemon_actions done, time: 67.9734
[67.973s] aco: generation 58 start, time: 67.9734
[68.287s] aco: compute_total_information done, time: 68.2872
[68.598s] aco: ants_generation_and_activity done, time: 68.5979
[68.602s] aco: pheromone_evaporation done, time: 68.6019
[69.099s] aco: daemon_actions done, time: 69.0989
[69.099s] aco: generation 59 start, time: 69.0989
[69.391s] aco: compute_total_information done, time: 69.3912
[69.681s] aco: ants_generation_and_activity done, time: 69.6811
[69.684s] aco: pheromone_evaporation done, time: 69.6841
[70.201s] aco: daemon_actions done, time: 70.2007
[70.201s] aco: generation 60 start, time: 70.2007
[70.497s] aco: compute_total_information done, time: 70.4972
[70.793s] aco: ants_generation_and_activity done, time: 70.7927
[70.796s] aco: pheromone_evaporation done, time: 70.7962
[71.284s] aco: daemon_actions done, time: 71.2844
[71.286s] aco: generation 61 start, time: 71.2859
[71.622s] aco: compute_total_information done, time: 71.6218
[71.912s] aco: ants_generation_and_activity done, time: 71.9125
[71.916s] aco: pheromone_evaporation done, time: 71.916
[72.408s] aco: daemon_actions done, time: 72.4076
[72.408s] aco: generation 62 start, time: 72.4076
[72.674s] aco: compute_total_information done, time: 72.674
[72.940s] aco: ants_generation_and_activity done, time: 72.9395
[72.943s] aco: pheromone_evaporation done, time: 72.9432
[73.443s] aco: daemon_actions done, time: 73.443
[73.443s] aco: generation 63 start, time: 73.443
[73.726s] aco: compute_total_information done, time: 73.7262
[74.036s] aco: ants_generation_and_activity done, time: 74.0361
[74.040s] aco: pheromone_evaporation done, time: 74.0401
[74.564s] aco: new best solution found with cost 4.62549e+006 and 1000 components
[74.569s] aco: daemon_actions done, time: 74.5694
[74.569s] aco: generation 64 start, time: 74.5694
[74.868s] aco: compute_total_information done, time: 74.8677
[75.222s] aco: ants_generation_and_activity done, time: 75.2216
[75.226s] aco: pheromone_evaporation done, time: 75.2261
[75.777s] aco: daemon_actions done, time: 75.7775
[75.777s] aco: generation 65 start, time: 75.7775
[76.051s] aco: compute_total_information done, time: 76.0512
[76.328s] aco: ants_generation_and_activity done, time: 76.328
[76.332s] aco: pheromone_evaporation done, time: 76.3325
[76.816s] aco: daemon_actions done, time: 76.8161
[76.816s] aco: generation 66 start, time: 76.8161
[77.101s] aco: compute_total_information done, time: 77.1012
[77.398s] aco: ants_generation_and_activity done, time: 77.3983
[77.401s] aco: pheromone_evaporation done, time: 77.4013
[77.915s] aco: daemon_actions done, time: 77.9148
[77.916s] aco: generation 67 start, time: 77.9158
[78.188s] aco: compute_total_information done, time: 78.1884
[78.603s] aco: ants_generation_and_activity done, time: 78.603
[78.607s] aco: pheromone_evaporation done, time: 78.6065
[79.145s] aco: daemon_actions done, time: 79.1452
[79.146s] aco: generation 68 start, time: 79.1462
[79.415s] aco: compute_total_information done, time: 79.4146
[79.753s] aco: ants_generation_and_activity done, time: 79.7527
[79.756s] aco: pheromone_evaporation done, time: 79.7563
[80.279s] aco: daemon_actions done, time: 80.2789
[80.279s] aco: generation 69 start, time: 80.2789
[80.560s] aco: compute_total_information done, time: 80.559
[80.872s] aco: ants_generation_and_activity done, time: 80.8724
[80.876s] aco: pheromone_evaporation done, time: 80.876
[81.393s] aco: daemon_actions done, time: 81.3925
[81.393s] aco: generation 70 start, time: 81.3925
[81.734s] aco: compute_total_information done, time: 81.7343
[82.056s] aco: ants_generation_and_activity done, time: 82.0562
[82.059s] aco: pheromone_evaporation done, time: 82.0592
[82.625s] aco: daemon_actions done, time: 82.6252
[82.625s] aco: generation 71 start, time: 82.6252
[82.883s] aco: compute_total_information done, time: 82.8829
[83.147s] aco: ants_generation_and_activity done, time: 83.1468
[83.151s] aco: pheromone_evaporation done, time: 83.1508
[83.667s] aco: daemon_actions done, time: 83.667
[83.667s] aco: generation 72 start, time: 83.667
[83.983s] aco: compute_total_information done, time: 83.9828
[84.298s] aco: ants_generation_and_activity done, time: 84.2984
[84.302s] aco: pheromone_evaporation done, time: 84.3024
[85.176s] aco: daemon_actions done, time: 85.1759
[85.176s] aco: generation 73 start, time: 85.1759
[85.740s] aco: compute_total_information done, time: 85.7404
[86.299s] aco: ants_generation_and_activity done, time: 86.2991
[86.302s] aco: pheromone_evaporation done, time: 86.3021
[87.381s] aco: daemon_actions done, time: 87.3812
[87.381s] aco: generation 74 start, time: 87.3812
[88.060s] aco: compute_total_information done, time: 88.06
[88.453s] aco: ants_generation_and_activity done, time: 88.4531
[88.454s] aco: pheromone_evaporation done, time: 88.4541
[89.365s] aco: daemon_actions done, time: 89.365
[89.365s] aco: generation 75 start, time: 89.365
[89.819s] aco: compute_total_information done, time: 89.8192
[90.216s] aco: ants_generation_and_activity done, time: 90.2159
[90.218s] aco: pheromone_evaporation done, time: 90.2184
[91.007s] aco: daemon_actions done, time: 91.0068
[91.007s] aco: generation 76 start, time: 91.0068
[91.385s] aco: compute_total_information done, time: 91.3853
[91.753s] aco: ants_generation_and_activity done, time: 91.753
[91.758s] aco: pheromone_evaporation done, time: 91.7575
[92.457s] aco: daemon_actions done, time: 92.4574
[92.457s] aco: generation 77 start, time: 92.4574
[92.958s] aco: compute_total_information done, time: 92.9582
[93.340s] aco: ants_generation_and_activity done, time: 93.3402
[93.344s] aco: pheromone_evaporation done, time: 93.3442
[93.986s] aco: daemon_actions done, time: 93.9858
[93.986s] aco: generation 78 start, time: 93.9858
[94.337s] aco: compute_total_information done, time: 94.3373
[94.682s] aco: ants_generation_and_activity done, time: 94.6821
[94.685s] aco: pheromone_evaporation done, time: 94.6851
[95.297s] aco: daemon_actions done, time: 95.2974
[95.298s] aco: generation 79 start, time: 95.2984
[95.663s] aco: compute_total_information done, time: 95.6631
[96.013s] aco: ants_generation_and_activity done, time: 96.0127
[96.016s] aco: pheromone_evaporation done, time: 96.0162
[96.569s] aco: daemon_actions done, time: 96.5686
[96.569s] aco: generation 80 start, time: 96.5686
[96.840s] aco: compute_total_information done, time: 96.8403
[97.099s] aco: ants_generation_and_activity done, time: 97.0988
[97.103s] aco: pheromone_evaporation done, time: 97.1028
[97.652s] aco: daemon_actions done, time: 97.6524
[97.652s] aco: generation 81 start, time: 97.6524
[97.962s] aco: compute_total_information done, time: 97.9622
[98.236s] aco: ants_generation_and_activity done, time: 98.2359
[98.240s] aco: pheromone_evaporation done, time: 98.24
[98.814s] aco: daemon_actions done, time: 98.8139
[98.815s] aco: generation 82 start, time: 98.8149
[99.160s] aco: compute_total_information done, time: 99.1604
[99.462s] aco: ants_generation_and_activity done, time: 99.4619
[99.465s] aco: pheromone_evaporation done, time: 99.4649
[100.176s] aco: daemon_actions done, time: 100.176
[100.177s] aco: generation 83 start, time: 100.177
[100.607s] aco: compute_total_information done, time: 100.607
[100.966s] aco: ants_generation_and_activity done, time: 100.966
[100.970s] aco: pheromone_evaporation done, time: 100.97
[101.762s] aco: daemon_actions done, time: 101.762
[101.762s] aco: generation 84 start, time: 101.762
[102.146s] aco: compute_total_information done, time: 102.146
[102.492s] aco: ants_generation_and_activity done, time: 102.492
[102.494s] aco: pheromone_evaporation done, time: 102.494
[103.126s] aco: daemon_actions done, time: 103.126
[103.126s] aco: generation 85 start, time: 103.126
[103.599s] aco: compute_total_information done, time: 103.599
[103.988s] aco: ants_generation_and_activity done, time: 103.988
[103.992s] aco: pheromone_evaporation done, time: 103.992
[104.637s] aco: daemon_actions done, time: 104.637
[104.637s] aco: generation 86 start, time: 104.637
[104.981s] aco: compute_total_information done, time: 104.981
[105.327s] aco: ants_generation_and_activity done, time: 105.327
[105.331s] aco: pheromone_evaporation done, time: 105.331
[105.957s] aco: daemon_actions done, time: 105.957
[105.957s] aco: generation 87 start, time: 105.957
[106.235s] aco: compute_total_information done, time: 106.235
[106.517s] aco: ants_generation_and_activity done, time: 106.517
[106.519s] aco: pheromone_evaporation done, time: 106.519
[107.069s] aco: daemon_actions done, time: 107.069
[107.069s] aco: generation 88 start, time: 107.069
[107.449s] aco: compute_total_information done, time: 107.449
[107.728s] aco: ants_generation_and_activity done, time: 107.728
[107.731s] aco: pheromone_evaporation done, time: 107.731
[108.230s] aco: daemon_actions done, time: 108.23
[108.230s] aco: generation 89 start, time: 108.23
[108.501s] aco: compute_total_information done, time: 108.501
[108.804s] aco: ants_generation_and_activity done, time: 108.804
[108.808s] aco: pheromone_evaporation done, time: 108.808
[109.322s] aco: daemon_actions done, time: 109.322
[109.322s] aco: generation 90 start, time: 109.322
[109.607s] aco: compute_total_information done, time: 109.607
[109.902s] aco: ants_generation_and_activity done, time: 109.902
[109.905s] aco: pheromone_evaporation done, time: 109.905
[110.557s] aco: daemon_actions done, time: 110.557
[110.557s] aco: generation 91 start, time: 110.557
[110.964s] aco: compute_total_information done, time: 110.964
[111.340s] aco: ants_generation_and_activity done, time: 111.34
[111.343s] aco: pheromone_evaporation done, time: 111.343
[111.900s] aco: daemon_actions done, time: 111.9
[111.900s] aco: generation 92 start, time: 111.9
[112.217s] aco: compute_total_information done, time: 112.217
[112.580s] aco: ants_generation_and_activity done, time: 112.58
[112.584s] aco: pheromone_evaporation done, time: 112.584
[113.186s] aco: daemon_actions done, time: 113.186
[113.186s] aco: generation 93 start, time: 113.186
[113.560s] aco: compute_total_information done, time: 113.56
[113.843s] aco: ants_generation_and_activity done, time: 113.843
[113.844s] aco: pheromone_evaporation done, time: 113.844
[114.455s] aco: daemon_actions done, time: 114.455
[114.455s] aco: generation 94 start, time: 114.455
[114.806s] aco: compute_total_information done, time: 114.806
[115.168s] aco: ants_generation_and_activity done, time: 115.168
[115.169s] aco: pheromone_evaporation done, time: 115.169
[116.205s] aco: daemon_actions done, time: 116.205
[116.205s] aco: generation 95 start, time: 116.205
[116.822s] aco: compute_total_information done, time: 116.822
[117.283s] aco: ants_generation_and_activity done, time: 117.283
[117.285s] aco: pheromone_evaporation done, time: 117.285
[118.181s] aco: daemon_actions done, time: 118.181
[118.181s] aco: generation 96 start, time: 118.181
[118.733s] aco: compute_total_information done, time: 118.733
[119.125s] aco: ants_generation_and_activity done, time: 119.125
[119.129s] aco: pheromone_evaporation done, time: 119.129
[119.978s] aco: daemon_actions done, time: 119.978
[119.978s] aco: generation 97 start, time: 119.978
[120.411s] aco: compute_total_information done, time: 120.411
[120.867s] aco: ants_generation_and_activity done, time: 120.867
[120.871s] aco: pheromone_evaporation done, time: 120.87
[121.718s] aco: daemon_actions done, time: 121.718
[121.718s] aco: generation 98 start, time: 121.718
[122.138s] aco: compute_total_information done, time: 122.138
[122.509s] aco: ants_generation_and_activity done, time: 122.508
[122.511s] aco: pheromone_evaporation done, time: 122.511
[123.154s] aco: new best solution found with cost 4.64498e+006 and 1000 components
[123.158s] aco: daemon_actions done, time: 123.158
[123.158s] aco: generation 99 start, time: 123.158
[123.448s] aco: compute_total_information done, time: 123.448
[123.738s] aco: ants_generation_and_activity done, time: 123.738
[123.742s] aco: pheromone_evaporation done, time: 123.742
[124.317s] aco: daemon_actions done, time: 124.317
[124.317s] aco: generation 100 start, time: 124.317
[124.674s] aco: compute_total_information done, time: 124.674
[124.956s] aco: ants_generation_and_activity done, time: 124.956
[124.959s] aco: pheromone_evaporation done, time: 124.959
[125.491s] aco: new best solution found with cost 4.65137e+006 and 1000 components
[125.494s] aco: daemon_actions done, time: 125.494
[125.494s] aco: generation 101 start, time: 125.494
[125.790s] aco: compute_total_information done, time: 125.79
[126.056s] aco: ants_generation_and_activity done, time: 126.056
[126.059s] aco: pheromone_evaporation done, time: 126.059
[126.625s] aco: daemon_actions done, time: 126.625
[126.625s] aco: generation 102 start, time: 126.625
[126.908s] aco: compute_total_information done, time: 126.908
[127.154s] aco: ants_generation_and_activity done, time: 127.154
[127.158s] aco: pheromone_evaporation done, time: 127.158
[127.706s] aco: daemon_actions done, time: 127.706
[127.706s] aco: generation 103 start, time: 127.706
[128.048s] aco: compute_total_information done, time: 128.048
[128.364s] aco: ants_generation_and_activity done, time: 128.364
[128.368s] aco: pheromone_evaporation done, time: 128.368
[129.006s] aco: daemon_actions done, time: 129.006
[129.006s] aco: generation 104 start, time: 129.006
[129.329s] aco: compute_total_information done, time: 129.329
[129.591s] aco: ants_generation_and_activity done, time: 129.591
[129.595s] aco: pheromone_evaporation done, time: 129.595
[130.118s] aco: daemon_actions done, time: 130.118
[130.118s] aco: generation 105 start, time: 130.118
[130.399s] aco: compute_total_information done, time: 130.399
[130.657s] aco: ants_generation_and_activity done, time: 130.657
[130.660s] aco: pheromone_evaporation done, time: 130.66
[131.126s] aco: daemon_actions done, time: 131.126
[131.126s] aco: generation 106 start, time: 131.126
[131.403s] aco: compute_total_information done, time: 131.403
[131.645s] aco: ants_generation_and_activity done, time: 131.645
[131.649s] aco: pheromone_evaporation done, time: 131.649
[132.189s] aco: daemon_actions done, time: 132.189
[132.189s] aco: generation 107 start, time: 132.189
[132.465s] aco: compute_total_information done, time: 132.465
[132.714s] aco: ants_generation_and_activity done, time: 132.714
[132.718s] aco: pheromone_evaporation done, time: 132.718
[133.305s] aco: daemon_actions done, time: 133.305
[133.305s] aco: generation 108 start, time: 133.305
[133.692s] aco: compute_total_information done, time: 133.692
[134.004s] aco: ants_generation_and_activity done, time: 134.004
[134.008s] aco: pheromone_evaporation done, time: 134.008
[134.805s] aco: daemon_actions done, time: 134.805
[134.805s] aco: generation 109 start, time: 134.805
[135.125s] aco: compute_total_information done, time: 135.125
[135.375s] aco: ants_generation_and_activity done, time: 135.375
[135.378s] aco: pheromone_evaporation done, time: 135.378
[135.855s] aco: new best solution found with cost 4.66736e+006 and 1000 components
[135.859s] aco: daemon_actions done, time: 135.859
[135.860s] aco: generation 110 start, time: 135.86
[136.129s] aco: compute_total_information done, time: 136.128
[136.463s] aco: ants_generation_and_activity done, time: 136.463
[136.465s] aco: pheromone_evaporation done, time: 136.465
[137.091s] aco: daemon_actions done, time: 137.091
[137.091s] aco: generation 111 start, time: 137.091
[137.646s] aco: compute_total_information done, time: 137.646
[137.930s] aco: ants_generation_and_activity done, time: 137.93
[137.934s] aco: pheromone_evaporation done, time: 137.934
[138.588s] aco: daemon_actions done, time: 138.588
[138.588s] aco: generation 112 start, time: 138.588
[139.150s] aco: compute_total_information done, time: 139.15
[139.522s] aco: ants_generation_and_activity done, time: 139.522
[139.527s] aco: pheromone_evaporation done, time: 139.527
[140.192s] aco: new best solution found with cost 4.67287e+006 and 1000 components
[140.196s] aco: daemon_actions done, time: 140.196
[140.196s] aco: generation 113 start, time: 140.196
[140.547s] aco: compute_total_information done, time: 140.547
[140.961s] aco: ants_generation_and_activity done, time: 140.961
[140.966s] aco: pheromone_evaporation done, time: 140.966
[142.283s] aco: daemon_actions done, time: 142.283
[142.283s] aco: generation 114 start, time: 142.283
[142.608s] aco: compute_total_information done, time: 142.608
[142.850s] aco: ants_generation_and_activity done, time: 142.85
[142.853s] aco: pheromone_evaporation done, time: 142.853
[143.515s] aco: daemon_actions done, time: 143.515
[143.516s] aco: generation 115 start, time: 143.516
[143.825s] aco: compute_total_information done, time: 143.825
[144.151s] aco: ants_generation_and_activity done, time: 144.151
[144.155s] aco: pheromone_evaporation done, time: 144.155
[144.746s] aco: daemon_actions done, time: 144.746
[144.746s] aco: generation 116 start, time: 144.746
[145.032s] aco: compute_total_information done, time: 145.032
[145.289s] aco: ants_generation_and_activity done, time: 145.289
[145.293s] aco: pheromone_evaporation done, time: 145.293
[145.877s] aco: daemon_actions done, time: 145.877
[145.877s] aco: generation 117 start, time: 145.877
[146.232s] aco: compute_total_information done, time: 146.232
[146.562s] aco: ants_generation_and_activity done, time: 146.562
[146.567s] aco: pheromone_evaporation done, time: 146.567
[147.111s] aco: daemon_actions done, time: 147.111
[147.111s] aco: generation 118 start, time: 147.111
[147.400s] aco: compute_total_information done, time: 147.4
[147.647s] aco: ants_generation_and_activity done, time: 147.647
[147.651s] aco: pheromone_evaporation done, time: 147.651
[148.266s] aco: daemon_actions done, time: 148.266
[148.266s] aco: generation 119 start, time: 148.266
[148.686s] aco: compute_total_information done, time: 148.686
[148.957s] aco: ants_generation_and_activity done, time: 148.957
[148.961s] aco: pheromone_evaporation done, time: 148.961
[149.637s] aco: daemon_actions done, time: 149.637
[149.637s] aco: generation 120 start, time: 149.637
[150.346s] aco: compute_total_information done, time: 150.346
[150.695s] aco: ants_generation_and_activity done, time: 150.695
[150.696s] aco: pheromone_evaporation done, time: 150.696
[151.241s] aco: daemon_actions done, time: 151.241
[151.241s] aco: generation 121 start, time: 151.241
[151.548s] aco: compute_total_information done, time: 151.548
[151.804s] aco: ants_generation_and_activity done, time: 151.804
[151.807s] aco: pheromone_evaporation done, time: 151.807
[152.339s] aco: daemon_actions done, time: 152.339
[152.339s] aco: generation 122 start, time: 152.339
[152.657s] aco: compute_total_information done, time: 152.657
[152.993s] aco: ants_generation_and_activity done, time: 152.993
[152.995s] aco: pheromone_evaporation done, time: 152.995
[153.626s] aco: daemon_actions done, time: 153.626
[153.626s] aco: generation 123 start, time: 153.626
[153.940s] aco: compute_total_information done, time: 153.94
[154.200s] aco: ants_generation_and_activity done, time: 154.2
[154.204s] aco: pheromone_evaporation done, time: 154.204
[154.794s] aco: daemon_actions done, time: 154.794
[154.794s] aco: generation 124 start, time: 154.794
[155.072s] aco: compute_total_information done, time: 155.072
[155.408s] aco: ants_generation_and_activity done, time: 155.408
[155.411s] aco: pheromone_evaporation done, time: 155.411
[156.067s] aco: daemon_actions done, time: 156.067
[156.067s] aco: generation 125 start, time: 156.067
[156.445s] aco: compute_total_information done, time: 156.445
[156.812s] aco: ants_generation_and_activity done, time: 156.812
[156.816s] aco: pheromone_evaporation done, time: 156.816
[157.520s] aco: daemon_actions done, time: 157.52
[157.520s] aco: generation 126 start, time: 157.52
[157.910s] aco: compute_total_information done, time: 157.91
[158.252s] aco: ants_generation_and_activity done, time: 158.252
[158.254s] aco: pheromone_evaporation done, time: 158.254
[159.305s] aco: daemon_actions done, time: 159.305
[159.305s] aco: generation 127 start, time: 159.305
[160.015s] aco: compute_total_information done, time: 160.015
[160.532s] aco: ants_generation_and_activity done, time: 160.532
[160.534s] aco: pheromone_evaporation done, time: 160.534
[162.589s] aco: daemon_actions done, time: 162.589
[162.589s] aco: generation 128 start, time: 162.589
[163.174s] aco: compute_total_information done, time: 163.173
[163.657s] aco: ants_generation_and_activity done, time: 163.657
[163.661s] aco: pheromone_evaporation done, time: 163.661
[164.554s] aco: daemon_actions done, time: 164.554
[164.554s] aco: generation 129 start, time: 164.554
[165.060s] aco: compute_total_information done, time: 165.06
[165.378s] aco: ants_generation_and_activity done, time: 165.378
[165.380s] aco: pheromone_evaporation done, time: 165.38
[166.140s] aco: daemon_actions done, time: 166.14
[166.140s] aco: generation 130 start, time: 166.14
[166.543s] aco: compute_total_information done, time: 166.543
[166.918s] aco: ants_generation_and_activity done, time: 166.918
[166.921s] aco: pheromone_evaporation done, time: 166.921
[167.532s] aco: daemon_actions done, time: 167.532
[167.533s] aco: generation 131 start, time: 167.533
[167.829s] aco: compute_total_information done, time: 167.829
[168.140s] aco: ants_generation_and_activity done, time: 168.139
[168.143s] aco: pheromone_evaporation done, time: 168.143
[168.647s] aco: daemon_actions done, time: 168.647
[168.647s] aco: generation 132 start, time: 168.647
[168.938s] aco: compute_total_information done, time: 168.938
[169.174s] aco: ants_generation_and_activity done, time: 169.174
[169.177s] aco: pheromone_evaporation done, time: 169.177
[169.666s] aco: daemon_actions done, time: 169.666
[169.666s] aco: generation 133 start, time: 169.666
[169.972s] aco: compute_total_information done, time: 169.972
[170.269s] aco: ants_generation_and_activity done, time: 170.269
[170.273s] aco: pheromone_evaporation done, time: 170.273
[170.908s] aco: new best solution found with cost 4.67294e+006 and 1000 components
[170.913s] aco: daemon_actions done, time: 170.913
[170.913s] aco: generation 134 start, time: 170.913
[171.201s] aco: compute_total_information done, time: 171.201
[171.451s] aco: ants_generation_and_activity done, time: 171.451
[171.454s] aco: pheromone_evaporation done, time: 171.454
[171.934s] aco: daemon_actions done, time: 171.934
[171.934s] aco: generation 135 start, time: 171.934
[172.214s] aco: compute_total_information done, time: 172.214
[172.472s] aco: ants_generation_and_activity done, time: 172.472
[172.474s] aco: pheromone_evaporation done, time: 172.474
[173.020s] aco: daemon_actions done, time: 173.02
[173.020s] aco: generation 136 start, time: 173.02
[173.288s] aco: compute_total_information done, time: 173.288
[173.533s] aco: ants_generation_and_activity done, time: 173.533
[173.536s] aco: pheromone_evaporation done, time: 173.536
[174.044s] aco: daemon_actions done, time: 174.044
[174.045s] aco: generation 137 start, time: 174.045
[174.445s] aco: compute_total_information done, time: 174.445
[174.740s] aco: ants_generation_and_activity done, time: 174.74
[174.741s] aco: pheromone_evaporation done, time: 174.741
[175.409s] aco: daemon_actions done, time: 175.409
[175.409s] aco: generation 138 start, time: 175.409
[175.842s] aco: compute_total_information done, time: 175.842
[176.083s] aco: ants_generation_and_activity done, time: 176.083
[176.085s] aco: pheromone_evaporation done, time: 176.085
[176.560s] aco: daemon_actions done, time: 176.56
[176.561s] aco: generation 139 start, time: 176.561
[176.833s] aco: compute_total_information done, time: 176.833
[177.062s] aco: ants_generation_and_activity done, time: 177.062
[177.066s] aco: pheromone_evaporation done, time: 177.066
[177.548s] aco: daemon_actions done, time: 177.548
[177.548s] aco: generation 140 start, time: 177.548
[177.871s] aco: compute_total_information done, time: 177.871
[178.105s] aco: ants_generation_and_activity done, time: 178.105
[178.108s] aco: pheromone_evaporation done, time: 178.108
[178.605s] aco: daemon_actions done, time: 178.605
[178.605s] aco: generation 141 start, time: 178.605
[178.882s] aco: compute_total_information done, time: 178.882
[179.116s] aco: ants_generation_and_activity done, time: 179.116
[179.119s] aco: pheromone_evaporation done, time: 179.119
[179.629s] aco: daemon_actions done, time: 179.629
[179.629s] aco: generation 142 start, time: 179.629
[179.971s] aco: compute_total_information done, time: 179.971
[180.257s] aco: ants_generation_and_activity done, time: 180.257
[180.260s] aco: pheromone_evaporation done, time: 180.26
[180.894s] aco: daemon_actions done, time: 180.894
[180.894s] aco: generation 143 start, time: 180.894
[181.289s] aco: compute_total_information done, time: 181.289
[181.581s] aco: ants_generation_and_activity done, time: 181.581
[181.585s] aco: pheromone_evaporation done, time: 181.585
[182.300s] aco: daemon_actions done, time: 182.3
[182.300s] aco: generation 144 start, time: 182.3
[182.729s] aco: compute_total_information done, time: 182.729
[183.009s] aco: ants_generation_and_activity done, time: 183.009
[183.012s] aco: pheromone_evaporation done, time: 183.012
[183.615s] aco: daemon_actions done, time: 183.615
[183.616s] aco: generation 145 start, time: 183.616
[183.962s] aco: compute_total_information done, time: 183.962
[184.249s] aco: ants_generation_and_activity done, time: 184.249
[184.251s] aco: pheromone_evaporation done, time: 184.251
[184.886s] aco: daemon_actions done, time: 184.886
[184.886s] aco: generation 146 start, time: 184.886
[185.192s] aco: compute_total_information done, time: 185.192
[185.428s] aco: ants_generation_and_activity done, time: 185.428
[185.429s] aco: pheromone_evaporation done, time: 185.429
[185.916s] aco: daemon_actions done, time: 185.916
[185.916s] aco: generation 147 start, time: 185.916
[186.203s] aco: compute_total_information done, time: 186.203
[186.437s] aco: ants_generation_and_activity done, time: 186.437
[186.441s] aco: pheromone_evaporation done, time: 186.441
[186.915s] aco: daemon_actions done, time: 186.915
[186.915s] aco: generation 148 start, time: 186.915
[187.188s] aco: compute_total_information done, time: 187.188
[187.417s] aco: ants_generation_and_activity done, time: 187.417
[187.420s] aco: pheromone_evaporation done, time: 187.42
[187.902s] aco: daemon_actions done, time: 187.902
[187.902s] aco: generation 149 start, time: 187.902
[188.188s] aco: compute_total_information done, time: 188.188
[188.450s] aco: ants_generation_and_activity done, time: 188.45
[188.453s] aco: pheromone_evaporation done, time: 188.453
[188.972s] aco: daemon_actions done, time: 188.972
[188.972s] aco: generation 150 start, time: 188.972
[189.254s] aco: compute_total_information done, time: 189.254
[189.484s] aco: ants_generation_and_activity done, time: 189.484
[189.486s] aco: pheromone_evaporation done, time: 189.486
[189.974s] aco: daemon_actions done, time: 189.974
[189.974s] aco: generation 151 start, time: 189.974
[190.249s] aco: compute_total_information done, time: 190.249
[190.479s] aco: ants_generation_and_activity done, time: 190.479
[190.483s] aco: pheromone_evaporation done, time: 190.483
[190.975s] aco: daemon_actions done, time: 190.975
[190.975s] aco: generation 152 start, time: 190.975
[191.259s] aco: compute_total_information done, time: 191.259
[191.493s] aco: ants_generation_and_activity done, time: 191.493
[191.495s] aco: pheromone_evaporation done, time: 191.495
[192.042s] aco: daemon_actions done, time: 192.042
[192.043s] aco: generation 153 start, time: 192.043
[192.354s] aco: compute_total_information done, time: 192.354
[192.622s] aco: ants_generation_and_activity done, time: 192.622
[192.625s] aco: pheromone_evaporation done, time: 192.625
[193.217s] aco: daemon_actions done, time: 193.217
[193.217s] aco: generation 154 start, time: 193.217
[193.611s] aco: compute_total_information done, time: 193.611
[193.899s] aco: ants_generation_and_activity done, time: 193.899
[193.902s] aco: pheromone_evaporation done, time: 193.902
[194.807s] aco: new best solution found with cost 4.67487e+006 and 1000 components
[194.812s] aco: daemon_actions done, time: 194.811
[194.812s] aco: generation 155 start, time: 194.812
[195.268s] aco: compute_total_information done, time: 195.268
[195.758s] aco: ants_generation_and_activity done, time: 195.758
[195.762s] aco: pheromone_evaporation done, time: 195.762
[197.165s] aco: daemon_actions done, time: 197.165
[197.165s] aco: generation 156 start, time: 197.165
[198.013s] aco: compute_total_information done, time: 198.013
[198.609s] aco: ants_generation_and_activity done, time: 198.609
[198.614s] aco: pheromone_evaporation done, time: 198.614
[200.041s] aco: daemon_actions done, time: 200.041
[200.041s] aco: generation 157 start, time: 200.041
[200.549s] aco: compute_total_information done, time: 200.549
[200.929s] aco: ants_generation_and_activity done, time: 200.929
[200.933s] aco: pheromone_evaporation done, time: 200.933
[201.766s] aco: daemon_actions done, time: 201.766
[201.766s] aco: generation 158 start, time: 201.766
[202.276s] aco: compute_total_information done, time: 202.276
[202.562s] aco: ants_generation_and_activity done, time: 202.562
[202.565s] aco: pheromone_evaporation done, time: 202.565
[203.375s] aco: daemon_actions done, time: 203.375
[203.375s] aco: generation 159 start, time: 203.375
[203.782s] aco: compute_total_information done, time: 203.782
[204.188s] aco: ants_generation_and_activity done, time: 204.188
[204.192s] aco: pheromone_evaporation done, time: 204.192
[204.991s] aco: daemon_actions done, time: 204.99
[204.991s] aco: generation 160 start, time: 204.991
[205.479s] aco: compute_total_information done, time: 205.479
[205.723s] aco: ants_generation_and_activity done, time: 205.723
[205.726s] aco: pheromone_evaporation done, time: 205.726
[206.445s] aco: daemon_actions done, time: 206.445
[206.445s] aco: generation 161 start, time: 206.445
[206.771s] aco: compute_total_information done, time: 206.771
[207.012s] aco: ants_generation_and_activity done, time: 207.012
[207.016s] aco: pheromone_evaporation done, time: 207.016
[207.504s] aco: daemon_actions done, time: 207.504
[207.504s] aco: generation 162 start, time: 207.504
[207.823s] aco: compute_total_information done, time: 207.823
[208.062s] aco: ants_generation_and_activity done, time: 208.062
[208.065s] aco: pheromone_evaporation done, time: 208.065
[208.557s] aco: new best solution found with cost 4.67829e+006 and 1000 components
[208.561s] aco: daemon_actions done, time: 208.561
[208.561s] aco: generation 163 start, time: 208.561
[208.846s] aco: compute_total_information done, time: 208.846
[209.082s] aco: ants_generation_and_activity done, time: 209.082
[209.085s] aco: pheromone_evaporation done, time: 209.085
[209.608s] aco: daemon_actions done, time: 209.608
[209.608s] aco: generation 164 start, time: 209.608
[209.885s] aco: compute_total_information done, time: 209.885
[210.124s] aco: ants_generation_and_activity done, time: 210.124
[210.126s] aco: pheromone_evaporation done, time: 210.126
[210.664s] aco: daemon_actions done, time: 210.664
[210.664s] aco: generation 165 start, time: 210.664
[210.953s] aco: compute_total_information done, time: 210.953
[211.282s] aco: ants_generation_and_activity done, time: 211.282
[211.286s] aco: pheromone_evaporation done, time: 211.286
[211.953s] aco: daemon_actions done, time: 211.953
[211.953s] aco: generation 166 start, time: 211.953
[212.273s] aco: compute_total_information done, time: 212.273
[212.576s] aco: ants_generation_and_activity done, time: 212.576
[212.577s] aco: pheromone_evaporation done, time: 212.577
[213.136s] aco: daemon_actions done, time: 213.136
[213.136s] aco: generation 167 start, time: 213.136
[213.475s] aco: compute_total_information done, time: 213.475
[213.753s] aco: ants_generation_and_activity done, time: 213.753
[213.757s] aco: pheromone_evaporation done, time: 213.757
[214.307s] aco: daemon_actions done, time: 214.307
[214.307s] aco: generation 168 start, time: 214.307
[214.725s] aco: compute_total_information done, time: 214.725
[214.960s] aco: ants_generation_and_activity done, time: 214.96
[214.964s] aco: pheromone_evaporation done, time: 214.964
[215.449s] aco: daemon_actions done, time: 215.449
[215.450s] aco: generation 169 start, time: 215.45
[215.738s] aco: compute_total_information done, time: 215.738
[216.023s] aco: ants_generation_and_activity done, time: 216.023
[216.026s] aco: pheromone_evaporation done, time: 216.026
[216.630s] aco: daemon_actions done, time: 216.63
[216.630s] aco: generation 170 start, time: 216.63
[216.944s] aco: compute_total_information done, time: 216.944
[217.197s] aco: ants_generation_and_activity done, time: 217.197
[217.201s] aco: pheromone_evaporation done, time: 217.201
[217.894s] aco: daemon_actions done, time: 217.894
[217.895s] aco: generation 171 start, time: 217.895
[218.625s] aco: compute_total_information done, time: 218.625
[218.943s] aco: ants_generation_and_activity done, time: 218.943
[218.947s] aco: pheromone_evaporation done, time: 218.947
[219.616s] aco: daemon_actions done, time: 219.616
[219.616s] aco: generation 172 start, time: 219.616
[219.991s] aco: compute_total_information done, time: 219.991
[220.328s] aco: ants_generation_and_activity done, time: 220.328
[220.332s] aco: pheromone_evaporation done, time: 220.332
[220.936s] aco: daemon_actions done, time: 220.936
[220.936s] aco: generation 173 start, time: 220.936
[221.299s] aco: compute_total_information done, time: 221.299
[221.570s] aco: ants_generation_and_activity done, time: 221.57
[221.571s] aco: pheromone_evaporation done, time: 221.571
[222.110s] aco: daemon_actions done, time: 222.11
[222.110s] aco: generation 174 start, time: 222.11
[222.505s] aco: compute_total_information done, time: 222.505
[222.794s] aco: ants_generation_and_activity done, time: 222.794
[222.797s] aco: pheromone_evaporation done, time: 222.797
[223.515s] aco: daemon_actions done, time: 223.515
[223.516s] aco: generation 175 start, time: 223.516
[224.101s] aco: compute_total_information done, time: 224.101
[224.392s] aco: ants_generation_and_activity done, time: 224.392
[224.394s] aco: pheromone_evaporation done, time: 224.394
[225.279s] aco: daemon_actions done, time: 225.279
[225.279s] aco: generation 176 start, time: 225.279
[225.784s] aco: compute_total_information done, time: 225.784
[226.161s] aco: ants_generation_and_activity done, time: 226.161
[226.162s] aco: pheromone_evaporation done, time: 226.162
[227.135s] aco: daemon_actions done, time: 227.135
[227.135s] aco: generation 177 start, time: 227.135
[227.780s] aco: compute_total_information done, time: 227.78
[228.216s] aco: ants_generation_and_activity done, time: 228.216
[228.221s] aco: pheromone_evaporation done, time: 228.221
[229.119s] aco: daemon_actions done, time: 229.119
[229.119s] aco: generation 178 start, time: 229.119
[229.533s] aco: compute_total_information done, time: 229.533
[229.923s] aco: ants_generation_and_activity done, time: 229.923
[229.924s] aco: pheromone_evaporation done, time: 229.924
[230.577s] aco: daemon_actions done, time: 230.577
[230.577s] aco: generation 179 start, time: 230.577
[231.029s] aco: compute_total_information done, time: 231.029
[231.283s] aco: ants_generation_and_activity done, time: 231.283
[231.286s] aco: pheromone_evaporation done, time: 231.286
[231.814s] aco: daemon_actions done, time: 231.814
[231.814s] aco: generation 180 start, time: 231.814
[232.182s] aco: compute_total_information done, time: 232.182
[232.425s] aco: ants_generation_and_activity done, time: 232.425
[232.427s] aco: pheromone_evaporation done, time: 232.427
[232.946s] aco: daemon_actions done, time: 232.946
[232.946s] aco: generation 181 start, time: 232.946
[233.237s] aco: compute_total_information done, time: 233.237
[233.500s] aco: ants_generation_and_activity done, time: 233.5
[233.503s] aco: pheromone_evaporation done, time: 233.503
[234.065s] aco: daemon_actions done, time: 234.065
[234.065s] aco: generation 182 start, time: 234.065
[234.405s] aco: compute_total_information done, time: 234.405
[234.664s] aco: ants_generation_and_activity done, time: 234.664
[234.667s] aco: pheromone_evaporation done, time: 234.667
[235.161s] aco: daemon_actions done, time: 235.161
[235.161s] aco: generation 183 start, time: 235.161
[235.444s] aco: compute_total_information done, time: 235.444
[235.680s] aco: ants_generation_and_activity done, time: 235.68
[235.684s] aco: pheromone_evaporation done, time: 235.684
[236.257s] aco: daemon_actions done, time: 236.257
[236.257s] aco: generation 184 start, time: 236.257
[236.694s] aco: compute_total_information done, time: 236.694
[236.959s] aco: ants_generation_and_activity done, time: 236.959
[236.960s] aco: pheromone_evaporation done, time: 236.96
[237.550s] aco: daemon_actions done, time: 237.55
[237.550s] aco: generation 185 start, time: 237.55
[237.905s] aco: compute_total_information done, time: 237.905
[238.220s] aco: ants_generation_and_activity done, time: 238.22
[238.224s] aco: pheromone_evaporation done, time: 238.224
[238.736s] aco: daemon_actions done, time: 238.736
[238.736s] aco: generation 186 start, time: 238.736
[239.040s] aco: compute_total_information done, time: 239.04
[239.300s] aco: ants_generation_and_activity done, time: 239.3
[239.303s] aco: pheromone_evaporation done, time: 239.303
[239.898s] aco: daemon_actions done, time: 239.898
[239.898s] aco: generation 187 start, time: 239.898
[240.195s] aco: compute_total_information done, time: 240.195
[240.441s] aco: ants_generation_and_activity done, time: 240.441
[240.445s] aco: pheromone_evaporation done, time: 240.445
[241.001s] aco: daemon_actions done, time: 241.001
[241.001s] aco: generation 188 start, time: 241.001
[241.326s] aco: compute_total_information done, time: 241.326
[241.635s] aco: ants_generation_and_activity done, time: 241.635
[241.639s] aco: pheromone_evaporation done, time: 241.639
[242.147s] aco: daemon_actions done, time: 242.147
[242.147s] aco: generation 189 start, time: 242.147
[242.445s] aco: compute_total_information done, time: 242.445
[242.698s] aco: ants_generation_and_activity done, time: 242.698
[242.701s] aco: pheromone_evaporation done, time: 242.701
[243.235s] aco: daemon_actions done, time: 243.235
[243.235s] aco: generation 190 start, time: 243.235
[243.530s] aco: compute_total_information done, time: 243.53
[243.788s] aco: ants_generation_and_activity done, time: 243.788
[243.792s] aco: pheromone_evaporation done, time: 243.792
[244.289s] aco: daemon_actions done, time: 244.289
[244.290s] aco: generation 191 start, time: 244.29
[244.587s] aco: compute_total_information done, time: 244.587
[244.870s] aco: ants_generation_and_activity done, time: 244.87
[244.874s] aco: pheromone_evaporation done, time: 244.874
[245.423s] aco: daemon_actions done, time: 245.423
[245.424s] aco: generation 192 start, time: 245.424
[245.723s] aco: compute_total_information done, time: 245.723
[245.955s] aco: ants_generation_and_activity done, time: 245.955
[245.958s] aco: pheromone_evaporation done, time: 245.958
[246.462s] aco: daemon_actions done, time: 246.462
[246.462s] aco: generation 193 start, time: 246.462
[246.823s] aco: compute_total_information done, time: 246.823
[247.061s] aco: ants_generation_and_activity done, time: 247.061
[247.065s] aco: pheromone_evaporation done, time: 247.065
[247.547s] aco: daemon_actions done, time: 247.547
[247.547s] aco: generation 194 start, time: 247.547
[247.830s] aco: compute_total_information done, time: 247.83
[248.072s] aco: ants_generation_and_activity done, time: 248.072
[248.076s] aco: pheromone_evaporation done, time: 248.076
[248.604s] aco: daemon_actions done, time: 248.604
[248.604s] aco: generation 195 start, time: 248.604
[248.950s] aco: compute_total_information done, time: 248.95
[249.252s] aco: ants_generation_and_activity done, time: 249.252
[249.255s] aco: pheromone_evaporation done, time: 249.255
[249.783s] aco: daemon_actions done, time: 249.783
[249.783s] aco: generation 196 start, time: 249.783
[250.065s] aco: compute_total_information done, time: 250.065
[250.302s] aco: ants_generation_and_activity done, time: 250.302
[250.306s] aco: pheromone_evaporation done, time: 250.306
[250.820s] aco: daemon_actions done, time: 250.82
[250.820s] aco: generation 197 start, time: 250.82
[251.098s] aco: compute_total_information done, time: 251.098
[251.336s] aco: ants_generation_and_activity done, time: 251.336
[251.339s] aco: pheromone_evaporation done, time: 251.339
[251.854s] aco: daemon_actions done, time: 251.854
[251.854s] aco: generation 198 start, time: 251.854
[252.138s] aco: compute_total_information done, time: 252.138
[252.424s] aco: ants_generation_and_activity done, time: 252.424
[252.427s] aco: pheromone_evaporation done, time: 252.427
[252.926s] aco: daemon_actions done, time: 252.926
[252.926s] aco: generation 199 start, time: 252.926
[253.198s] aco: compute_total_information done, time: 253.198
[253.441s] aco: ants_generation_and_activity done, time: 253.441
[253.444s] aco: pheromone_evaporation done, time: 253.444
[253.949s] aco: daemon_actions done, time: 253.949
[253.949s] aco: generation 200 start, time: 253.949
[254.223s] aco: compute_total_information done, time: 254.223
[254.458s] aco: ants_generation_and_activity done, time: 254.458
[254.460s] aco: pheromone_evaporation done, time: 254.46
[254.968s] aco: daemon_actions done, time: 254.968
[254.968s] aco: generation 201 start, time: 254.968
[255.270s] aco: compute_total_information done, time: 255.27
[255.516s] aco: ants_generation_and_activity done, time: 255.515
[255.518s] aco: pheromone_evaporation done, time: 255.518
[256.059s] aco: daemon_actions done, time: 256.059
[256.059s] aco: generation 202 start, time: 256.059
[256.334s] aco: compute_total_information done, time: 256.334
[256.602s] aco: ants_generation_and_activity done, time: 256.602
[256.605s] aco: pheromone_evaporation done, time: 256.605
[257.082s] aco: daemon_actions done, time: 257.082
[257.082s] aco: generation 203 start, time: 257.082
[257.382s] aco: compute_total_information done, time: 257.381
[257.629s] aco: ants_generation_and_activity done, time: 257.629
[257.633s] aco: pheromone_evaporation done, time: 257.633
[258.160s] aco: daemon_actions done, time: 258.16
[258.160s] aco: generation 204 start, time: 258.16
[258.429s] aco: compute_total_information done, time: 258.429
[258.692s] aco: ants_generation_and_activity done, time: 258.692
[258.694s] aco: pheromone_evaporation done, time: 258.694
[259.210s] aco: daemon_actions done, time: 259.21
[259.210s] aco: generation 205 start, time: 259.21
[259.569s] aco: compute_total_information done, time: 259.569
[259.815s] aco: ants_generation_and_activity done, time: 259.815
[259.818s] aco: pheromone_evaporation done, time: 259.818
[260.326s] aco: daemon_actions done, time: 260.326
[260.326s] aco: generation 206 start, time: 260.326
[260.605s] aco: compute_total_information done, time: 260.605
[260.879s] aco: ants_generation_and_activity done, time: 260.879
[260.883s] aco: pheromone_evaporation done, time: 260.883
[261.382s] aco: daemon_actions done, time: 261.382
[261.382s] aco: generation 207 start, time: 261.382
[261.655s] aco: compute_total_information done, time: 261.655
[261.897s] aco: ants_generation_and_activity done, time: 261.897
[261.901s] aco: pheromone_evaporation done, time: 261.901
[262.370s] aco: daemon_actions done, time: 262.37
[262.370s] aco: generation 208 start, time: 262.37
[262.660s] aco: compute_total_information done, time: 262.66
[262.952s] aco: ants_generation_and_activity done, time: 262.952
[262.953s] aco: pheromone_evaporation done, time: 262.953
[263.496s] aco: daemon_actions done, time: 263.496
[263.496s] aco: generation 209 start, time: 263.496
[263.776s] aco: compute_total_information done, time: 263.776
[264.038s] aco: ants_generation_and_activity done, time: 264.038
[264.041s] aco: pheromone_evaporation done, time: 264.041
[264.649s] aco: daemon_actions done, time: 264.649
[264.650s] aco: generation 210 start, time: 264.65
[265.077s] aco: compute_total_information done, time: 265.077
[265.354s] aco: ants_generation_and_activity done, time: 265.354
[265.359s] aco: pheromone_evaporation done, time: 265.359
[265.885s] aco: daemon_actions done, time: 265.885
[265.885s] aco: generation 211 start, time: 265.885
[266.238s] aco: compute_total_information done, time: 266.238
[266.538s] aco: ants_generation_and_activity done, time: 266.538
[266.542s] aco: pheromone_evaporation done, time: 266.542
[267.135s] aco: daemon_actions done, time: 267.135
[267.135s] aco: generation 212 start, time: 267.135
[267.502s] aco: compute_total_information done, time: 267.502
[267.838s] aco: ants_generation_and_activity done, time: 267.838
[267.842s] aco: pheromone_evaporation done, time: 267.842
[268.732s] aco: daemon_actions done, time: 268.732
[268.732s] aco: generation 213 start, time: 268.732
[269.121s] aco: compute_total_information done, time: 269.121
[269.446s] aco: ants_generation_and_activity done, time: 269.446
[269.450s] aco: pheromone_evaporation done, time: 269.45
[270.225s] aco: daemon_actions done, time: 270.225
[270.225s] aco: generation 214 start, time: 270.225
[270.625s] aco: compute_total_information done, time: 270.625
[270.956s] aco: ants_generation_and_activity done, time: 270.956
[270.960s] aco: pheromone_evaporation done, time: 270.96
[271.610s] aco: daemon_actions done, time: 271.61
[271.610s] aco: generation 215 start, time: 271.61
[271.982s] aco: compute_total_information done, time: 271.982
[272.308s] aco: ants_generation_and_activity done, time: 272.308
[272.314s] aco: pheromone_evaporation done, time: 272.314
[273.092s] aco: daemon_actions done, time: 273.092
[273.092s] aco: generation 216 start, time: 273.092
[273.630s] aco: compute_total_information done, time: 273.63
[273.894s] aco: ants_generation_and_activity done, time: 273.894
[273.897s] aco: pheromone_evaporation done, time: 273.897
[274.405s] aco: daemon_actions done, time: 274.405
[274.405s] aco: generation 217 start, time: 274.405
[274.703s] aco: compute_total_information done, time: 274.703
[274.937s] aco: ants_generation_and_activity done, time: 274.937
[274.941s] aco: pheromone_evaporation done, time: 274.941
[275.500s] aco: daemon_actions done, time: 275.5
[275.500s] aco: generation 218 start, time: 275.5
[275.813s] aco: compute_total_information done, time: 275.813
[276.082s] aco: ants_generation_and_activity done, time: 276.082
[276.085s] aco: pheromone_evaporation done, time: 276.085
[276.656s] aco: daemon_actions done, time: 276.656
[276.656s] aco: generation 219 start, time: 276.656
[276.980s] aco: compute_total_information done, time: 276.98
[277.347s] aco: ants_generation_and_activity done, time: 277.347
[277.350s] aco: pheromone_evaporation done, time: 277.35
[278.043s] aco: daemon_actions done, time: 278.043
[278.043s] aco: generation 220 start, time: 278.043
[278.447s] aco: compute_total_information done, time: 278.447
[278.874s] aco: ants_generation_and_activity done, time: 278.874
[278.880s] aco: pheromone_evaporation done, time: 278.88
[279.556s] aco: daemon_actions done, time: 279.556
[279.556s] aco: generation 221 start, time: 279.556
[280.053s] aco: compute_total_information done, time: 280.053
[280.472s] aco: ants_generation_and_activity done, time: 280.472
[280.477s] aco: pheromone_evaporation done, time: 280.477
[281.193s] aco: daemon_actions done, time: 281.193
[281.194s] aco: generation 222 start, time: 281.194
[281.648s] aco: compute_total_information done, time: 281.648
[281.954s] aco: ants_generation_and_activity done, time: 281.954
[281.958s] aco: pheromone_evaporation done, time: 281.958
[282.658s] aco: daemon_actions done, time: 282.658
[282.658s] aco: generation 223 start, time: 282.658
[283.083s] aco: compute_total_information done, time: 283.083
[283.343s] aco: ants_generation_and_activity done, time: 283.343
[283.347s] aco: pheromone_evaporation done, time: 283.347
[283.919s] aco: daemon_actions done, time: 283.919
[283.919s] aco: generation 224 start, time: 283.919
[284.296s] aco: compute_total_information done, time: 284.296
[284.555s] aco: ants_generation_and_activity done, time: 284.555
[284.560s] aco: pheromone_evaporation done, time: 284.56
[285.122s] aco: daemon_actions done, time: 285.122
[285.122s] aco: generation 225 start, time: 285.122
[285.428s] aco: compute_total_information done, time: 285.428
[285.700s] aco: ants_generation_and_activity done, time: 285.7
[285.702s] aco: pheromone_evaporation done, time: 285.702
[286.346s] aco: daemon_actions done, time: 286.346
[286.346s] aco: generation 226 start, time: 286.346
[286.752s] aco: compute_total_information done, time: 286.752
[287.073s] aco: ants_generation_and_activity done, time: 287.073
[287.076s] aco: pheromone_evaporation done, time: 287.076
[287.625s] aco: daemon_actions done, time: 287.625
[287.625s] aco: generation 227 start, time: 287.625
[288.020s] aco: compute_total_information done, time: 288.02
[288.263s] aco: ants_generation_and_activity done, time: 288.263
[288.267s] aco: pheromone_evaporation done, time: 288.267
[288.805s] aco: daemon_actions done, time: 288.805
[288.805s] aco: generation 228 start, time: 288.805
[289.107s] aco: compute_total_information done, time: 289.107
[289.385s] aco: ants_generation_and_activity done, time: 289.385
[289.387s] aco: pheromone_evaporation done, time: 289.387
[289.964s] aco: daemon_actions done, time: 289.964
[289.964s] aco: generation 229 start, time: 289.964
[290.335s] aco: compute_total_information done, time: 290.335
[290.650s] aco: ants_generation_and_activity done, time: 290.65
[290.653s] aco: pheromone_evaporation done, time: 290.653
[291.179s] aco: daemon_actions done, time: 291.179
[291.179s] aco: generation 230 start, time: 291.179
[291.520s] aco: compute_total_information done, time: 291.52
[291.791s] aco: ants_generation_and_activity done, time: 291.791
[291.795s] aco: pheromone_evaporation done, time: 291.795
[292.310s] aco: daemon_actions done, time: 292.31
[292.310s] aco: generation 231 start, time: 292.31
[292.607s] aco: compute_total_information done, time: 292.607
[292.860s] aco: ants_generation_and_activity done, time: 292.86
[292.864s] aco: pheromone_evaporation done, time: 292.864
[293.366s] aco: daemon_actions done, time: 293.366
[293.366s] aco: generation 232 start, time: 293.366
[293.681s] aco: compute_total_information done, time: 293.681
[293.942s] aco: ants_generation_and_activity done, time: 293.942
[293.944s] aco: pheromone_evaporation done, time: 293.944
[294.482s] aco: daemon_actions done, time: 294.482
[294.482s] aco: generation 233 start, time: 294.482
[294.793s] aco: compute_total_information done, time: 294.793
[295.086s] aco: ants_generation_and_activity done, time: 295.086
[295.090s] aco: pheromone_evaporation done, time: 295.09
[295.611s] aco: daemon_actions done, time: 295.611
[295.611s] aco: generation 234 start, time: 295.611
[295.903s] aco: compute_total_information done, time: 295.903
[296.173s] aco: ants_generation_and_activity done, time: 296.173
[296.176s] aco: pheromone_evaporation done, time: 296.176
[296.671s] aco: daemon_actions done, time: 296.671
[296.672s] aco: generation 235 start, time: 296.672
[296.968s] aco: compute_total_information done, time: 296.968
[297.218s] aco: ants_generation_and_activity done, time: 297.218
[297.221s] aco: pheromone_evaporation done, time: 297.221
[297.740s] aco: daemon_actions done, time: 297.74
[297.740s] aco: generation 236 start, time: 297.74
[298.036s] aco: compute_total_information done, time: 298.036
[298.350s] aco: ants_generation_and_activity done, time: 298.35
[298.354s] aco: pheromone_evaporation done, time: 298.354
[299.026s] aco: daemon_actions done, time: 299.026
[299.026s] aco: generation 237 start, time: 299.026
[299.421s] aco: compute_total_information done, time: 299.421
[299.761s] aco: ants_generation_and_activity done, time: 299.761
[299.766s] aco: pheromone_evaporation done, time: 299.766
[300.414s] aco: daemon_actions done, time: 300.414
[300.414s] aco: generation 238 start, time: 300.414
[300.795s] aco: compute_total_information done, time: 300.795
[301.148s] aco: ants_generation_and_activity done, time: 301.148
[301.151s] aco: pheromone_evaporation done, time: 301.151
[301.866s] aco: daemon_actions done, time: 301.866
[301.867s] aco: generation 239 start, time: 301.867
[302.328s] aco: compute_total_information done, time: 302.328
[302.650s] aco: ants_generation_and_activity done, time: 302.65
[302.655s] aco: pheromone_evaporation done, time: 302.655
[303.305s] aco: daemon_actions done, time: 303.305
[303.305s] aco: generation 240 start, time: 303.305
[303.683s] aco: compute_total_information done, time: 303.683
[303.984s] aco: ants_generation_and_activity done, time: 303.984
[303.985s] aco: pheromone_evaporation done, time: 303.985
[304.500s] aco: daemon_actions done, time: 304.5
[304.500s] aco: generation 241 start, time: 304.5
[304.797s] aco: compute_total_information done, time: 304.797
[305.156s] aco: ants_generation_and_activity done, time: 305.156
[305.159s] aco: pheromone_evaporation done, time: 305.159
[305.708s] aco: daemon_actions done, time: 305.708
[305.708s] aco: generation 242 start, time: 305.708
[306.030s] aco: compute_total_information done, time: 306.03
[306.281s] aco: ants_generation_and_activity done, time: 306.281
[306.283s] aco: pheromone_evaporation done, time: 306.283
[306.804s] aco: daemon_actions done, time: 306.804
[306.804s] aco: generation 243 start, time: 306.804
[307.098s] aco: compute_total_information done, time: 307.098
[307.355s] aco: ants_generation_and_activity done, time: 307.355
[307.359s] aco: pheromone_evaporation done, time: 307.359
[307.860s] aco: daemon_actions done, time: 307.86
[307.860s] aco: generation 244 start, time: 307.86
[308.135s] aco: compute_total_information done, time: 308.135
[308.381s] aco: ants_generation_and_activity done, time: 308.381
[308.384s] aco: pheromone_evaporation done, time: 308.384
[309.066s] aco: daemon_actions done, time: 309.066
[309.066s] aco: generation 245 start, time: 309.066
[309.491s] aco: compute_total_information done, time: 309.491
[309.749s] aco: ants_generation_and_activity done, time: 309.749
[309.753s] aco: pheromone_evaporation done, time: 309.753
[310.343s] aco: daemon_actions done, time: 310.343
[310.343s] aco: generation 246 start, time: 310.343
[310.694s] aco: compute_total_information done, time: 310.694
[310.955s] aco: ants_generation_and_activity done, time: 310.955
[310.960s] aco: pheromone_evaporation done, time: 310.96
[311.487s] aco: daemon_actions done, time: 311.487
[311.487s] aco: generation 247 start, time: 311.487
[311.789s] aco: compute_total_information done, time: 311.789
[312.022s] aco: ants_generation_and_activity done, time: 312.022
[312.025s] aco: pheromone_evaporation done, time: 312.025
[312.520s] aco: daemon_actions done, time: 312.52
[312.520s] aco: generation 248 start, time: 312.52
[312.866s] aco: compute_total_information done, time: 312.866
[313.125s] aco: ants_generation_and_activity done, time: 313.125
[313.128s] aco: pheromone_evaporation done, time: 313.128
[313.668s] aco: daemon_actions done, time: 313.668
[313.668s] aco: generation 249 start, time: 313.668
[313.943s] aco: compute_total_information done, time: 313.943
[314.171s] aco: ants_generation_and_activity done, time: 314.171
[314.175s] aco: pheromone_evaporation done, time: 314.175
[314.677s] aco: daemon_actions done, time: 314.677
[314.678s] aco: generation 250 start, time: 314.678
[314.965s] aco: compute_total_information done, time: 314.965
[315.209s] aco: ants_generation_and_activity done, time: 315.209
[315.212s] aco: pheromone_evaporation done, time: 315.212
[315.749s] aco: daemon_actions done, time: 315.749
[315.749s] aco: generation 251 start, time: 315.749
[316.023s] aco: compute_total_information done, time: 316.023
[316.268s] aco: ants_generation_and_activity done, time: 316.268
[316.272s] aco: pheromone_evaporation done, time: 316.272
[316.813s] aco: daemon_actions done, time: 316.813
[316.813s] aco: generation 252 start, time: 316.813
[317.092s] aco: compute_total_information done, time: 317.092
[317.332s] aco: ants_generation_and_activity done, time: 317.332
[317.335s] aco: pheromone_evaporation done, time: 317.335
[317.853s] aco: daemon_actions done, time: 317.853
[317.853s] aco: generation 253 start, time: 317.853
[318.180s] aco: compute_total_information done, time: 318.18
[318.457s] aco: ants_generation_and_activity done, time: 318.457
[318.459s] aco: pheromone_evaporation done, time: 318.459
[319.066s] aco: daemon_actions done, time: 319.066
[319.066s] aco: generation 254 start, time: 319.066
[319.350s] aco: compute_total_information done, time: 319.35
[319.580s] aco: ants_generation_and_activity done, time: 319.58
[319.584s] aco: pheromone_evaporation done, time: 319.584
[320.179s] aco: daemon_actions done, time: 320.179
[320.179s] aco: generation 255 start, time: 320.179
[320.553s] aco: compute_total_information done, time: 320.553
[320.824s] aco: ants_generation_and_activity done, time: 320.824
[320.827s] aco: pheromone_evaporation done, time: 320.827
[321.424s] aco: daemon_actions done, time: 321.424
[321.424s] aco: generation 256 start, time: 321.424
[321.713s] aco: compute_total_information done, time: 321.713
[321.954s] aco: ants_generation_and_activity done, time: 321.954
[321.958s] aco: pheromone_evaporation done, time: 321.958
[322.461s] aco: daemon_actions done, time: 322.461
[322.461s] aco: generation 257 start, time: 322.461
[322.749s] aco: compute_total_information done, time: 322.749
[322.991s] aco: ants_generation_and_activity done, time: 322.991
[322.994s] aco: pheromone_evaporation done, time: 322.994
[323.487s] aco: daemon_actions done, time: 323.487
[323.487s] aco: generation 258 start, time: 323.487
[323.831s] aco: compute_total_information done, time: 323.831
[324.093s] aco: ants_generation_and_activity done, time: 324.093
[324.097s] aco: pheromone_evaporation done, time: 324.097
[324.609s] aco: daemon_actions done, time: 324.609
[324.609s] aco: generation 259 start, time: 324.609
[324.917s] aco: compute_total_information done, time: 324.916
[325.203s] aco: ants_generation_and_activity done, time: 325.203
[325.207s] aco: pheromone_evaporation done, time: 325.207
[325.720s] aco: daemon_actions done, time: 325.72
[325.720s] aco: generation 260 start, time: 325.72
[326.002s] aco: compute_total_information done, time: 326.002
[326.241s] aco: ants_generation_and_activity done, time: 326.241
[326.245s] aco: pheromone_evaporation done, time: 326.245
[326.748s] aco: daemon_actions done, time: 326.748
[326.748s] aco: generation 261 start, time: 326.748
[327.035s] aco: compute_total_information done, time: 327.035
[327.348s] aco: ants_generation_and_activity done, time: 327.348
[327.350s] aco: pheromone_evaporation done, time: 327.35
[327.865s] aco: daemon_actions done, time: 327.865
[327.865s] aco: generation 262 start, time: 327.865
[328.168s] aco: compute_total_information done, time: 328.168
[328.431s] aco: ants_generation_and_activity done, time: 328.431
[328.434s] aco: pheromone_evaporation done, time: 328.434
[329.002s] aco: daemon_actions done, time: 329.002
[329.002s] aco: generation 263 start, time: 329.002
[329.293s] aco: compute_total_information done, time: 329.293
[329.536s] aco: ants_generation_and_activity done, time: 329.536
[329.539s] aco: pheromone_evaporation done, time: 329.539
[330.060s] aco: daemon_actions done, time: 330.06
[330.060s] aco: generation 264 start, time: 330.06
[330.347s] aco: compute_total_information done, time: 330.347
[330.735s] aco: ants_generation_and_activity done, time: 330.735
[330.740s] aco: pheromone_evaporation done, time: 330.74
[331.619s] aco: daemon_actions done, time: 331.619
[331.619s] aco: generation 265 start, time: 331.619
[331.999s] aco: compute_total_information done, time: 331.999
[332.346s] aco: ants_generation_and_activity done, time: 332.346
[332.350s] aco: pheromone_evaporation done, time: 332.35
[332.988s] aco: daemon_actions done, time: 332.988
[332.988s] aco: generation 266 start, time: 332.988
[333.347s] aco: compute_total_information done, time: 333.347
[333.761s] aco: ants_generation_and_activity done, time: 333.761
[333.765s] aco: pheromone_evaporation done, time: 333.765
[334.383s] aco: daemon_actions done, time: 334.383
[334.383s] aco: generation 267 start, time: 334.383
[334.719s] aco: compute_total_information done, time: 334.719
[334.961s] aco: ants_generation_and_activity done, time: 334.961
[334.964s] aco: pheromone_evaporation done, time: 334.964
[335.595s] aco: daemon_actions done, time: 335.595
[335.595s] aco: generation 268 start, time: 335.595
[335.907s] aco: compute_total_information done, time: 335.907
[336.212s] aco: ants_generation_and_activity done, time: 336.212
[336.217s] aco: pheromone_evaporation done, time: 336.217
[336.985s] aco: daemon_actions done, time: 336.985
[336.985s] aco: generation 269 start, time: 336.985
[337.331s] aco: compute_total_information done, time: 337.331
[337.599s] aco: ants_generation_and_activity done, time: 337.599
[337.602s] aco: pheromone_evaporation done, time: 337.602
[338.173s] aco: daemon_actions done, time: 338.173
[338.173s] aco: generation 270 start, time: 338.173
[338.470s] aco: compute_total_information done, time: 338.47
[338.716s] aco: ants_generation_and_activity done, time: 338.716
[338.718s] aco: pheromone_evaporation done, time: 338.718
[339.249s] aco: daemon_actions done, time: 339.249
[339.249s] aco: generation 271 start, time: 339.249
[339.544s] aco: compute_total_information done, time: 339.544
[339.800s] aco: ants_generation_and_activity done, time: 339.8
[339.803s] aco: pheromone_evaporation done, time: 339.803
[340.351s] aco: daemon_actions done, time: 340.351
[340.351s] aco: generation 272 start, time: 340.351
[340.660s] aco: compute_total_information done, time: 340.66
[340.911s] aco: ants_generation_and_activity done, time: 340.911
[340.915s] aco: pheromone_evaporation done, time: 340.915
[341.477s] aco: daemon_actions done, time: 341.477
[341.477s] aco: generation 273 start, time: 341.477
[341.791s] aco: compute_total_information done, time: 341.791
[342.045s] aco: ants_generation_and_activity done, time: 342.045
[342.049s] aco: pheromone_evaporation done, time: 342.049
[342.559s] aco: daemon_actions done, time: 342.559
[342.559s] aco: generation 274 start, time: 342.559
[342.867s] aco: compute_total_information done, time: 342.867
[343.129s] aco: ants_generation_and_activity done, time: 343.129
[343.132s] aco: pheromone_evaporation done, time: 343.132
[343.833s] aco: daemon_actions done, time: 343.833
[343.833s] aco: generation 275 start, time: 343.833
[344.120s] aco: compute_total_information done, time: 344.12
[344.381s] aco: ants_generation_and_activity done, time: 344.381
[344.384s] aco: pheromone_evaporation done, time: 344.384
[344.974s] aco: daemon_actions done, time: 344.974
[344.974s] aco: generation 276 start, time: 344.974
[345.256s] aco: compute_total_information done, time: 345.256
[345.493s] aco: ants_generation_and_activity done, time: 345.493
[345.497s] aco: pheromone_evaporation done, time: 345.497
[346.018s] aco: daemon_actions done, time: 346.018
[346.018s] aco: generation 277 start, time: 346.018
[346.313s] aco: compute_total_information done, time: 346.313
[346.558s] aco: ants_generation_and_activity done, time: 346.558
[346.562s] aco: pheromone_evaporation done, time: 346.562
[347.065s] aco: daemon_actions done, time: 347.065
[347.065s] aco: generation 278 start, time: 347.065
[347.349s] aco: compute_total_information done, time: 347.349
[347.600s] aco: ants_generation_and_activity done, time: 347.6
[347.602s] aco: pheromone_evaporation done, time: 347.602
[348.116s] aco: daemon_actions done, time: 348.116
[348.116s] aco: generation 279 start, time: 348.116
[348.393s] aco: compute_total_information done, time: 348.393
[348.670s] aco: ants_generation_and_activity done, time: 348.67
[348.675s] aco: pheromone_evaporation done, time: 348.675
[349.247s] aco: daemon_actions done, time: 349.247
[349.247s] aco: generation 280 start, time: 349.247
[349.581s] aco: compute_total_information done, time: 349.581
[349.857s] aco: ants_generation_and_activity done, time: 349.857
[349.860s] aco: pheromone_evaporation done, time: 349.86
[350.426s] aco: daemon_actions done, time: 350.426
[350.426s] aco: generation 281 start, time: 350.426
[350.779s] aco: compute_total_information done, time: 350.778
[351.094s] aco: ants_generation_and_activity done, time: 351.094
[351.095s] aco: pheromone_evaporation done, time: 351.095
[351.920s] aco: daemon_actions done, time: 351.92
[351.920s] aco: generation 282 start, time: 351.92
[352.387s] aco: compute_total_information done, time: 352.387
[352.688s] aco: ants_generation_and_activity done, time: 352.688
[352.692s] aco: pheromone_evaporation done, time: 352.692
[353.410s] aco: daemon_actions done, time: 353.41
[353.412s] aco: generation 283 start, time: 353.412
[353.892s] aco: compute_total_information done, time: 353.892
[354.221s] aco: ants_generation_and_activity done, time: 354.221
[354.225s] aco: pheromone_evaporation done, time: 354.225
[354.847s] aco: daemon_actions done, time: 354.847
[354.847s] aco: generation 284 start, time: 354.847
[355.206s] aco: compute_total_information done, time: 355.206
[355.527s] aco: ants_generation_and_activity done, time: 355.527
[355.528s] aco: pheromone_evaporation done, time: 355.528
[356.169s] aco: daemon_actions done, time: 356.169
[356.169s] aco: generation 285 start, time: 356.169
[356.529s] aco: compute_total_information done, time: 356.529
[356.852s] aco: ants_generation_and_activity done, time: 356.852
[356.856s] aco: pheromone_evaporation done, time: 356.856
[357.503s] aco: daemon_actions done, time: 357.503
[357.503s] aco: generation 286 start, time: 357.503
[357.785s] aco: compute_total_information done, time: 357.785
[358.016s] aco: ants_generation_and_activity done, time: 358.016
[358.018s] aco: pheromone_evaporation done, time: 358.018
[358.515s] aco: new best solution found with cost 4.67879e+006 and 1000 components
[358.519s] aco: daemon_actions done, time: 358.519
[358.519s] aco: generation 287 start, time: 358.519
[358.818s] aco: compute_total_information done, time: 358.818
[359.066s] aco: ants_generation_and_activity done, time: 359.066
[359.070s] aco: pheromone_evaporation done, time: 359.07
[359.649s] aco: daemon_actions done, time: 359.649
[359.649s] aco: generation 288 start, time: 359.649
[359.934s] aco: compute_total_information done, time: 359.934
[360.172s] aco: ants_generation_and_activity done, time: 360.172
[360.176s] aco: pheromone_evaporation done, time: 360.176
[360.668s] aco: daemon_actions done, time: 360.668
[360.668s] aco: generation 289 start, time: 360.668
[360.949s] aco: compute_total_information done, time: 360.949
[361.198s] aco: ants_generation_and_activity done, time: 361.198
[361.202s] aco: pheromone_evaporation done, time: 361.202
[361.683s] aco: new best solution found with cost 4.67934e+006 and 1000 components
[361.688s] aco: daemon_actions done, time: 361.688
[361.688s] aco: generation 290 start, time: 361.688
[361.968s] aco: compute_total_information done, time: 361.968
[362.207s] aco: ants_generation_and_activity done, time: 362.207
[362.210s] aco: pheromone_evaporation done, time: 362.21
[362.729s] aco: daemon_actions done, time: 362.729
[362.730s] aco: generation 291 start, time: 362.73
[363.050s] aco: compute_total_information done, time: 363.05
[363.327s] aco: ants_generation_and_activity done, time: 363.327
[363.332s] aco: pheromone_evaporation done, time: 363.332
[363.865s] aco: daemon_actions done, time: 363.865
[363.865s] aco: generation 292 start, time: 363.865
[364.161s] aco: compute_total_information done, time: 364.161
[364.448s] aco: ants_generation_and_activity done, time: 364.448
[364.451s] aco: pheromone_evaporation done, time: 364.451
[365.369s] aco: daemon_actions done, time: 365.369
[365.370s] aco: generation 293 start, time: 365.37
[365.744s] aco: compute_total_information done, time: 365.744
[365.986s] aco: ants_generation_and_activity done, time: 365.986
[365.990s] aco: pheromone_evaporation done, time: 365.99
[366.535s] aco: daemon_actions done, time: 366.535
[366.535s] aco: generation 294 start, time: 366.535
[366.854s] aco: compute_total_information done, time: 366.854
[367.102s] aco: ants_generation_and_activity done, time: 367.102
[367.106s] aco: pheromone_evaporation done, time: 367.106
[367.665s] aco: daemon_actions done, time: 367.665
[367.665s] aco: generation 295 start, time: 367.665
[367.956s] aco: compute_total_information done, time: 367.956
[368.192s] aco: ants_generation_and_activity done, time: 368.192
[368.195s] aco: pheromone_evaporation done, time: 368.195
[368.673s] aco: daemon_actions done, time: 368.673
[368.673s] aco: generation 296 start, time: 368.673
[368.949s] aco: compute_total_information done, time: 368.949
[369.178s] aco: ants_generation_and_activity done, time: 369.178
[369.182s] aco: pheromone_evaporation done, time: 369.182
[369.663s] aco: daemon_actions done, time: 369.663
[369.663s] aco: generation 297 start, time: 369.663
[369.983s] aco: compute_total_information done, time: 369.983
[370.220s] aco: ants_generation_and_activity done, time: 370.22
[370.223s] aco: pheromone_evaporation done, time: 370.223
[370.729s] aco: new best solution found with cost 4.67937e+006 and 1000 components
[370.733s] aco: daemon_actions done, time: 370.733
[370.733s] aco: generation 298 start, time: 370.733
[371.008s] aco: compute_total_information done, time: 371.008
[371.244s] aco: ants_generation_and_activity done, time: 371.244
[371.247s] aco: pheromone_evaporation done, time: 371.247
[371.728s] aco: daemon_actions done, time: 371.728
[371.728s] aco: generation 299 start, time: 371.728
[372.063s] aco: compute_total_information done, time: 372.063
[372.361s] aco: ants_generation_and_activity done, time: 372.361
[372.366s] aco: pheromone_evaporation done, time: 372.366
[372.844s] aco: daemon_actions done, time: 372.844
[372.844s] aco: generation 300 start, time: 372.844
[373.124s] aco: compute_total_information done, time: 373.124
[373.400s] aco: ants_generation_and_activity done, time: 373.4
[373.405s] aco: pheromone_evaporation done, time: 373.405
[373.908s] aco: daemon_actions done, time: 373.908
[373.908s] aco: generation 301 start, time: 373.908
[374.297s] aco: compute_total_information done, time: 374.297
[374.553s] aco: ants_generation_and_activity done, time: 374.553
[374.554s] aco: pheromone_evaporation done, time: 374.554
[375.048s] aco: daemon_actions done, time: 375.048
[375.048s] aco: generation 302 start, time: 375.048
[375.411s] aco: compute_total_information done, time: 375.411
[375.704s] aco: ants_generation_and_activity done, time: 375.704
[375.708s] aco: pheromone_evaporation done, time: 375.708
[376.201s] aco: daemon_actions done, time: 376.201
[376.202s] aco: generation 303 start, time: 376.202
[376.479s] aco: compute_total_information done, time: 376.479
[376.849s] aco: ants_generation_and_activity done, time: 376.849
[376.853s] aco: pheromone_evaporation done, time: 376.853
[377.398s] aco: daemon_actions done, time: 377.398
[377.398s] aco: generation 304 start, time: 377.398
[377.674s] aco: compute_total_information done, time: 377.674
[377.960s] aco: ants_generation_and_activity done, time: 377.96
[377.964s] aco: pheromone_evaporation done, time: 377.964
[378.565s] aco: daemon_actions done, time: 378.565
[378.565s] aco: generation 305 start, time: 378.565
[378.982s] aco: compute_total_information done, time: 378.982
[379.302s] aco: ants_generation_and_activity done, time: 379.302
[379.303s] aco: pheromone_evaporation done, time: 379.303
[379.994s] aco: daemon_actions done, time: 379.994
[379.994s] aco: generation 306 start, time: 379.994
[380.397s] aco: compute_total_information done, time: 380.397
[380.830s] aco: ants_generation_and_activity done, time: 380.83
[380.833s] aco: pheromone_evaporation done, time: 380.833
[381.537s] aco: daemon_actions done, time: 381.537
[381.537s] aco: generation 307 start, time: 381.537
[381.900s] aco: compute_total_information done, time: 381.9
[382.182s] aco: ants_generation_and_activity done, time: 382.182
[382.185s] aco: pheromone_evaporation done, time: 382.185
[382.920s] aco: daemon_actions done, time: 382.92
[382.921s] aco: generation 308 start, time: 382.921
[383.456s] aco: compute_total_information done, time: 383.456
[383.763s] aco: ants_generation_and_activity done, time: 383.763
[383.767s] aco: pheromone_evaporation done, time: 383.767
[384.514s] aco: daemon_actions done, time: 384.514
[384.515s] aco: generation 309 start, time: 384.515
[384.898s] aco: compute_total_information done, time: 384.898
[385.226s] aco: ants_generation_and_activity done, time: 385.226
[385.230s] aco: pheromone_evaporation done, time: 385.23
[385.986s] aco: daemon_actions done, time: 385.986
[385.986s] aco: generation 310 start, time: 385.986
[386.404s] aco: compute_total_information done, time: 386.404
[386.762s] aco: ants_generation_and_activity done, time: 386.762
[386.768s] aco: pheromone_evaporation done, time: 386.768
[387.516s] aco: daemon_actions done, time: 387.516
[387.516s] aco: generation 311 start, time: 387.516
[387.933s] aco: compute_total_information done, time: 387.933
[388.166s] aco: ants_generation_and_activity done, time: 388.166
[388.169s] aco: pheromone_evaporation done, time: 388.169
[388.708s] aco: daemon_actions done, time: 388.708
[388.708s] aco: generation 312 start, time: 388.708
[388.989s] aco: compute_total_information done, time: 388.989
[389.236s] aco: ants_generation_and_activity done, time: 389.236
[389.240s] aco: pheromone_evaporation done, time: 389.24
[389.732s] aco: daemon_actions done, time: 389.732
[389.733s] aco: generation 313 start, time: 389.733
[390.014s] aco: compute_total_information done, time: 390.014
[390.250s] aco: ants_generation_and_activity done, time: 390.25
[390.254s] aco: pheromone_evaporation done, time: 390.254
[390.777s] aco: daemon_actions done, time: 390.777
[390.777s] aco: generation 314 start, time: 390.777
[391.133s] aco: compute_total_information done, time: 391.133
[391.479s] aco: ants_generation_and_activity done, time: 391.479
[391.483s] aco: pheromone_evaporation done, time: 391.483
[392.295s] aco: daemon_actions done, time: 392.295
[392.295s] aco: generation 315 start, time: 392.295
[392.736s] aco: compute_total_information done, time: 392.736
[393.038s] aco: ants_generation_and_activity done, time: 393.038
[393.042s] aco: pheromone_evaporation done, time: 393.042
[393.649s] aco: daemon_actions done, time: 393.649
[393.649s] aco: generation 316 start, time: 393.649
[394.070s] aco: compute_total_information done, time: 394.07
[394.361s] aco: ants_generation_and_activity done, time: 394.361
[394.363s] aco: pheromone_evaporation done, time: 394.363
[395.023s] aco: daemon_actions done, time: 395.023
[395.023s] aco: generation 317 start, time: 395.023
[395.377s] aco: compute_total_information done, time: 395.377
[395.674s] aco: ants_generation_and_activity done, time: 395.674
[395.677s] aco: pheromone_evaporation done, time: 395.676
[396.486s] aco: daemon_actions done, time: 396.486
[396.487s] aco: generation 318 start, time: 396.487
[396.829s] aco: compute_total_information done, time: 396.829
[397.090s] aco: ants_generation_and_activity done, time: 397.09
[397.094s] aco: pheromone_evaporation done, time: 397.094
[397.693s] aco: daemon_actions done, time: 397.693
[397.694s] aco: generation 319 start, time: 397.694
[398.033s] aco: compute_total_information done, time: 398.033
[398.353s] aco: ants_generation_and_activity done, time: 398.353
[398.357s] aco: pheromone_evaporation done, time: 398.357
[399.115s] aco: daemon_actions done, time: 399.115
[399.115s] aco: generation 320 start, time: 399.115
[399.613s] aco: compute_total_information done, time: 399.613
[399.939s] aco: ants_generation_and_activity done, time: 399.939
[399.943s] aco: pheromone_evaporation done, time: 399.943
[400.723s] aco: daemon_actions done, time: 400.723
[400.723s] aco: generation 321 start, time: 400.723
[401.434s] aco: compute_total_information done, time: 401.434
[401.824s] aco: ants_generation_and_activity done, time: 401.824
[401.827s] aco: pheromone_evaporation done, time: 401.827
[402.708s] aco: daemon_actions done, time: 402.708
[402.708s] aco: generation 322 start, time: 402.708
[403.238s] aco: compute_total_information done, time: 403.238
[403.662s] aco: ants_generation_and_activity done, time: 403.662
[403.666s] aco: pheromone_evaporation done, time: 403.666
[404.611s] aco: daemon_actions done, time: 404.611
[404.611s] aco: generation 323 start, time: 404.611
[405.277s] aco: compute_total_information done, time: 405.277
[405.738s] aco: ants_generation_and_activity done, time: 405.738
[405.741s] aco: pheromone_evaporation done, time: 405.741
[406.914s] aco: daemon_actions done, time: 406.914
[406.914s] aco: generation 324 start, time: 406.914
[407.488s] aco: compute_total_information done, time: 407.488
[407.871s] aco: ants_generation_and_activity done, time: 407.871
[407.876s] aco: pheromone_evaporation done, time: 407.876
[408.528s] aco: new best solution found with cost 4.6808e+006 and 1000 components
[408.533s] aco: daemon_actions done, time: 408.533
[408.533s] aco: generation 325 start, time: 408.533
[408.996s] aco: compute_total_information done, time: 408.996
[409.439s] aco: ants_generation_and_activity done, time: 409.439
[409.440s] aco: pheromone_evaporation done, time: 409.44
[410.290s] aco: daemon_actions done, time: 410.29
[410.290s] aco: generation 326 start, time: 410.29
[410.624s] aco: compute_total_information done, time: 410.624
[410.924s] aco: ants_generation_and_activity done, time: 410.924
[410.926s] aco: pheromone_evaporation done, time: 410.926
[411.836s] aco: daemon_actions done, time: 411.836
[411.836s] aco: generation 327 start, time: 411.836
[412.200s] aco: compute_total_information done, time: 412.2
[412.715s] aco: ants_generation_and_activity done, time: 412.715
[412.716s] aco: pheromone_evaporation done, time: 412.716
[413.859s] aco: daemon_actions done, time: 413.859
[413.859s] aco: generation 328 start, time: 413.859
[414.323s] aco: compute_total_information done, time: 414.323
[414.843s] aco: ants_generation_and_activity done, time: 414.843
[414.846s] aco: pheromone_evaporation done, time: 414.846
[416.488s] aco: daemon_actions done, time: 416.488
[416.488s] aco: generation 329 start, time: 416.488
[417.221s] aco: compute_total_information done, time: 417.221
[417.899s] aco: ants_generation_and_activity done, time: 417.899
[417.906s] aco: pheromone_evaporation done, time: 417.906
[419.353s] aco: daemon_actions done, time: 419.353
[419.353s] aco: generation 330 start, time: 419.353
[419.907s] aco: compute_total_information done, time: 419.907
[420.291s] aco: ants_generation_and_activity done, time: 420.291
[420.296s] aco: pheromone_evaporation done, time: 420.296
[420.945s] aco: daemon_actions done, time: 420.945
[420.945s] aco: generation 331 start, time: 420.945
[421.323s] aco: compute_total_information done, time: 421.323
[421.644s] aco: ants_generation_and_activity done, time: 421.644
[421.648s] aco: pheromone_evaporation done, time: 421.648
[422.623s] aco: daemon_actions done, time: 422.623
[422.623s] aco: generation 332 start, time: 422.623
[423.096s] aco: compute_total_information done, time: 423.096
[423.480s] aco: ants_generation_and_activity done, time: 423.48
[423.515s] aco: pheromone_evaporation done, time: 423.515
[424.525s] aco: daemon_actions done, time: 424.525
[424.525s] aco: generation 333 start, time: 424.525
[424.878s] aco: compute_total_information done, time: 424.878
[425.180s] aco: ants_generation_and_activity done, time: 425.18
[425.183s] aco: pheromone_evaporation done, time: 425.183
[425.903s] aco: daemon_actions done, time: 425.903
[425.903s] aco: generation 334 start, time: 425.903
[426.199s] aco: compute_total_information done, time: 426.199
[426.574s] aco: ants_generation_and_activity done, time: 426.574
[426.578s] aco: pheromone_evaporation done, time: 426.578
[427.326s] aco: daemon_actions done, time: 427.326
[427.326s] aco: generation 335 start, time: 427.326
[427.761s] aco: compute_total_information done, time: 427.761
[428.127s] aco: ants_generation_and_activity done, time: 428.127
[428.129s] aco: pheromone_evaporation done, time: 428.129
[428.908s] aco: daemon_actions done, time: 428.908
[428.908s] aco: generation 336 start, time: 428.908
[429.287s] aco: compute_total_information done, time: 429.287
[429.588s] aco: ants_generation_and_activity done, time: 429.588
[429.591s] aco: pheromone_evaporation done, time: 429.591
[430.137s] aco: daemon_actions done, time: 430.137
[430.137s] aco: generation 337 start, time: 430.137
[430.467s] aco: compute_total_information done, time: 430.467
[430.821s] aco: ants_generation_and_activity done, time: 430.821
[430.825s] aco: pheromone_evaporation done, time: 430.825
[431.361s] aco: daemon_actions done, time: 431.361
[431.361s] aco: generation 338 start, time: 431.361
[431.720s] aco: compute_total_information done, time: 431.72
[431.985s] aco: ants_generation_and_activity done, time: 431.985
[431.989s] aco: pheromone_evaporation done, time: 431.989
[432.554s] aco: daemon_actions done, time: 432.554
[432.554s] aco: generation 339 start, time: 432.554
[432.908s] aco: compute_total_information done, time: 432.908
[433.222s] aco: ants_generation_and_activity done, time: 433.222
[433.226s] aco: pheromone_evaporation done, time: 433.226
[433.811s] aco: daemon_actions done, time: 433.811
[433.811s] aco: generation 340 start, time: 433.811
[434.245s] aco: compute_total_information done, time: 434.245
[434.507s] aco: ants_generation_and_activity done, time: 434.507
[434.511s] aco: pheromone_evaporation done, time: 434.511
[435.106s] aco: daemon_actions done, time: 435.106
[435.106s] aco: generation 341 start, time: 435.106
[435.401s] aco: compute_total_information done, time: 435.401
[435.675s] aco: ants_generation_and_activity done, time: 435.675
[435.679s] aco: pheromone_evaporation done, time: 435.679
[436.255s] aco: daemon_actions done, time: 436.255
[436.255s] aco: generation 342 start, time: 436.255
[436.549s] aco: compute_total_information done, time: 436.549
[436.864s] aco: ants_generation_and_activity done, time: 436.864
[436.866s] aco: pheromone_evaporation done, time: 436.866
[437.411s] aco: daemon_actions done, time: 437.411
[437.411s] aco: generation 343 start, time: 437.411
[437.884s] aco: compute_total_information done, time: 437.884
[438.171s] aco: ants_generation_and_activity done, time: 438.171
[438.173s] aco: pheromone_evaporation done, time: 438.173
[438.882s] aco: daemon_actions done, time: 438.882
[438.882s] aco: generation 344 start, time: 438.882
[439.285s] aco: compute_total_information done, time: 439.285
[439.590s] aco: ants_generation_and_activity done, time: 439.59
[439.593s] aco: pheromone_evaporation done, time: 439.593
[440.303s] aco: daemon_actions done, time: 440.303
[440.303s] aco: generation 345 start, time: 440.303
[440.645s] aco: compute_total_information done, time: 440.645
[440.977s] aco: ants_generation_and_activity done, time: 440.977
[440.981s] aco: pheromone_evaporation done, time: 440.981
[441.636s] aco: daemon_actions done, time: 441.636
[441.636s] aco: generation 346 start, time: 441.636
[441.981s] aco: compute_total_information done, time: 441.981
[442.316s] aco: ants_generation_and_activity done, time: 442.316
[442.319s] aco: pheromone_evaporation done, time: 442.319
[443.186s] aco: daemon_actions done, time: 443.186
[443.186s] aco: generation 347 start, time: 443.186
[443.804s] aco: compute_total_information done, time: 443.804
[444.189s] aco: ants_generation_and_activity done, time: 444.189
[444.190s] aco: pheromone_evaporation done, time: 444.19
[444.944s] aco: daemon_actions done, time: 444.944
[444.944s] aco: generation 348 start, time: 444.944
[445.361s] aco: compute_total_information done, time: 445.361
[445.649s] aco: ants_generation_and_activity done, time: 445.649
[445.653s] aco: pheromone_evaporation done, time: 445.653
[446.401s] aco: daemon_actions done, time: 446.401
[446.401s] aco: generation 349 start, time: 446.401
[447.013s] aco: compute_total_information done, time: 447.013
[447.352s] aco: ants_generation_and_activity done, time: 447.352
[447.356s] aco: pheromone_evaporation done, time: 447.356
[448.041s] aco: daemon_actions done, time: 448.041
[448.043s] aco: generation 350 start, time: 448.043
[448.603s] aco: compute_total_information done, time: 448.603
[448.938s] aco: ants_generation_and_activity done, time: 448.938
[448.942s] aco: pheromone_evaporation done, time: 448.942
[449.562s] aco: daemon_actions done, time: 449.562
[449.562s] aco: generation 351 start, time: 449.562
[450.089s] aco: compute_total_information done, time: 450.089
[450.364s] aco: ants_generation_and_activity done, time: 450.364
[450.366s] aco: pheromone_evaporation done, time: 450.366
[450.983s] aco: daemon_actions done, time: 450.983
[450.983s] aco: generation 352 start, time: 450.983
[451.294s] aco: compute_total_information done, time: 451.294
[451.557s] aco: ants_generation_and_activity done, time: 451.557
[451.559s] aco: pheromone_evaporation done, time: 451.559
[452.098s] aco: daemon_actions done, time: 452.098
[452.098s] aco: generation 353 start, time: 452.098
[452.405s] aco: compute_total_information done, time: 452.405
[452.741s] aco: ants_generation_and_activity done, time: 452.741
[452.743s] aco: pheromone_evaporation done, time: 452.743
[453.291s] aco: daemon_actions done, time: 453.291
[453.291s] aco: generation 354 start, time: 453.291
[453.637s] aco: compute_total_information done, time: 453.637
[453.872s] aco: ants_generation_and_activity done, time: 453.872
[453.874s] aco: pheromone_evaporation done, time: 453.874
[454.440s] aco: daemon_actions done, time: 454.44
[454.441s] aco: generation 355 start, time: 454.441
[454.730s] aco: compute_total_information done, time: 454.73
[454.987s] aco: ants_generation_and_activity done, time: 454.987
[454.991s] aco: pheromone_evaporation done, time: 454.991
[455.523s] aco: daemon_actions done, time: 455.523
[455.523s] aco: generation 356 start, time: 455.523
[455.857s] aco: compute_total_information done, time: 455.857
[456.123s] aco: ants_generation_and_activity done, time: 456.123
[456.125s] aco: pheromone_evaporation done, time: 456.125
[456.673s] aco: daemon_actions done, time: 456.673
[456.673s] aco: generation 357 start, time: 456.673
[456.998s] aco: compute_total_information done, time: 456.998
[457.247s] aco: ants_generation_and_activity done, time: 457.247
[457.250s] aco: pheromone_evaporation done, time: 457.25
[457.794s] aco: daemon_actions done, time: 457.794
[457.794s] aco: generation 358 start, time: 457.794
[458.104s] aco: compute_total_information done, time: 458.104
[458.380s] aco: ants_generation_and_activity done, time: 458.38
[458.382s] aco: pheromone_evaporation done, time: 458.382
[459.024s] aco: daemon_actions done, time: 459.024
[459.024s] aco: generation 359 start, time: 459.024
[459.378s] aco: compute_total_information done, time: 459.378
[459.676s] aco: ants_generation_and_activity done, time: 459.676
[459.681s] aco: pheromone_evaporation done, time: 459.681
[460.233s] aco: daemon_actions done, time: 460.233
[460.233s] aco: generation 360 start, time: 460.233
[460.588s] aco: compute_total_information done, time: 460.588
[460.830s] aco: ants_generation_and_activity done, time: 460.83
[460.835s] aco: pheromone_evaporation done, time: 460.835
[461.386s] aco: daemon_actions done, time: 461.386
[461.386s] aco: generation 361 start, time: 461.386
[461.691s] aco: compute_total_information done, time: 461.691
[461.940s] aco: ants_generation_and_activity done, time: 461.94
[461.942s] aco: pheromone_evaporation done, time: 461.942
[462.505s] aco: daemon_actions done, time: 462.505
[462.506s] aco: generation 362 start, time: 462.506
[462.890s] aco: compute_total_information done, time: 462.89
[463.157s] aco: ants_generation_and_activity done, time: 463.157
[463.160s] aco: pheromone_evaporation done, time: 463.16
[463.719s] aco: daemon_actions done, time: 463.719
[463.719s] aco: generation 363 start, time: 463.719
[464.075s] aco: compute_total_information done, time: 464.075
[464.329s] aco: ants_generation_and_activity done, time: 464.329
[464.334s] aco: pheromone_evaporation done, time: 464.334
[464.900s] aco: daemon_actions done, time: 464.9
[464.900s] aco: generation 364 start, time: 464.9
[465.185s] aco: compute_total_information done, time: 465.185
[465.461s] aco: ants_generation_and_activity done, time: 465.461
[465.464s] aco: pheromone_evaporation done, time: 465.464
[465.985s] aco: daemon_actions done, time: 465.985
[465.985s] aco: generation 365 start, time: 465.985
[466.323s] aco: compute_total_information done, time: 466.323
[466.603s] aco: ants_generation_and_activity done, time: 466.603
[466.607s] aco: pheromone_evaporation done, time: 466.607
[467.133s] aco: daemon_actions done, time: 467.133
[467.133s] aco: generation 366 start, time: 467.133
[467.411s] aco: compute_total_information done, time: 467.411
[467.657s] aco: ants_generation_and_activity done, time: 467.657
[467.659s] aco: pheromone_evaporation done, time: 467.659
[468.201s] aco: daemon_actions done, time: 468.201
[468.201s] aco: generation 367 start, time: 468.201
[468.485s] aco: compute_total_information done, time: 468.485
[468.764s] aco: ants_generation_and_activity done, time: 468.764
[468.767s] aco: pheromone_evaporation done, time: 468.767
[469.279s] aco: daemon_actions done, time: 469.279
[469.279s] aco: generation 368 start, time: 469.279
[469.582s] aco: compute_total_information done, time: 469.582
[469.881s] aco: ants_generation_and_activity done, time: 469.881
[469.886s] aco: pheromone_evaporation done, time: 469.886
[470.483s] aco: daemon_actions done, time: 470.483
[470.483s] aco: generation 369 start, time: 470.483
[470.764s] aco: compute_total_information done, time: 470.764
[471.036s] aco: ants_generation_and_activity done, time: 471.036
[471.039s] aco: pheromone_evaporation done, time: 471.039
[471.518s] aco: daemon_actions done, time: 471.518
[471.518s] aco: generation 370 start, time: 471.518
[471.801s] aco: compute_total_information done, time: 471.801
[472.069s] aco: ants_generation_and_activity done, time: 472.069
[472.074s] aco: pheromone_evaporation done, time: 472.074
[472.564s] aco: daemon_actions done, time: 472.564
[472.564s] aco: generation 371 start, time: 472.564
[472.858s] aco: compute_total_information done, time: 472.858
[473.108s] aco: ants_generation_and_activity done, time: 473.108
[473.112s] aco: pheromone_evaporation done, time: 473.112
[473.706s] aco: daemon_actions done, time: 473.706
[473.706s] aco: generation 372 start, time: 473.706
[474.043s] aco: compute_total_information done, time: 474.043
[474.301s] aco: ants_generation_and_activity done, time: 474.301
[474.306s] aco: pheromone_evaporation done, time: 474.306
[474.881s] aco: daemon_actions done, time: 474.881
[474.881s] aco: generation 373 start, time: 474.881
[475.180s] aco: compute_total_information done, time: 475.18
[475.439s] aco: ants_generation_and_activity done, time: 475.439
[475.442s] aco: pheromone_evaporation done, time: 475.442
[475.934s] aco: daemon_actions done, time: 475.934
[475.934s] aco: generation 374 start, time: 475.934
[476.254s] aco: compute_total_information done, time: 476.254
[476.531s] aco: ants_generation_and_activity done, time: 476.531
[476.533s] aco: pheromone_evaporation done, time: 476.533
[477.081s] aco: daemon_actions done, time: 477.081
[477.081s] aco: generation 375 start, time: 477.081
[477.371s] aco: compute_total_information done, time: 477.371
[477.610s] aco: ants_generation_and_activity done, time: 477.61
[477.614s] aco: pheromone_evaporation done, time: 477.614
[478.096s] aco: daemon_actions done, time: 478.096
[478.097s] aco: generation 376 start, time: 478.097
[478.404s] aco: compute_total_information done, time: 478.404
[478.666s] aco: ants_generation_and_activity done, time: 478.666
[478.668s] aco: pheromone_evaporation done, time: 478.668
[479.191s] aco: daemon_actions done, time: 479.191
[479.191s] aco: generation 377 start, time: 479.191
[479.474s] aco: compute_total_information done, time: 479.474
[479.781s] aco: ants_generation_and_activity done, time: 479.781
[479.784s] aco: pheromone_evaporation done, time: 479.784
[480.331s] aco: new best solution found with cost 4.68145e+006 and 1000 components
[480.336s] aco: daemon_actions done, time: 480.336
[480.336s] aco: generation 378 start, time: 480.336
[480.725s] aco: compute_total_information done, time: 480.725
[481.022s] aco: ants_generation_and_activity done, time: 481.022
[481.023s] aco: pheromone_evaporation done, time: 481.023
[481.688s] aco: daemon_actions done, time: 481.688
[481.688s] aco: generation 379 start, time: 481.688
[482.080s] aco: compute_total_information done, time: 482.08
[482.396s] aco: ants_generation_and_activity done, time: 482.396
[482.397s] aco: pheromone_evaporation done, time: 482.397
[483.117s] aco: daemon_actions done, time: 483.117
[483.117s] aco: generation 380 start, time: 483.117
[483.525s] aco: compute_total_information done, time: 483.525
[483.869s] aco: ants_generation_and_activity done, time: 483.869
[483.870s] aco: pheromone_evaporation done, time: 483.87
[484.676s] aco: daemon_actions done, time: 484.676
[484.676s] aco: generation 381 start, time: 484.676
[485.120s] aco: compute_total_information done, time: 485.12
[485.457s] aco: ants_generation_and_activity done, time: 485.457
[485.459s] aco: pheromone_evaporation done, time: 485.459
[486.196s] aco: daemon_actions done, time: 486.196
[486.196s] aco: generation 382 start, time: 486.196
[486.651s] aco: compute_total_information done, time: 486.651
[486.989s] aco: ants_generation_and_activity done, time: 486.989
[486.993s] aco: pheromone_evaporation done, time: 486.993
[487.687s] aco: daemon_actions done, time: 487.687
[487.687s] aco: generation 383 start, time: 487.687
[488.113s] aco: compute_total_information done, time: 488.113
[488.391s] aco: ants_generation_and_activity done, time: 488.391
[488.393s] aco: pheromone_evaporation done, time: 488.393
[488.982s] aco: daemon_actions done, time: 488.982
[488.982s] aco: generation 384 start, time: 488.982
[489.295s] aco: compute_total_information done, time: 489.295
[489.572s] aco: ants_generation_and_activity done, time: 489.572
[489.574s] aco: pheromone_evaporation done, time: 489.574
[490.164s] aco: daemon_actions done, time: 490.164
[490.164s] aco: generation 385 start, time: 490.164
[490.441s] aco: compute_total_information done, time: 490.441
[490.709s] aco: ants_generation_and_activity done, time: 490.709
[490.712s] aco: pheromone_evaporation done, time: 490.712
[491.193s] aco: daemon_actions done, time: 491.193
[491.193s] aco: generation 386 start, time: 491.193
[491.536s] aco: compute_total_information done, time: 491.536
[491.855s] aco: ants_generation_and_activity done, time: 491.855
[491.860s] aco: pheromone_evaporation done, time: 491.86
[492.372s] aco: daemon_actions done, time: 492.372
[492.372s] aco: generation 387 start, time: 492.372
[492.665s] aco: compute_total_information done, time: 492.665
[492.938s] aco: ants_generation_and_activity done, time: 492.938
[492.942s] aco: pheromone_evaporation done, time: 492.942
[493.504s] aco: daemon_actions done, time: 493.504
[493.504s] aco: generation 388 start, time: 493.504
[493.846s] aco: compute_total_information done, time: 493.846
[494.092s] aco: ants_generation_and_activity done, time: 494.092
[494.096s] aco: pheromone_evaporation done, time: 494.096
[494.765s] aco: daemon_actions done, time: 494.765
[494.765s] aco: generation 389 start, time: 494.765
[495.146s] aco: compute_total_information done, time: 495.146
[495.422s] aco: ants_generation_and_activity done, time: 495.422
[495.425s] aco: pheromone_evaporation done, time: 495.425
[496.129s] aco: daemon_actions done, time: 496.129
[496.129s] aco: generation 390 start, time: 496.129
[496.424s] aco: compute_total_information done, time: 496.424
[496.692s] aco: ants_generation_and_activity done, time: 496.692
[496.696s] aco: pheromone_evaporation done, time: 496.696
[497.225s] aco: daemon_actions done, time: 497.225
[497.225s] aco: generation 391 start, time: 497.225
[497.628s] aco: compute_total_information done, time: 497.628
[497.954s] aco: ants_generation_and_activity done, time: 497.954
[497.955s] aco: pheromone_evaporation done, time: 497.955
[498.594s] aco: daemon_actions done, time: 498.594
[498.594s] aco: generation 392 start, time: 498.594
[498.970s] aco: compute_total_information done, time: 498.97
[499.248s] aco: ants_generation_and_activity done, time: 499.248
[499.250s] aco: pheromone_evaporation done, time: 499.25
[499.829s] aco: daemon_actions done, time: 499.829
[499.829s] aco: generation 393 start, time: 499.829
[500.186s] aco: compute_total_information done, time: 500.186
[500.431s] aco: ants_generation_and_activity done, time: 500.431
[500.434s] aco: pheromone_evaporation done, time: 500.434
[500.933s] aco: daemon_actions done, time: 500.933
[500.933s] aco: generation 394 start, time: 500.933
[501.282s] aco: compute_total_information done, time: 501.282
[501.534s] aco: ants_generation_and_activity done, time: 501.534
[501.538s] aco: pheromone_evaporation done, time: 501.538
[502.060s] aco: daemon_actions done, time: 502.06
[502.060s] aco: generation 395 start, time: 502.06
[502.433s] aco: compute_total_information done, time: 502.433
[502.685s] aco: ants_generation_and_activity done, time: 502.685
[502.689s] aco: pheromone_evaporation done, time: 502.689
[503.239s] aco: daemon_actions done, time: 503.239
[503.239s] aco: generation 396 start, time: 503.239
[503.589s] aco: compute_total_information done, time: 503.589
[503.854s] aco: ants_generation_and_activity done, time: 503.854
[503.858s] aco: pheromone_evaporation done, time: 503.858
[504.425s] aco: daemon_actions done, time: 504.425
[504.425s] aco: generation 397 start, time: 504.425
[504.771s] aco: compute_total_information done, time: 504.771
[505.011s] aco: ants_generation_and_activity done, time: 505.011
[505.016s] aco: pheromone_evaporation done, time: 505.016
[505.576s] aco: daemon_actions done, time: 505.576
[505.576s] aco: generation 398 start, time: 505.576
[505.931s] aco: compute_total_information done, time: 505.931
[506.219s] aco: ants_generation_and_activity done, time: 506.219
[506.221s] aco: pheromone_evaporation done, time: 506.221
[506.732s] aco: daemon_actions done, time: 506.732
[506.732s] aco: generation 399 start, time: 506.732
[507.007s] aco: compute_total_information done, time: 507.007
[507.409s] aco: ants_generation_and_activity done, time: 507.409
[507.414s] aco: pheromone_evaporation done, time: 507.414
[507.926s] aco: daemon_actions done, time: 507.926
[507.926s] aco: generation 400 start, time: 507.926
[508.271s] aco: compute_total_information done, time: 508.271
[508.572s] aco: ants_generation_and_activity done, time: 508.572
[508.575s] aco: pheromone_evaporation done, time: 508.575
[509.149s] aco: daemon_actions done, time: 509.149
[509.149s] aco: generation 401 start, time: 509.149
[509.507s] aco: compute_total_information done, time: 509.507
[509.760s] aco: ants_generation_and_activity done, time: 509.76
[509.764s] aco: pheromone_evaporation done, time: 509.764
[510.307s] aco: daemon_actions done, time: 510.307
[510.307s] aco: generation 402 start, time: 510.307
[510.594s] aco: compute_total_information done, time: 510.594
[510.871s] aco: ants_generation_and_activity done, time: 510.871
[510.872s] aco: pheromone_evaporation done, time: 510.872
[511.415s] aco: daemon_actions done, time: 511.415
[511.415s] aco: generation 403 start, time: 511.415
[511.766s] aco: compute_total_information done, time: 511.766
[512.015s] aco: ants_generation_and_activity done, time: 512.015
[512.017s] aco: pheromone_evaporation done, time: 512.017
[512.530s] aco: daemon_actions done, time: 512.53
[512.530s] aco: generation 404 start, time: 512.53
[512.849s] aco: compute_total_information done, time: 512.849
[513.159s] aco: ants_generation_and_activity done, time: 513.159
[513.161s] aco: pheromone_evaporation done, time: 513.161
[513.709s] aco: daemon_actions done, time: 513.709
[513.709s] aco: generation 405 start, time: 513.709
[514.003s] aco: compute_total_information done, time: 514.003
[514.236s] aco: ants_generation_and_activity done, time: 514.236
[514.240s] aco: pheromone_evaporation done, time: 514.24
[514.810s] aco: daemon_actions done, time: 514.81
[514.810s] aco: generation 406 start, time: 514.81
[515.091s] aco: compute_total_information done, time: 515.091
[515.335s] aco: ants_generation_and_activity done, time: 515.335
[515.339s] aco: pheromone_evaporation done, time: 515.339
[515.864s] aco: daemon_actions done, time: 515.864
[515.864s] aco: generation 407 start, time: 515.864
[516.139s] aco: compute_total_information done, time: 516.139
[516.430s] aco: ants_generation_and_activity done, time: 516.43
[516.435s] aco: pheromone_evaporation done, time: 516.435
[517.261s] aco: daemon_actions done, time: 517.261
[517.261s] aco: generation 408 start, time: 517.261
[517.604s] aco: compute_total_information done, time: 517.604
[517.857s] aco: ants_generation_and_activity done, time: 517.857
[517.861s] aco: pheromone_evaporation done, time: 517.861
[518.347s] aco: daemon_actions done, time: 518.347
[518.347s] aco: generation 409 start, time: 518.347
[518.634s] aco: compute_total_information done, time: 518.634
[518.866s] aco: ants_generation_and_activity done, time: 518.866
[518.868s] aco: pheromone_evaporation done, time: 518.867
[519.364s] aco: daemon_actions done, time: 519.363
[519.364s] aco: generation 410 start, time: 519.364
[519.637s] aco: compute_total_information done, time: 519.637
[519.871s] aco: ants_generation_and_activity done, time: 519.871
[519.874s] aco: pheromone_evaporation done, time: 519.874
[520.440s] aco: daemon_actions done, time: 520.44
[520.440s] aco: generation 411 start, time: 520.44
[520.761s] aco: compute_total_information done, time: 520.761
[521.003s] aco: ants_generation_and_activity done, time: 521.003
[521.007s] aco: pheromone_evaporation done, time: 521.007
[521.781s] aco: daemon_actions done, time: 521.781
[521.781s] aco: generation 412 start, time: 521.781
[522.603s] aco: compute_total_information done, time: 522.603
[522.940s] aco: ants_generation_and_activity done, time: 522.94
[522.942s] aco: pheromone_evaporation done, time: 522.942
[523.656s] aco: daemon_actions done, time: 523.656
[523.656s] aco: generation 413 start, time: 523.656
[524.141s] aco: compute_total_information done, time: 524.141
[524.654s] aco: ants_generation_and_activity done, time: 524.654
[524.656s] aco: pheromone_evaporation done, time: 524.656
[525.468s] aco: daemon_actions done, time: 525.468
[525.468s] aco: generation 414 start, time: 525.468
[525.957s] aco: compute_total_information done, time: 525.957
[526.332s] aco: ants_generation_and_activity done, time: 526.332
[526.334s] aco: pheromone_evaporation done, time: 526.334
[527.254s] aco: daemon_actions done, time: 527.254
[527.254s] aco: generation 415 start, time: 527.254
[527.863s] aco: compute_total_information done, time: 527.863
[528.251s] aco: ants_generation_and_activity done, time: 528.251
[528.252s] aco: pheromone_evaporation done, time: 528.252
[529.108s] aco: daemon_actions done, time: 529.108
[529.108s] aco: generation 416 start, time: 529.108
[529.664s] aco: compute_total_information done, time: 529.664
[530.068s] aco: ants_generation_and_activity done, time: 530.068
[530.073s] aco: pheromone_evaporation done, time: 530.073
[531.063s] aco: daemon_actions done, time: 531.063
[531.063s] aco: generation 417 start, time: 531.063
[531.681s] aco: compute_total_information done, time: 531.681
[532.120s] aco: ants_generation_and_activity done, time: 532.12
[532.125s] aco: pheromone_evaporation done, time: 532.125
[532.935s] aco: daemon_actions done, time: 532.935
[532.935s] aco: generation 418 start, time: 532.935
[533.250s] aco: compute_total_information done, time: 533.25
[533.532s] aco: ants_generation_and_activity done, time: 533.532
[533.537s] aco: pheromone_evaporation done, time: 533.537
[534.194s] aco: daemon_actions done, time: 534.194
[534.194s] aco: generation 419 start, time: 534.194
[534.517s] aco: compute_total_information done, time: 534.517
[534.843s] aco: ants_generation_and_activity done, time: 534.843
[534.847s] aco: pheromone_evaporation done, time: 534.847
[535.369s] aco: daemon_actions done, time: 535.369
[535.369s] aco: generation 420 start, time: 535.369
[535.672s] aco: compute_total_information done, time: 535.672
[535.918s] aco: ants_generation_and_activity done, time: 535.918
[535.921s] aco: pheromone_evaporation done, time: 535.921
[536.447s] aco: daemon_actions done, time: 536.447
[536.447s] aco: generation 421 start, time: 536.447
[536.731s] aco: compute_total_information done, time: 536.731
[536.971s] aco: ants_generation_and_activity done, time: 536.971
[536.974s] aco: pheromone_evaporation done, time: 536.974
[537.529s] aco: daemon_actions done, time: 537.529
[537.529s] aco: generation 422 start, time: 537.529
[537.854s] aco: compute_total_information done, time: 537.854
[538.110s] aco: ants_generation_and_activity done, time: 538.11
[538.115s] aco: pheromone_evaporation done, time: 538.115
[538.906s] aco: daemon_actions done, time: 538.906
[538.907s] aco: generation 423 start, time: 538.907
[539.306s] aco: compute_total_information done, time: 539.306
[539.714s] aco: ants_generation_and_activity done, time: 539.714
[539.715s] aco: pheromone_evaporation done, time: 539.715
[540.249s] aco: daemon_actions done, time: 540.249
[540.249s] aco: generation 424 start, time: 540.249
[540.587s] aco: compute_total_information done, time: 540.587
[540.862s] aco: ants_generation_and_activity done, time: 540.862
[540.865s] aco: pheromone_evaporation done, time: 540.865
[541.526s] aco: daemon_actions done, time: 541.526
[541.526s] aco: generation 425 start, time: 541.526
[541.913s] aco: compute_total_information done, time: 541.913
[542.237s] aco: ants_generation_and_activity done, time: 542.237
[542.241s] aco: pheromone_evaporation done, time: 542.241
[542.751s] aco: daemon_actions done, time: 542.751
[542.751s] aco: generation 426 start, time: 542.751
[543.111s] aco: compute_total_information done, time: 543.111
[543.386s] aco: ants_generation_and_activity done, time: 543.386
[543.387s] aco: pheromone_evaporation done, time: 543.387
[543.966s] aco: daemon_actions done, time: 543.966
[543.966s] aco: generation 427 start, time: 543.966
[544.316s] aco: compute_total_information done, time: 544.316
[544.574s] aco: ants_generation_and_activity done, time: 544.574
[544.575s] aco: pheromone_evaporation done, time: 544.575
[545.265s] aco: daemon_actions done, time: 545.265
[545.265s] aco: generation 428 start, time: 545.265
[545.643s] aco: compute_total_information done, time: 545.643
[545.910s] aco: ants_generation_and_activity done, time: 545.91
[545.914s] aco: pheromone_evaporation done, time: 545.914
[546.790s] aco: daemon_actions done, time: 546.79
[546.790s] aco: generation 429 start, time: 546.79
[547.212s] aco: compute_total_information done, time: 547.212
[547.677s] aco: ants_generation_and_activity done, time: 547.677
[547.681s] aco: pheromone_evaporation done, time: 547.681
[548.379s] aco: daemon_actions done, time: 548.379
[548.379s] aco: generation 430 start, time: 548.379
[548.853s] aco: compute_total_information done, time: 548.853
[549.241s] aco: ants_generation_and_activity done, time: 549.241
[549.244s] aco: pheromone_evaporation done, time: 549.244
[549.944s] aco: daemon_actions done, time: 549.944
[549.944s] aco: generation 431 start, time: 549.944
[550.323s] aco: compute_total_information done, time: 550.323
[550.645s] aco: ants_generation_and_activity done, time: 550.645
[550.648s] aco: pheromone_evaporation done, time: 550.648
[551.241s] aco: daemon_actions done, time: 551.241
[551.241s] aco: generation 432 start, time: 551.241
[551.668s] aco: compute_total_information done, time: 551.668
[552.010s] aco: ants_generation_and_activity done, time: 552.01
[552.013s] aco: pheromone_evaporation done, time: 552.013
[552.588s] aco: daemon_actions done, time: 552.588
[552.588s] aco: generation 433 start, time: 552.588
[552.939s] aco: compute_total_information done, time: 552.939
[553.185s] aco: ants_generation_and_activity done, time: 553.185
[553.189s] aco: pheromone_evaporation done, time: 553.189
[553.775s] aco: daemon_actions done, time: 553.775
[553.776s] aco: generation 434 start, time: 553.775
[554.121s] aco: compute_total_information done, time: 554.121
[554.397s] aco: ants_generation_and_activity done, time: 554.397
[554.401s] aco: pheromone_evaporation done, time: 554.401
[554.949s] aco: daemon_actions done, time: 554.949
[554.949s] aco: generation 435 start, time: 554.949
[555.250s] aco: compute_total_information done, time: 555.25
[555.512s] aco: ants_generation_and_activity done, time: 555.512
[555.515s] aco: pheromone_evaporation done, time: 555.515
[556.104s] aco: daemon_actions done, time: 556.104
[556.104s] aco: generation 436 start, time: 556.104
[556.440s] aco: compute_total_information done, time: 556.44
[556.691s] aco: ants_generation_and_activity done, time: 556.691
[556.693s] aco: pheromone_evaporation done, time: 556.693
[557.337s] aco: daemon_actions done, time: 557.337
[557.337s] aco: generation 437 start, time: 557.337
[557.802s] aco: compute_total_information done, time: 557.802
[558.169s] aco: ants_generation_and_activity done, time: 558.169
[558.171s] aco: pheromone_evaporation done, time: 558.171
[558.900s] aco: daemon_actions done, time: 558.9
[558.901s] aco: generation 438 start, time: 558.901
[559.351s] aco: compute_total_information done, time: 559.351
[559.663s] aco: ants_generation_and_activity done, time: 559.663
[559.666s] aco: pheromone_evaporation done, time: 559.666
[560.563s] aco: daemon_actions done, time: 560.563
[560.563s] aco: generation 439 start, time: 560.563
[561.042s] aco: compute_total_information done, time: 561.042
[561.398s] aco: ants_generation_and_activity done, time: 561.398
[561.399s] aco: pheromone_evaporation done, time: 561.399
[562.030s] aco: daemon_actions done, time: 562.03
[562.030s] aco: generation 440 start, time: 562.03
[562.446s] aco: compute_total_information done, time: 562.446
[562.874s] aco: ants_generation_and_activity done, time: 562.874
[562.878s] aco: pheromone_evaporation done, time: 562.878
[563.748s] aco: daemon_actions done, time: 563.748
[563.748s] aco: generation 441 start, time: 563.748
[564.350s] aco: compute_total_information done, time: 564.35
[564.689s] aco: ants_generation_and_activity done, time: 564.689
[564.694s] aco: pheromone_evaporation done, time: 564.694
[565.294s] aco: daemon_actions done, time: 565.294
[565.294s] aco: generation 442 start, time: 565.294
[565.594s] aco: compute_total_information done, time: 565.594
[565.858s] aco: ants_generation_and_activity done, time: 565.858
[565.860s] aco: pheromone_evaporation done, time: 565.86
[566.375s] aco: daemon_actions done, time: 566.375
[566.375s] aco: generation 443 start, time: 566.375
[566.672s] aco: compute_total_information done, time: 566.672
[566.931s] aco: ants_generation_and_activity done, time: 566.931
[566.933s] aco: pheromone_evaporation done, time: 566.933
[567.512s] aco: daemon_actions done, time: 567.512
[567.514s] aco: generation 444 start, time: 567.514
[567.838s] aco: compute_total_information done, time: 567.838
[568.092s] aco: ants_generation_and_activity done, time: 568.092
[568.093s] aco: pheromone_evaporation done, time: 568.093
[568.607s] aco: daemon_actions done, time: 568.607
[568.607s] aco: generation 445 start, time: 568.607
[568.937s] aco: compute_total_information done, time: 568.937
[569.187s] aco: ants_generation_and_activity done, time: 569.187
[569.191s] aco: pheromone_evaporation done, time: 569.191
[569.685s] aco: daemon_actions done, time: 569.685
[569.685s] aco: generation 446 start, time: 569.685
[570.016s] aco: compute_total_information done, time: 570.016
[570.263s] aco: ants_generation_and_activity done, time: 570.263
[570.266s] aco: pheromone_evaporation done, time: 570.266
[570.806s] aco: daemon_actions done, time: 570.806
[570.806s] aco: generation 447 start, time: 570.806
[571.082s] aco: compute_total_information done, time: 571.082
[571.347s] aco: ants_generation_and_activity done, time: 571.347
[571.350s] aco: pheromone_evaporation done, time: 571.35
[571.833s] aco: daemon_actions done, time: 571.833
[571.833s] aco: generation 448 start, time: 571.833
[572.107s] aco: compute_total_information done, time: 572.107
[572.373s] aco: ants_generation_and_activity done, time: 572.373
[572.375s] aco: pheromone_evaporation done, time: 572.375
[573.014s] aco: daemon_actions done, time: 573.014
[573.014s] aco: generation 449 start, time: 573.014
[573.295s] aco: compute_total_information done, time: 573.295
[573.542s] aco: ants_generation_and_activity done, time: 573.542
[573.546s] aco: pheromone_evaporation done, time: 573.546
[574.091s] aco: daemon_actions done, time: 574.091
[574.091s] aco: generation 450 start, time: 574.091
[574.463s] aco: compute_total_information done, time: 574.463
[574.702s] aco: ants_generation_and_activity done, time: 574.702
[574.706s] aco: pheromone_evaporation done, time: 574.706
[575.267s] aco: daemon_actions done, time: 575.267
[575.267s] aco: generation 451 start, time: 575.267
[575.612s] aco: compute_total_information done, time: 575.612
[575.895s] aco: ants_generation_and_activity done, time: 575.895
[575.898s] aco: pheromone_evaporation done, time: 575.898
[576.386s] aco: daemon_actions done, time: 576.386
[576.386s] aco: generation 452 start, time: 576.386
[576.700s] aco: compute_total_information done, time: 576.7
[576.952s] aco: ants_generation_and_activity done, time: 576.952
[576.955s] aco: pheromone_evaporation done, time: 576.955
[577.454s] aco: daemon_actions done, time: 577.454
[577.454s] aco: generation 453 start, time: 577.454
[577.738s] aco: compute_total_information done, time: 577.738
[578.039s] aco: ants_generation_and_activity done, time: 578.039
[578.043s] aco: pheromone_evaporation done, time: 578.043
[578.560s] aco: daemon_actions done, time: 578.56
[578.560s] aco: generation 454 start, time: 578.56
[578.862s] aco: compute_total_information done, time: 578.862
[579.102s] aco: ants_generation_and_activity done, time: 579.102
[579.105s] aco: pheromone_evaporation done, time: 579.105
[579.620s] aco: daemon_actions done, time: 579.62
[579.620s] aco: generation 455 start, time: 579.62
[579.917s] aco: compute_total_information done, time: 579.917
[580.160s] aco: ants_generation_and_activity done, time: 580.16
[580.163s] aco: pheromone_evaporation done, time: 580.163
[580.684s] aco: daemon_actions done, time: 580.684
[580.684s] aco: generation 456 start, time: 580.684
[581.004s] aco: compute_total_information done, time: 581.004
[581.241s] aco: ants_generation_and_activity done, time: 581.24
[581.245s] aco: pheromone_evaporation done, time: 581.245
[581.790s] aco: daemon_actions done, time: 581.79
[581.790s] aco: generation 457 start, time: 581.79
[582.094s] aco: compute_total_information done, time: 582.094
[582.443s] aco: ants_generation_and_activity done, time: 582.443
[582.447s] aco: pheromone_evaporation done, time: 582.447
[583.231s] aco: daemon_actions done, time: 583.231
[583.231s] aco: generation 458 start, time: 583.231
[583.711s] aco: compute_total_information done, time: 583.711
[583.991s] aco: ants_generation_and_activity done, time: 583.991
[583.993s] aco: pheromone_evaporation done, time: 583.993
[584.598s] aco: daemon_actions done, time: 584.598
[584.598s] aco: generation 459 start, time: 584.598
[584.954s] aco: compute_total_information done, time: 584.954
[585.286s] aco: ants_generation_and_activity done, time: 585.286
[585.290s] aco: pheromone_evaporation done, time: 585.29
[586.041s] aco: daemon_actions done, time: 586.041
[586.041s] aco: generation 460 start, time: 586.041
[586.379s] aco: compute_total_information done, time: 586.379
[586.812s] aco: ants_generation_and_activity done, time: 586.812
[586.815s] aco: pheromone_evaporation done, time: 586.815
[587.900s] aco: daemon_actions done, time: 587.9
[587.900s] aco: generation 461 start, time: 587.9
[588.347s] aco: compute_total_information done, time: 588.347
[589.019s] aco: ants_generation_and_activity done, time: 589.019
[589.022s] aco: pheromone_evaporation done, time: 589.022
[589.793s] aco: daemon_actions done, time: 589.793
[589.793s] aco: generation 462 start, time: 589.793
[590.304s] aco: compute_total_information done, time: 590.304
[590.660s] aco: ants_generation_and_activity done, time: 590.66
[590.664s] aco: pheromone_evaporation done, time: 590.664
[591.443s] aco: daemon_actions done, time: 591.443
[591.443s] aco: generation 463 start, time: 591.443
[591.905s] aco: compute_total_information done, time: 591.905
[592.348s] aco: ants_generation_and_activity done, time: 592.348
[592.352s] aco: pheromone_evaporation done, time: 592.352
[593.127s] aco: daemon_actions done, time: 593.127
[593.127s] aco: generation 464 start, time: 593.127
[593.559s] aco: compute_total_information done, time: 593.559
[593.896s] aco: ants_generation_and_activity done, time: 593.896
[593.901s] aco: pheromone_evaporation done, time: 593.901
[594.689s] aco: daemon_actions done, time: 594.689
[594.689s] aco: generation 465 start, time: 594.689
[595.114s] aco: compute_total_information done, time: 595.114
[595.473s] aco: ants_generation_and_activity done, time: 595.473
[595.478s] aco: pheromone_evaporation done, time: 595.478
[596.371s] aco: daemon_actions done, time: 596.37
[596.371s] aco: generation 466 start, time: 596.371
[596.799s] aco: compute_total_information done, time: 596.799
[597.253s] aco: ants_generation_and_activity done, time: 597.253
[597.262s] aco: pheromone_evaporation done, time: 597.262
[597.986s] aco: daemon_actions done, time: 597.986
[597.986s] aco: generation 467 start, time: 597.986
[598.531s] aco: compute_total_information done, time: 598.531
[598.863s] aco: ants_generation_and_activity done, time: 598.863
[598.868s] aco: pheromone_evaporation done, time: 598.868
[599.778s] aco: daemon_actions done, time: 599.778
[599.778s] aco: generation 468 start, time: 599.778
[600.370s] aco: compute_total_information done, time: 600.37
[600.766s] aco: ants_generation_and_activity done, time: 600.766
[600.769s] aco: pheromone_evaporation done, time: 600.769
[601.402s] aco: daemon_actions done, time: 601.402
[601.402s] aco: generation 469 start, time: 601.402
[601.771s] aco: compute_total_information done, time: 601.771
[602.170s] aco: ants_generation_and_activity done, time: 602.17
[602.174s] aco: pheromone_evaporation done, time: 602.174
[602.940s] aco: daemon_actions done, time: 602.94
[602.940s] aco: generation 470 start, time: 602.94
[603.372s] aco: compute_total_information done, time: 603.372
[603.817s] aco: ants_generation_and_activity done, time: 603.817
[603.819s] aco: pheromone_evaporation done, time: 603.819
[604.795s] aco: daemon_actions done, time: 604.795
[604.795s] aco: generation 471 start, time: 604.795
[605.218s] aco: compute_total_information done, time: 605.218
[605.523s] aco: ants_generation_and_activity done, time: 605.523
[605.525s] aco: pheromone_evaporation done, time: 605.525
[606.181s] aco: daemon_actions done, time: 606.181
[606.181s] aco: generation 472 start, time: 606.181
[606.640s] aco: compute_total_information done, time: 606.64
[607.093s] aco: ants_generation_and_activity done, time: 607.093
[607.096s] aco: pheromone_evaporation done, time: 607.096
[607.976s] aco: daemon_actions done, time: 607.976
[607.976s] aco: generation 473 start, time: 607.976
[608.488s] aco: compute_total_information done, time: 608.488
[608.856s] aco: ants_generation_and_activity done, time: 608.856
[608.857s] aco: pheromone_evaporation done, time: 608.857
[609.890s] aco: daemon_actions done, time: 609.89
[609.890s] aco: generation 474 start, time: 609.89
[610.404s] aco: compute_total_information done, time: 610.404
[610.854s] aco: ants_generation_and_activity done, time: 610.854
[610.855s] aco: pheromone_evaporation done, time: 610.855
[612.010s] aco: daemon_actions done, time: 612.01
[612.010s] aco: generation 475 start, time: 612.01
[612.455s] aco: compute_total_information done, time: 612.455
[612.982s] aco: ants_generation_and_activity done, time: 612.982
[612.984s] aco: pheromone_evaporation done, time: 612.984
[613.838s] aco: daemon_actions done, time: 613.838
[613.839s] aco: generation 476 start, time: 613.839
[614.292s] aco: compute_total_information done, time: 614.292
[614.549s] aco: ants_generation_and_activity done, time: 614.549
[614.551s] aco: pheromone_evaporation done, time: 614.551
[615.098s] aco: daemon_actions done, time: 615.098
[615.098s] aco: generation 477 start, time: 615.098
[615.369s] aco: compute_total_information done, time: 615.369
[615.661s] aco: ants_generation_and_activity done, time: 615.661
[615.665s] aco: pheromone_evaporation done, time: 615.665
[616.175s] aco: daemon_actions done, time: 616.175
[616.175s] aco: generation 478 start, time: 616.175
[616.492s] aco: compute_total_information done, time: 616.492
[616.789s] aco: ants_generation_and_activity done, time: 616.789
[616.793s] aco: pheromone_evaporation done, time: 616.793
[617.293s] aco: daemon_actions done, time: 617.293
[617.293s] aco: generation 479 start, time: 617.293
[617.664s] aco: compute_total_information done, time: 617.664
[617.897s] aco: ants_generation_and_activity done, time: 617.897
[617.899s] aco: pheromone_evaporation done, time: 617.899
[618.405s] aco: daemon_actions done, time: 618.405
[618.405s] aco: generation 480 start, time: 618.405
[618.736s] aco: compute_total_information done, time: 618.736
[619.030s] aco: ants_generation_and_activity done, time: 619.03
[619.034s] aco: pheromone_evaporation done, time: 619.034
[619.605s] aco: daemon_actions done, time: 619.605
[619.605s] aco: generation 481 start, time: 619.605
[619.909s] aco: compute_total_information done, time: 619.909
[620.308s] aco: ants_generation_and_activity done, time: 620.308
[620.310s] aco: pheromone_evaporation done, time: 620.31
[620.906s] aco: daemon_actions done, time: 620.906
[620.906s] aco: generation 482 start, time: 620.906
[621.262s] aco: compute_total_information done, time: 621.262
[621.569s] aco: ants_generation_and_activity done, time: 621.569
[621.570s] aco: pheromone_evaporation done, time: 621.57
[622.083s] aco: daemon_actions done, time: 622.083
[622.084s] aco: generation 483 start, time: 622.084
[622.354s] aco: compute_total_information done, time: 622.354
[622.589s] aco: ants_generation_and_activity done, time: 622.589
[622.592s] aco: pheromone_evaporation done, time: 622.592
[623.114s] aco: daemon_actions done, time: 623.114
[623.115s] aco: generation 484 start, time: 623.115
[623.390s] aco: compute_total_information done, time: 623.39
[623.633s] aco: ants_generation_and_activity done, time: 623.633
[623.636s] aco: pheromone_evaporation done, time: 623.636
[624.147s] aco: daemon_actions done, time: 624.147
[624.147s] aco: generation 485 start, time: 624.147
[624.430s] aco: compute_total_information done, time: 624.43
[624.689s] aco: ants_generation_and_activity done, time: 624.689
[624.692s] aco: pheromone_evaporation done, time: 624.692
[625.193s] aco: daemon_actions done, time: 625.193
[625.193s] aco: generation 486 start, time: 625.193
[625.464s] aco: compute_total_information done, time: 625.464
[625.711s] aco: ants_generation_and_activity done, time: 625.711
[625.714s] aco: pheromone_evaporation done, time: 625.714
[626.194s] aco: daemon_actions done, time: 626.194
[626.194s] aco: generation 487 start, time: 626.194
[626.468s] aco: compute_total_information done, time: 626.468
[626.703s] aco: ants_generation_and_activity done, time: 626.703
[626.706s] aco: pheromone_evaporation done, time: 626.706
[627.192s] aco: daemon_actions done, time: 627.192
[627.192s] aco: generation 488 start, time: 627.192
[627.473s] aco: compute_total_information done, time: 627.473
[627.754s] aco: ants_generation_and_activity done, time: 627.754
[627.755s] aco: pheromone_evaporation done, time: 627.755
[628.331s] aco: daemon_actions done, time: 628.331
[628.331s] aco: generation 489 start, time: 628.331
[628.644s] aco: compute_total_information done, time: 628.644
[629.035s] aco: ants_generation_and_activity done, time: 629.035
[629.038s] aco: pheromone_evaporation done, time: 629.038
[629.540s] aco: daemon_actions done, time: 629.54
[629.540s] aco: generation 490 start, time: 629.54
[629.824s] aco: compute_total_information done, time: 629.824
[630.058s] aco: ants_generation_and_activity done, time: 630.058
[630.061s] aco: pheromone_evaporation done, time: 630.061
[630.545s] aco: daemon_actions done, time: 630.545
[630.545s] aco: generation 491 start, time: 630.545
[630.820s] aco: compute_total_information done, time: 630.82
[631.199s] aco: ants_generation_and_activity done, time: 631.199
[631.204s] aco: pheromone_evaporation done, time: 631.204
[632.940s] aco: daemon_actions done, time: 632.94
[632.940s] aco: generation 492 start, time: 632.94
[633.394s] aco: compute_total_information done, time: 633.394
[633.706s] aco: ants_generation_and_activity done, time: 633.706
[633.709s] aco: pheromone_evaporation done, time: 633.709
[634.311s] aco: daemon_actions done, time: 634.311
[634.311s] aco: generation 493 start, time: 634.311
[634.670s] aco: compute_total_information done, time: 634.67
[634.934s] aco: ants_generation_and_activity done, time: 634.934
[634.935s] aco: pheromone_evaporation done, time: 634.935
[635.645s] aco: daemon_actions done, time: 635.645
[635.645s] aco: generation 494 start, time: 635.645
[636.069s] aco: compute_total_information done, time: 636.069
[636.359s] aco: ants_generation_and_activity done, time: 636.359
[636.362s] aco: pheromone_evaporation done, time: 636.36
[637.009s] aco: daemon_actions done, time: 637.009
[637.009s] aco: generation 495 start, time: 637.009
[637.389s] aco: compute_total_information done, time: 637.389
[637.735s] aco: ants_generation_and_activity done, time: 637.735
[637.736s] aco: pheromone_evaporation done, time: 637.736
[638.543s] aco: daemon_actions done, time: 638.543
[638.543s] aco: generation 496 start, time: 638.543
[638.954s] aco: compute_total_information done, time: 638.954
[639.337s] aco: ants_generation_and_activity done, time: 639.337
[639.342s] aco: pheromone_evaporation done, time: 639.342
[640.050s] aco: daemon_actions done, time: 640.05
[640.050s] aco: generation 497 start, time: 640.05
[640.452s] aco: compute_total_information done, time: 640.452
[640.763s] aco: ants_generation_and_activity done, time: 640.763
[640.767s] aco: pheromone_evaporation done, time: 640.767
[642.528s] aco: daemon_actions done, time: 642.528
[642.529s] aco: generation 498 start, time: 642.529
[642.921s] aco: compute_total_information done, time: 642.921
[643.765s] aco: ants_generation_and_activity done, time: 643.765
[643.770s] aco: pheromone_evaporation done, time: 643.77
[644.946s] aco: daemon_actions done, time: 644.946
[644.946s] aco: generation 499 start, time: 644.946
[645.294s] aco: compute_total_information done, time: 645.294
[645.625s] aco: ants_generation_and_activity done, time: 645.625
[645.629s] aco: pheromone_evaporation done, time: 645.629
[646.157s] aco: daemon_actions done, time: 646.157
[646.158s] aco: generation 500 start, time: 646.158
[646.501s] aco: compute_total_information done, time: 646.501
[646.749s] aco: ants_generation_and_activity done, time: 646.749
[646.754s] aco: pheromone_evaporation done, time: 646.754
[647.245s] aco: daemon_actions done, time: 647.245
[647.245s] aco: generation 501 start, time: 647.245
[647.523s] aco: compute_total_information done, time: 647.523
[647.757s] aco: ants_generation_and_activity done, time: 647.757
[647.759s] aco: pheromone_evaporation done, time: 647.759
[648.258s] aco: daemon_actions done, time: 648.258
[648.258s] aco: generation 502 start, time: 648.258
[648.568s] aco: compute_total_information done, time: 648.568
[648.817s] aco: ants_generation_and_activity done, time: 648.817
[648.820s] aco: pheromone_evaporation done, time: 648.82
[649.538s] aco: daemon_actions done, time: 649.538
[649.538s] aco: generation 503 start, time: 649.538
[649.839s] aco: compute_total_information done, time: 649.839
[650.159s] aco: ants_generation_and_activity done, time: 650.159
[650.163s] aco: pheromone_evaporation done, time: 650.163
[650.980s] aco: daemon_actions done, time: 650.98
[650.980s] aco: generation 504 start, time: 650.98
[651.339s] aco: compute_total_information done, time: 651.339
[651.738s] aco: ants_generation_and_activity done, time: 651.738
[651.739s] aco: pheromone_evaporation done, time: 651.739
[652.629s] aco: daemon_actions done, time: 652.629
[652.630s] aco: generation 505 start, time: 652.63
[653.219s] aco: compute_total_information done, time: 653.219
[653.761s] aco: ants_generation_and_activity done, time: 653.761
[653.764s] aco: pheromone_evaporation done, time: 653.764
[654.704s] aco: daemon_actions done, time: 654.704
[654.704s] aco: generation 506 start, time: 654.704
[655.154s] aco: compute_total_information done, time: 655.154
[655.533s] aco: ants_generation_and_activity done, time: 655.533
[655.538s] aco: pheromone_evaporation done, time: 655.538
[656.426s] aco: daemon_actions done, time: 656.426
[656.426s] aco: generation 507 start, time: 656.426
[656.927s] aco: compute_total_information done, time: 656.927
[657.344s] aco: ants_generation_and_activity done, time: 657.344
[657.347s] aco: pheromone_evaporation done, time: 657.347
[658.163s] aco: daemon_actions done, time: 658.163
[658.163s] aco: generation 508 start, time: 658.163
[658.658s] aco: compute_total_information done, time: 658.658
[658.962s] aco: ants_generation_and_activity done, time: 658.962
[658.963s] aco: pheromone_evaporation done, time: 658.963
[659.676s] aco: daemon_actions done, time: 659.676
[659.677s] aco: generation 509 start, time: 659.677
[660.277s] aco: compute_total_information done, time: 660.277
[660.740s] aco: ants_generation_and_activity done, time: 660.74
[660.754s] aco: pheromone_evaporation done, time: 660.754
[661.348s] aco: daemon_actions done, time: 661.348
[661.348s] aco: generation 510 start, time: 661.348
[661.655s] aco: compute_total_information done, time: 661.655
[661.923s] aco: ants_generation_and_activity done, time: 661.923
[661.926s] aco: pheromone_evaporation done, time: 661.926
[662.516s] aco: daemon_actions done, time: 662.516
[662.516s] aco: generation 511 start, time: 662.516
[662.799s] aco: compute_total_information done, time: 662.799
[663.042s] aco: ants_generation_and_activity done, time: 663.042
[663.046s] aco: pheromone_evaporation done, time: 663.046
[663.697s] aco: daemon_actions done, time: 663.697
[663.697s] aco: generation 512 start, time: 663.697
[663.998s] aco: compute_total_information done, time: 663.998
[664.258s] aco: ants_generation_and_activity done, time: 664.258
[664.262s] aco: pheromone_evaporation done, time: 664.262
[664.837s] aco: daemon_actions done, time: 664.837
[664.837s] aco: generation 513 start, time: 664.837
[665.114s] aco: compute_total_information done, time: 665.114
[665.366s] aco: ants_generation_and_activity done, time: 665.366
[665.368s] aco: pheromone_evaporation done, time: 665.368
[665.931s] aco: daemon_actions done, time: 665.931
[665.931s] aco: generation 514 start, time: 665.931
[666.392s] aco: compute_total_information done, time: 666.392
[666.647s] aco: ants_generation_and_activity done, time: 666.647
[666.649s] aco: pheromone_evaporation done, time: 666.649
[667.152s] aco: daemon_actions done, time: 667.152
[667.152s] aco: generation 515 start, time: 667.152
[667.425s] aco: compute_total_information done, time: 667.425
[667.653s] aco: ants_generation_and_activity done, time: 667.653
[667.657s] aco: pheromone_evaporation done, time: 667.657
[668.204s] aco: daemon_actions done, time: 668.204
[668.204s] aco: generation 516 start, time: 668.204
[668.494s] aco: compute_total_information done, time: 668.494
[668.724s] aco: ants_generation_and_activity done, time: 668.724
[668.727s] aco: pheromone_evaporation done, time: 668.727
[669.269s] aco: daemon_actions done, time: 669.269
[669.269s] aco: generation 517 start, time: 669.269
[669.559s] aco: compute_total_information done, time: 669.559
[669.794s] aco: ants_generation_and_activity done, time: 669.794
[669.798s] aco: pheromone_evaporation done, time: 669.798
[670.340s] aco: daemon_actions done, time: 670.34
[670.340s] aco: generation 518 start, time: 670.34
[670.636s] aco: compute_total_information done, time: 670.636
[670.875s] aco: ants_generation_and_activity done, time: 670.875
[670.877s] aco: pheromone_evaporation done, time: 670.877
[671.367s] aco: daemon_actions done, time: 671.367
[671.367s] aco: generation 519 start, time: 671.367
[671.775s] aco: compute_total_information done, time: 671.775
[672.018s] aco: ants_generation_and_activity done, time: 672.018
[672.020s] aco: pheromone_evaporation done, time: 672.02
[672.534s] aco: daemon_actions done, time: 672.534
[672.535s] aco: generation 520 start, time: 672.535
[672.823s] aco: compute_total_information done, time: 672.823
[673.170s] aco: ants_generation_and_activity done, time: 673.17
[673.175s] aco: pheromone_evaporation done, time: 673.175
[673.672s] aco: daemon_actions done, time: 673.672
[673.672s] aco: generation 521 start, time: 673.672
[673.962s] aco: compute_total_information done, time: 673.962
[674.232s] aco: ants_generation_and_activity done, time: 674.232
[674.234s] aco: pheromone_evaporation done, time: 674.234
[674.735s] aco: daemon_actions done, time: 674.735
[674.735s] aco: generation 522 start, time: 674.735
[675.015s] aco: compute_total_information done, time: 675.015
[675.292s] aco: ants_generation_and_activity done, time: 675.292
[675.295s] aco: pheromone_evaporation done, time: 675.295
[675.794s] aco: daemon_actions done, time: 675.794
[675.794s] aco: generation 523 start, time: 675.794
[676.071s] aco: compute_total_information done, time: 676.071
[676.294s] aco: ants_generation_and_activity done, time: 676.294
[676.298s] aco: pheromone_evaporation done, time: 676.298
[676.970s] aco: daemon_actions done, time: 676.97
[676.970s] aco: generation 524 start, time: 676.97
[677.256s] aco: compute_total_information done, time: 677.256
[677.519s] aco: ants_generation_and_activity done, time: 677.518
[677.522s] aco: pheromone_evaporation done, time: 677.522
[677.999s] aco: daemon_actions done, time: 677.999
[677.999s] aco: generation 525 start, time: 677.999
[678.273s] aco: compute_total_information done, time: 678.273
[678.509s] aco: ants_generation_and_activity done, time: 678.509
[678.512s] aco: pheromone_evaporation done, time: 678.512
[679.095s] aco: daemon_actions done, time: 679.095
[679.095s] aco: generation 526 start, time: 679.095
[679.375s] aco: compute_total_information done, time: 679.375
[679.621s] aco: ants_generation_and_activity done, time: 679.621
[679.624s] aco: pheromone_evaporation done, time: 679.624
[680.198s] aco: daemon_actions done, time: 680.198
[680.198s] aco: generation 527 start, time: 680.198
[680.524s] aco: compute_total_information done, time: 680.524
[680.797s] aco: ants_generation_and_activity done, time: 680.797
[680.800s] aco: pheromone_evaporation done, time: 680.8
[681.345s] aco: daemon_actions done, time: 681.345
[681.346s] aco: generation 528 start, time: 681.346
[681.638s] aco: compute_total_information done, time: 681.638
[681.916s] aco: ants_generation_and_activity done, time: 681.916
[681.918s] aco: pheromone_evaporation done, time: 681.918
[682.607s] aco: daemon_actions done, time: 682.607
[682.607s] aco: generation 529 start, time: 682.607
[682.935s] aco: compute_total_information done, time: 682.935
[683.254s] aco: ants_generation_and_activity done, time: 683.254
[683.258s] aco: pheromone_evaporation done, time: 683.258
[683.778s] aco: daemon_actions done, time: 683.778
[683.779s] aco: generation 530 start, time: 683.779
[684.098s] aco: compute_total_information done, time: 684.098
[684.356s] aco: ants_generation_and_activity done, time: 684.356
[684.360s] aco: pheromone_evaporation done, time: 684.36
[684.858s] aco: daemon_actions done, time: 684.858
[684.858s] aco: generation 531 start, time: 684.858
[685.131s] aco: compute_total_information done, time: 685.131
[685.361s] aco: ants_generation_and_activity done, time: 685.361
[685.364s] aco: pheromone_evaporation done, time: 685.364
[685.842s] aco: daemon_actions done, time: 685.842
[685.842s] aco: generation 532 start, time: 685.842
[686.162s] aco: compute_total_information done, time: 686.162
[686.403s] aco: ants_generation_and_activity done, time: 686.403
[686.406s] aco: pheromone_evaporation done, time: 686.406
[686.883s] aco: daemon_actions done, time: 686.883
[686.883s] aco: generation 533 start, time: 686.883
[687.159s] aco: compute_total_information done, time: 687.159
[687.386s] aco: ants_generation_and_activity done, time: 687.386
[687.389s] aco: pheromone_evaporation done, time: 687.389
[687.873s] aco: daemon_actions done, time: 687.873
[687.873s] aco: generation 534 start, time: 687.873
[688.185s] aco: compute_total_information done, time: 688.185
[688.417s] aco: ants_generation_and_activity done, time: 688.417
[688.421s] aco: pheromone_evaporation done, time: 688.421
[688.896s] aco: daemon_actions done, time: 688.896
[688.896s] aco: generation 535 start, time: 688.896
[689.174s] aco: compute_total_information done, time: 689.174
[689.400s] aco: ants_generation_and_activity done, time: 689.399
[689.402s] aco: pheromone_evaporation done, time: 689.402
[689.944s] aco: daemon_actions done, time: 689.944
[689.944s] aco: generation 536 start, time: 689.944
[690.228s] aco: compute_total_information done, time: 690.228
[690.468s] aco: ants_generation_and_activity done, time: 690.468
[690.472s] aco: pheromone_evaporation done, time: 690.472
[690.966s] aco: daemon_actions done, time: 690.966
[690.966s] aco: generation 537 start, time: 690.966
[691.242s] aco: compute_total_information done, time: 691.242
[691.476s] aco: ants_generation_and_activity done, time: 691.476
[691.480s] aco: pheromone_evaporation done, time: 691.48
[691.977s] aco: daemon_actions done, time: 691.977
[691.977s] aco: generation 538 start, time: 691.977
[692.280s] aco: compute_total_information done, time: 692.28
[692.548s] aco: ants_generation_and_activity done, time: 692.548
[692.552s] aco: pheromone_evaporation done, time: 692.552
[693.083s] aco: daemon_actions done, time: 693.083
[693.083s] aco: generation 539 start, time: 693.083
[693.378s] aco: compute_total_information done, time: 693.378
[693.616s] aco: ants_generation_and_activity done, time: 693.616
[693.619s] aco: pheromone_evaporation done, time: 693.619
[694.121s] aco: daemon_actions done, time: 694.121
[694.121s] aco: generation 540 start, time: 694.121
[694.397s] aco: compute_total_information done, time: 694.397
[694.638s] aco: ants_generation_and_activity done, time: 694.638
[694.641s] aco: pheromone_evaporation done, time: 694.641
[695.126s] aco: daemon_actions done, time: 695.126
[695.127s] aco: generation 541 start, time: 695.127
[695.406s] aco: compute_total_information done, time: 695.406
[695.645s] aco: ants_generation_and_activity done, time: 695.645
[695.649s] aco: pheromone_evaporation done, time: 695.649
[696.133s] aco: daemon_actions done, time: 696.133
[696.133s] aco: generation 542 start, time: 696.133
[696.427s] aco: compute_total_information done, time: 696.427
[696.716s] aco: ants_generation_and_activity done, time: 696.716
[696.720s] aco: pheromone_evaporation done, time: 696.72
[697.206s] aco: daemon_actions done, time: 697.206
[697.206s] aco: generation 543 start, time: 697.206
[697.479s] aco: compute_total_information done, time: 697.479
[697.702s] aco: ants_generation_and_activity done, time: 697.702
[697.706s] aco: pheromone_evaporation done, time: 697.706
[698.185s] aco: daemon_actions done, time: 698.185
[698.185s] aco: generation 544 start, time: 698.185
[698.457s] aco: compute_total_information done, time: 698.457
[698.682s] aco: ants_generation_and_activity done, time: 698.682
[698.685s] aco: pheromone_evaporation done, time: 698.685
[699.175s] aco: daemon_actions done, time: 699.175
[699.175s] aco: generation 545 start, time: 699.175
[699.455s] aco: compute_total_information done, time: 699.455
[699.696s] aco: ants_generation_and_activity done, time: 699.696
[699.700s] aco: pheromone_evaporation done, time: 699.7
[700.184s] aco: daemon_actions done, time: 700.184
[700.184s] aco: generation 546 start, time: 700.184
[700.528s] aco: compute_total_information done, time: 700.528
[700.764s] aco: ants_generation_and_activity done, time: 700.764
[700.766s] aco: pheromone_evaporation done, time: 700.766
[701.250s] aco: daemon_actions done, time: 701.25
[701.250s] aco: generation 547 start, time: 701.25
[701.528s] aco: compute_total_information done, time: 701.528
[701.761s] aco: ants_generation_and_activity done, time: 701.761
[701.765s] aco: pheromone_evaporation done, time: 701.765
[702.244s] aco: daemon_actions done, time: 702.244
[702.245s] aco: generation 548 start, time: 702.245
[702.519s] aco: compute_total_information done, time: 702.519
[702.753s] aco: ants_generation_and_activity done, time: 702.753
[702.757s] aco: pheromone_evaporation done, time: 702.757
[703.241s] aco: daemon_actions done, time: 703.241
[703.241s] aco: generation 549 start, time: 703.241
[703.514s] aco: compute_total_information done, time: 703.514
[703.753s] aco: ants_generation_and_activity done, time: 703.753
[703.757s] aco: pheromone_evaporation done, time: 703.757
[704.302s] aco: daemon_actions done, time: 704.302
[704.302s] aco: generation 550 start, time: 704.302
[704.599s] aco: compute_total_information done, time: 704.599
[704.833s] aco: ants_generation_and_activity done, time: 704.833
[704.837s] aco: pheromone_evaporation done, time: 704.837
[705.320s] aco: daemon_actions done, time: 705.32
[705.320s] aco: generation 551 start, time: 705.32
[705.597s] aco: compute_total_information done, time: 705.597
[705.838s] aco: ants_generation_and_activity done, time: 705.838
[705.841s] aco: pheromone_evaporation done, time: 705.841
[706.333s] aco: daemon_actions done, time: 706.333
[706.333s] aco: generation 552 start, time: 706.333
[706.607s] aco: compute_total_information done, time: 706.607
[706.842s] aco: ants_generation_and_activity done, time: 706.842
[706.846s] aco: pheromone_evaporation done, time: 706.846
[707.357s] aco: daemon_actions done, time: 707.357
[707.357s] aco: generation 553 start, time: 707.357
[707.689s] aco: compute_total_information done, time: 707.689
[707.924s] aco: ants_generation_and_activity done, time: 707.924
[707.928s] aco: pheromone_evaporation done, time: 707.928
[708.414s] aco: daemon_actions done, time: 708.414
[708.414s] aco: generation 554 start, time: 708.414
[708.704s] aco: compute_total_information done, time: 708.704
[708.944s] aco: ants_generation_and_activity done, time: 708.944
[708.948s] aco: pheromone_evaporation done, time: 708.948
[709.427s] aco: daemon_actions done, time: 709.427
[709.427s] aco: generation 555 start, time: 709.427
[709.701s] aco: compute_total_information done, time: 709.701
[709.932s] aco: ants_generation_and_activity done, time: 709.932
[709.934s] aco: pheromone_evaporation done, time: 709.934
[710.439s] aco: daemon_actions done, time: 710.439
[710.439s] aco: generation 556 start, time: 710.439
[710.714s] aco: compute_total_information done, time: 710.714
[710.943s] aco: ants_generation_and_activity done, time: 710.943
[710.947s] aco: pheromone_evaporation done, time: 710.947
[711.517s] aco: daemon_actions done, time: 711.517
[711.517s] aco: generation 557 start, time: 711.517
[711.797s] aco: compute_total_information done, time: 711.797
[712.029s] aco: ants_generation_and_activity done, time: 712.029
[712.032s] aco: pheromone_evaporation done, time: 712.032
[712.542s] aco: daemon_actions done, time: 712.542
[712.542s] aco: generation 558 start, time: 712.542
[712.949s] aco: compute_total_information done, time: 712.949
[713.229s] aco: ants_generation_and_activity done, time: 713.229
[713.233s] aco: pheromone_evaporation done, time: 713.233
[713.724s] aco: daemon_actions done, time: 713.724
[713.724s] aco: generation 559 start, time: 713.724
[714.073s] aco: compute_total_information done, time: 714.073
[714.360s] aco: ants_generation_and_activity done, time: 714.36
[714.365s] aco: pheromone_evaporation done, time: 714.365
[715.123s] aco: daemon_actions done, time: 715.123
[715.123s] aco: generation 560 start, time: 715.123
[715.470s] aco: compute_total_information done, time: 715.47
[715.761s] aco: ants_generation_and_activity done, time: 715.761
[715.766s] aco: pheromone_evaporation done, time: 715.766
[716.375s] aco: daemon_actions done, time: 716.375
[716.375s] aco: generation 561 start, time: 716.375
[716.769s] aco: compute_total_information done, time: 716.769
[717.099s] aco: ants_generation_and_activity done, time: 717.099
[717.103s] aco: pheromone_evaporation done, time: 717.103
[717.716s] aco: daemon_actions done, time: 717.716
[717.716s] aco: generation 562 start, time: 717.716
[718.067s] aco: compute_total_information done, time: 718.067
[718.413s] aco: ants_generation_and_activity done, time: 718.413
[718.417s] aco: pheromone_evaporation done, time: 718.417
[719.025s] aco: daemon_actions done, time: 719.025
[719.025s] aco: generation 563 start, time: 719.025
[719.374s] aco: compute_total_information done, time: 719.374
[719.735s] aco: ants_generation_and_activity done, time: 719.735
[719.739s] aco: pheromone_evaporation done, time: 719.739
[720.273s] aco: daemon_actions done, time: 720.273
[720.274s] aco: generation 564 start, time: 720.274
[720.552s] aco: compute_total_information done, time: 720.552
[720.796s] aco: ants_generation_and_activity done, time: 720.796
[720.799s] aco: pheromone_evaporation done, time: 720.799
[721.284s] aco: daemon_actions done, time: 721.284
[721.285s] aco: generation 565 start, time: 721.285
[721.582s] aco: compute_total_information done, time: 721.582
[721.880s] aco: ants_generation_and_activity done, time: 721.88
[721.883s] aco: pheromone_evaporation done, time: 721.883
[722.391s] aco: daemon_actions done, time: 722.391
[722.391s] aco: generation 566 start, time: 722.391
[722.669s] aco: compute_total_information done, time: 722.669
[722.911s] aco: ants_generation_and_activity done, time: 722.911
[722.914s] aco: pheromone_evaporation done, time: 722.914
[723.402s] aco: daemon_actions done, time: 723.402
[723.402s] aco: generation 567 start, time: 723.402
[723.679s] aco: compute_total_information done, time: 723.679
[723.920s] aco: ants_generation_and_activity done, time: 723.92
[723.923s] aco: pheromone_evaporation done, time: 723.923
[724.409s] aco: daemon_actions done, time: 724.409
[724.409s] aco: generation 568 start, time: 724.409
[724.700s] aco: compute_total_information done, time: 724.7
[724.938s] aco: ants_generation_and_activity done, time: 724.938
[724.942s] aco: pheromone_evaporation done, time: 724.942
[725.469s] aco: daemon_actions done, time: 725.469
[725.469s] aco: generation 569 start, time: 725.469
[725.746s] aco: compute_total_information done, time: 725.746
[725.981s] aco: ants_generation_and_activity done, time: 725.981
[725.984s] aco: pheromone_evaporation done, time: 725.984
[726.483s] aco: daemon_actions done, time: 726.483
[726.483s] aco: generation 570 start, time: 726.483
[726.766s] aco: compute_total_information done, time: 726.766
[727.003s] aco: ants_generation_and_activity done, time: 727.003
[727.006s] aco: pheromone_evaporation done, time: 727.006
[727.484s] aco: daemon_actions done, time: 727.484
[727.485s] aco: generation 571 start, time: 727.485
[727.762s] aco: compute_total_information done, time: 727.762
[728.102s] aco: ants_generation_and_activity done, time: 728.102
[728.106s] aco: pheromone_evaporation done, time: 728.106
[728.608s] aco: daemon_actions done, time: 728.608
[728.608s] aco: generation 572 start, time: 728.608
[728.923s] aco: compute_total_information done, time: 728.923
[729.210s] aco: ants_generation_and_activity done, time: 729.21
[729.211s] aco: pheromone_evaporation done, time: 729.211
[729.718s] aco: daemon_actions done, time: 729.718
[729.718s] aco: generation 573 start, time: 729.718
[730.002s] aco: compute_total_information done, time: 730.002
[730.240s] aco: ants_generation_and_activity done, time: 730.24
[730.243s] aco: pheromone_evaporation done, time: 730.243
[730.783s] aco: daemon_actions done, time: 730.783
[730.783s] aco: generation 574 start, time: 730.783
[731.060s] aco: compute_total_information done, time: 731.06
[731.286s] aco: ants_generation_and_activity done, time: 731.286
[731.290s] aco: pheromone_evaporation done, time: 731.29
[731.775s] aco: daemon_actions done, time: 731.775
[731.775s] aco: generation 575 start, time: 731.775
[732.086s] aco: compute_total_information done, time: 732.086
[732.317s] aco: ants_generation_and_activity done, time: 732.317
[732.321s] aco: pheromone_evaporation done, time: 732.321
[732.858s] aco: daemon_actions done, time: 732.858
[732.859s] aco: generation 576 start, time: 732.859
[733.135s] aco: compute_total_information done, time: 733.135
[733.367s] aco: ants_generation_and_activity done, time: 733.367
[733.370s] aco: pheromone_evaporation done, time: 733.37
[733.885s] aco: daemon_actions done, time: 733.885
[733.885s] aco: generation 577 start, time: 733.885
[734.342s] aco: compute_total_information done, time: 734.342
[734.756s] aco: ants_generation_and_activity done, time: 734.756
[734.760s] aco: pheromone_evaporation done, time: 734.76
[735.308s] aco: daemon_actions done, time: 735.308
[735.308s] aco: generation 578 start, time: 735.308
[735.728s] aco: compute_total_information done, time: 735.728
[736.047s] aco: ants_generation_and_activity done, time: 736.047
[736.055s] aco: pheromone_evaporation done, time: 736.055
[736.750s] aco: daemon_actions done, time: 736.75
[736.750s] aco: generation 579 start, time: 736.75
[737.114s] aco: compute_total_information done, time: 737.114
[737.382s] aco: ants_generation_and_activity done, time: 737.382
[737.386s] aco: pheromone_evaporation done, time: 737.386
[737.908s] aco: daemon_actions done, time: 737.908
[737.908s] aco: generation 580 start, time: 737.908
[738.238s] aco: compute_total_information done, time: 738.238
[738.527s] aco: ants_generation_and_activity done, time: 738.527
[738.531s] aco: pheromone_evaporation done, time: 738.531
[739.216s] aco: daemon_actions done, time: 739.215
[739.216s] aco: generation 581 start, time: 739.216
[739.670s] aco: compute_total_information done, time: 739.67
[740.022s] aco: ants_generation_and_activity done, time: 740.022
[740.025s] aco: pheromone_evaporation done, time: 740.025
[740.666s] aco: daemon_actions done, time: 740.666
[740.666s] aco: generation 582 start, time: 740.666
[741.217s] aco: compute_total_information done, time: 741.217
[741.568s] aco: ants_generation_and_activity done, time: 741.568
[741.572s] aco: pheromone_evaporation done, time: 741.572
[742.265s] aco: daemon_actions done, time: 742.265
[742.265s] aco: generation 583 start, time: 742.265
[742.665s] aco: compute_total_information done, time: 742.665
[743.022s] aco: ants_generation_and_activity done, time: 743.022
[743.025s] aco: pheromone_evaporation done, time: 743.025
[743.707s] aco: daemon_actions done, time: 743.707
[743.707s] aco: generation 584 start, time: 743.707
[744.180s] aco: compute_total_information done, time: 744.18
[744.433s] aco: ants_generation_and_activity done, time: 744.433
[744.437s] aco: pheromone_evaporation done, time: 744.437
[744.966s] aco: daemon_actions done, time: 744.966
[744.966s] aco: generation 585 start, time: 744.966
[745.266s] aco: compute_total_information done, time: 745.266
[745.497s] aco: ants_generation_and_activity done, time: 745.497
[745.500s] aco: pheromone_evaporation done, time: 745.5
[746.042s] aco: daemon_actions done, time: 746.042
[746.042s] aco: generation 586 start, time: 746.042
[746.424s] aco: compute_total_information done, time: 746.424
[746.696s] aco: ants_generation_and_activity done, time: 746.696
[746.700s] aco: pheromone_evaporation done, time: 746.7
[747.374s] aco: daemon_actions done, time: 747.374
[747.375s] aco: generation 587 start, time: 747.375
[747.654s] aco: compute_total_information done, time: 747.654
[747.954s] aco: ants_generation_and_activity done, time: 747.954
[747.958s] aco: pheromone_evaporation done, time: 747.958
[748.547s] aco: daemon_actions done, time: 748.547
[748.547s] aco: generation 588 start, time: 748.547
[748.861s] aco: compute_total_information done, time: 748.861
[749.108s] aco: ants_generation_and_activity done, time: 749.108
[749.112s] aco: pheromone_evaporation done, time: 749.112
[749.637s] aco: daemon_actions done, time: 749.637
[749.637s] aco: generation 589 start, time: 749.637
[749.976s] aco: compute_total_information done, time: 749.976
[750.217s] aco: ants_generation_and_activity done, time: 750.217
[750.221s] aco: pheromone_evaporation done, time: 750.221
[750.816s] aco: daemon_actions done, time: 750.816
[750.816s] aco: generation 590 start, time: 750.816
[751.142s] aco: compute_total_information done, time: 751.142
[751.396s] aco: ants_generation_and_activity done, time: 751.396
[751.400s] aco: pheromone_evaporation done, time: 751.4
[751.880s] aco: daemon_actions done, time: 751.88
[751.880s] aco: generation 591 start, time: 751.88
[752.213s] aco: compute_total_information done, time: 752.213
[752.510s] aco: ants_generation_and_activity done, time: 752.51
[752.514s] aco: pheromone_evaporation done, time: 752.514
[752.994s] aco: daemon_actions done, time: 752.994
[752.994s] aco: generation 592 start, time: 752.994
[753.267s] aco: compute_total_information done, time: 753.267
[753.501s] aco: ants_generation_and_activity done, time: 753.501
[753.504s] aco: pheromone_evaporation done, time: 753.504
[754.024s] aco: daemon_actions done, time: 754.024
[754.024s] aco: generation 593 start, time: 754.024
[754.357s] aco: compute_total_information done, time: 754.357
[754.631s] aco: ants_generation_and_activity done, time: 754.631
[754.634s] aco: pheromone_evaporation done, time: 754.634
[755.121s] aco: daemon_actions done, time: 755.121
[755.121s] aco: generation 594 start, time: 755.121
[755.393s] aco: compute_total_information done, time: 755.393
[755.630s] aco: ants_generation_and_activity done, time: 755.63
[755.634s] aco: pheromone_evaporation done, time: 755.634
[756.104s] aco: daemon_actions done, time: 756.104
[756.104s] aco: generation 595 start, time: 756.104
[756.384s] aco: compute_total_information done, time: 756.384
[756.622s] aco: ants_generation_and_activity done, time: 756.622
[756.624s] aco: pheromone_evaporation done, time: 756.624
[757.110s] aco: daemon_actions done, time: 757.11
[757.110s] aco: generation 596 start, time: 757.11
[757.433s] aco: compute_total_information done, time: 757.433
[757.661s] aco: ants_generation_and_activity done, time: 757.661
[757.665s] aco: pheromone_evaporation done, time: 757.665
[758.142s] aco: daemon_actions done, time: 758.142
[758.142s] aco: generation 597 start, time: 758.142
[758.418s] aco: compute_total_information done, time: 758.418
[758.642s] aco: ants_generation_and_activity done, time: 758.642
[758.646s] aco: pheromone_evaporation done, time: 758.646
[759.124s] aco: daemon_actions done, time: 759.124
[759.125s] aco: generation 598 start, time: 759.125
[759.400s] aco: compute_total_information done, time: 759.4
[759.631s] aco: ants_generation_and_activity done, time: 759.631
[759.634s] aco: pheromone_evaporation done, time: 759.634
[760.121s] aco: daemon_actions done, time: 760.121
[760.121s] aco: generation 599 start, time: 760.121
[760.390s] aco: compute_total_information done, time: 760.39
[760.641s] aco: ants_generation_and_activity done, time: 760.641
[760.644s] aco: pheromone_evaporation done, time: 760.644
[761.300s] aco: daemon_actions done, time: 761.3
[761.300s] aco: generation 600 start, time: 761.3
[761.677s] aco: compute_total_information done, time: 761.677
[762.002s] aco: ants_generation_and_activity done, time: 762.002
[762.005s] aco: pheromone_evaporation done, time: 762.005
[762.517s] aco: daemon_actions done, time: 762.517
[762.517s] aco: generation 601 start, time: 762.517
[762.814s] aco: compute_total_information done, time: 762.814
[763.067s] aco: ants_generation_and_activity done, time: 763.067
[763.071s] aco: pheromone_evaporation done, time: 763.071
[763.577s] aco: daemon_actions done, time: 763.577
[763.577s] aco: generation 602 start, time: 763.577
[763.879s] aco: compute_total_information done, time: 763.879
[764.150s] aco: ants_generation_and_activity done, time: 764.15
[764.151s] aco: pheromone_evaporation done, time: 764.151
[765.034s] aco: daemon_actions done, time: 765.034
[765.034s] aco: generation 603 start, time: 765.034
[765.483s] aco: compute_total_information done, time: 765.483
[765.817s] aco: ants_generation_and_activity done, time: 765.817
[765.819s] aco: pheromone_evaporation done, time: 765.819
[766.555s] aco: daemon_actions done, time: 766.555
[766.555s] aco: generation 604 start, time: 766.555
[766.902s] aco: compute_total_information done, time: 766.902
[767.139s] aco: ants_generation_and_activity done, time: 767.139
[767.143s] aco: pheromone_evaporation done, time: 767.143
[767.632s] aco: daemon_actions done, time: 767.632
[767.632s] aco: generation 605 start, time: 767.632
[768.127s] aco: compute_total_information done, time: 768.127
[768.393s] aco: ants_generation_and_activity done, time: 768.393
[768.397s] aco: pheromone_evaporation done, time: 768.397
[768.893s] aco: daemon_actions done, time: 768.893
[768.893s] aco: generation 606 start, time: 768.893
[769.159s] aco: compute_total_information done, time: 769.159
[769.399s] aco: ants_generation_and_activity done, time: 769.399
[769.403s] aco: pheromone_evaporation done, time: 769.403
[770.142s] aco: daemon_actions done, time: 770.142
[770.142s] aco: generation 607 start, time: 770.142
[770.609s] aco: compute_total_information done, time: 770.609
[771.046s] aco: ants_generation_and_activity done, time: 771.046
[771.047s] aco: pheromone_evaporation done, time: 771.047
[771.994s] aco: daemon_actions done, time: 771.994
[771.994s] aco: generation 608 start, time: 771.994
[772.661s] aco: compute_total_information done, time: 772.661
[773.073s] aco: ants_generation_and_activity done, time: 773.073
[773.077s] aco: pheromone_evaporation done, time: 773.077
[773.930s] aco: daemon_actions done, time: 773.93
[773.930s] aco: generation 609 start, time: 773.93
[774.456s] aco: compute_total_information done, time: 774.456
[774.822s] aco: ants_generation_and_activity done, time: 774.822
[774.825s] aco: pheromone_evaporation done, time: 774.825
[775.602s] aco: daemon_actions done, time: 775.602
[775.603s] aco: generation 610 start, time: 775.603
[776.114s] aco: compute_total_information done, time: 776.114
[776.705s] aco: ants_generation_and_activity done, time: 776.705
[776.710s] aco: pheromone_evaporation done, time: 776.71
[777.576s] aco: daemon_actions done, time: 777.576
[777.576s] aco: generation 611 start, time: 777.576
[778.393s] aco: compute_total_information done, time: 778.393
[778.903s] aco: ants_generation_and_activity done, time: 778.903
[778.905s] aco: pheromone_evaporation done, time: 778.905
[780.123s] aco: daemon_actions done, time: 780.123
[780.124s] aco: generation 612 start, time: 780.124
[780.741s] aco: compute_total_information done, time: 780.741
[781.373s] aco: ants_generation_and_activity done, time: 781.373
[781.377s] aco: pheromone_evaporation done, time: 781.377
[782.143s] aco: daemon_actions done, time: 782.143
[782.143s] aco: generation 613 start, time: 782.143
[782.658s] aco: compute_total_information done, time: 782.658
[782.938s] aco: ants_generation_and_activity done, time: 782.938
[782.942s] aco: pheromone_evaporation done, time: 782.942
[783.496s] aco: daemon_actions done, time: 783.496
[783.496s] aco: generation 614 start, time: 783.496
[783.810s] aco: compute_total_information done, time: 783.81
[784.078s] aco: ants_generation_and_activity done, time: 784.078
[784.081s] aco: pheromone_evaporation done, time: 784.081
[784.663s] aco: daemon_actions done, time: 784.663
[784.663s] aco: generation 615 start, time: 784.663
[784.986s] aco: compute_total_information done, time: 784.986
[785.264s] aco: ants_generation_and_activity done, time: 785.264
[785.265s] aco: pheromone_evaporation done, time: 785.265
[786.026s] aco: daemon_actions done, time: 786.026
[786.026s] aco: generation 616 start, time: 786.026
[786.357s] aco: compute_total_information done, time: 786.357
[786.656s] aco: ants_generation_and_activity done, time: 786.656
[786.661s] aco: pheromone_evaporation done, time: 786.661
[787.313s] aco: daemon_actions done, time: 787.313
[787.313s] aco: generation 617 start, time: 787.313
[787.633s] aco: compute_total_information done, time: 787.633
[787.893s] aco: ants_generation_and_activity done, time: 787.893
[787.897s] aco: pheromone_evaporation done, time: 787.897
[788.439s] aco: daemon_actions done, time: 788.439
[788.439s] aco: generation 618 start, time: 788.439
[788.752s] aco: compute_total_information done, time: 788.752
[789.032s] aco: ants_generation_and_activity done, time: 789.032
[789.035s] aco: pheromone_evaporation done, time: 789.035
[789.822s] aco: daemon_actions done, time: 789.822
[789.822s] aco: generation 619 start, time: 789.822
[790.145s] aco: compute_total_information done, time: 790.145
[790.414s] aco: ants_generation_and_activity done, time: 790.414
[790.416s] aco: pheromone_evaporation done, time: 790.416
[790.988s] aco: daemon_actions done, time: 790.988
[790.988s] aco: generation 620 start, time: 790.988
[791.298s] aco: compute_total_information done, time: 791.298
[791.572s] aco: ants_generation_and_activity done, time: 791.572
[791.574s] aco: pheromone_evaporation done, time: 791.574
[792.139s] aco: daemon_actions done, time: 792.139
[792.139s] aco: generation 621 start, time: 792.139
[792.452s] aco: compute_total_information done, time: 792.452
[792.719s] aco: ants_generation_and_activity done, time: 792.719
[792.723s] aco: pheromone_evaporation done, time: 792.723
[793.308s] aco: daemon_actions done, time: 793.308
[793.308s] aco: generation 622 start, time: 793.308
[793.625s] aco: compute_total_information done, time: 793.625
[793.896s] aco: ants_generation_and_activity done, time: 793.896
[793.899s] aco: pheromone_evaporation done, time: 793.899
[794.456s] aco: daemon_actions done, time: 794.456
[794.456s] aco: generation 623 start, time: 794.456
[794.771s] aco: compute_total_information done, time: 794.771
[795.054s] aco: ants_generation_and_activity done, time: 795.054
[795.058s] aco: pheromone_evaporation done, time: 795.058
[795.604s] aco: daemon_actions done, time: 795.604
[795.604s] aco: generation 624 start, time: 795.604
[795.911s] aco: compute_total_information done, time: 795.911
[796.168s] aco: ants_generation_and_activity done, time: 796.168
[796.172s] aco: pheromone_evaporation done, time: 796.172
[796.769s] aco: daemon_actions done, time: 796.769
[796.769s] aco: generation 625 start, time: 796.769
[797.082s] aco: compute_total_information done, time: 797.082
[797.361s] aco: ants_generation_and_activity done, time: 797.361
[797.365s] aco: pheromone_evaporation done, time: 797.365
[797.907s] aco: daemon_actions done, time: 797.907
[797.907s] aco: generation 626 start, time: 797.907
[798.293s] aco: compute_total_information done, time: 798.293
[798.550s] aco: ants_generation_and_activity done, time: 798.55
[798.553s] aco: pheromone_evaporation done, time: 798.553
[799.127s] aco: daemon_actions done, time: 799.127
[799.127s] aco: generation 627 start, time: 799.127
[799.463s] aco: compute_total_information done, time: 799.463
[799.733s] aco: ants_generation_and_activity done, time: 799.733
[799.737s] aco: pheromone_evaporation done, time: 799.737
[800.371s] aco: daemon_actions done, time: 800.371
[800.371s] aco: generation 628 start, time: 800.371
[800.691s] aco: compute_total_information done, time: 800.691
[800.967s] aco: ants_generation_and_activity done, time: 800.967
[800.971s] aco: pheromone_evaporation done, time: 800.971
[801.526s] aco: daemon_actions done, time: 801.526
[801.526s] aco: generation 629 start, time: 801.526
[801.837s] aco: compute_total_information done, time: 801.837
[802.097s] aco: ants_generation_and_activity done, time: 802.097
[802.101s] aco: pheromone_evaporation done, time: 802.101
[802.660s] aco: daemon_actions done, time: 802.66
[802.660s] aco: generation 630 start, time: 802.66
[802.976s] aco: compute_total_information done, time: 802.976
[803.241s] aco: ants_generation_and_activity done, time: 803.241
[803.242s] aco: pheromone_evaporation done, time: 803.242
[803.809s] aco: daemon_actions done, time: 803.809
[803.809s] aco: generation 631 start, time: 803.809
[804.203s] aco: compute_total_information done, time: 804.203
[804.456s] aco: ants_generation_and_activity done, time: 804.456
[804.459s] aco: pheromone_evaporation done, time: 804.459
[805.012s] aco: daemon_actions done, time: 805.012
[805.012s] aco: generation 632 start, time: 805.012
[805.331s] aco: compute_total_information done, time: 805.331
[805.618s] aco: ants_generation_and_activity done, time: 805.618
[805.622s] aco: pheromone_evaporation done, time: 805.622
[806.172s] aco: daemon_actions done, time: 806.172
[806.173s] aco: generation 633 start, time: 806.173
[806.483s] aco: compute_total_information done, time: 806.483
[806.745s] aco: ants_generation_and_activity done, time: 806.745
[806.749s] aco: pheromone_evaporation done, time: 806.749
[807.299s] aco: daemon_actions done, time: 807.299
[807.299s] aco: generation 634 start, time: 807.299
[807.661s] aco: compute_total_information done, time: 807.661
[807.931s] aco: ants_generation_and_activity done, time: 807.931
[807.933s] aco: pheromone_evaporation done, time: 807.933
[808.544s] aco: daemon_actions done, time: 808.544
[808.544s] aco: generation 635 start, time: 808.544
[808.911s] aco: compute_total_information done, time: 808.911
[809.183s] aco: ants_generation_and_activity done, time: 809.183
[809.186s] aco: pheromone_evaporation done, time: 809.186
[809.819s] aco: daemon_actions done, time: 809.819
[809.819s] aco: generation 636 start, time: 809.819
[810.142s] aco: compute_total_information done, time: 810.142
[810.404s] aco: ants_generation_and_activity done, time: 810.404
[810.407s] aco: pheromone_evaporation done, time: 810.407
[810.965s] aco: daemon_actions done, time: 810.965
[810.965s] aco: generation 637 start, time: 810.965
[811.333s] aco: compute_total_information done, time: 811.333
[811.601s] aco: ants_generation_and_activity done, time: 811.601
[811.604s] aco: pheromone_evaporation done, time: 811.604
[812.250s] aco: daemon_actions done, time: 812.25
[812.250s] aco: generation 638 start, time: 812.25
[812.612s] aco: compute_total_information done, time: 812.612
[812.920s] aco: ants_generation_and_activity done, time: 812.92
[812.925s] aco: pheromone_evaporation done, time: 812.925
[813.664s] aco: daemon_actions done, time: 813.664
[813.665s] aco: generation 639 start, time: 813.665
[814.101s] aco: compute_total_information done, time: 814.101
[814.440s] aco: ants_generation_and_activity done, time: 814.44
[814.444s] aco: pheromone_evaporation done, time: 814.444
[815.272s] aco: daemon_actions done, time: 815.272
[815.272s] aco: generation 640 start, time: 815.272
[815.796s] aco: compute_total_information done, time: 815.796
[816.154s] aco: ants_generation_and_activity done, time: 816.154
[816.157s] aco: pheromone_evaporation done, time: 816.157
[817.096s] aco: daemon_actions done, time: 817.096
[817.096s] aco: generation 641 start, time: 817.096
[817.514s] aco: compute_total_information done, time: 817.514
[817.834s] aco: ants_generation_and_activity done, time: 817.834
[817.838s] aco: pheromone_evaporation done, time: 817.838
[818.564s] aco: daemon_actions done, time: 818.564
[818.564s] aco: generation 642 start, time: 818.564
[818.947s] aco: compute_total_information done, time: 818.947
[819.275s] aco: ants_generation_and_activity done, time: 819.275
[819.279s] aco: pheromone_evaporation done, time: 819.279
[819.963s] aco: daemon_actions done, time: 819.963
[819.963s] aco: generation 643 start, time: 819.963
[820.296s] aco: compute_total_information done, time: 820.296
[820.577s] aco: ants_generation_and_activity done, time: 820.577
[820.581s] aco: pheromone_evaporation done, time: 820.581
[821.137s] aco: daemon_actions done, time: 821.137
[821.137s] aco: generation 644 start, time: 821.137
[821.453s] aco: compute_total_information done, time: 821.453
[821.729s] aco: ants_generation_and_activity done, time: 821.729
[821.732s] aco: pheromone_evaporation done, time: 821.732
[822.341s] aco: daemon_actions done, time: 822.341
[822.341s] aco: generation 645 start, time: 822.341
[822.693s] aco: compute_total_information done, time: 822.693
[822.957s] aco: ants_generation_and_activity done, time: 822.957
[822.958s] aco: pheromone_evaporation done, time: 822.958
[823.504s] aco: daemon_actions done, time: 823.504
[823.504s] aco: generation 646 start, time: 823.504
[823.818s] aco: compute_total_information done, time: 823.818
[824.080s] aco: ants_generation_and_activity done, time: 824.08
[824.083s] aco: pheromone_evaporation done, time: 824.083
[824.664s] aco: daemon_actions done, time: 824.664
[824.664s] aco: generation 647 start, time: 824.664
[825.064s] aco: compute_total_information done, time: 825.064
[825.336s] aco: ants_generation_and_activity done, time: 825.336
[825.340s] aco: pheromone_evaporation done, time: 825.34
[825.959s] aco: daemon_actions done, time: 825.959
[825.959s] aco: generation 648 start, time: 825.959
[826.271s] aco: compute_total_information done, time: 826.271
[826.541s] aco: ants_generation_and_activity done, time: 826.541
[826.546s] aco: pheromone_evaporation done, time: 826.546
[827.121s] aco: daemon_actions done, time: 827.121
[827.121s] aco: generation 649 start, time: 827.121
[827.448s] aco: compute_total_information done, time: 827.448
[827.719s] aco: ants_generation_and_activity done, time: 827.719
[827.723s] aco: pheromone_evaporation done, time: 827.723
[828.276s] aco: daemon_actions done, time: 828.276
[828.276s] aco: generation 650 start, time: 828.276
[828.592s] aco: compute_total_information done, time: 828.592
[828.878s] aco: ants_generation_and_activity done, time: 828.878
[828.882s] aco: pheromone_evaporation done, time: 828.882
[829.487s] aco: daemon_actions done, time: 829.487
[829.487s] aco: generation 651 start, time: 829.487
[829.799s] aco: compute_total_information done, time: 829.799
[830.073s] aco: ants_generation_and_activity done, time: 830.073
[830.075s] aco: pheromone_evaporation done, time: 830.075
[830.640s] aco: daemon_actions done, time: 830.64
[830.640s] aco: generation 652 start, time: 830.64
[831.044s] aco: compute_total_information done, time: 831.044
[831.330s] aco: ants_generation_and_activity done, time: 831.33
[831.334s] aco: pheromone_evaporation done, time: 831.334
[831.892s] aco: daemon_actions done, time: 831.892
[831.892s] aco: generation 653 start, time: 831.892
[832.202s] aco: compute_total_information done, time: 832.202
[832.470s] aco: ants_generation_and_activity done, time: 832.47
[832.473s] aco: pheromone_evaporation done, time: 832.473
[833.083s] aco: daemon_actions done, time: 833.083
[833.084s] aco: generation 654 start, time: 833.084
[833.393s] aco: compute_total_information done, time: 833.393
[833.656s] aco: ants_generation_and_activity done, time: 833.656
[833.658s] aco: pheromone_evaporation done, time: 833.658
[834.358s] aco: daemon_actions done, time: 834.358
[834.358s] aco: generation 655 start, time: 834.358
[834.677s] aco: compute_total_information done, time: 834.677
[834.947s] aco: ants_generation_and_activity done, time: 834.947
[834.949s] aco: pheromone_evaporation done, time: 834.949
[835.572s] aco: daemon_actions done, time: 835.572
[835.572s] aco: generation 656 start, time: 835.572
[835.974s] aco: compute_total_information done, time: 835.974
[836.306s] aco: ants_generation_and_activity done, time: 836.306
[836.308s] aco: pheromone_evaporation done, time: 836.308
[836.883s] aco: daemon_actions done, time: 836.883
[836.883s] aco: generation 657 start, time: 836.883
[837.194s] aco: compute_total_information done, time: 837.194
[837.455s] aco: ants_generation_and_activity done, time: 837.455
[837.458s] aco: pheromone_evaporation done, time: 837.458
[837.992s] aco: daemon_actions done, time: 837.992
[837.992s] aco: generation 658 start, time: 837.992
[838.319s] aco: compute_total_information done, time: 838.319
[838.569s] aco: ants_generation_and_activity done, time: 838.569
[838.572s] aco: pheromone_evaporation done, time: 838.572
[839.107s] aco: daemon_actions done, time: 839.107
[839.107s] aco: generation 659 start, time: 839.107
[839.419s] aco: compute_total_information done, time: 839.419
[839.788s] aco: ants_generation_and_activity done, time: 839.788
[839.794s] aco: pheromone_evaporation done, time: 839.794
[840.516s] aco: daemon_actions done, time: 840.516
[840.516s] aco: generation 660 start, time: 840.516
[840.921s] aco: compute_total_information done, time: 840.921
[841.316s] aco: ants_generation_and_activity done, time: 841.316
[841.320s] aco: pheromone_evaporation done, time: 841.32
[842.050s] aco: daemon_actions done, time: 842.05
[842.050s] aco: generation 661 start, time: 842.05
[842.477s] aco: compute_total_information done, time: 842.477
[842.804s] aco: ants_generation_and_activity done, time: 842.804
[842.807s] aco: pheromone_evaporation done, time: 842.807
[843.656s] aco: daemon_actions done, time: 843.656
[843.656s] aco: generation 662 start, time: 843.656
[844.054s] aco: compute_total_information done, time: 844.054
[844.384s] aco: ants_generation_and_activity done, time: 844.384
[844.389s] aco: pheromone_evaporation done, time: 844.389
[845.160s] aco: daemon_actions done, time: 845.159
[845.160s] aco: generation 663 start, time: 845.16
[845.558s] aco: compute_total_information done, time: 845.558
[845.880s] aco: ants_generation_and_activity done, time: 845.88
[845.884s] aco: pheromone_evaporation done, time: 845.884
[846.490s] aco: daemon_actions done, time: 846.49
[846.491s] aco: generation 664 start, time: 846.491
[846.817s] aco: compute_total_information done, time: 846.817
[847.133s] aco: ants_generation_and_activity done, time: 847.133
[847.137s] aco: pheromone_evaporation done, time: 847.137
[847.680s] aco: daemon_actions done, time: 847.68
[847.680s] aco: generation 665 start, time: 847.68
[848.005s] aco: compute_total_information done, time: 848.005
[848.283s] aco: ants_generation_and_activity done, time: 848.283
[848.286s] aco: pheromone_evaporation done, time: 848.286
[848.849s] aco: daemon_actions done, time: 848.849
[848.849s] aco: generation 666 start, time: 848.849
[849.154s] aco: compute_total_information done, time: 849.154
[849.439s] aco: ants_generation_and_activity done, time: 849.439
[849.441s] aco: pheromone_evaporation done, time: 849.441
[850.018s] aco: daemon_actions done, time: 850.018
[850.018s] aco: generation 667 start, time: 850.018
[850.337s] aco: compute_total_information done, time: 850.337
[850.667s] aco: ants_generation_and_activity done, time: 850.667
[850.671s] aco: pheromone_evaporation done, time: 850.671
[851.224s] aco: daemon_actions done, time: 851.224
[851.224s] aco: generation 668 start, time: 851.224
[851.544s] aco: compute_total_information done, time: 851.544
[851.811s] aco: ants_generation_and_activity done, time: 851.811
[851.815s] aco: pheromone_evaporation done, time: 851.815
[852.367s] aco: daemon_actions done, time: 852.367
[852.367s] aco: generation 669 start, time: 852.367
[852.694s] aco: compute_total_information done, time: 852.694
[852.975s] aco: ants_generation_and_activity done, time: 852.975
[852.979s] aco: pheromone_evaporation done, time: 852.979
[853.572s] aco: daemon_actions done, time: 853.572
[853.572s] aco: generation 670 start, time: 853.572
[853.904s] aco: compute_total_information done, time: 853.904
[854.236s] aco: ants_generation_and_activity done, time: 854.236
[854.240s] aco: pheromone_evaporation done, time: 854.24
[854.837s] aco: daemon_actions done, time: 854.837
[854.837s] aco: generation 671 start, time: 854.837
[855.177s] aco: compute_total_information done, time: 855.177
[855.456s] aco: ants_generation_and_activity done, time: 855.456
[855.458s] aco: pheromone_evaporation done, time: 855.458
[856.016s] aco: daemon_actions done, time: 856.016
[856.016s] aco: generation 672 start, time: 856.016
[856.325s] aco: compute_total_information done, time: 856.325
[856.602s] aco: ants_generation_and_activity done, time: 856.602
[856.605s] aco: pheromone_evaporation done, time: 856.605
[857.157s] aco: daemon_actions done, time: 857.157
[857.158s] aco: generation 673 start, time: 857.158
[857.497s] aco: compute_total_information done, time: 857.497
[857.818s] aco: ants_generation_and_activity done, time: 857.818
[857.822s] aco: pheromone_evaporation done, time: 857.822
[858.365s] aco: daemon_actions done, time: 858.365
[858.365s] aco: generation 674 start, time: 858.365
[858.680s] aco: compute_total_information done, time: 858.68
[858.962s] aco: ants_generation_and_activity done, time: 858.962
[858.965s] aco: pheromone_evaporation done, time: 858.965
[859.537s] aco: daemon_actions done, time: 859.537
[859.537s] aco: generation 675 start, time: 859.537
[859.862s] aco: compute_total_information done, time: 859.862
[860.138s] aco: ants_generation_and_activity done, time: 860.138
[860.141s] aco: pheromone_evaporation done, time: 860.141
[860.701s] aco: daemon_actions done, time: 860.701
[860.702s] aco: generation 676 start, time: 860.702
[861.005s] aco: compute_total_information done, time: 861.005
[861.270s] aco: ants_generation_and_activity done, time: 861.27
[861.275s] aco: pheromone_evaporation done, time: 861.275
[861.867s] aco: daemon_actions done, time: 861.867
[861.867s] aco: generation 677 start, time: 861.867
[862.179s] aco: compute_total_information done, time: 862.179
[862.436s] aco: ants_generation_and_activity done, time: 862.436
[862.440s] aco: pheromone_evaporation done, time: 862.44
[862.999s] aco: daemon_actions done, time: 862.999
[862.999s] aco: generation 678 start, time: 862.999
[863.310s] aco: compute_total_information done, time: 863.31
[863.571s] aco: ants_generation_and_activity done, time: 863.571
[863.574s] aco: pheromone_evaporation done, time: 863.574
[864.224s] aco: daemon_actions done, time: 864.224
[864.224s] aco: generation 679 start, time: 864.224
[864.538s] aco: compute_total_information done, time: 864.538
[864.801s] aco: ants_generation_and_activity done, time: 864.801
[864.804s] aco: pheromone_evaporation done, time: 864.804
[865.416s] aco: daemon_actions done, time: 865.416
[865.416s] aco: generation 680 start, time: 865.416
[865.725s] aco: compute_total_information done, time: 865.725
[865.988s] aco: ants_generation_and_activity done, time: 865.988
[865.991s] aco: pheromone_evaporation done, time: 865.991
[866.526s] aco: daemon_actions done, time: 866.526
[866.527s] aco: generation 681 start, time: 866.527
[866.830s] aco: compute_total_information done, time: 866.83
[867.092s] aco: ants_generation_and_activity done, time: 867.092
[867.095s] aco: pheromone_evaporation done, time: 867.095
[867.646s] aco: daemon_actions done, time: 867.646
[867.646s] aco: generation 682 start, time: 867.646
[867.966s] aco: compute_total_information done, time: 867.966
[868.242s] aco: ants_generation_and_activity done, time: 868.242
[868.247s] aco: pheromone_evaporation done, time: 868.247
[868.841s] aco: daemon_actions done, time: 868.841
[868.842s] aco: generation 683 start, time: 868.842
[869.151s] aco: compute_total_information done, time: 869.151
[869.414s] aco: ants_generation_and_activity done, time: 869.414
[869.415s] aco: pheromone_evaporation done, time: 869.415
[869.966s] aco: daemon_actions done, time: 869.966
[869.966s] aco: generation 684 start, time: 869.966
[870.277s] aco: compute_total_information done, time: 870.277
[870.543s] aco: ants_generation_and_activity done, time: 870.543
[870.546s] aco: pheromone_evaporation done, time: 870.546
[871.104s] aco: daemon_actions done, time: 871.104
[871.104s] aco: generation 685 start, time: 871.104
[871.412s] aco: compute_total_information done, time: 871.412
[871.671s] aco: ants_generation_and_activity done, time: 871.671
[871.674s] aco: pheromone_evaporation done, time: 871.674
[872.275s] aco: daemon_actions done, time: 872.275
[872.275s] aco: generation 686 start, time: 872.275
[872.601s] aco: compute_total_information done, time: 872.601
[872.869s] aco: ants_generation_and_activity done, time: 872.869
[872.873s] aco: pheromone_evaporation done, time: 872.873
[873.419s] aco: daemon_actions done, time: 873.419
[873.419s] aco: generation 687 start, time: 873.419
[873.729s] aco: compute_total_information done, time: 873.729
[873.987s] aco: ants_generation_and_activity done, time: 873.987
[873.990s] aco: pheromone_evaporation done, time: 873.99
[874.536s] aco: daemon_actions done, time: 874.536
[874.536s] aco: generation 688 start, time: 874.536
[874.857s] aco: compute_total_information done, time: 874.857
[875.127s] aco: ants_generation_and_activity done, time: 875.127
[875.129s] aco: pheromone_evaporation done, time: 875.129
[875.691s] aco: daemon_actions done, time: 875.691
[875.691s] aco: generation 689 start, time: 875.691
[876.064s] aco: compute_total_information done, time: 876.064
[876.342s] aco: ants_generation_and_activity done, time: 876.342
[876.343s] aco: pheromone_evaporation done, time: 876.343
[876.900s] aco: daemon_actions done, time: 876.9
[876.900s] aco: generation 690 start, time: 876.9
[877.222s] aco: compute_total_information done, time: 877.222
[877.518s] aco: ants_generation_and_activity done, time: 877.518
[877.522s] aco: pheromone_evaporation done, time: 877.522
[878.146s] aco: daemon_actions done, time: 878.146
[878.146s] aco: generation 691 start, time: 878.146
[878.505s] aco: compute_total_information done, time: 878.505
[878.810s] aco: ants_generation_and_activity done, time: 878.81
[878.814s] aco: pheromone_evaporation done, time: 878.814
[879.460s] aco: daemon_actions done, time: 879.46
[879.460s] aco: generation 692 start, time: 879.46
[879.814s] aco: compute_total_information done, time: 879.814
[880.078s] aco: ants_generation_and_activity done, time: 880.078
[880.082s] aco: pheromone_evaporation done, time: 880.082
[880.687s] aco: daemon_actions done, time: 880.687
[880.687s] aco: generation 693 start, time: 880.687
[880.995s] aco: compute_total_information done, time: 880.995
[881.275s] aco: ants_generation_and_activity done, time: 881.275
[881.279s] aco: pheromone_evaporation done, time: 881.279
[881.864s] aco: daemon_actions done, time: 881.864
[881.864s] aco: generation 694 start, time: 881.864
[882.188s] aco: compute_total_information done, time: 882.188
[882.463s] aco: ants_generation_and_activity done, time: 882.463
[882.465s] aco: pheromone_evaporation done, time: 882.465
[883.069s] aco: daemon_actions done, time: 883.069
[883.069s] aco: generation 695 start, time: 883.069
[883.384s] aco: compute_total_information done, time: 883.384
[883.650s] aco: ants_generation_and_activity done, time: 883.65
[883.655s] aco: pheromone_evaporation done, time: 883.655
[884.199s] aco: daemon_actions done, time: 884.199
[884.199s] aco: generation 696 start, time: 884.199
[884.511s] aco: compute_total_information done, time: 884.511
[884.785s] aco: ants_generation_and_activity done, time: 884.785
[884.789s] aco: pheromone_evaporation done, time: 884.789
[885.380s] aco: daemon_actions done, time: 885.38
[885.380s] aco: generation 697 start, time: 885.38
[885.776s] aco: compute_total_information done, time: 885.776
[886.103s] aco: ants_generation_and_activity done, time: 886.103
[886.107s] aco: pheromone_evaporation done, time: 886.107
[886.890s] aco: daemon_actions done, time: 886.89
[886.890s] aco: generation 698 start, time: 886.89
[887.295s] aco: compute_total_information done, time: 887.295
[887.626s] aco: ants_generation_and_activity done, time: 887.626
[887.629s] aco: pheromone_evaporation done, time: 887.629
[888.357s] aco: daemon_actions done, time: 888.357
[888.358s] aco: generation 699 start, time: 888.358
[888.825s] aco: compute_total_information done, time: 888.825
[889.154s] aco: ants_generation_and_activity done, time: 889.154
[889.157s] aco: pheromone_evaporation done, time: 889.157
[889.949s] aco: daemon_actions done, time: 889.949
[889.949s] aco: generation 700 start, time: 889.949
[890.419s] aco: compute_total_information done, time: 890.419
[890.736s] aco: ants_generation_and_activity done, time: 890.736
[890.740s] aco: pheromone_evaporation done, time: 890.74
[891.422s] aco: daemon_actions done, time: 891.422
[891.422s] aco: generation 701 start, time: 891.422
[891.809s] aco: compute_total_information done, time: 891.809
[892.087s] aco: ants_generation_and_activity done, time: 892.087
[892.090s] aco: pheromone_evaporation done, time: 892.09
[892.650s] aco: daemon_actions done, time: 892.65
[892.651s] aco: generation 702 start, time: 892.651
[892.987s] aco: compute_total_information done, time: 892.987
[893.271s] aco: ants_generation_and_activity done, time: 893.271
[893.274s] aco: pheromone_evaporation done, time: 893.274
[893.882s] aco: daemon_actions done, time: 893.882
[893.882s] aco: generation 703 start, time: 893.882
[894.218s] aco: compute_total_information done, time: 894.218
[894.541s] aco: ants_generation_and_activity done, time: 894.541
[894.545s] aco: pheromone_evaporation done, time: 894.545
[895.126s] aco: daemon_actions done, time: 895.126
[895.126s] aco: generation 704 start, time: 895.126
[895.445s] aco: compute_total_information done, time: 895.445
[895.706s] aco: ants_generation_and_activity done, time: 895.706
[895.708s] aco: pheromone_evaporation done, time: 895.708
[896.257s] aco: daemon_actions done, time: 896.257
[896.258s] aco: generation 705 start, time: 896.258
[896.610s] aco: compute_total_information done, time: 896.61
[896.874s] aco: ants_generation_and_activity done, time: 896.874
[896.874s] aco: pheromone_evaporation done, time: 896.874
[897.495s] aco: daemon_actions done, time: 897.495
[897.495s] aco: generation 706 start, time: 897.495
[897.830s] aco: compute_total_information done, time: 897.83
[898.094s] aco: ants_generation_and_activity done, time: 898.094
[898.095s] aco: pheromone_evaporation done, time: 898.095
[898.692s] aco: daemon_actions done, time: 898.692
[898.693s] aco: generation 707 start, time: 898.693
[899.014s] aco: compute_total_information done, time: 899.014
[899.292s] aco: ants_generation_and_activity done, time: 899.292
[899.295s] aco: pheromone_evaporation done, time: 899.295
[899.961s] aco: daemon_actions done, time: 899.961
[899.961s] aco: generation 708 start, time: 899.961
[900.312s] aco: compute_total_information done, time: 900.312
[900.595s] aco: ants_generation_and_activity done, time: 900.595
[900.598s] aco: pheromone_evaporation done, time: 900.598
[901.214s] aco: daemon_actions done, time: 901.214
[901.215s] aco: generation 709 start, time: 901.215
[901.588s] aco: compute_total_information done, time: 901.588
[901.927s] aco: ants_generation_and_activity done, time: 901.927
[901.932s] aco: pheromone_evaporation done, time: 901.932
[902.733s] aco: daemon_actions done, time: 902.733
[902.733s] aco: generation 710 start, time: 902.733
[903.186s] aco: compute_total_information done, time: 903.186
[903.522s] aco: ants_generation_and_activity done, time: 903.522
[903.526s] aco: pheromone_evaporation done, time: 903.526
[904.261s] aco: daemon_actions done, time: 904.261
[904.261s] aco: generation 711 start, time: 904.261
[904.776s] aco: compute_total_information done, time: 904.776
[905.121s] aco: ants_generation_and_activity done, time: 905.121
[905.124s] aco: pheromone_evaporation done, time: 905.124
[905.817s] aco: daemon_actions done, time: 905.817
[905.817s] aco: generation 712 start, time: 905.817
[906.218s] aco: compute_total_information done, time: 906.218
[906.550s] aco: ants_generation_and_activity done, time: 906.55
[906.554s] aco: pheromone_evaporation done, time: 906.554
[908.272s] aco: daemon_actions done, time: 908.272
[908.272s] aco: generation 713 start, time: 908.272
[909.068s] aco: compute_total_information done, time: 909.068
[909.678s] aco: ants_generation_and_activity done, time: 909.678
[909.685s] aco: pheromone_evaporation done, time: 909.685
[910.935s] aco: daemon_actions done, time: 910.935
[910.935s] aco: generation 714 start, time: 910.935
[911.509s] aco: compute_total_information done, time: 911.509
[911.958s] aco: ants_generation_and_activity done, time: 911.958
[911.960s] aco: pheromone_evaporation done, time: 911.96
[912.845s] aco: daemon_actions done, time: 912.845
[912.845s] aco: generation 715 start, time: 912.845
[913.355s] aco: compute_total_information done, time: 913.355
[913.781s] aco: ants_generation_and_activity done, time: 913.781
[913.783s] aco: pheromone_evaporation done, time: 913.783
[914.577s] aco: daemon_actions done, time: 914.577
[914.578s] aco: generation 716 start, time: 914.578
[915.025s] aco: compute_total_information done, time: 915.025
[915.481s] aco: ants_generation_and_activity done, time: 915.481
[915.486s] aco: pheromone_evaporation done, time: 915.486
[916.336s] aco: daemon_actions done, time: 916.336
[916.337s] aco: generation 717 start, time: 916.337
[916.905s] aco: compute_total_information done, time: 916.905
[917.271s] aco: ants_generation_and_activity done, time: 917.271
[917.275s] aco: pheromone_evaporation done, time: 917.275
[918.166s] aco: daemon_actions done, time: 918.166
[918.166s] aco: generation 718 start, time: 918.166
[918.620s] aco: compute_total_information done, time: 918.62
[919.172s] aco: ants_generation_and_activity done, time: 919.172
[919.178s] aco: pheromone_evaporation done, time: 919.178
[919.997s] aco: daemon_actions done, time: 919.997
[919.997s] aco: generation 719 start, time: 919.997
[920.487s] aco: compute_total_information done, time: 920.487
[920.929s] aco: ants_generation_and_activity done, time: 920.929
[920.932s] aco: pheromone_evaporation done, time: 920.932
[921.985s] aco: daemon_actions done, time: 921.985
[921.985s] aco: generation 720 start, time: 921.985
[922.389s] aco: compute_total_information done, time: 922.389
[922.708s] aco: ants_generation_and_activity done, time: 922.708
[922.712s] aco: pheromone_evaporation done, time: 922.712
[923.258s] aco: daemon_actions done, time: 923.258
[923.258s] aco: generation 721 start, time: 923.258
[923.578s] aco: compute_total_information done, time: 923.578
[923.842s] aco: ants_generation_and_activity done, time: 923.842
[923.846s] aco: pheromone_evaporation done, time: 923.846
[924.422s] aco: daemon_actions done, time: 924.422
[924.422s] aco: generation 722 start, time: 924.422
[924.747s] aco: compute_total_information done, time: 924.747
[925.026s] aco: ants_generation_and_activity done, time: 925.026
[925.030s] aco: pheromone_evaporation done, time: 925.03
[925.581s] aco: daemon_actions done, time: 925.581
[925.581s] aco: generation 723 start, time: 925.581
[925.895s] aco: compute_total_information done, time: 925.895
[926.180s] aco: ants_generation_and_activity done, time: 926.18
[926.186s] aco: pheromone_evaporation done, time: 926.186
[926.756s] aco: daemon_actions done, time: 926.756
[926.756s] aco: generation 724 start, time: 926.756
[927.079s] aco: compute_total_information done, time: 927.079
[927.353s] aco: ants_generation_and_activity done, time: 927.353
[927.357s] aco: pheromone_evaporation done, time: 927.357
[927.902s] aco: daemon_actions done, time: 927.902
[927.902s] aco: generation 725 start, time: 927.902
[928.235s] aco: compute_total_information done, time: 928.235
[928.501s] aco: ants_generation_and_activity done, time: 928.501
[928.505s] aco: pheromone_evaporation done, time: 928.505
[929.048s] aco: daemon_actions done, time: 929.048
[929.048s] aco: generation 726 start, time: 929.048
[929.362s] aco: compute_total_information done, time: 929.362
[929.639s] aco: ants_generation_and_activity done, time: 929.639
[929.641s] aco: pheromone_evaporation done, time: 929.641
[930.244s] aco: daemon_actions done, time: 930.244
[930.244s] aco: generation 727 start, time: 930.244
[930.608s] aco: compute_total_information done, time: 930.608
[930.897s] aco: ants_generation_and_activity done, time: 930.897
[930.900s] aco: pheromone_evaporation done, time: 930.9
[931.587s] aco: daemon_actions done, time: 931.587
[931.587s] aco: generation 728 start, time: 931.587
[931.902s] aco: compute_total_information done, time: 931.902
[932.171s] aco: ants_generation_and_activity done, time: 932.171
[932.174s] aco: pheromone_evaporation done, time: 932.174
[932.742s] aco: daemon_actions done, time: 932.742
[932.742s] aco: generation 729 start, time: 932.742
[933.053s] aco: compute_total_information done, time: 933.053
[933.411s] aco: ants_generation_and_activity done, time: 933.411
[933.416s] aco: pheromone_evaporation done, time: 933.416
[933.949s] aco: daemon_actions done, time: 933.949
[933.949s] aco: generation 730 start, time: 933.949
[934.252s] aco: compute_total_information done, time: 934.252
[934.510s] aco: ants_generation_and_activity done, time: 934.51
[934.512s] aco: pheromone_evaporation done, time: 934.512
[935.066s] aco: daemon_actions done, time: 935.066
[935.066s] aco: generation 731 start, time: 935.066
[935.371s] aco: compute_total_information done, time: 935.371
[935.621s] aco: ants_generation_and_activity done, time: 935.621
[935.624s] aco: pheromone_evaporation done, time: 935.624
[936.158s] aco: daemon_actions done, time: 936.158
[936.158s] aco: generation 732 start, time: 936.158
[936.495s] aco: compute_total_information done, time: 936.495
[936.761s] aco: ants_generation_and_activity done, time: 936.761
[936.765s] aco: pheromone_evaporation done, time: 936.765
[937.368s] aco: daemon_actions done, time: 937.368
[937.368s] aco: generation 733 start, time: 937.368
[937.692s] aco: compute_total_information done, time: 937.692
[937.959s] aco: ants_generation_and_activity done, time: 937.959
[937.963s] aco: pheromone_evaporation done, time: 937.963
[938.557s] aco: daemon_actions done, time: 938.557
[938.557s] aco: generation 734 start, time: 938.557
[938.860s] aco: compute_total_information done, time: 938.86
[939.169s] aco: ants_generation_and_activity done, time: 939.168
[939.189s] aco: pheromone_evaporation done, time: 939.189
[939.817s] aco: daemon_actions done, time: 939.817
[939.817s] aco: generation 735 start, time: 939.817
[940.221s] aco: compute_total_information done, time: 940.221
[940.493s] aco: ants_generation_and_activity done, time: 940.493
[940.497s] aco: pheromone_evaporation done, time: 940.497
[941.102s] aco: daemon_actions done, time: 941.102
[941.102s] aco: generation 736 start, time: 941.102
[941.418s] aco: compute_total_information done, time: 941.418
[941.674s] aco: ants_generation_and_activity done, time: 941.674
[941.677s] aco: pheromone_evaporation done, time: 941.677
[942.207s] aco: daemon_actions done, time: 942.207
[942.207s] aco: generation 737 start, time: 942.207
[942.517s] aco: compute_total_information done, time: 942.517
[942.765s] aco: ants_generation_and_activity done, time: 942.765
[942.769s] aco: pheromone_evaporation done, time: 942.769
[943.391s] aco: daemon_actions done, time: 943.391
[943.392s] aco: generation 738 start, time: 943.392
[943.700s] aco: compute_total_information done, time: 943.7
[943.984s] aco: ants_generation_and_activity done, time: 943.984
[943.988s] aco: pheromone_evaporation done, time: 943.988
[944.664s] aco: daemon_actions done, time: 944.664
[944.664s] aco: generation 739 start, time: 944.664
[944.986s] aco: compute_total_information done, time: 944.986
[945.283s] aco: ants_generation_and_activity done, time: 945.283
[945.287s] aco: pheromone_evaporation done, time: 945.287
[945.844s] aco: daemon_actions done, time: 945.844
[945.844s] aco: generation 740 start, time: 945.844
[946.203s] aco: compute_total_information done, time: 946.203
[946.471s] aco: ants_generation_and_activity done, time: 946.471
[946.473s] aco: pheromone_evaporation done, time: 946.473
[947.073s] aco: daemon_actions done, time: 947.073
[947.073s] aco: generation 741 start, time: 947.073
[947.396s] aco: compute_total_information done, time: 947.396
[947.670s] aco: ants_generation_and_activity done, time: 947.67
[947.673s] aco: pheromone_evaporation done, time: 947.673
[948.289s] aco: daemon_actions done, time: 948.289
[948.289s] aco: generation 742 start, time: 948.289
[948.614s] aco: compute_total_information done, time: 948.614
[948.943s] aco: ants_generation_and_activity done, time: 948.943
[948.947s] aco: pheromone_evaporation done, time: 948.947
[949.678s] aco: daemon_actions done, time: 949.678
[949.678s] aco: generation 743 start, time: 949.678
[950.138s] aco: compute_total_information done, time: 950.138
[950.457s] aco: ants_generation_and_activity done, time: 950.457
[950.461s] aco: pheromone_evaporation done, time: 950.461
[951.171s] aco: daemon_actions done, time: 951.171
[951.172s] aco: stopping after 744 generations
[951.172s] main: starting Ultimate Tour Optimization
[960.595s] uto: new global improvement loop, time: 960.595
[988.756s] uto: new global improvement loop, time: 988.756
