PACKLOG|tour|0,913,323,299,76,970,756,384,607,195,632,520,347,966,371,614,84,135,533,523,249,623,20,870,658,421,247,883
PACKLOG|try=0|th=0.104147376|de=0.503016054|ga=0.392836570
PACKLOG|try=0|profit=3515392|weight=6036823
PACKLOG|try=1|th=0.546343637|de=0.102054140|ga=0.351602222
PACKLOG|try=1|profit=3601849|weight=4979303
PACKLOG|best|profit=3601849|weight=4979303
PACKLOG|call=2|tour_len=546|end_dist=11499062
PACKLOG|try=0|th=0.327308988|de=0.335956496|ga=0.336734516
PACKLOG|try=0|profit=2702569|weight=5464425
PACKLOG|try=1|th=0.332140544|de=0.305250799|ga=0.362608657
PACKLOG|try=1|profit=2702569|weight=5464425
PACKLOG|best|profit=2702569|weight=5464425
PACKLOG|call=3|tour_len=566|end_dist=10238210
PACKLOG|try=0|th=0.217661428|de=0.156083524|ga=0.626255047
PACKLOG|try=0|profit=2824744|weight=5665328
PACKLOG|try=1|th=0.525924695|de=0.071447523|ga=0.402627781
PACKLOG|try=1|profit=2824744|weight=5665328
PACKLOG|best|profit=2824744|weight=5665328
PACKLOG|call=4|tour_len=561|end_dist=11356145
PACKLOG|try=0|th=0.850300735|de=0.004450787|ga=0.145248478
PACKLOG|try=0|profit=2812930|weight=5615054
PACKLOG|try=1|th=0.223634591|de=0.590784673|ga=0.185580736
PACKLOG|try=1|profit=2812930|weight=5615054
PACKLOG|best|profit=2812930|weight=5615054
PACKLOG|call=5|tour_len=558|end_dist=12804743
PACKLOG|try=0|th=0.294395273|de=0.255229064|ga=0.450375663
PACKLOG|try=0|profit=2801310|weight=5584841
PACKLOG|try=1|th=0.321977941|de=0.476777212|ga=0.201244847
PACKLOG|try=1|profit=2801310|weight=5584841
PACKLOG|best|profit=2801310|weight=5584841
PACKLOG|call=6|tour_len=488|end_dist=8735139
PACKLOG|try=0|th=0.270507896|de=0.109287621|ga=0.620204483
PACKLOG|try=0|profit=2419005|weight=4881731
PACKLOG|try=1|th=0.503676935|de=0.015984363|ga=0.480338702
PACKLOG|try=1|profit=2419005|weight=4881731
PACKLOG|best|profit=2419005|weight=4881731
PACKLOG|call=7|tour_len=504|end_dist=10050494
PACKLOG|try=0|th=0.400412404|de=0.271621504|ga=0.327966092
PACKLOG|try=0|profit=2507642|weight=5042629
PACKLOG|try=1|th=0.181137786|de=0.621167390|ga=0.197694824
PACKLOG|try=1|profit=2507642|weight=5042629
PACKLOG|best|profit=2507642|weight=5042629
PACKLOG|call=8|tour_len=549|end_dist=9987868
PACKLOG|try=0|th=0.631808537|de=0.223828620|ga=0.144362844
PACKLOG|try=0|profit=2748672|weight=5494512
PACKLOG|try=1|th=0.323110341|de=0.185392406|ga=0.491497253
PACKLOG|try=1|profit=2748672|weight=5494512
PACKLOG|best|profit=2748672|weight=5494512
PACKLOG|call=9|tour_len=476|end_dist=8204776
PACKLOG|try=0|th=0.337684813|de=0.438685998|ga=0.223629189
PACKLOG|try=0|profit=2375154|weight=4761288
PACKLOG|try=1|th=0.094165908|de=0.229185236|ga=0.676648856
PACKLOG|try=1|profit=2375154|weight=4761288
PACKLOG|best|profit=2375154|weight=4761288
PACKLOG|call=10|tour_len=546|end_dist=11089896
PACKLOG|try=0|th=0.389305232|de=0.192218101|ga=0.418476667
PACKLOG|try=0|profit=2752059|weight=5464327
PACKLOG|try=1|th=0.593540716|de=0.054234488|ga=0.352224796
PACKLOG|try=1|profit=2752059|weight=5464327
PACKLOG|best|profit=2752059|weight=5464327
PACKLOG|call=11|tour_len=361|end_dist=6421472
PACKLOG|try=0|th=0.109235008|de=0.364371034|ga=0.526393957
PACKLOG|try=0|profit=1798749|weight=3606016
PACKLOG|try=1|th=0.150389439|de=0.460702756|ga=0.388907806
PACKLOG|try=1|profit=1798749|weight=3606016
PACKLOG|best|profit=1798749|weight=3606016
PACKLOG|call=12|tour_len=796|end_dist=17248745
PACKLOG|try=0|th=0.512880349|de=0.037993174|ga=0.449126476
PACKLOG|try=0|profit=3987707|weight=7975587
PACKLOG|try=1|th=0.535645666|de=0.022113941|ga=0.442240393
PACKLOG|try=1|profit=3987707|weight=7975587
PACKLOG|best|profit=3987707|weight=7975587
PACKLOG|call=13|tour_len=391|end_dist=6569672
PACKLOG|try=0|th=0.291275885|de=0.324954912|ga=0.383769202
PACKLOG|try=0|profit=1958771|weight=3907268
PACKLOG|try=1|th=0.335633539|de=0.441285405|ga=0.223081056
PACKLOG|try=1|profit=1958771|weight=3907268
PACKLOG|best|profit=1958771|weight=3907268
PACKLOG|call=14|tour_len=281|end_dist=4593140
PACKLOG|try=0|th=0.518824346|de=0.336451083|ga=0.144724571
PACKLOG|try=0|profit=1423129|weight=2802468
PACKLOG|try=1|th=0.440955048|de=0.108497930|ga=0.450547022
PACKLOG|try=1|profit=1423129|weight=2802468
PACKLOG|best|profit=1423129|weight=2802468
PACKLOG|call=15|tour_len=456|end_dist=8561174
PACKLOG|try=0|th=0.595035304|de=0.086570399|ga=0.318394298
PACKLOG|try=0|profit=2290390|weight=4560409
PACKLOG|try=1|th=0.273657183|de=0.170713105|ga=0.555629712
PACKLOG|try=1|profit=2290390|weight=4560409
PACKLOG|best|profit=2290390|weight=4560409
PACKLOG|call=16|tour_len=363|end_dist=7032273
PACKLOG|try=0|th=0.333368331|de=0.255929051|ga=0.410702618
PACKLOG|try=0|profit=1826042|weight=3626299
PACKLOG|try=1|th=0.266033100|de=0.713487761|ga=0.020479139
PACKLOG|try=1|profit=1826042|weight=3626299
PACKLOG|best|profit=1826042|weight=3626299
PACKLOG|call=17|tour_len=527|end_dist=9705533
PACKLOG|try=0|th=0.523413647|de=0.046109917|ga=0.430476436
PACKLOG|try=0|profit=2636369|weight=5273448
PACKLOG|try=1|th=0.131307037|de=0.274720202|ga=0.593972761
PACKLOG|try=1|profit=2636369|weight=5273448
PACKLOG|best|profit=2636369|weight=5273448
PACKLOG|call=18|tour_len=984|end_dist=22854622
PACKLOG|try=0|th=0.797473126|de=0.025248605|ga=0.177278269
PACKLOG|try=0|profit=3935404|weight=5474512
PACKLOG|try=1|th=0.004167718|de=0.050033171|ga=0.945799111
PACKLOG|try=1|profit=3544647|weight=7093612
PACKLOG|best|profit=3935404|weight=5474512
PACKLOG|call=19|tour_len=477|end_dist=8522914
PACKLOG|try=0|th=0.134391701|de=0.700680714|ga=0.164927584
PACKLOG|try=0|profit=2386321|weight=4771395
PACKLOG|try=1|th=0.409747568|de=0.052145232|ga=0.538107200
PACKLOG|try=1|profit=2386321|weight=4771395
PACKLOG|best|profit=2386321|weight=4771395
PACKLOG|call=20|tour_len=500|end_dist=9171280
PACKLOG|try=0|th=0.404560580|de=0.259862657|ga=0.335576764
PACKLOG|try=0|profit=2499047|weight=5002354
PACKLOG|try=1|th=0.455027584|de=0.289834392|ga=0.255138024
PACKLOG|try=1|profit=2499047|weight=5002354
PACKLOG|best|profit=2499047|weight=5002354
PACKLOG|call=21|tour_len=562|end_dist=10559540
PACKLOG|try=0|th=0.278760769|de=0.399077675|ga=0.322161555
PACKLOG|try=0|profit=2791333|weight=5625093
PACKLOG|try=1|th=0.473521360|de=0.003015787|ga=0.523462854
PACKLOG|try=1|profit=2791333|weight=5625093
PACKLOG|best|profit=2791333|weight=5625093
PACKLOG|call=22|tour_len=485|end_dist=8415924
PACKLOG|try=0|th=0.493446691|de=0.153077407|ga=0.353475903
PACKLOG|try=0|profit=2425682|weight=4851623
PACKLOG|try=1|th=0.304584625|de=0.256325334|ga=0.439090041
PACKLOG|try=1|profit=2425682|weight=4851623
PACKLOG|best|profit=2425682|weight=4851623
PACKLOG|call=23|tour_len=474|end_dist=8786954
PACKLOG|try=0|th=0.387008643|de=0.182853108|ga=0.430138249
PACKLOG|try=0|profit=2370849|weight=4741192
PACKLOG|try=1|th=0.295848846|de=0.294315525|ga=0.409835629
PACKLOG|try=1|profit=2370849|weight=4741192
PACKLOG|best|profit=2370849|weight=4741192
PACKLOG|call=24|tour_len=791|end_dist=17778995
PACKLOG|try=0|th=0.039102362|de=0.248424074|ga=0.712473564
PACKLOG|try=0|profit=3909369|weight=7656373
PACKLOG|try=1|th=0.076628172|de=0.208437433|ga=0.714934396
PACKLOG|try=1|profit=3925305|weight=7654367
PACKLOG|best|profit=3925305|weight=7654367
PACKLOG|call=25|tour_len=876|end_dist=20922432
PACKLOG|try=0|th=0.832545957|de=0.131515649|ga=0.035938394
PACKLOG|try=0|profit=3976431|weight=6071129
PACKLOG|try=1|th=0.395754073|de=0.212955209|ga=0.391290718
PACKLOG|try=1|profit=4010746|weight=6464974
PACKLOG|best|profit=4010746|weight=6464974
PACKLOG|call=26|tour_len=482|end_dist=9028356
PACKLOG|try=0|th=0.117154682|de=0.238459787|ga=0.644385531
PACKLOG|try=0|profit=2409620|weight=4821470
PACKLOG|try=1|th=0.608172148|de=0.081534508|ga=0.310293344
PACKLOG|try=1|profit=2409620|weight=4821470
PACKLOG|best|profit=2409620|weight=4821470
PACKLOG|call=27|tour_len=542|end_dist=9701663
PACKLOG|try=0|th=0.372682334|de=0.112769707|ga=0.514547959
PACKLOG|try=0|profit=2708975|weight=5424171
PACKLOG|try=1|th=0.438593685|de=0.407287124|ga=0.154119191
PACKLOG|try=1|profit=2708975|weight=5424171
PACKLOG|best|profit=2708975|weight=5424171
PACKLOG|call=28|tour_len=691|end_dist=15729692
PACKLOG|try=0|th=0.457507680|de=0.342941643|ga=0.199550677
PACKLOG|try=0|profit=3464221|weight=6921057
PACKLOG|try=1|th=0.248594734|de=0.138738552|ga=0.612666714
PACKLOG|try=1|profit=3464221|weight=6921057
PACKLOG|best|profit=3464221|weight=6921057
PACKLOG|call=29|tour_len=617|end_dist=11958174
PACKLOG|try=0|th=0.530606182|de=0.467203419|ga=0.002190399
PACKLOG|try=0|profit=3080876|weight=6177526
PACKLOG|try=1|th=0.707005755|de=0.152716200|ga=0.140278045
PACKLOG|try=1|profit=3080876|weight=6177526
PACKLOG|best|profit=3080876|weight=6177526
PACKLOG|call=30|tour_len=946|end_dist=21597652
PACKLOG|try=0|th=0.338144873|de=0.272534920|ga=0.389320207
PACKLOG|try=0|profit=4092748|weight=6390552
PACKLOG|try=1|th=0.464789055|de=0.070745803|ga=0.464465142
PACKLOG|try=1|profit=4102488|weight=6356451
PACKLOG|best|profit=4102488|weight=6356451
PACKLOG|call=31|tour_len=569|end_dist=10354393
PACKLOG|try=0|th=0.447751683|de=0.426886553|ga=0.125361764
PACKLOG|try=0|profit=2848615|weight=5695454
PACKLOG|try=1|th=0.270634533|de=0.329388399|ga=0.399977069
PACKLOG|try=1|profit=2848615|weight=5695454
PACKLOG|best|profit=2848615|weight=5695454
PACKLOG|call=32|tour_len=429|end_dist=7679434
PACKLOG|try=0|th=0.200933264|de=0.218874109|ga=0.580192627
PACKLOG|try=0|profit=2161538|weight=4288984
PACKLOG|try=1|th=0.510464176|de=0.460344895|ga=0.029190929
PACKLOG|try=1|profit=2161538|weight=4288984
PACKLOG|best|profit=2161538|weight=4288984
PACKLOG|call=33|tour_len=360|end_dist=6651884
PACKLOG|try=0|th=0.604151358|de=0.248509703|ga=0.147338939
PACKLOG|try=0|profit=1798715|weight=3596067
PACKLOG|try=1|th=0.198185442|de=0.308521035|ga=0.493293523
PACKLOG|try=1|profit=1798715|weight=3596067
PACKLOG|best|profit=1798715|weight=3596067
PACKLOG|call=34|tour_len=510|end_dist=9712337
PACKLOG|try=0|th=0.371115690|de=0.456070636|ga=0.172813673
PACKLOG|try=0|profit=2565108|weight=5102683
PACKLOG|try=1|th=0.625199368|de=0.114667832|ga=0.260132800
PACKLOG|try=1|profit=2565108|weight=5102683
PACKLOG|best|profit=2565108|weight=5102683
PACKLOG|call=35|tour_len=385|end_dist=6280245
PACKLOG|try=0|th=0.307141437|de=0.510007481|ga=0.182851082
PACKLOG|try=0|profit=1923590|weight=3847024
PACKLOG|try=1|th=0.293695757|de=0.234716065|ga=0.471588179
PACKLOG|try=1|profit=1923590|weight=3847024
PACKLOG|best|profit=1923590|weight=3847024
PACKLOG|call=36|tour_len=466|end_dist=8713924
PACKLOG|try=0|th=0.550719565|de=0.163973293|ga=0.285307141
PACKLOG|try=0|profit=2326767|weight=4660781
PACKLOG|try=1|th=0.304638114|de=0.348864096|ga=0.346497790
PACKLOG|try=1|profit=2326767|weight=4660781
PACKLOG|best|profit=2326767|weight=4660781
PACKLOG|call=37|tour_len=445|end_dist=7994600
PACKLOG|try=0|th=0.462630958|de=0.512913179|ga=0.024455863
PACKLOG|try=0|profit=2232935|weight=4449905
PACKLOG|try=1|th=0.265628914|de=0.311305632|ga=0.423065454
PACKLOG|try=1|profit=2232935|weight=4449905
PACKLOG|best|profit=2232935|weight=4449905
PACKLOG|call=38|tour_len=519|end_dist=9985621
PACKLOG|try=0|th=0.144578152|de=0.428171122|ga=0.427250727
PACKLOG|try=0|profit=2595793|weight=5193141
PACKLOG|try=1|th=0.151034254|de=0.156561228|ga=0.692404517
PACKLOG|try=1|profit=2595793|weight=5193141
PACKLOG|best|profit=2595793|weight=5193141
PACKLOG|call=39|tour_len=274|end_dist=4490811
PACKLOG|try=0|th=0.317950875|de=0.506248970|ga=0.175800155
PACKLOG|try=0|profit=1361156|weight=2732114
PACKLOG|try=1|th=0.391388226|de=0.124112708|ga=0.484499066
PACKLOG|try=1|profit=1361156|weight=2732114
PACKLOG|best|profit=1361156|weight=2732114
PACKLOG|call=40|tour_len=419|end_dist=7264204
PACKLOG|try=0|th=0.544519751|de=0.227351622|ga=0.228128627
PACKLOG|try=0|profit=2107043|weight=4188562
PACKLOG|try=1|th=0.443494166|de=0.102511147|ga=0.453994688
PACKLOG|try=1|profit=2107043|weight=4188562
PACKLOG|best|profit=2107043|weight=4188562
PACKLOG|call=41|tour_len=453|end_dist=7958095
PACKLOG|try=0|th=0.036544735|de=0.492444946|ga=0.471010319
PACKLOG|try=0|profit=2280813|weight=4530301
PACKLOG|try=1|th=0.402395539|de=0.444076538|ga=0.153527924
PACKLOG|try=1|profit=2280813|weight=4530301
PACKLOG|best|profit=2280813|weight=4530301
PACKLOG|call=42|tour_len=584|end_dist=12022583
PACKLOG|try=0|th=0.325890332|de=0.488897191|ga=0.185212478
PACKLOG|try=0|profit=2929624|weight=5846054
PACKLOG|try=1|th=0.339364638|de=0.290620253|ga=0.370015110
PACKLOG|try=1|profit=2929624|weight=5846054
PACKLOG|best|profit=2929624|weight=5846054
PACKLOG|call=43|tour_len=738|end_dist=16929007
PACKLOG|try=0|th=0.351591814|de=0.523256286|ga=0.125151900
PACKLOG|try=0|profit=3713617|weight=7392837
PACKLOG|try=1|th=0.028993921|de=0.474753024|ga=0.496253055
PACKLOG|try=1|profit=3713617|weight=7392837
PACKLOG|best|profit=3713617|weight=7392837
PACKLOG|call=44|tour_len=305|end_dist=4939898
PACKLOG|try=0|th=0.375422889|de=0.242317343|ga=0.382259768
PACKLOG|try=0|profit=1510292|weight=3043648
PACKLOG|try=1|th=0.123538642|de=0.447152387|ga=0.429308971
PACKLOG|try=1|profit=1510292|weight=3043648
PACKLOG|best|profit=1510292|weight=3043648
PACKLOG|call=45|tour_len=401|end_dist=6947933
PACKLOG|try=0|th=0.063757035|de=0.238629328|ga=0.697613637
PACKLOG|try=0|profit=2013629|weight=4007960
PACKLOG|try=1|th=0.501105423|de=0.473423773|ga=0.025470804
PACKLOG|try=1|profit=2013629|weight=4007960
PACKLOG|best|profit=2013629|weight=4007960
PACKLOG|call=46|tour_len=352|end_dist=6344666
PACKLOG|try=0|th=0.133164271|de=0.353688705|ga=0.513147024
PACKLOG|try=0|profit=1741055|weight=3515441
PACKLOG|try=1|th=0.340497950|de=0.072494024|ga=0.587008026
PACKLOG|try=1|profit=1741055|weight=3515441
PACKLOG|best|profit=1741055|weight=3515441
PACKLOG|call=47|tour_len=474|end_dist=8587003
PACKLOG|try=0|th=0.141048277|de=0.432727072|ga=0.426224651
PACKLOG|try=0|profit=2349446|weight=4741435
PACKLOG|try=1|th=0.232949157|de=0.083764850|ga=0.683285992
PACKLOG|try=1|profit=2349446|weight=4741435
PACKLOG|best|profit=2349446|weight=4741435
PACKLOG|call=48|tour_len=506|end_dist=9320286
PACKLOG|try=0|th=0.354849717|de=0.167604472|ga=0.477545811
PACKLOG|try=0|profit=2531258|weight=5062672
PACKLOG|try=1|th=0.323131722|de=0.372800872|ga=0.304067406
PACKLOG|try=1|profit=2531258|weight=5062672
PACKLOG|best|profit=2531258|weight=5062672
PACKLOG|call=49|tour_len=330|end_dist=5328530
PACKLOG|try=0|th=0.237392812|de=0.427776499|ga=0.334830689
PACKLOG|try=0|profit=1647409|weight=3294676
PACKLOG|try=1|th=0.351239830|de=0.575871427|ga=0.072888742
PACKLOG|try=1|profit=1647409|weight=3294676
PACKLOG|best|profit=1647409|weight=3294676
PACKLOG|call=50|tour_len=519|end_dist=8964362
PACKLOG|try=0|th=0.114308691|de=0.521258492|ga=0.364432817
PACKLOG|try=0|profit=2594128|weight=5193331
PACKLOG|try=1|th=0.463598702|de=0.465312041|ga=0.071089257
PACKLOG|try=1|profit=2594128|weight=5193331
PACKLOG|best|profit=2594128|weight=5193331
PACKLOG|call=51|tour_len=554|end_dist=10271785
PACKLOG|try=0|th=0.364323857|de=0.372056694|ga=0.263619449
PACKLOG|try=0|profit=2764883|weight=5544718
PACKLOG|try=1|th=0.764504129|de=0.020060383|ga=0.215435488
PACKLOG|try=1|profit=2764883|weight=5544718
PACKLOG|best|profit=2764883|weight=5544718
PACKLOG|call=52|tour_len=232|end_dist=3313277
PACKLOG|try=0|th=0.282758070|de=0.441903203|ga=0.275338727
PACKLOG|try=0|profit=1153363|weight=2310342
PACKLOG|try=1|th=0.573793793|de=0.064254849|ga=0.361951358
PACKLOG|try=1|profit=1153363|weight=2310342
PACKLOG|best|profit=1153363|weight=2310342
PACKLOG|call=53|tour_len=453|end_dist=8568728
PACKLOG|try=0|th=0.142931799|de=0.298652040|ga=0.558416160
PACKLOG|try=0|profit=2274396|weight=4530311
PACKLOG|try=1|th=0.447684498|de=0.014538664|ga=0.537776838
PACKLOG|try=1|profit=2274396|weight=4530311
PACKLOG|best|profit=2274396|weight=4530311
PACKLOG|call=54|tour_len=719|end_dist=14909286
PACKLOG|try=0|th=0.362211184|de=0.357836901|ga=0.279951915
PACKLOG|try=0|profit=3589091|weight=7202092
PACKLOG|try=1|th=0.471250223|de=0.214292096|ga=0.314457681
PACKLOG|try=1|profit=3589091|weight=7202092
PACKLOG|best|profit=3589091|weight=7202092
PACKLOG|call=55|tour_len=603|end_dist=11660593
PACKLOG|try=0|th=0.371174360|de=0.559810089|ga=0.069015552
PACKLOG|try=0|profit=3004550|weight=6036936
PACKLOG|try=1|th=0.021607783|de=0.306223892|ga=0.672168325
PACKLOG|try=1|profit=3004550|weight=6036936
PACKLOG|best|profit=3004550|weight=6036936
PACKLOG|call=56|tour_len=447|end_dist=7666776
PACKLOG|try=0|th=0.381619408|de=0.388182729|ga=0.230197863
PACKLOG|try=0|profit=2254814|weight=4469787
PACKLOG|try=1|th=0.343750206|de=0.485263821|ga=0.170985973
PACKLOG|try=1|profit=2254814|weight=4469787
PACKLOG|best|profit=2254814|weight=4469787
PACKLOG|call=57|tour_len=564|end_dist=10629728
PACKLOG|try=0|th=0.563802246|de=0.344124365|ga=0.092073389
PACKLOG|try=0|profit=2842180|weight=5645256
PACKLOG|try=1|th=0.275205634|de=0.583653934|ga=0.141140432
PACKLOG|try=1|profit=2842180|weight=5645256
PACKLOG|best|profit=2842180|weight=5645256
PACKLOG|call=58|tour_len=536|end_dist=10691972
PACKLOG|try=0|th=0.330832392|de=0.370253733|ga=0.298913875
PACKLOG|try=0|profit=2685916|weight=5363868
PACKLOG|try=1|th=0.161248048|de=0.001532067|ga=0.837219885
PACKLOG|try=1|profit=2685916|weight=5363868
PACKLOG|best|profit=2685916|weight=5363868
PACKLOG|call=59|tour_len=548|end_dist=10792427
PACKLOG|try=0|th=0.467752492|de=0.506487681|ga=0.025759827
PACKLOG|try=0|profit=2755997|weight=5484520
PACKLOG|try=1|th=0.123711783|de=0.404441278|ga=0.471846939
PACKLOG|try=1|profit=2755997|weight=5484520
PACKLOG|best|profit=2755997|weight=5484520
PACKLOG|call=60|tour_len=420|end_dist=7789658
PACKLOG|try=0|th=0.448630044|de=0.541540402|ga=0.009829554
PACKLOG|try=0|profit=2106218|weight=4198630
PACKLOG|try=1|th=0.388600687|de=0.123100334|ga=0.488298979
PACKLOG|try=1|profit=2106218|weight=4198630
PACKLOG|best|profit=2106218|weight=4198630
PACKLOG|call=61|tour_len=311|end_dist=5718633
PACKLOG|try=0|th=0.493304625|de=0.254528824|ga=0.252166551
PACKLOG|try=0|profit=1566276|weight=3103872
PACKLOG|try=1|th=0.303309036|de=0.243357006|ga=0.453333958
PACKLOG|try=1|profit=1566276|weight=3103872
PACKLOG|best|profit=1566276|weight=3103872
PACKLOG|call=62|tour_len=416|end_dist=7759860
PACKLOG|try=0|th=0.233451858|de=0.617576526|ga=0.148971617
PACKLOG|try=0|profit=2082361|weight=4158476
PACKLOG|try=1|th=0.069811413|de=0.202718455|ga=0.727470131
PACKLOG|try=1|profit=2082361|weight=4158476
PACKLOG|best|profit=2082361|weight=4158476
PACKLOG|call=63|tour_len=475|end_dist=8304559
PACKLOG|try=0|th=0.151537611|de=0.450638739|ga=0.397823649
PACKLOG|try=0|profit=2389767|weight=4751274
PACKLOG|try=1|th=0.328484005|de=0.047862791|ga=0.623653204
PACKLOG|try=1|profit=2389767|weight=4751274
PACKLOG|best|profit=2389767|weight=4751274
PACKLOG|call=64|tour_len=599|end_dist=11159816
PACKLOG|try=0|th=0.525142885|de=0.256728529|ga=0.218128586
PACKLOG|try=0|profit=2986950|weight=5996735
PACKLOG|try=1|th=0.469026175|de=0.345266004|ga=0.185707821
PACKLOG|try=1|profit=2986950|weight=5996735
PACKLOG|best|profit=2986950|weight=5996735
PACKLOG|call=65|tour_len=483|end_dist=8018091
PACKLOG|try=0|th=0.216771754|de=0.393857191|ga=0.389371055
PACKLOG|try=0|profit=2416869|weight=4831504
PACKLOG|try=1|th=0.253862459|de=0.398390984|ga=0.347746556
PACKLOG|try=1|profit=2416869|weight=4831504
PACKLOG|best|profit=2416869|weight=4831504
PACKLOG|call=66|tour_len=344|end_dist=6012994
PACKLOG|try=0|th=0.271943789|de=0.224430257|ga=0.503625955
PACKLOG|try=0|profit=1711832|weight=3435376
PACKLOG|try=1|th=0.262067410|de=0.226594409|ga=0.511338182
PACKLOG|try=1|profit=1711832|weight=3435376
PACKLOG|best|profit=1711832|weight=3435376
PACKLOG|call=67|tour_len=518|end_dist=9584156
PACKLOG|try=0|th=0.390493630|de=0.257804266|ga=0.351702104
PACKLOG|try=0|profit=2589948|weight=5183114
PACKLOG|try=1|th=0.412941431|de=0.242579586|ga=0.344478983
PACKLOG|try=1|profit=2589948|weight=5183114
PACKLOG|best|profit=2589948|weight=5183114
PACKLOG|call=68|tour_len=447|end_dist=8081084
PACKLOG|try=0|th=0.405853767|de=0.384126866|ga=0.210019367
PACKLOG|try=0|profit=2229488|weight=4469856
PACKLOG|try=1|th=0.114055708|de=0.724704594|ga=0.161239698
PACKLOG|try=1|profit=2229488|weight=4469856
PACKLOG|best|profit=2229488|weight=4469856
PACKLOG|call=69|tour_len=266|end_dist=5167031
PACKLOG|try=0|th=0.123562834|de=0.715664144|ga=0.160773022
PACKLOG|try=0|profit=1320881|weight=2651914
PACKLOG|try=1|th=0.041253430|de=0.578011319|ga=0.380735251
PACKLOG|try=1|profit=1320881|weight=2651914
PACKLOG|best|profit=1320881|weight=2651914
PACKLOG|call=70|tour_len=355|end_dist=6129004
PACKLOG|try=0|th=0.469614308|de=0.109918537|ga=0.420467154
PACKLOG|try=0|profit=1772551|weight=3545560
PACKLOG|try=1|th=0.450723434|de=0.086028729|ga=0.463247837
PACKLOG|try=1|profit=1772551|weight=3545560
PACKLOG|best|profit=1772551|weight=3545560
PACKLOG|call=71|tour_len=462|end_dist=8209550
PACKLOG|try=0|th=0.250129929|de=0.315982016|ga=0.433888056
PACKLOG|try=0|profit=2315585|weight=4620654
PACKLOG|try=1|th=0.246753143|de=0.195911734|ga=0.557335122
PACKLOG|try=1|profit=2315585|weight=4620654
PACKLOG|best|profit=2315585|weight=4620654
PACKLOG|call=72|tour_len=473|end_dist=9340949
PACKLOG|try=0|th=0.590752387|de=0.267965170|ga=0.141282442
PACKLOG|try=0|profit=2361451|weight=4731300
PACKLOG|try=1|th=0.317542746|de=0.166870676|ga=0.515586578
PACKLOG|try=1|profit=2361451|weight=4731300
PACKLOG|best|profit=2361451|weight=4731300
PACKLOG|call=73|tour_len=520|end_dist=10206306
PACKLOG|try=0|th=0.275337108|de=0.298298730|ga=0.426364162
PACKLOG|try=0|profit=2608423|weight=5203183
PACKLOG|try=1|th=0.357422144|de=0.328313665|ga=0.314264190
PACKLOG|try=1|profit=2608423|weight=5203183
PACKLOG|best|profit=2608423|weight=5203183
PACKLOG|call=74|tour_len=412|end_dist=6738139
PACKLOG|try=0|th=0.437563661|de=0.213210174|ga=0.349226165
PACKLOG|try=0|profit=2053477|weight=4118319
PACKLOG|try=1|th=0.119088966|de=0.853390263|ga=0.027520770
PACKLOG|try=1|profit=2053477|weight=4118319
PACKLOG|best|profit=2053477|weight=4118319
PACKLOG|call=75|tour_len=734|end_dist=16332060
PACKLOG|try=0|th=0.372186911|de=0.531130167|ga=0.096682923
PACKLOG|try=0|profit=3650692|weight=7352964
PACKLOG|try=1|th=0.207467321|de=0.360057260|ga=0.432475419
PACKLOG|try=1|profit=3650692|weight=7352964
PACKLOG|best|profit=3650692|weight=7352964
PACKLOG|call=76|tour_len=721|end_dist=15583393
PACKLOG|try=0|th=0.684629309|de=0.285484208|ga=0.029886484
PACKLOG|try=0|profit=3630958|weight=7222264
PACKLOG|try=1|th=0.560118170|de=0.291977074|ga=0.147904755
PACKLOG|try=1|profit=3630958|weight=7222264
PACKLOG|best|profit=3630958|weight=7222264
PACKLOG|call=77|tour_len=461|end_dist=8306222
PACKLOG|try=0|th=0.167323851|de=0.344446948|ga=0.488229201
PACKLOG|try=0|profit=2320944|weight=4610409
PACKLOG|try=1|th=0.609053180|de=0.037016781|ga=0.353930039
PACKLOG|try=1|profit=2320944|weight=4610409
PACKLOG|best|profit=2320944|weight=4610409
PACKLOG|call=78|tour_len=513|end_dist=9737707
PACKLOG|try=0|th=0.246507798|de=0.316412114|ga=0.437080088
PACKLOG|try=0|profit=2581626|weight=5132879
PACKLOG|try=1|th=0.343254103|de=0.190423626|ga=0.466322271
PACKLOG|try=1|profit=2581626|weight=5132879
PACKLOG|best|profit=2581626|weight=5132879
PACKLOG|call=79|tour_len=317|end_dist=5197735
PACKLOG|try=0|th=0.243133446|de=0.072796403|ga=0.684070151
PACKLOG|try=0|profit=1568236|weight=3163968
PACKLOG|try=1|th=0.338935769|de=0.274684652|ga=0.386379579
PACKLOG|try=1|profit=1568236|weight=3163968
PACKLOG|best|profit=1568236|weight=3163968
PACKLOG|call=80|tour_len=618|end_dist=12144730
PACKLOG|try=0|th=0.347878504|de=0.324989915|ga=0.327131582
PACKLOG|try=0|profit=3059838|weight=6187817
PACKLOG|try=1|th=0.366616152|de=0.035481084|ga=0.597902764
PACKLOG|try=1|profit=3059838|weight=6187817
PACKLOG|best|profit=3059838|weight=6187817
PACKLOG|call=81|tour_len=433|end_dist=7782828
PACKLOG|try=0|th=0.514398390|de=0.337997492|ga=0.147604118
PACKLOG|try=0|profit=2152634|weight=4329372
PACKLOG|try=1|th=0.355457966|de=0.425228077|ga=0.219313957
PACKLOG|try=1|profit=2152634|weight=4329372
PACKLOG|best|profit=2152634|weight=4329372
PACKLOG|call=82|tour_len=507|end_dist=8100374
PACKLOG|try=0|th=0.476817466|de=0.003342941|ga=0.519839593
PACKLOG|try=0|profit=2526216|weight=5072597
PACKLOG|try=1|th=0.395822056|de=0.495176600|ga=0.109001344
PACKLOG|try=1|profit=2526216|weight=5072597
PACKLOG|best|profit=2526216|weight=5072597
PACKLOG|call=83|tour_len=506|end_dist=9826605
PACKLOG|try=0|th=0.408945669|de=0.319467269|ga=0.271587061
PACKLOG|try=0|profit=2542128|weight=5062627
PACKLOG|try=1|th=0.567094964|de=0.386424474|ga=0.046480561
PACKLOG|try=1|profit=2542128|weight=5062627
PACKLOG|best|profit=2542128|weight=5062627
PACKLOG|call=84|tour_len=573|end_dist=10740998
PACKLOG|try=0|th=0.208332182|de=0.518768892|ga=0.272898926
PACKLOG|try=0|profit=2845285|weight=5735706
PACKLOG|try=1|th=0.488631196|de=0.327257179|ga=0.184111626
PACKLOG|try=1|profit=2845285|weight=5735706
PACKLOG|best|profit=2845285|weight=5735706
PACKLOG|call=85|tour_len=919|end_dist=20627422
PACKLOG|try=0|th=0.377798217|de=0.323634109|ga=0.298567674
PACKLOG|try=0|profit=4238980|weight=6888853
PACKLOG|try=1|th=0.391654979|de=0.146240923|ga=0.462104098
PACKLOG|try=1|profit=4223620|weight=6967228
PACKLOG|best|profit=4238980|weight=6888853
PACKLOG|call=86|tour_len=557|end_dist=11181973
PACKLOG|try=0|th=0.864795489|de=0.035733424|ga=0.099471088
PACKLOG|try=0|profit=2803716|weight=5574816
PACKLOG|try=1|th=0.454631266|de=0.418294311|ga=0.127074423
PACKLOG|try=1|profit=2803716|weight=5574816
PACKLOG|best|profit=2803716|weight=5574816
PACKLOG|call=87|tour_len=505|end_dist=9817461
PACKLOG|try=0|th=0.292195950|de=0.420179243|ga=0.287624807
PACKLOG|try=0|profit=2533459|weight=5052510
PACKLOG|try=1|th=0.403527536|de=0.369704607|ga=0.226767857
PACKLOG|try=1|profit=2533459|weight=5052510
PACKLOG|best|profit=2533459|weight=5052510
PACKLOG|call=88|tour_len=529|end_dist=10395142
PACKLOG|try=0|th=0.445221578|de=0.194104939|ga=0.360673483
PACKLOG|try=0|profit=2658945|weight=5293660
PACKLOG|try=1|th=0.003606843|de=0.367782676|ga=0.628610481
PACKLOG|try=1|profit=2658945|weight=5293660
PACKLOG|best|profit=2658945|weight=5293660
PACKLOG|call=89|tour_len=462|end_dist=8589156
PACKLOG|try=0|th=0.153032248|de=0.380534458|ga=0.466433294
PACKLOG|try=0|profit=2305126|weight=4620847
PACKLOG|try=1|th=0.126049578|de=0.651850231|ga=0.222100191
PACKLOG|try=1|profit=2305126|weight=4620847
PACKLOG|best|profit=2305126|weight=4620847
PACKLOG|call=90|tour_len=635|end_dist=12098475
PACKLOG|try=0|th=0.647274984|de=0.321108683|ga=0.031616333
PACKLOG|try=0|profit=3170676|weight=6358528
PACKLOG|try=1|th=0.171917297|de=0.400728167|ga=0.427354536
PACKLOG|try=1|profit=3170676|weight=6358528
PACKLOG|best|profit=3170676|weight=6358528
PACKLOG|call=91|tour_len=564|end_dist=10381782
PACKLOG|try=0|th=0.544721233|de=0.055400251|ga=0.399878516
PACKLOG|try=0|profit=2808387|weight=5645288
PACKLOG|try=1|th=0.172579381|de=0.317597812|ga=0.509822807
PACKLOG|try=1|profit=2808387|weight=5645288
PACKLOG|best|profit=2808387|weight=5645288
PACKLOG|call=92|tour_len=546|end_dist=10105539
PACKLOG|try=0|th=0.529141009|de=0.038140192|ga=0.432718798
PACKLOG|try=0|profit=2735429|weight=5464461
PACKLOG|try=1|th=0.389085547|de=0.417292737|ga=0.193621715
PACKLOG|try=1|profit=2735429|weight=5464461
PACKLOG|best|profit=2735429|weight=5464461
PACKLOG|call=93|tour_len=567|end_dist=11208040
PACKLOG|try=0|th=0.414380218|de=0.342527967|ga=0.243091815
PACKLOG|try=0|profit=2839903|weight=5675290
PACKLOG|try=1|th=0.452692924|de=0.467170148|ga=0.080136928
PACKLOG|try=1|profit=2839903|weight=5675290
PACKLOG|best|profit=2839903|weight=5675290
PACKLOG|call=94|tour_len=574|end_dist=11063061
PACKLOG|try=0|th=0.243093970|de=0.424695998|ga=0.332210032
PACKLOG|try=0|profit=2872366|weight=5745697
PACKLOG|try=1|th=0.249677376|de=0.310816841|ga=0.439505782
PACKLOG|try=1|profit=2872366|weight=5745697
PACKLOG|best|profit=2872366|weight=5745697
PACKLOG|call=95|tour_len=368|end_dist=6443731
PACKLOG|try=0|th=0.196465634|de=0.451415851|ga=0.352118516
PACKLOG|try=0|profit=1838994|weight=3676256
PACKLOG|try=1|th=0.185961032|de=0.528222236|ga=0.285816733
PACKLOG|try=1|profit=1838994|weight=3676256
PACKLOG|best|profit=1838994|weight=3676256
PACKLOG|call=96|tour_len=520|end_dist=9212342
PACKLOG|try=0|th=0.428532697|de=0.534434305|ga=0.037032998
PACKLOG|try=0|profit=2611950|weight=5203185
PACKLOG|try=1|th=0.114519345|de=0.335396499|ga=0.550084155
PACKLOG|try=1|profit=2611950|weight=5203185
PACKLOG|best|profit=2611950|weight=5203185
PACKLOG|call=97|tour_len=882|end_dist=19697802
PACKLOG|try=0|th=0.498991084|de=0.487164863|ga=0.013844053
PACKLOG|try=0|profit=4227204|weight=6991193
PACKLOG|try=1|th=0.216806569|de=0.226068313|ga=0.557125118
PACKLOG|try=1|profit=4200624|weight=7444222
PACKLOG|best|profit=4227204|weight=6991193
PACKLOG|call=98|tour_len=768|end_dist=16793891
PACKLOG|try=0|th=0.491813727|de=0.507870366|ga=0.000315907
PACKLOG|try=0|profit=3838445|weight=7694404
PACKLOG|try=1|th=0.358368569|de=0.578007780|ga=0.063623651
PACKLOG|try=1|profit=3838445|weight=7694404
PACKLOG|best|profit=3838445|weight=7694404
PACKLOG|call=99|tour_len=464|end_dist=8602414
PACKLOG|try=0|th=0.442234416|de=0.483399635|ga=0.074365949
PACKLOG|try=0|profit=2305410|weight=4640675
PACKLOG|try=1|th=0.464344625|de=0.047522973|ga=0.488132402
PACKLOG|try=1|profit=2305410|weight=4640675
PACKLOG|best|profit=2305410|weight=4640675
PACKLOG|call=100|tour_len=471|end_dist=9375691
PACKLOG|try=0|th=0.366155312|de=0.361406898|ga=0.272437790
PACKLOG|try=0|profit=2353204|weight=4710941
PACKLOG|try=1|th=0.297284342|de=0.328127774|ga=0.374587883
PACKLOG|try=1|profit=2353204|weight=4710941
PACKLOG|best|profit=2353204|weight=4710941
PACKLOG|call=101|tour_len=315|end_dist=5704450
PACKLOG|try=0|th=0.318738464|de=0.348488698|ga=0.332772838
PACKLOG|try=0|profit=1561002|weight=3144010
PACKLOG|try=1|th=0.348839767|de=0.586117339|ga=0.065042894
PACKLOG|try=1|profit=1561002|weight=3144010
PACKLOG|best|profit=1561002|weight=3144010
PACKLOG|call=102|tour_len=341|end_dist=5543249
PACKLOG|try=0|th=0.018068484|de=0.763857656|ga=0.218073860
PACKLOG|try=0|profit=1713225|weight=3404996
PACKLOG|try=1|th=0.147976046|de=0.016442164|ga=0.835581790
PACKLOG|try=1|profit=1713225|weight=3404996
PACKLOG|best|profit=1713225|weight=3404996
PACKLOG|call=103|tour_len=671|end_dist=13178189
PACKLOG|try=0|th=0.268402830|de=0.087528515|ga=0.644068655
PACKLOG|try=0|profit=3348155|weight=6720036
PACKLOG|try=1|th=0.696328214|de=0.249393690|ga=0.054278096
PACKLOG|try=1|profit=3348155|weight=6720036
PACKLOG|best|profit=3348155|weight=6720036
PACKLOG|call=104|tour_len=508|end_dist=9654685
PACKLOG|try=0|th=0.668693799|de=0.203793800|ga=0.127512400
PACKLOG|try=0|profit=2543681|weight=5082713
PACKLOG|try=1|th=0.864905209|de=0.036086066|ga=0.099008725
PACKLOG|try=1|profit=2543681|weight=5082713
PACKLOG|best|profit=2543681|weight=5082713
PACKLOG|call=105|tour_len=458|end_dist=8442841
PACKLOG|try=0|th=0.372188191|de=0.202109584|ga=0.425702225
PACKLOG|try=0|profit=2296163|weight=4580442
PACKLOG|try=1|th=0.293746296|de=0.025375735|ga=0.680877968
PACKLOG|try=1|profit=2296163|weight=4580442
PACKLOG|best|profit=2296163|weight=4580442
PACKLOG|call=106|tour_len=632|end_dist=11502389
PACKLOG|try=0|th=0.474084764|de=0.437223515|ga=0.088691720
PACKLOG|try=0|profit=3135884|weight=6328364
PACKLOG|try=1|th=0.234421351|de=0.350334003|ga=0.415244647
PACKLOG|try=1|profit=3135884|weight=6328364
PACKLOG|best|profit=3135884|weight=6328364
PACKLOG|call=107|tour_len=523|end_dist=9778577
PACKLOG|try=0|th=0.181894213|de=0.497119715|ga=0.320986071
PACKLOG|try=0|profit=2601282|weight=5233469
PACKLOG|try=1|th=0.220680593|de=0.656581588|ga=0.122737820
PACKLOG|try=1|profit=2601282|weight=5233469
PACKLOG|best|profit=2601282|weight=5233469
PACKLOG|call=108|tour_len=392|end_dist=6831734
PACKLOG|try=0|th=0.541827565|de=0.355640866|ga=0.102531570
PACKLOG|try=0|profit=1960066|weight=3917561
PACKLOG|try=1|th=0.243454309|de=0.271229553|ga=0.485316138
PACKLOG|try=1|profit=1960066|weight=3917561
PACKLOG|best|profit=1960066|weight=3917561
PACKLOG|call=109|tour_len=490|end_dist=9407663
PACKLOG|try=0|th=0.366916509|de=0.151615351|ga=0.481468140
PACKLOG|try=0|profit=2426877|weight=4901857
PACKLOG|try=1|th=0.283609537|de=0.165669809|ga=0.550720654
PACKLOG|try=1|profit=2426877|weight=4901857
PACKLOG|best|profit=2426877|weight=4901857
PACKLOG|call=110|tour_len=523|end_dist=10056845
PACKLOG|try=0|th=0.240739175|de=0.288098074|ga=0.471162752
PACKLOG|try=0|profit=2629386|weight=5233381
PACKLOG|try=1|th=0.174193859|de=0.572238205|ga=0.253567936
PACKLOG|try=1|profit=2629386|weight=5233381
PACKLOG|best|profit=2629386|weight=5233381
PACKLOG|call=111|tour_len=486|end_dist=8781993
PACKLOG|try=0|th=0.329380320|de=0.285585733|ga=0.385033948
PACKLOG|try=0|profit=2451108|weight=4861658
PACKLOG|try=1|th=0.274928780|de=0.038348657|ga=0.686722563
PACKLOG|try=1|profit=2451108|weight=4861658
PACKLOG|best|profit=2451108|weight=4861658
PACKLOG|call=112|tour_len=455|end_dist=8312950
PACKLOG|try=0|th=0.402254139|de=0.231025795|ga=0.366720066
PACKLOG|try=0|profit=2271830|weight=4550220
PACKLOG|try=1|th=0.096789045|de=0.691909179|ga=0.211301776
PACKLOG|try=1|profit=2271830|weight=4550220
PACKLOG|best|profit=2271830|weight=4550220
PACKLOG|call=113|tour_len=306|end_dist=4915811
PACKLOG|try=0|th=0.288726487|de=0.425349335|ga=0.285924178
PACKLOG|try=0|profit=1537609|weight=3053506
PACKLOG|try=1|th=0.464832289|de=0.069650894|ga=0.465516817
PACKLOG|try=1|profit=1537609|weight=3053506
PACKLOG|best|profit=1537609|weight=3053506
PACKLOG|call=114|tour_len=681|end_dist=13566344
PACKLOG|try=0|th=0.324789395|de=0.217033427|ga=0.458177178
PACKLOG|try=0|profit=3390624|weight=6820566
PACKLOG|try=1|th=0.088367828|de=0.092120471|ga=0.819511701
PACKLOG|try=1|profit=3390624|weight=6820566
PACKLOG|best|profit=3390624|weight=6820566
PACKLOG|call=115|tour_len=501|end_dist=9504027
PACKLOG|try=0|th=0.103282864|de=0.297457329|ga=0.599259807
PACKLOG|try=0|profit=2504637|weight=5012452
PACKLOG|try=1|th=0.566850886|de=0.367945507|ga=0.065203607
PACKLOG|try=1|profit=2504637|weight=5012452
PACKLOG|best|profit=2504637|weight=5012452
PACKLOG|call=116|tour_len=623|end_dist=12377148
PACKLOG|try=0|th=0.684737729|de=0.136017651|ga=0.179244620
PACKLOG|try=0|profit=3112951|weight=6238003
PACKLOG|try=1|th=0.203030047|de=0.143636458|ga=0.653333495
PACKLOG|try=1|profit=3112951|weight=6238003
PACKLOG|best|profit=3112951|weight=6238003
PACKLOG|call=117|tour_len=358|end_dist=6561417
PACKLOG|try=0|th=0.566629867|de=0.165316363|ga=0.268053771
PACKLOG|try=0|profit=1795006|weight=3575765
PACKLOG|try=1|th=0.514509523|de=0.122823444|ga=0.362667033
PACKLOG|try=1|profit=1795006|weight=3575765
PACKLOG|best|profit=1795006|weight=3575765
PACKLOG|call=118|tour_len=445|end_dist=8723653
PACKLOG|try=0|th=0.352162064|de=0.334543904|ga=0.313294032
PACKLOG|try=0|profit=2222591|weight=4449953
PACKLOG|try=1|th=0.117539088|de=0.512773202|ga=0.369687710
PACKLOG|try=1|profit=2222591|weight=4449953
PACKLOG|best|profit=2222591|weight=4449953
PACKLOG|call=119|tour_len=602|end_dist=11672306
PACKLOG|try=0|th=0.528518634|de=0.453549505|ga=0.017931861
PACKLOG|try=0|profit=3014296|weight=6026909
PACKLOG|try=1|th=0.378153948|de=0.299669391|ga=0.322176661
PACKLOG|try=1|profit=3014296|weight=6026909
PACKLOG|best|profit=3014296|weight=6026909
PACKLOG|call=120|tour_len=549|end_dist=11256236
PACKLOG|try=0|th=0.035543168|de=0.039996871|ga=0.924459961
PACKLOG|try=0|profit=2760950|weight=5494524
PACKLOG|try=1|th=0.455736842|de=0.457955650|ga=0.086307507
PACKLOG|try=1|profit=2760950|weight=5494524
PACKLOG|best|profit=2760950|weight=5494524
PACKLOG|call=121|tour_len=563|end_dist=10270820
PACKLOG|try=0|th=0.314047191|de=0.172915804|ga=0.513037005
PACKLOG|try=0|profit=2788020|weight=5635081
PACKLOG|try=1|th=0.063325009|de=0.675969641|ga=0.260705350
PACKLOG|try=1|profit=2788020|weight=5635081
PACKLOG|best|profit=2788020|weight=5635081
PACKLOG|call=122|tour_len=570|end_dist=11273504
PACKLOG|try=0|th=0.437928250|de=0.055079936|ga=0.506991814
PACKLOG|try=0|profit=2859120|weight=5705446
PACKLOG|try=1|th=0.327742334|de=0.336284072|ga=0.335973593
PACKLOG|try=1|profit=2859120|weight=5705446
PACKLOG|best|profit=2859120|weight=5705446
PACKLOG|call=123|tour_len=413|end_dist=7332941
PACKLOG|try=0|th=0.179467459|de=0.392325118|ga=0.428207423
PACKLOG|try=0|profit=2073105|weight=4128385
PACKLOG|try=1|th=0.287360977|de=0.682362051|ga=0.030276972
PACKLOG|try=1|profit=2073105|weight=4128385
PACKLOG|best|profit=2073105|weight=4128385
PACKLOG|call=124|tour_len=361|end_dist=6555488
PACKLOG|try=0|th=0.483019986|de=0.228818419|ga=0.288161595
PACKLOG|try=0|profit=1825377|weight=3605976
PACKLOG|try=1|th=0.098129923|de=0.041731976|ga=0.860138101
PACKLOG|try=1|profit=1825377|weight=3605976
PACKLOG|best|profit=1825377|weight=3605976
PACKLOG|call=125|tour_len=609|end_dist=13808543
PACKLOG|try=0|th=0.553122325|de=0.237001301|ga=0.209876374
PACKLOG|try=0|profit=3042647|weight=6097490
PACKLOG|try=1|th=0.394776295|de=0.295297151|ga=0.309926555
PACKLOG|try=1|profit=3042647|weight=6097490
PACKLOG|best|profit=3042647|weight=6097490
PACKLOG|call=126|tour_len=597|end_dist=11812592
PACKLOG|try=0|th=0.251669625|de=0.434250143|ga=0.314080233
PACKLOG|try=0|profit=2986974|weight=5976631
PACKLOG|try=1|th=0.460158956|de=0.071741907|ga=0.468099137
PACKLOG|try=1|profit=2986974|weight=5976631
PACKLOG|best|profit=2986974|weight=5976631
PACKLOG|call=127|tour_len=538|end_dist=9238995
PACKLOG|try=0|th=0.485690040|de=0.116708160|ga=0.397601800
PACKLOG|try=0|profit=2689016|weight=5383764
PACKLOG|try=1|th=0.195936075|de=0.432279939|ga=0.371783987
PACKLOG|try=1|profit=2689016|weight=5383764
PACKLOG|best|profit=2689016|weight=5383764
PACKLOG|call=128|tour_len=586|end_dist=11070546
PACKLOG|try=0|th=0.233714768|de=0.744384576|ga=0.021900656
PACKLOG|try=0|profit=2929548|weight=5866172
PACKLOG|try=1|th=0.434027103|de=0.355425974|ga=0.210546923
PACKLOG|try=1|profit=2929548|weight=5866172
PACKLOG|best|profit=2929548|weight=5866172
PACKLOG|call=129|tour_len=623|end_dist=12068958
PACKLOG|try=0|th=0.710011410|de=0.267175589|ga=0.022813001
PACKLOG|try=0|profit=3118467|weight=6237869
PACKLOG|try=1|th=0.538325454|de=0.095569284|ga=0.366105262
PACKLOG|try=1|profit=3118467|weight=6237869
PACKLOG|best|profit=3118467|weight=6237869
PACKLOG|call=130|tour_len=698|end_dist=14926782
PACKLOG|try=0|th=0.060565696|de=0.386783152|ga=0.552651152
PACKLOG|try=0|profit=3488158|weight=6991249
PACKLOG|try=1|th=0.404264549|de=0.424215218|ga=0.171520233
PACKLOG|try=1|profit=3488158|weight=6991249
PACKLOG|best|profit=3488158|weight=6991249
PACKLOG|call=131|tour_len=351|end_dist=6232081
PACKLOG|try=0|th=0.231358872|de=0.512855315|ga=0.255785813
PACKLOG|try=0|profit=1753546|weight=3505444
PACKLOG|try=1|th=0.396008627|de=0.341570759|ga=0.262420613
PACKLOG|try=1|profit=1753546|weight=3505444
PACKLOG|best|profit=1753546|weight=3505444
PACKLOG|call=132|tour_len=854|end_dist=17666809
PACKLOG|try=0|th=0.108491868|de=0.803812038|ga=0.087696094
PACKLOG|try=0|profit=4254093|weight=7944300
PACKLOG|try=1|th=0.116420820|de=0.462428384|ga=0.421150797
PACKLOG|try=1|profit=4239581|weight=8001665
PACKLOG|best|profit=4254093|weight=7944300
PACKLOG|call=133|tour_len=342|end_dist=5732835
PACKLOG|try=0|th=0.017585279|de=0.152298233|ga=0.830116488
PACKLOG|try=0|profit=1714123|weight=3415227
PACKLOG|try=1|th=0.281419355|de=0.381326385|ga=0.337254260
PACKLOG|try=1|profit=1714123|weight=3415227
PACKLOG|best|profit=1714123|weight=3415227
PACKLOG|call=134|tour_len=572|end_dist=10513237
PACKLOG|try=0|th=0.283439623|de=0.391521030|ga=0.325039347
PACKLOG|try=0|profit=2877686|weight=5725489
PACKLOG|try=1|th=0.282678978|de=0.606043194|ga=0.111277828
PACKLOG|try=1|profit=2877686|weight=5725489
PACKLOG|best|profit=2877686|weight=5725489
PACKLOG|call=135|tour_len=670|end_dist=12629408
PACKLOG|try=0|th=0.362835803|de=0.260240534|ga=0.376923663
PACKLOG|try=0|profit=3346164|weight=6710163
PACKLOG|try=1|th=0.460330181|de=0.257109934|ga=0.282559885
PACKLOG|try=1|profit=3346164|weight=6710163
PACKLOG|best|profit=3346164|weight=6710163
PACKLOG|call=136|tour_len=427|end_dist=7626281
PACKLOG|try=0|th=0.387824160|de=0.406696600|ga=0.205479240
PACKLOG|try=0|profit=2129876|weight=4269334
PACKLOG|try=1|th=0.150192635|de=0.329437711|ga=0.520369654
PACKLOG|try=1|profit=2129876|weight=4269334
PACKLOG|best|profit=2129876|weight=4269334
PACKLOG|call=137|tour_len=444|end_dist=8304139
PACKLOG|try=0|th=0.296053622|de=0.528284230|ga=0.175662148
PACKLOG|try=0|profit=2225474|weight=4439806
PACKLOG|try=1|th=0.948650622|de=0.050505435|ga=0.000843943
PACKLOG|try=1|profit=2225474|weight=4439806
PACKLOG|best|profit=2225474|weight=4439806
PACKLOG|call=138|tour_len=464|end_dist=8536325
PACKLOG|try=0|th=0.374577481|de=0.291054863|ga=0.334367656
PACKLOG|try=0|profit=2329188|weight=4640573
PACKLOG|try=1|th=0.167048436|de=0.614636443|ga=0.218315121
PACKLOG|try=1|profit=2329188|weight=4640573
PACKLOG|best|profit=2329188|weight=4640573
PACKLOG|call=139|tour_len=410|end_dist=7121803
PACKLOG|try=0|th=0.409176706|de=0.528296646|ga=0.062526647
PACKLOG|try=0|profit=2036010|weight=4098288
PACKLOG|try=1|th=0.217624743|de=0.448337502|ga=0.334037755
PACKLOG|try=1|profit=2036010|weight=4098288
PACKLOG|best|profit=2036010|weight=4098288
PACKLOG|call=140|tour_len=548|end_dist=10249552
PACKLOG|try=0|th=0.354311836|de=0.108761894|ga=0.536926270
PACKLOG|try=0|profit=2759027|weight=5484460
PACKLOG|try=1|th=0.499972919|de=0.017255608|ga=0.482771472
PACKLOG|try=1|profit=2759027|weight=5484460
PACKLOG|best|profit=2759027|weight=5484460
PACKLOG|call=141|tour_len=444|end_dist=8249476
PACKLOG|try=0|th=0.449890809|de=0.226809512|ga=0.323299679
PACKLOG|try=0|profit=2230353|weight=4439753
PACKLOG|try=1|th=0.312492279|de=0.304841488|ga=0.382666233
PACKLOG|try=1|profit=2230353|weight=4439753
PACKLOG|best|profit=2230353|weight=4439753
PACKLOG|call=142|tour_len=579|end_dist=10681189
PACKLOG|try=0|th=0.436009848|de=0.309068545|ga=0.254921607
PACKLOG|try=0|profit=2892092|weight=5795917
PACKLOG|try=1|th=0.079214130|de=0.426866585|ga=0.493919285
PACKLOG|try=1|profit=2892092|weight=5795917
PACKLOG|best|profit=2892092|weight=5795917
PACKLOG|call=143|tour_len=928|end_dist=21243636
PACKLOG|try=0|th=0.140754135|de=0.509781796|ga=0.349464069
PACKLOG|try=0|profit=3976901|weight=6636574
PACKLOG|try=1|th=0.359828873|de=0.352130412|ga=0.288040715
PACKLOG|try=1|profit=4104784|weight=6381592
PACKLOG|best|profit=4104784|weight=6381592
PACKLOG|call=144|tour_len=357|end_dist=6662867
PACKLOG|try=0|th=0.399196429|de=0.077535140|ga=0.523268431
PACKLOG|try=0|profit=1794453|weight=3565883
PACKLOG|try=1|th=0.177553114|de=0.233894586|ga=0.588552300
PACKLOG|try=1|profit=1794453|weight=3565883
PACKLOG|best|profit=1794453|weight=3565883
PACKLOG|call=145|tour_len=753|end_dist=16983227
PACKLOG|try=0|th=0.038893797|de=0.498940104|ga=0.462166098
PACKLOG|try=0|profit=3754514|weight=7477477
PACKLOG|try=1|th=0.415393276|de=0.457928822|ga=0.126677902
PACKLOG|try=1|profit=3755855|weight=7466412
PACKLOG|best|profit=3755855|weight=7466412
PACKLOG|call=146|tour_len=330|end_dist=6359225
PACKLOG|try=0|th=0.538593150|de=0.126263427|ga=0.335143423
PACKLOG|try=0|profit=1651124|weight=3294668
PACKLOG|try=1|th=0.349429584|de=0.623108051|ga=0.027462366
PACKLOG|try=1|profit=1651124|weight=3294668
PACKLOG|best|profit=1651124|weight=3294668
PACKLOG|call=147|tour_len=583|end_dist=11512003
PACKLOG|try=0|th=0.355144539|de=0.498620476|ga=0.146234985
PACKLOG|try=0|profit=2910806|weight=5836068
PACKLOG|try=1|th=0.075811323|de=0.886766717|ga=0.037421959
PACKLOG|try=1|profit=2910806|weight=5836068
PACKLOG|best|profit=2910806|weight=5836068
PACKLOG|call=148|tour_len=710|end_dist=16528660
PACKLOG|try=0|th=0.315486326|de=0.613512896|ga=0.071000777
PACKLOG|try=0|profit=3579655|weight=7111750
PACKLOG|try=1|th=0.593223941|de=0.311667401|ga=0.095108658
PACKLOG|try=1|profit=3579655|weight=7111750
PACKLOG|best|profit=3579655|weight=7111750
PACKLOG|call=149|tour_len=351|end_dist=5774059
PACKLOG|try=0|th=0.336645258|de=0.271336876|ga=0.392017866
PACKLOG|try=0|profit=1757164|weight=3505534
PACKLOG|try=1|th=0.346004821|de=0.321316726|ga=0.332678453
PACKLOG|try=1|profit=1757164|weight=3505534
PACKLOG|best|profit=1757164|weight=3505534
PACKLOG|call=150|tour_len=786|end_dist=17850059
PACKLOG|try=0|th=0.311417184|de=0.290092030|ga=0.398490785
PACKLOG|try=0|profit=3926830|weight=7323584
PACKLOG|try=1|th=0.039079479|de=0.510962843|ga=0.449957678
PACKLOG|try=1|profit=3871026|weight=7375760
PACKLOG|best|profit=3926830|weight=7323584
PACKLOG|call=151|tour_len=345|end_dist=5445876
PACKLOG|try=0|th=0.455332754|de=0.324958761|ga=0.219708485
PACKLOG|try=0|profit=1732561|weight=3445222
PACKLOG|try=1|th=0.689100861|de=0.007740150|ga=0.303158989
PACKLOG|try=1|profit=1732561|weight=3445222
PACKLOG|best|profit=1732561|weight=3445222
PACKLOG|call=152|tour_len=571|end_dist=10313928
PACKLOG|try=0|th=0.286944556|de=0.654772842|ga=0.058282602
PACKLOG|try=0|profit=2831125|weight=5715705
PACKLOG|try=1|th=0.434143696|de=0.064440864|ga=0.501415441
PACKLOG|try=1|profit=2831125|weight=5715705
PACKLOG|best|profit=2831125|weight=5715705
PACKLOG|call=153|tour_len=339|end_dist=5864871
PACKLOG|try=0|th=0.194872506|de=0.142177399|ga=0.662950096
PACKLOG|try=0|profit=1688026|weight=3384990
PACKLOG|try=1|th=0.202980794|de=0.272549036|ga=0.524470170
PACKLOG|try=1|profit=1688026|weight=3384990
PACKLOG|best|profit=1688026|weight=3384990
PACKLOG|call=154|tour_len=636|end_dist=12588307
PACKLOG|try=0|th=0.544243996|de=0.157348963|ga=0.298407041
PACKLOG|try=0|profit=3180648|weight=6368485
PACKLOG|try=1|th=0.439158905|de=0.242140548|ga=0.318700547
PACKLOG|try=1|profit=3180648|weight=6368485
PACKLOG|best|profit=3180648|weight=6368485
PACKLOG|call=155|tour_len=361|end_dist=6376506
PACKLOG|try=0|th=0.042323838|de=0.299125322|ga=0.658550840
PACKLOG|try=0|profit=1824914|weight=3606036
PACKLOG|try=1|th=0.473707192|de=0.329545322|ga=0.196747486
PACKLOG|try=1|profit=1824914|weight=3606036
PACKLOG|best|profit=1824914|weight=3606036
PACKLOG|call=156|tour_len=688|end_dist=13162463
PACKLOG|try=0|th=0.490992075|de=0.263436228|ga=0.245571697
PACKLOG|try=0|profit=3431724|weight=6890792
PACKLOG|try=1|th=0.092734244|de=0.356580581|ga=0.550685175
PACKLOG|try=1|profit=3431724|weight=6890792
PACKLOG|best|profit=3431724|weight=6890792
PACKLOG|call=157|tour_len=284|end_dist=4573574
PACKLOG|try=0|th=0.469950021|de=0.098057258|ga=0.431992721
PACKLOG|try=0|profit=1418951|weight=2832629
PACKLOG|try=1|th=0.036075007|de=0.481550337|ga=0.482374655
PACKLOG|try=1|profit=1418951|weight=2832629
PACKLOG|best|profit=1418951|weight=2832629
PACKLOG|call=158|tour_len=596|end_dist=14022004
PACKLOG|try=0|th=0.362274129|de=0.286730388|ga=0.350995484
PACKLOG|try=0|profit=2985538|weight=5966473
PACKLOG|try=1|th=0.664407706|de=0.019408227|ga=0.316184067
PACKLOG|try=1|profit=2985538|weight=5966473
PACKLOG|best|profit=2985538|weight=5966473
PACKLOG|call=159|tour_len=604|end_dist=11998753
PACKLOG|try=0|th=0.378998241|de=0.237598844|ga=0.383402914
PACKLOG|try=0|profit=3018368|weight=6047079
PACKLOG|try=1|th=0.820486671|de=0.008848038|ga=0.170665291
PACKLOG|try=1|profit=3018368|weight=6047079
PACKLOG|best|profit=3018368|weight=6047079
PACKLOG|call=160|tour_len=395|end_dist=6942537
PACKLOG|try=0|th=0.180589907|de=0.661448416|ga=0.157961677
PACKLOG|try=0|profit=1976594|weight=3947634
PACKLOG|try=1|th=0.376854666|de=0.225627195|ga=0.397518139
PACKLOG|try=1|profit=1976594|weight=3947634
PACKLOG|best|profit=1976594|weight=3947634
PACKLOG|call=161|tour_len=432|end_dist=7677708
PACKLOG|try=0|th=0.033379899|de=0.269960795|ga=0.696659306
PACKLOG|try=0|profit=2175118|weight=4319208
PACKLOG|try=1|th=0.482070561|de=0.401158301|ga=0.116771138
PACKLOG|try=1|profit=2175118|weight=4319208
PACKLOG|best|profit=2175118|weight=4319208
PACKLOG|call=162|tour_len=343|end_dist=6029209
PACKLOG|try=0|th=0.019076451|de=0.974677282|ga=0.006246267
PACKLOG|try=0|profit=1719194|weight=3425173
PACKLOG|try=1|th=0.601846931|de=0.363228763|ga=0.034924305
PACKLOG|try=1|profit=1719194|weight=3425173
PACKLOG|best|profit=1719194|weight=3425173
PACKLOG|call=163|tour_len=498|end_dist=9106811
PACKLOG|try=0|th=0.143575001|de=0.480201333|ga=0.376223666
PACKLOG|try=0|profit=2456531|weight=4982233
PACKLOG|try=1|th=0.378424860|de=0.346578730|ga=0.274996410
PACKLOG|try=1|profit=2456531|weight=4982233
PACKLOG|best|profit=2456531|weight=4982233
PACKLOG|call=164|tour_len=305|end_dist=5298060
PACKLOG|try=0|th=0.150054932|de=0.038927653|ga=0.811017415
PACKLOG|try=0|profit=1534157|weight=3043296
PACKLOG|try=1|th=0.098271350|de=0.459186617|ga=0.442542033
PACKLOG|try=1|profit=1534157|weight=3043296
PACKLOG|best|profit=1534157|weight=3043296
PACKLOG|call=165|tour_len=615|end_dist=11941809
PACKLOG|try=0|th=0.463967643|de=0.453463048|ga=0.082569309
PACKLOG|try=0|profit=3066749|weight=6157495
PACKLOG|try=1|th=0.401247314|de=0.362610409|ga=0.236142278
PACKLOG|try=1|profit=3066749|weight=6157495
PACKLOG|best|profit=3066749|weight=6157495
PACKLOG|call=166|tour_len=311|end_dist=5624149
PACKLOG|try=0|th=0.294508179|de=0.702594692|ga=0.002897129
PACKLOG|try=0|profit=1545393|weight=3103825
PACKLOG|try=1|th=0.478083789|de=0.362733527|ga=0.159182683
PACKLOG|try=1|profit=1545393|weight=3103825
PACKLOG|best|profit=1545393|weight=3103825
PACKLOG|call=167|tour_len=580|end_dist=11275011
PACKLOG|try=0|th=0.606935115|de=0.335116288|ga=0.057948598
PACKLOG|try=0|profit=2903663|weight=5805975
PACKLOG|try=1|th=0.388518935|de=0.406859211|ga=0.204621854
PACKLOG|try=1|profit=2903663|weight=5805975
PACKLOG|best|profit=2903663|weight=5805975
PACKLOG|call=168|tour_len=438|end_dist=7681595
PACKLOG|try=0|th=0.426938433|de=0.130206522|ga=0.442855045
PACKLOG|try=0|profit=2176801|weight=4379609
PACKLOG|try=1|th=0.216973245|de=0.309854342|ga=0.473172414
PACKLOG|try=1|profit=2176801|weight=4379609
PACKLOG|best|profit=2176801|weight=4379609
PACKLOG|call=169|tour_len=549|end_dist=10881636
PACKLOG|try=0|th=0.191140668|de=0.391820645|ga=0.417038687
PACKLOG|try=0|profit=2742609|weight=5494451
PACKLOG|try=1|th=0.011756635|de=0.443056774|ga=0.545186591
PACKLOG|try=1|profit=2742609|weight=5494451
PACKLOG|best|profit=2742609|weight=5494451
PACKLOG|call=170|tour_len=853|end_dist=19275567
PACKLOG|try=0|th=0.266794924|de=0.497973453|ga=0.235231624
PACKLOG|try=0|profit=4152493|weight=7250426
PACKLOG|try=1|th=0.431443614|de=0.345743666|ga=0.222812720
PACKLOG|try=1|profit=4154724|weight=7175029
PACKLOG|best|profit=4154724|weight=7175029
PACKLOG|call=171|tour_len=533|end_dist=9670458
PACKLOG|try=0|th=0.371814949|de=0.307985296|ga=0.320199755
PACKLOG|try=0|profit=2660829|weight=5333833
PACKLOG|try=1|th=0.027795615|de=0.595945863|ga=0.376258523
PACKLOG|try=1|profit=2660829|weight=5333833
PACKLOG|best|profit=2660829|weight=5333833
PACKLOG|call=172|tour_len=475|end_dist=8532241
PACKLOG|try=0|th=0.078549418|de=0.512953031|ga=0.408497551
PACKLOG|try=0|profit=2385124|weight=4751145
PACKLOG|try=1|th=0.211312733|de=0.169708774|ga=0.618978493
PACKLOG|try=1|profit=2385124|weight=4751145
PACKLOG|best|profit=2385124|weight=4751145
PACKLOG|call=173|tour_len=491|end_dist=8824477
PACKLOG|try=0|th=0.230278042|de=0.326339950|ga=0.443382008
PACKLOG|try=0|profit=2454213|weight=4911928
PACKLOG|try=1|th=0.378588754|de=0.333887080|ga=0.287524166
PACKLOG|try=1|profit=2454213|weight=4911928
PACKLOG|best|profit=2454213|weight=4911928
PACKLOG|call=174|tour_len=520|end_dist=9286123
PACKLOG|try=0|th=0.725737974|de=0.070974106|ga=0.203287920
PACKLOG|try=0|profit=2598300|weight=5203159
PACKLOG|try=1|th=0.105913910|de=0.414216096|ga=0.479869994
PACKLOG|try=1|profit=2598300|weight=5203159
PACKLOG|best|profit=2598300|weight=5203159
PACKLOG|call=175|tour_len=590|end_dist=12639513
PACKLOG|try=0|th=0.954873772|de=0.026775243|ga=0.018350985
PACKLOG|try=0|profit=2959161|weight=5906343
PACKLOG|try=1|th=0.426578612|de=0.320692772|ga=0.252728616
PACKLOG|try=1|profit=2959161|weight=5906343
PACKLOG|best|profit=2959161|weight=5906343
PACKLOG|call=176|tour_len=415|end_dist=7448749
PACKLOG|try=0|th=0.601960666|de=0.283737851|ga=0.114301483
PACKLOG|try=0|profit=2074294|weight=4148683
PACKLOG|try=1|th=0.109100489|de=0.341477602|ga=0.549421909
PACKLOG|try=1|profit=2074294|weight=4148683
PACKLOG|best|profit=2074294|weight=4148683
PACKLOG|call=177|tour_len=596|end_dist=11254723
PACKLOG|try=0|th=0.102593223|de=0.285387308|ga=0.612019469
PACKLOG|try=0|profit=2978459|weight=5966529
PACKLOG|try=1|th=0.291281805|de=0.407753218|ga=0.300964977
PACKLOG|try=1|profit=2978459|weight=5966529
PACKLOG|best|profit=2978459|weight=5966529
PACKLOG|call=178|tour_len=461|end_dist=8124921
PACKLOG|try=0|th=0.654172573|de=0.271877177|ga=0.073950250
PACKLOG|try=0|profit=2319216|weight=4610623
PACKLOG|try=1|th=0.215699408|de=0.240969260|ga=0.543331332
PACKLOG|try=1|profit=2319216|weight=4610623
PACKLOG|best|profit=2319216|weight=4610623
PACKLOG|call=179|tour_len=716|end_dist=15535529
PACKLOG|try=0|th=0.312475500|de=0.190997675|ga=0.496526825
PACKLOG|try=0|profit=3597950|weight=7172016
PACKLOG|try=1|th=0.765443170|de=0.014032608|ga=0.220524222
PACKLOG|try=1|profit=3597950|weight=7172016
PACKLOG|best|profit=3597950|weight=7172016
PACKLOG|call=180|tour_len=521|end_dist=11138808
PACKLOG|try=0|th=0.058435492|de=0.410559791|ga=0.531004717
PACKLOG|try=0|profit=2616617|weight=5213220
PACKLOG|try=1|th=0.379435830|de=0.446006097|ga=0.174558073
PACKLOG|try=1|profit=2616617|weight=5213220
PACKLOG|best|profit=2616617|weight=5213220
PACKLOG|call=181|tour_len=545|end_dist=9356924
PACKLOG|try=0|th=0.147454940|de=0.346157588|ga=0.506387471
PACKLOG|try=0|profit=2725757|weight=5454321
PACKLOG|try=1|th=0.223249615|de=0.490888259|ga=0.285862126
PACKLOG|try=1|profit=2725757|weight=5454321
PACKLOG|best|profit=2725757|weight=5454321
PACKLOG|call=182|tour_len=360|end_dist=5986830
PACKLOG|try=0|th=0.399840389|de=0.162188486|ga=0.437971125
PACKLOG|try=0|profit=1798865|weight=3595900
PACKLOG|try=1|th=0.475375356|de=0.240167673|ga=0.284456971
PACKLOG|try=1|profit=1798865|weight=3595900
PACKLOG|best|profit=1798865|weight=3595900
PACKLOG|call=183|tour_len=492|end_dist=8633792
PACKLOG|try=0|th=0.154600698|de=0.440926424|ga=0.404472878
PACKLOG|try=0|profit=2463417|weight=4921883
PACKLOG|try=1|th=0.277813481|de=0.395258851|ga=0.326927668
PACKLOG|try=1|profit=2463417|weight=4921883
PACKLOG|best|profit=2463417|weight=4921883
PACKLOG|call=184|tour_len=485|end_dist=8726492
PACKLOG|try=0|th=0.236021914|de=0.388530784|ga=0.375447302
PACKLOG|try=0|profit=2432689|weight=4851545
PACKLOG|try=1|th=0.365284493|de=0.484659780|ga=0.150055728
PACKLOG|try=1|profit=2432689|weight=4851545
PACKLOG|best|profit=2432689|weight=4851545
PACKLOG|call=185|tour_len=508|end_dist=8648947
PACKLOG|try=0|th=0.572108307|de=0.334462876|ga=0.093428817
PACKLOG|try=0|profit=2552065|weight=5082663
PACKLOG|try=1|th=0.411122395|de=0.587950657|ga=0.000926948
PACKLOG|try=1|profit=2552065|weight=5082663
PACKLOG|best|profit=2552065|weight=5082663
PACKLOG|call=186|tour_len=451|end_dist=7728683
PACKLOG|try=0|th=0.391085017|de=0.228336460|ga=0.380578523
PACKLOG|try=0|profit=2263452|weight=4510069
PACKLOG|try=1|th=0.114141485|de=0.660958856|ga=0.224899658
PACKLOG|try=1|profit=2263452|weight=4510069
PACKLOG|best|profit=2263452|weight=4510069
PACKLOG|call=187|tour_len=465|end_dist=8430623
PACKLOG|try=0|th=0.414719850|de=0.342623980|ga=0.242656170
PACKLOG|try=0|profit=2335778|weight=4650641
PACKLOG|try=1|th=0.209401679|de=0.176549707|ga=0.614048615
PACKLOG|try=1|profit=2335778|weight=4650641
PACKLOG|best|profit=2335778|weight=4650641
PACKLOG|call=188|tour_len=380|end_dist=6946195
PACKLOG|try=0|th=0.329094119|de=0.434224425|ga=0.236681456
PACKLOG|try=0|profit=1905078|weight=3796715
PACKLOG|try=1|th=0.320645790|de=0.423953804|ga=0.255400406
PACKLOG|try=1|profit=1905078|weight=3796715
PACKLOG|best|profit=1905078|weight=3796715
PACKLOG|call=189|tour_len=428|end_dist=7739094
PACKLOG|try=0|th=0.679030804|de=0.306972537|ga=0.013996659
PACKLOG|try=0|profit=2124932|weight=4279050
PACKLOG|try=1|th=0.462611174|de=0.147837491|ga=0.389551335
PACKLOG|try=1|profit=2124932|weight=4279050
PACKLOG|best|profit=2124932|weight=4279050
PACKLOG|call=190|tour_len=512|end_dist=9756880
PACKLOG|try=0|th=0.673264093|de=0.105371536|ga=0.221364371
PACKLOG|try=0|profit=2563947|weight=5122820
PACKLOG|try=1|th=0.279032444|de=0.714826481|ga=0.006141075
PACKLOG|try=1|profit=2563947|weight=5122820
PACKLOG|best|profit=2563947|weight=5122820
PACKLOG|call=191|tour_len=347|end_dist=5656836
PACKLOG|try=0|th=0.352780688|de=0.201268460|ga=0.445950853
PACKLOG|try=0|profit=1743108|weight=3465236
PACKLOG|try=1|th=0.473926831|de=0.177921023|ga=0.348152146
PACKLOG|try=1|profit=1743108|weight=3465236
PACKLOG|best|profit=1743108|weight=3465236
PACKLOG|call=192|tour_len=280|end_dist=4516423
PACKLOG|try=0|th=0.453386625|de=0.498695500|ga=0.047917875
PACKLOG|try=0|profit=1390801|weight=2792296
PACKLOG|try=1|th=0.745171818|de=0.040653485|ga=0.214174696
PACKLOG|try=1|profit=1390801|weight=2792296
PACKLOG|best|profit=1390801|weight=2792296
PACKLOG|call=193|tour_len=500|end_dist=9917148
PACKLOG|try=0|th=0.096781281|de=0.510954553|ga=0.392264166
PACKLOG|try=0|profit=2510296|weight=5002222
PACKLOG|try=1|th=0.152274547|de=0.509770183|ga=0.337955270
PACKLOG|try=1|profit=2510296|weight=5002222
PACKLOG|best|profit=2510296|weight=5002222
PACKLOG|call=194|tour_len=482|end_dist=8417654
PACKLOG|try=0|th=0.238739263|de=0.420245275|ga=0.341015462
PACKLOG|try=0|profit=2417621|weight=4821424
PACKLOG|try=1|th=0.679694142|de=0.160656672|ga=0.159649185
PACKLOG|try=1|profit=2417621|weight=4821424
PACKLOG|best|profit=2417621|weight=4821424
PACKLOG|call=195|tour_len=549|end_dist=10901807
PACKLOG|try=0|th=0.409989803|de=0.224604005|ga=0.365406193
PACKLOG|try=0|profit=2759635|weight=5494514
PACKLOG|try=1|th=0.095846552|de=0.647273943|ga=0.256879506
PACKLOG|try=1|profit=2759635|weight=5494514
PACKLOG|best|profit=2759635|weight=5494514
PACKLOG|call=196|tour_len=497|end_dist=8741450
PACKLOG|try=0|th=0.058229897|de=0.286045273|ga=0.655724830
PACKLOG|try=0|profit=2484531|weight=4972315
PACKLOG|try=1|th=0.439019013|de=0.161639347|ga=0.399341640
PACKLOG|try=1|profit=2484531|weight=4972315
PACKLOG|best|profit=2484531|weight=4972315
PACKLOG|call=197|tour_len=492|end_dist=9415780
PACKLOG|try=0|th=0.338807269|de=0.429016168|ga=0.232176563
PACKLOG|try=0|profit=2472337|weight=4922064
PACKLOG|try=1|th=0.125851039|de=0.492821786|ga=0.381327175
PACKLOG|try=1|profit=2472337|weight=4922064
PACKLOG|best|profit=2472337|weight=4922064
PACKLOG|call=198|tour_len=566|end_dist=9689698
PACKLOG|try=0|th=0.294371486|de=0.404770130|ga=0.300858384
PACKLOG|try=0|profit=2824008|weight=5665430
PACKLOG|try=1|th=0.047448982|de=0.745957841|ga=0.206593176
PACKLOG|try=1|profit=2824008|weight=5665430
PACKLOG|best|profit=2824008|weight=5665430
PACKLOG|call=199|tour_len=493|end_dist=9280542
PACKLOG|try=0|th=0.574501760|de=0.028820787|ga=0.396677452
PACKLOG|try=0|profit=2468138|weight=4932167
PACKLOG|try=1|th=0.278202578|de=0.561398649|ga=0.160398773
PACKLOG|try=1|profit=2468138|weight=4932167
PACKLOG|best|profit=2468138|weight=4932167
PACKLOG|call=200|tour_len=638|end_dist=12531501
PACKLOG|try=0|th=0.042870954|de=0.483933867|ga=0.473195179
PACKLOG|try=0|profit=3187281|weight=6388682
PACKLOG|try=1|th=0.242824672|de=0.469782251|ga=0.287393076
PACKLOG|try=1|profit=3187281|weight=6388682
PACKLOG|best|profit=3187281|weight=6388682
PACKLOG|call=201|tour_len=578|end_dist=11596486
PACKLOG|try=0|th=0.541912859|de=0.230076687|ga=0.228010454
PACKLOG|try=0|profit=2893969|weight=5785854
PACKLOG|try=1|th=0.576681890|de=0.378814682|ga=0.044503429
PACKLOG|try=1|profit=2893969|weight=5785854
PACKLOG|best|profit=2893969|weight=5785854
PACKLOG|call=202|tour_len=327|end_dist=5211255
PACKLOG|try=0|th=0.532443938|de=0.162653105|ga=0.304902957
PACKLOG|try=0|profit=1631300|weight=3264420
PACKLOG|try=1|th=0.349129582|de=0.088063212|ga=0.562807206
PACKLOG|try=1|profit=1631300|weight=3264420
PACKLOG|best|profit=1631300|weight=3264420
PACKLOG|call=203|tour_len=895|end_dist=21572435
PACKLOG|try=0|th=0.765729318|de=0.208850956|ga=0.025419727
PACKLOG|try=0|profit=4010697|weight=6017906
PACKLOG|try=1|th=0.507229905|de=0.271075316|ga=0.221694778
PACKLOG|try=1|profit=4059903|weight=6285074
PACKLOG|best|profit=4059903|weight=6285074
PACKLOG|call=204|tour_len=402|end_dist=6352241
PACKLOG|try=0|th=0.066593178|de=0.427052343|ga=0.506354478
PACKLOG|try=0|profit=2013214|weight=4017770
PACKLOG|try=1|th=0.165765835|de=0.459492867|ga=0.374741298
PACKLOG|try=1|profit=2013214|weight=4017770
PACKLOG|best|profit=2013214|weight=4017770
PACKLOG|call=205|tour_len=888|end_dist=20882577
PACKLOG|try=0|th=0.585976986|de=0.400638532|ga=0.013384482
PACKLOG|try=0|profit=4020887|weight=6086270
PACKLOG|try=1|th=0.189522316|de=0.419358692|ga=0.391118991
PACKLOG|try=1|profit=3998698|weight=6634656
PACKLOG|best|profit=4020887|weight=6086270
PACKLOG|call=206|tour_len=393|end_dist=7490299
PACKLOG|try=0|th=0.625139674|de=0.371765133|ga=0.003095192
PACKLOG|try=0|profit=1976458|weight=3927344
PACKLOG|try=1|th=0.502641853|de=0.216664809|ga=0.280693337
PACKLOG|try=1|profit=1976458|weight=3927344
PACKLOG|best|profit=1976458|weight=3927344
PACKLOG|call=207|tour_len=449|end_dist=8707314
PACKLOG|try=0|th=0.316179642|de=0.642670798|ga=0.041149560
PACKLOG|try=0|profit=2256561|weight=4489964
PACKLOG|try=1|th=0.363842469|de=0.294235015|ga=0.341922516
PACKLOG|try=1|profit=2256561|weight=4489964
PACKLOG|best|profit=2256561|weight=4489964
PACKLOG|call=208|tour_len=474|end_dist=8231613
PACKLOG|try=0|th=0.607402810|de=0.212663715|ga=0.179933475
PACKLOG|try=0|profit=2388585|weight=4741123
PACKLOG|try=1|th=0.693858793|de=0.005502561|ga=0.300638646
PACKLOG|try=1|profit=2388585|weight=4741123
PACKLOG|best|profit=2388585|weight=4741123
PACKLOG|call=209|tour_len=559|end_dist=10733992
PACKLOG|try=0|th=0.249457553|de=0.293363093|ga=0.457179354
PACKLOG|try=0|profit=2804534|weight=5594987
PACKLOG|try=1|th=0.220243230|de=0.013531124|ga=0.766225646
PACKLOG|try=1|profit=2804534|weight=5594987
PACKLOG|best|profit=2804534|weight=5594987
PACKLOG|call=210|tour_len=491|end_dist=9791524
PACKLOG|try=0|th=0.309186705|de=0.413891196|ga=0.276922099
PACKLOG|try=0|profit=2477608|weight=4911892
PACKLOG|try=1|th=0.288192209|de=0.556806480|ga=0.155001310
PACKLOG|try=1|profit=2477608|weight=4911892
PACKLOG|best|profit=2477608|weight=4911892
PACKLOG|call=211|tour_len=493|end_dist=9567756
PACKLOG|try=0|th=0.160690058|de=0.708383118|ga=0.130926824
PACKLOG|try=0|profit=2482209|weight=4931991
PACKLOG|try=1|th=0.594151307|de=0.304375985|ga=0.101472707
PACKLOG|try=1|profit=2482209|weight=4931991
PACKLOG|best|profit=2482209|weight=4931991
PACKLOG|call=212|tour_len=611|end_dist=11586719
PACKLOG|try=0|th=0.370733393|de=0.301236845|ga=0.328029762
PACKLOG|try=0|profit=3047945|weight=6117379
PACKLOG|try=1|th=0.308011147|de=0.422783898|ga=0.269204956
PACKLOG|try=1|profit=3047945|weight=6117379
PACKLOG|best|profit=3047945|weight=6117379
PACKLOG|call=213|tour_len=397|end_dist=6951469
PACKLOG|try=0|th=0.126549354|de=0.345233400|ga=0.528217246
PACKLOG|try=0|profit=1976417|weight=3967655
PACKLOG|try=1|th=0.625838683|de=0.066986434|ga=0.307174883
PACKLOG|try=1|profit=1976417|weight=3967655
PACKLOG|best|profit=1976417|weight=3967655
PACKLOG|call=214|tour_len=382|end_dist=6085848
PACKLOG|try=0|th=0.379436786|de=0.090132067|ga=0.530431147
PACKLOG|try=0|profit=1910268|weight=3816910
PACKLOG|try=1|th=0.263684503|de=0.426176568|ga=0.310138929
PACKLOG|try=1|profit=1910268|weight=3816910
PACKLOG|best|profit=1910268|weight=3816910
PACKLOG|call=215|tour_len=218|end_dist=3685173
PACKLOG|try=0|th=0.181118276|de=0.353179715|ga=0.465702009
PACKLOG|try=0|profit=1081529|weight=2169567
PACKLOG|try=1|th=0.484557299|de=0.153551586|ga=0.361891114
PACKLOG|try=1|profit=1081529|weight=2169567
PACKLOG|best|profit=1081529|weight=2169567
PACKLOG|call=216|tour_len=455|end_dist=7882288
PACKLOG|try=0|th=0.419545595|de=0.551440134|ga=0.029014270
PACKLOG|try=0|profit=2297148|weight=4550471
PACKLOG|try=1|th=0.176416385|de=0.502189619|ga=0.321393996
PACKLOG|try=1|profit=2297148|weight=4550471
PACKLOG|best|profit=2297148|weight=4550471
PACKLOG|call=217|tour_len=416|end_dist=7637574
PACKLOG|try=0|th=0.573214261|de=0.063072140|ga=0.363713599
PACKLOG|try=0|profit=2081961|weight=4158353
PACKLOG|try=1|th=0.187150968|de=0.103688178|ga=0.709160854
PACKLOG|try=1|profit=2081961|weight=4158353
PACKLOG|best|profit=2081961|weight=4158353
PACKLOG|call=218|tour_len=666|end_dist=16225088
PACKLOG|try=0|th=0.402755911|de=0.442249515|ga=0.154994575
PACKLOG|try=0|profit=3318039|weight=6669990
PACKLOG|try=1|th=0.017999411|de=0.166758220|ga=0.815242369
PACKLOG|try=1|profit=3318039|weight=6669990
PACKLOG|best|profit=3318039|weight=6669990
PACKLOG|call=219|tour_len=483|end_dist=8293663
PACKLOG|try=0|th=0.070104519|de=0.459858704|ga=0.470036777
PACKLOG|try=0|profit=2424611|weight=4831496
PACKLOG|try=1|th=0.564711849|de=0.429737643|ga=0.005550508
PACKLOG|try=1|profit=2424611|weight=4831496
PACKLOG|best|profit=2424611|weight=4831496
PACKLOG|call=220|tour_len=557|end_dist=10919626
PACKLOG|try=0|th=0.256866088|de=0.424714345|ga=0.318419567
PACKLOG|try=0|profit=2798624|weight=5574888
PACKLOG|try=1|th=0.018951273|de=0.114868147|ga=0.866180581
PACKLOG|try=1|profit=2798624|weight=5574888
PACKLOG|best|profit=2798624|weight=5574888
PACKLOG|call=221|tour_len=477|end_dist=9404466
PACKLOG|try=0|th=0.033991554|de=0.045602098|ga=0.920406348
PACKLOG|try=0|profit=2357934|weight=4771385
PACKLOG|try=1|th=0.278267317|de=0.165352001|ga=0.556380682
PACKLOG|try=1|profit=2357934|weight=4771385
PACKLOG|best|profit=2357934|weight=4771385
PACKLOG|call=222|tour_len=377|end_dist=6724576
PACKLOG|try=0|th=0.264918566|de=0.395556380|ga=0.339525054
PACKLOG|try=0|profit=1893811|weight=3766574
PACKLOG|try=1|th=0.107996106|de=0.676635635|ga=0.215368259
PACKLOG|try=1|profit=1893811|weight=3766574
PACKLOG|best|profit=1893811|weight=3766574
PACKLOG|call=223|tour_len=556|end_dist=9723530
PACKLOG|try=0|th=0.603277684|de=0.393798362|ga=0.002923954
PACKLOG|try=0|profit=2774911|weight=5564889
PACKLOG|try=1|th=0.405500518|de=0.507515375|ga=0.086984107
PACKLOG|try=1|profit=2774911|weight=5564889
PACKLOG|best|profit=2774911|weight=5564889
PACKLOG|call=224|tour_len=518|end_dist=9076784
PACKLOG|try=0|th=0.466943791|de=0.112008385|ga=0.421047824
PACKLOG|try=0|profit=2583268|weight=5183195
PACKLOG|try=1|th=0.530641115|de=0.364476900|ga=0.104881984
PACKLOG|try=1|profit=2583268|weight=5183195
PACKLOG|best|profit=2583268|weight=5183195
PACKLOG|call=225|tour_len=860|end_dist=19411372
PACKLOG|try=0|th=0.781998465|de=0.092418906|ga=0.125582629
PACKLOG|try=0|profit=4177025|weight=7095608
PACKLOG|try=1|th=0.277769371|de=0.402187025|ga=0.320043604
PACKLOG|try=1|profit=4177650|weight=7316621
PACKLOG|best|profit=4177650|weight=7316621
PACKLOG|call=226|tour_len=441|end_dist=8053245
PACKLOG|try=0|th=0.531246278|de=0.144206553|ga=0.324547169
PACKLOG|try=0|profit=2226895|weight=4409814
PACKLOG|try=1|th=0.511612372|de=0.136384829|ga=0.352002799
PACKLOG|try=1|profit=2226895|weight=4409814
PACKLOG|best|profit=2226895|weight=4409814
PACKLOG|call=227|tour_len=505|end_dist=9317836
PACKLOG|try=0|th=0.404966118|de=0.144253893|ga=0.450779989
PACKLOG|try=0|profit=2527507|weight=5052547
PACKLOG|try=1|th=0.393053161|de=0.196134487|ga=0.410812352
PACKLOG|try=1|profit=2527507|weight=5052547
PACKLOG|best|profit=2527507|weight=5052547
PACKLOG|call=228|tour_len=538|end_dist=10352903
PACKLOG|try=0|th=0.403268186|de=0.195103998|ga=0.401627816
PACKLOG|try=0|profit=2689045|weight=5384027
PACKLOG|try=1|th=0.236562580|de=0.414397747|ga=0.349039674
PACKLOG|try=1|profit=2689045|weight=5384027
PACKLOG|best|profit=2689045|weight=5384027
PACKLOG|call=229|tour_len=485|end_dist=9387654
PACKLOG|try=0|th=0.519490365|de=0.446545951|ga=0.033963684
PACKLOG|try=0|profit=2436955|weight=4851759
PACKLOG|try=1|th=0.200868226|de=0.603985187|ga=0.195146587
PACKLOG|try=1|profit=2436955|weight=4851759
PACKLOG|best|profit=2436955|weight=4851759
PACKLOG|call=230|tour_len=266|end_dist=4101063
PACKLOG|try=0|th=0.214309651|de=0.071624541|ga=0.714065808
PACKLOG|try=0|profit=1331159|weight=2651784
PACKLOG|try=1|th=0.125530222|de=0.351913768|ga=0.522556010
PACKLOG|try=1|profit=1331159|weight=2651784
PACKLOG|best|profit=1331159|weight=2651784
PACKLOG|call=231|tour_len=348|end_dist=5603109
PACKLOG|try=0|th=0.670158301|de=0.068974388|ga=0.260867311
PACKLOG|try=0|profit=1729287|weight=3475577
PACKLOG|try=1|th=0.277372650|de=0.318809617|ga=0.403817733
PACKLOG|try=1|profit=1729287|weight=3475577
PACKLOG|best|profit=1729287|weight=3475577
PACKLOG|call=232|tour_len=534|end_dist=10740694
PACKLOG|try=0|th=0.467647139|de=0.508440263|ga=0.023912597
PACKLOG|try=0|profit=2653923|weight=5343949
PACKLOG|try=1|th=0.082985208|de=0.623756590|ga=0.293258202
PACKLOG|try=1|profit=2653923|weight=5343949
PACKLOG|best|profit=2653923|weight=5343949
PACKLOG|call=233|tour_len=558|end_dist=11107728
PACKLOG|try=0|th=0.344835583|de=0.371497778|ga=0.283666640
PACKLOG|try=0|profit=2784744|weight=5585078
PACKLOG|try=1|th=0.314831564|de=0.358715164|ga=0.326453272
PACKLOG|try=1|profit=2784744|weight=5585078
PACKLOG|best|profit=2784744|weight=5585078
PACKLOG|call=234|tour_len=518|end_dist=9825726
PACKLOG|try=0|th=0.325311799|de=0.229512284|ga=0.445175917
PACKLOG|try=0|profit=2611394|weight=5183069
PACKLOG|try=1|th=0.321997803|de=0.412271890|ga=0.265730307
PACKLOG|try=1|profit=2611394|weight=5183069
PACKLOG|best|profit=2611394|weight=5183069
PACKLOG|call=235|tour_len=305|end_dist=4976072
PACKLOG|try=0|th=0.449983862|de=0.467759995|ga=0.082256143
PACKLOG|try=0|profit=1530066|weight=3043620
PACKLOG|try=1|th=0.391689248|de=0.476199120|ga=0.132111632
PACKLOG|try=1|profit=1530066|weight=3043620
PACKLOG|best|profit=1530066|weight=3043620
PACKLOG|call=236|tour_len=277|end_dist=4403855
PACKLOG|try=0|th=0.493928090|de=0.365228553|ga=0.140843357
PACKLOG|try=0|profit=1392126|weight=2762096
PACKLOG|try=1|th=0.075032453|de=0.921584407|ga=0.003383141
PACKLOG|try=1|profit=1392126|weight=2762096
PACKLOG|best|profit=1392126|weight=2762096
PACKLOG|call=237|tour_len=368|end_dist=6299795
PACKLOG|try=0|th=0.823724981|de=0.004499184|ga=0.171775836
PACKLOG|try=0|profit=1849922|weight=3676342
PACKLOG|try=1|th=0.271974562|de=0.629868896|ga=0.098156542
PACKLOG|try=1|profit=1849922|weight=3676342
PACKLOG|best|profit=1849922|weight=3676342
PACKLOG|call=238|tour_len=561|end_dist=10481805
PACKLOG|try=0|th=0.111008657|de=0.413089582|ga=0.475901761
PACKLOG|try=0|profit=2815568|weight=5615059
PACKLOG|try=1|th=0.415135485|de=0.330195234|ga=0.254669281
PACKLOG|try=1|profit=2815568|weight=5615059
PACKLOG|best|profit=2815568|weight=5615059
PACKLOG|call=239|tour_len=735|end_dist=15928093
PACKLOG|try=0|th=0.352526142|de=0.411510587|ga=0.235963271
PACKLOG|try=0|profit=3663576|weight=7363028
PACKLOG|try=1|th=0.275959019|de=0.180542986|ga=0.543497995
PACKLOG|try=1|profit=3663576|weight=7363028
PACKLOG|best|profit=3663576|weight=7363028
PACKLOG|call=240|tour_len=372|end_dist=6916428
PACKLOG|try=0|th=0.740917131|de=0.256525326|ga=0.002557544
PACKLOG|try=0|profit=1841147|weight=3716607
PACKLOG|try=1|th=0.467815415|de=0.446369678|ga=0.085814907
PACKLOG|try=1|profit=1841147|weight=3716607
PACKLOG|best|profit=1841147|weight=3716607
PACKLOG|call=241|tour_len=536|end_dist=9725268
PACKLOG|try=0|th=0.235810509|de=0.529934310|ga=0.234255181
PACKLOG|try=0|profit=2687451|weight=5364047
PACKLOG|try=1|th=0.344857094|de=0.282565384|ga=0.372577522
PACKLOG|try=1|profit=2687451|weight=5364047
PACKLOG|best|profit=2687451|weight=5364047
PACKLOG|call=242|tour_len=584|end_dist=10865462
PACKLOG|try=0|th=0.203045697|de=0.387065857|ga=0.409888446
PACKLOG|try=0|profit=2912646|weight=5846140
PACKLOG|try=1|th=0.150482903|de=0.238688476|ga=0.610828621
PACKLOG|try=1|profit=2912646|weight=5846140
PACKLOG|best|profit=2912646|weight=5846140
PACKLOG|call=243|tour_len=376|end_dist=7221962
PACKLOG|try=0|th=0.532705382|de=0.201356729|ga=0.265937889
PACKLOG|try=0|profit=1888785|weight=3756976
PACKLOG|try=1|th=0.293266625|de=0.701202853|ga=0.005530521
PACKLOG|try=1|profit=1888785|weight=3756976
PACKLOG|best|profit=1888785|weight=3756976
PACKLOG|call=244|tour_len=521|end_dist=9206428
PACKLOG|try=0|th=0.384230395|de=0.315391060|ga=0.300378545
PACKLOG|try=0|profit=2606241|weight=5213248
PACKLOG|try=1|th=0.127763265|de=0.425648903|ga=0.446587832
PACKLOG|try=1|profit=2606241|weight=5213248
PACKLOG|best|profit=2606241|weight=5213248
PACKLOG|call=245|tour_len=486|end_dist=8560248
PACKLOG|try=0|th=0.370014265|de=0.271680421|ga=0.358305314
PACKLOG|try=0|profit=2422484|weight=4861777
PACKLOG|try=1|th=0.303409840|de=0.425963281|ga=0.270626879
PACKLOG|try=1|profit=2422484|weight=4861777
PACKLOG|best|profit=2422484|weight=4861777
PACKLOG|call=246|tour_len=432|end_dist=7719648
PACKLOG|try=0|th=0.361086088|de=0.094594789|ga=0.544319123
PACKLOG|try=0|profit=2172967|weight=4319314
PACKLOG|try=1|th=0.358339116|de=0.406680889|ga=0.234979994
PACKLOG|try=1|profit=2172967|weight=4319314
PACKLOG|best|profit=2172967|weight=4319314
PACKLOG|call=247|tour_len=565|end_dist=10891029
PACKLOG|try=0|th=0.346459387|de=0.298014631|ga=0.355525982
PACKLOG|try=0|profit=2837403|weight=5655187
PACKLOG|try=1|th=0.011716651|de=0.417147958|ga=0.571135391
PACKLOG|try=1|profit=2837403|weight=5655187
PACKLOG|best|profit=2837403|weight=5655187
PACKLOG|call=248|tour_len=438|end_dist=7399318
PACKLOG|try=0|th=0.094870684|de=0.450212169|ga=0.454917147
PACKLOG|try=0|profit=2185884|weight=4379629
PACKLOG|try=1|th=0.864548343|de=0.052684779|ga=0.082766878
PACKLOG|try=1|profit=2185884|weight=4379629
PACKLOG|best|profit=2185884|weight=4379629
PACKLOG|call=249|tour_len=467|end_dist=8160939
PACKLOG|try=0|th=0.791444689|de=0.170139302|ga=0.038416009
PACKLOG|try=0|profit=2346193|weight=4670797
PACKLOG|try=1|th=0.149178608|de=0.420382541|ga=0.430438851
PACKLOG|try=1|profit=2346193|weight=4670797
PACKLOG|best|profit=2346193|weight=4670797
PACKLOG|call=250|tour_len=388|end_dist=7285648
PACKLOG|try=0|th=0.392694878|de=0.307968623|ga=0.299336499
PACKLOG|try=0|profit=1954914|weight=3877356
PACKLOG|try=1|th=0.211054766|de=0.533603169|ga=0.255342065
PACKLOG|try=1|profit=1954914|weight=3877356
PACKLOG|best|profit=1954914|weight=3877356
PACKLOG|call=251|tour_len=628|end_dist=12122434
PACKLOG|try=0|th=0.421837019|de=0.158560788|ga=0.419602193
PACKLOG|try=0|profit=3125414|weight=6288287
PACKLOG|try=1|th=0.460617731|de=0.051825367|ga=0.487556903
PACKLOG|try=1|profit=3125414|weight=6288287
PACKLOG|best|profit=3125414|weight=6288287
PACKLOG|call=252|tour_len=468|end_dist=8218967
PACKLOG|try=0|th=0.136294753|de=0.433406267|ga=0.430298981
PACKLOG|try=0|profit=2333949|weight=4680796
PACKLOG|try=1|th=0.170076098|de=0.304075575|ga=0.525848327
PACKLOG|try=1|profit=2333949|weight=4680796
PACKLOG|best|profit=2333949|weight=4680796
PACKLOG|call=253|tour_len=416|end_dist=7720946
PACKLOG|try=0|th=0.132957117|de=0.426114467|ga=0.440928416
PACKLOG|try=0|profit=2059523|weight=4158850
PACKLOG|try=1|th=0.194754310|de=0.036286343|ga=0.768959347
PACKLOG|try=1|profit=2059523|weight=4158850
PACKLOG|best|profit=2059523|weight=4158850
PACKLOG|call=254|tour_len=721|end_dist=14558372
PACKLOG|try=0|th=0.440827947|de=0.233247332|ga=0.325924720
PACKLOG|try=0|profit=3605256|weight=7222342
PACKLOG|try=1|th=0.225303943|de=0.366572870|ga=0.408123186
PACKLOG|try=1|profit=3605256|weight=7222342
PACKLOG|best|profit=3605256|weight=7222342
PACKLOG|call=255|tour_len=698|end_dist=13516513
PACKLOG|try=0|th=0.321909782|de=0.396616156|ga=0.281474062
PACKLOG|try=0|profit=3476757|weight=6991293
PACKLOG|try=1|th=0.310513023|de=0.332548411|ga=0.356938566
PACKLOG|try=1|profit=3476757|weight=6991293
PACKLOG|best|profit=3476757|weight=6991293
PACKLOG|call=256|tour_len=546|end_dist=10312803
PACKLOG|try=0|th=0.691753094|de=0.192369761|ga=0.115877144
PACKLOG|try=0|profit=2749584|weight=5464314
PACKLOG|try=1|th=0.389685397|de=0.274021456|ga=0.336293147
PACKLOG|try=1|profit=2749584|weight=5464314
PACKLOG|best|profit=2749584|weight=5464314
PACKLOG|call=257|tour_len=532|end_dist=10258113
PACKLOG|try=0|th=0.484782959|de=0.005451976|ga=0.509765065
PACKLOG|try=0|profit=2660677|weight=5323896
PACKLOG|try=1|th=0.428533207|de=0.420425504|ga=0.151041289
PACKLOG|try=1|profit=2660677|weight=5323896
PACKLOG|best|profit=2660677|weight=5323896
PACKLOG|call=258|tour_len=312|end_dist=5110142
PACKLOG|try=0|th=0.446864014|de=0.178610015|ga=0.374525972
PACKLOG|try=0|profit=1568549|weight=3113735
PACKLOG|try=1|th=0.295016735|de=0.410404647|ga=0.294578618
PACKLOG|try=1|profit=1568549|weight=3113735
PACKLOG|best|profit=1568549|weight=3113735
PACKLOG|call=259|tour_len=689|end_dist=15421472
PACKLOG|try=0|th=0.243864203|de=0.021153453|ga=0.734982344
PACKLOG|try=0|profit=3471305|weight=6900637
PACKLOG|try=1|th=0.106511903|de=0.321803220|ga=0.571684877
PACKLOG|try=1|profit=3471305|weight=6900637
PACKLOG|best|profit=3471305|weight=6900637
PACKLOG|call=260|tour_len=444|end_dist=7661067
PACKLOG|try=0|th=0.620867657|de=0.019640147|ga=0.359492196
PACKLOG|try=0|profit=2219184|weight=4439762
PACKLOG|try=1|th=0.183613864|de=0.269877463|ga=0.546508673
PACKLOG|try=1|profit=2219184|weight=4439762
PACKLOG|best|profit=2219184|weight=4439762
PACKLOG|call=261|tour_len=451|end_dist=8544419
PACKLOG|try=0|th=0.026166381|de=0.148275285|ga=0.825558335
PACKLOG|try=0|profit=2258286|weight=4510241
PACKLOG|try=1|th=0.453225540|de=0.307855971|ga=0.238918489
PACKLOG|try=1|profit=2258286|weight=4510241
PACKLOG|best|profit=2258286|weight=4510241
PACKLOG|call=262|tour_len=242|end_dist=3960631
PACKLOG|try=0|th=0.582853849|de=0.197369558|ga=0.219776593
PACKLOG|try=0|profit=1198878|weight=2410658
PACKLOG|try=1|th=0.281245571|de=0.346045394|ga=0.372709035
PACKLOG|try=1|profit=1198878|weight=2410658
PACKLOG|best|profit=1198878|weight=2410658
PACKLOG|call=263|tour_len=562|end_dist=11352245
PACKLOG|try=0|th=0.026090661|de=0.577692562|ga=0.396216777
PACKLOG|try=0|profit=2808626|weight=5625321
PACKLOG|try=1|th=0.458499083|de=0.149345020|ga=0.392155896
PACKLOG|try=1|profit=2808626|weight=5625321
PACKLOG|best|profit=2808626|weight=5625321
PACKLOG|call=264|tour_len=369|end_dist=6533663
PACKLOG|try=0|th=0.415352077|de=0.219402577|ga=0.365245346
PACKLOG|try=0|profit=1848512|weight=3686297
PACKLOG|try=1|th=0.446046636|de=0.445186729|ga=0.108766635
PACKLOG|try=1|profit=1848512|weight=3686297
PACKLOG|best|profit=1848512|weight=3686297
PACKLOG|call=265|tour_len=520|end_dist=9502730
PACKLOG|try=0|th=0.024609824|de=0.759528581|ga=0.215861595
PACKLOG|try=0|profit=2603151|weight=5203170
PACKLOG|try=1|th=0.319142390|de=0.187576615|ga=0.493280995
PACKLOG|try=1|profit=2603151|weight=5203170
PACKLOG|best|profit=2603151|weight=5203170
PACKLOG|call=266|tour_len=435|end_dist=7337287
PACKLOG|try=0|th=0.020201127|de=0.479408017|ga=0.500390856
PACKLOG|try=0|profit=2176084|weight=4349367
PACKLOG|try=1|th=0.416346222|de=0.476012804|ga=0.107640975
PACKLOG|try=1|profit=2176084|weight=4349367
PACKLOG|best|profit=2176084|weight=4349367
PACKLOG|call=267|tour_len=793|end_dist=18714417
PACKLOG|try=0|th=0.385635391|de=0.553339636|ga=0.061024973
PACKLOG|try=0|profit=3915951|weight=6847460
PACKLOG|try=1|th=0.120727500|de=0.596179546|ga=0.283092954
PACKLOG|try=1|profit=3901998|weight=7014138
PACKLOG|best|profit=3915951|weight=6847460
PACKLOG|call=268|tour_len=549|end_dist=10459806
PACKLOG|try=0|th=0.220570516|de=0.348216214|ga=0.431213270
PACKLOG|try=0|profit=2756867|weight=5494490
PACKLOG|try=1|th=0.320032061|de=0.311184146|ga=0.368783793
PACKLOG|try=1|profit=2756867|weight=5494490
PACKLOG|best|profit=2756867|weight=5494490
PACKLOG|call=269|tour_len=573|end_dist=9904191
PACKLOG|try=0|th=0.407859138|de=0.146780173|ga=0.445360689
PACKLOG|try=0|profit=2869327|weight=5735595
PACKLOG|try=1|th=0.607071186|de=0.221137018|ga=0.171791796
PACKLOG|try=1|profit=2869327|weight=5735595
PACKLOG|best|profit=2869327|weight=5735595
PACKLOG|call=270|tour_len=412|end_dist=7984284
PACKLOG|try=0|th=0.034358553|de=0.488692970|ga=0.476948476
PACKLOG|try=0|profit=2047750|weight=4118406
PACKLOG|try=1|th=0.312682176|de=0.270557145|ga=0.416760679
PACKLOG|try=1|profit=2047750|weight=4118406
PACKLOG|best|profit=2047750|weight=4118406
PACKLOG|call=271|tour_len=516|end_dist=9422262
PACKLOG|try=0|th=0.126255962|de=0.376145012|ga=0.497599026
PACKLOG|try=0|profit=2594998|weight=5163028
PACKLOG|try=1|th=0.139378792|de=0.362803327|ga=0.497817881
PACKLOG|try=1|profit=2594998|weight=5163028
PACKLOG|best|profit=2594998|weight=5163028
PACKLOG|call=272|tour_len=275|end_dist=4805223
PACKLOG|try=0|th=0.178583965|de=0.455271744|ga=0.366144291
PACKLOG|try=0|profit=1355695|weight=2742065
PACKLOG|try=1|th=0.192917679|de=0.463967000|ga=0.343115321
PACKLOG|try=1|profit=1355695|weight=2742065
PACKLOG|best|profit=1355695|weight=2742065
PACKLOG|call=273|tour_len=579|end_dist=10959200
PACKLOG|try=0|th=0.509878505|de=0.365799707|ga=0.124321788
PACKLOG|try=0|profit=2889856|weight=5795991
PACKLOG|try=1|th=0.351849309|de=0.497116295|ga=0.151034396
PACKLOG|try=1|profit=2889856|weight=5795991
PACKLOG|best|profit=2889856|weight=5795991
PACKLOG|call=274|tour_len=341|end_dist=6561793
PACKLOG|try=0|th=0.100991339|de=0.763762693|ga=0.135245968
PACKLOG|try=0|profit=1712505|weight=3405170
PACKLOG|try=1|th=0.320891529|de=0.100360422|ga=0.578748049
PACKLOG|try=1|profit=1712505|weight=3405170
PACKLOG|best|profit=1712505|weight=3405170
PACKLOG|call=275|tour_len=334|end_dist=5126318
PACKLOG|try=0|th=0.227045719|de=0.322935718|ga=0.450018563
PACKLOG|try=0|profit=1677674|weight=3334814
PACKLOG|try=1|th=0.401849130|de=0.228770338|ga=0.369380532
PACKLOG|try=1|profit=1677674|weight=3334814
PACKLOG|best|profit=1677674|weight=3334814
PACKLOG|call=276|tour_len=558|end_dist=11123616
PACKLOG|try=0|th=0.132327778|de=0.448461240|ga=0.419210982
PACKLOG|try=0|profit=2785156|weight=5585007
PACKLOG|try=1|th=0.269336278|de=0.064656435|ga=0.666007286
PACKLOG|try=1|profit=2785156|weight=5585007
PACKLOG|best|profit=2785156|weight=5585007
PACKLOG|call=277|tour_len=429|end_dist=7627446
PACKLOG|try=0|th=0.269678183|de=0.496997826|ga=0.233323991
PACKLOG|try=0|profit=2137106|weight=4289055
PACKLOG|try=1|th=0.350032649|de=0.523087536|ga=0.126879815
PACKLOG|try=1|profit=2137106|weight=4289055
PACKLOG|best|profit=2137106|weight=4289055
PACKLOG|call=278|tour_len=642|end_dist=12896958
PACKLOG|try=0|th=0.104099866|de=0.413398089|ga=0.482502045
PACKLOG|try=0|profit=3212957|weight=6428628
PACKLOG|try=1|th=0.111017624|de=0.406163879|ga=0.482818497
PACKLOG|try=1|profit=3212957|weight=6428628
PACKLOG|best|profit=3212957|weight=6428628
PACKLOG|call=279|tour_len=507|end_dist=9657612
PACKLOG|try=0|th=0.059804115|de=0.442484989|ga=0.497710897
PACKLOG|try=0|profit=2554401|weight=5072529
PACKLOG|try=1|th=0.092402342|de=0.906265151|ga=0.001332507
PACKLOG|try=1|profit=2554401|weight=5072529
PACKLOG|best|profit=2554401|weight=5072529
PACKLOG|call=280|tour_len=509|end_dist=9505573
PACKLOG|try=0|th=0.351000501|de=0.377002616|ga=0.271996883
PACKLOG|try=0|profit=2523253|weight=5092641
PACKLOG|try=1|th=0.422311768|de=0.223969100|ga=0.353719133
PACKLOG|try=1|profit=2523253|weight=5092641
PACKLOG|best|profit=2523253|weight=5092641
PACKLOG|call=281|tour_len=512|end_dist=9839770
PACKLOG|try=0|th=0.301921939|de=0.338052482|ga=0.360025579
PACKLOG|try=0|profit=2575708|weight=5122854
PACKLOG|try=1|th=0.198376300|de=0.418778813|ga=0.382844888
PACKLOG|try=1|profit=2575708|weight=5122854
PACKLOG|best|profit=2575708|weight=5122854
PACKLOG|call=282|tour_len=358|end_dist=6040542
PACKLOG|try=0|th=0.058651434|de=0.641334376|ga=0.300014191
PACKLOG|try=0|profit=1793921|weight=3576009
PACKLOG|try=1|th=0.247417098|de=0.594612048|ga=0.157970854
PACKLOG|try=1|profit=1793921|weight=3576009
PACKLOG|best|profit=1793921|weight=3576009
PACKLOG|call=283|tour_len=607|end_dist=11432941
PACKLOG|try=0|th=0.484955556|de=0.405278289|ga=0.109766155
PACKLOG|try=0|profit=3022483|weight=6077160
PACKLOG|try=1|th=0.171685164|de=0.051181343|ga=0.777133493
PACKLOG|try=1|profit=3022483|weight=6077160
PACKLOG|best|profit=3022483|weight=6077160
PACKLOG|call=284|tour_len=500|end_dist=9465775
PACKLOG|try=0|th=0.211388706|de=0.527549133|ga=0.261062160
PACKLOG|try=0|profit=2472891|weight=5002409
PACKLOG|try=1|th=0.093447674|de=0.009378461|ga=0.897173865
PACKLOG|try=1|profit=2472891|weight=5002409
PACKLOG|best|profit=2472891|weight=5002409
PACKLOG|call=285|tour_len=715|end_dist=14731735
PACKLOG|try=0|th=0.027558960|de=0.152452430|ga=0.819988610
PACKLOG|try=0|profit=3570239|weight=7162082
PACKLOG|try=1|th=0.343436975|de=0.375914886|ga=0.280648139
PACKLOG|try=1|profit=3570239|weight=7162082
PACKLOG|best|profit=3570239|weight=7162082
PACKLOG|call=286|tour_len=540|end_dist=10370869
PACKLOG|try=0|th=0.288424052|de=0.301590373|ga=0.409985575
PACKLOG|try=0|profit=2705547|weight=5404086
PACKLOG|try=1|th=0.176193843|de=0.303600977|ga=0.520205180
PACKLOG|try=1|profit=2705547|weight=5404086
PACKLOG|best|profit=2705547|weight=5404086
PACKLOG|call=287|tour_len=289|end_dist=4709952
PACKLOG|try=0|th=0.145971255|de=0.270125545|ga=0.583903199
PACKLOG|try=0|profit=1441146|weight=2882926
PACKLOG|try=1|th=0.269207477|de=0.656984318|ga=0.073808206
PACKLOG|try=1|profit=1441146|weight=2882926
PACKLOG|best|profit=1441146|weight=2882926
PACKLOG|call=288|tour_len=581|end_dist=11113747
PACKLOG|try=0|th=0.631877106|de=0.363665961|ga=0.004456932
PACKLOG|try=0|profit=2901423|weight=5815875
PACKLOG|try=1|th=0.788786680|de=0.115761756|ga=0.095451564
PACKLOG|try=1|profit=2901423|weight=5815875
PACKLOG|best|profit=2901423|weight=5815875
PACKLOG|call=289|tour_len=576|end_dist=14007498
PACKLOG|try=0|th=0.227506920|de=0.420959597|ga=0.351533483
PACKLOG|try=0|profit=2877709|weight=5765878
PACKLOG|try=1|th=0.497382024|de=0.318359837|ga=0.184258138
PACKLOG|try=1|profit=2877709|weight=5765878
PACKLOG|best|profit=2877709|weight=5765878
PACKLOG|call=290|tour_len=485|end_dist=8762761
PACKLOG|try=0|th=0.316273337|de=0.297837087|ga=0.385889575
PACKLOG|try=0|profit=2420646|weight=4851686
PACKLOG|try=1|th=0.151450750|de=0.416891243|ga=0.431658007
PACKLOG|try=1|profit=2420646|weight=4851686
PACKLOG|best|profit=2420646|weight=4851686
PACKLOG|call=291|tour_len=534|end_dist=11385875
PACKLOG|try=0|th=0.279071461|de=0.483196752|ga=0.237731786
PACKLOG|try=0|profit=2690276|weight=5343853
PACKLOG|try=1|th=0.084872244|de=0.554849403|ga=0.360278353
PACKLOG|try=1|profit=2690276|weight=5343853
PACKLOG|best|profit=2690276|weight=5343853
PACKLOG|call=292|tour_len=379|end_dist=6495633
PACKLOG|try=0|th=0.290859300|de=0.363492028|ga=0.345648673
PACKLOG|try=0|profit=1891748|weight=3787032
PACKLOG|try=1|th=0.462522276|de=0.486319136|ga=0.051158587
PACKLOG|try=1|profit=1891748|weight=3787032
PACKLOG|best|profit=1891748|weight=3787032
PACKLOG|call=293|tour_len=326|end_dist=6538159
PACKLOG|try=0|th=0.431006791|de=0.436869489|ga=0.132123720
PACKLOG|try=0|profit=1604834|weight=3254649
PACKLOG|try=1|th=0.330513577|de=0.417552095|ga=0.251934327
PACKLOG|try=1|profit=1604834|weight=3254649
PACKLOG|best|profit=1604834|weight=3254649
PACKLOG|call=294|tour_len=410|end_dist=7747806
PACKLOG|try=0|th=0.301731565|de=0.410297103|ga=0.287971332
PACKLOG|try=0|profit=2066218|weight=4098183
PACKLOG|try=1|th=0.133943434|de=0.295082218|ga=0.570974347
PACKLOG|try=1|profit=2066218|weight=4098183
PACKLOG|best|profit=2066218|weight=4098183
PACKLOG|call=295|tour_len=495|end_dist=8667147
PACKLOG|try=0|th=0.467803741|de=0.501647515|ga=0.030548744
PACKLOG|try=0|profit=2475511|weight=4952080
PACKLOG|try=1|th=0.543097547|de=0.182042783|ga=0.274859670
PACKLOG|try=1|profit=2475511|weight=4952080
PACKLOG|best|profit=2475511|weight=4952080
PACKLOG|call=296|tour_len=618|end_dist=11695593
PACKLOG|try=0|th=0.593347170|de=0.324902585|ga=0.081750245
PACKLOG|try=0|profit=3087568|weight=6187675
PACKLOG|try=1|th=0.687555665|de=0.146109040|ga=0.166335295
PACKLOG|try=1|profit=3087568|weight=6187675
PACKLOG|best|profit=3087568|weight=6187675
PACKLOG|call=297|tour_len=520|end_dist=10063306
PACKLOG|try=0|th=0.392325667|de=0.416507163|ga=0.191167169
PACKLOG|try=0|profit=2576755|weight=5203252
PACKLOG|try=1|th=0.795784342|de=0.094313650|ga=0.109902008
PACKLOG|try=1|profit=2576755|weight=5203252
PACKLOG|best|profit=2576755|weight=5203252
PACKLOG|call=298|tour_len=631|end_dist=13180508
PACKLOG|try=0|th=0.355985978|de=0.273755575|ga=0.370258446
PACKLOG|try=0|profit=3158498|weight=6318168
PACKLOG|try=1|th=0.422015705|de=0.444015793|ga=0.133968502
PACKLOG|try=1|profit=3158498|weight=6318168
PACKLOG|best|profit=3158498|weight=6318168
PACKLOG|call=299|tour_len=750|end_dist=16952579
PACKLOG|try=0|th=0.207891273|de=0.264219997|ga=0.527888730
PACKLOG|try=0|profit=3765285|weight=7513399
PACKLOG|try=1|th=0.453587914|de=0.333876340|ga=0.212535746
PACKLOG|try=1|profit=3765285|weight=7513399
PACKLOG|best|profit=3765285|weight=7513399
PACKLOG|call=300|tour_len=163|end_dist=2459603
PACKLOG|try=0|th=0.918328072|de=0.050758621|ga=0.030913307
PACKLOG|try=0|profit=806446|weight=1616998
PACKLOG|try=1|th=0.357436331|de=0.560869145|ga=0.081694524
PACKLOG|try=1|profit=806446|weight=1616998
PACKLOG|best|profit=806446|weight=1616998
PACKLOG|call=301|tour_len=810|end_dist=18301177
PACKLOG|try=0|th=0.596378897|de=0.200267269|ga=0.203353834
PACKLOG|try=0|profit=4020434|weight=7332739
PACKLOG|try=1|th=0.060731314|de=0.549207530|ga=0.390061156
PACKLOG|try=1|profit=3977100|weight=7471317
PACKLOG|best|profit=4020434|weight=7332739
PACKLOG|call=302|tour_len=824|end_dist=18462284
PACKLOG|try=0|th=0.179639289|de=0.381294504|ga=0.439066206
PACKLOG|try=0|profit=4073189|weight=7513508
PACKLOG|try=1|th=0.330593237|de=0.088596122|ga=0.580810641
PACKLOG|try=1|profit=4079220|weight=7498491
PACKLOG|best|profit=4079220|weight=7498491
PACKLOG|call=303|tour_len=233|end_dist=3644829
PACKLOG|try=0|th=0.370619588|de=0.404317465|ga=0.225062947
PACKLOG|try=0|profit=1170923|weight=2320177
PACKLOG|try=1|th=0.447811060|de=0.036868509|ga=0.515320431
PACKLOG|try=1|profit=1170923|weight=2320177
PACKLOG|best|profit=1170923|weight=2320177
PACKLOG|call=304|tour_len=525|end_dist=9255449
PACKLOG|try=0|th=0.365373349|de=0.573947355|ga=0.060679295
PACKLOG|try=0|profit=2635392|weight=5253407
PACKLOG|try=1|th=0.191519585|de=0.588543302|ga=0.219937113
PACKLOG|try=1|profit=2635392|weight=5253407
PACKLOG|best|profit=2635392|weight=5253407
PACKLOG|call=305|tour_len=287|end_dist=4737585
PACKLOG|try=0|th=0.447837925|de=0.520110197|ga=0.032051878
PACKLOG|try=0|profit=1426638|weight=2862720
PACKLOG|try=1|th=0.060184698|de=0.806974948|ga=0.132840355
PACKLOG|try=1|profit=1426638|weight=2862720
PACKLOG|best|profit=1426638|weight=2862720
PACKLOG|call=306|tour_len=422|end_dist=7507550
PACKLOG|try=0|th=0.395208615|de=0.342564307|ga=0.262227078
PACKLOG|try=0|profit=2077196|weight=4218997
PACKLOG|try=1|th=0.086800250|de=0.252924982|ga=0.660274768
PACKLOG|try=1|profit=2077196|weight=4218997
PACKLOG|best|profit=2077196|weight=4218997
PACKLOG|call=307|tour_len=319|end_dist=5513372
PACKLOG|try=0|th=0.375532213|de=0.343217604|ga=0.281250183
PACKLOG|try=0|profit=1595722|weight=3184173
PACKLOG|try=1|th=0.042899756|de=0.639450716|ga=0.317649529
PACKLOG|try=1|profit=1595722|weight=3184173
PACKLOG|best|profit=1595722|weight=3184173
PACKLOG|call=308|tour_len=508|end_dist=9292556
PACKLOG|try=0|th=0.202226886|de=0.391399279|ga=0.406373835
PACKLOG|try=0|profit=2550285|weight=5082658
PACKLOG|try=1|th=0.013990260|de=0.572483117|ga=0.413526623
PACKLOG|try=1|profit=2550285|weight=5082658
PACKLOG|best|profit=2550285|weight=5082658
PACKLOG|call=309|tour_len=550|end_dist=10607174
PACKLOG|try=0|th=0.031420759|de=0.603470771|ga=0.365108469
PACKLOG|try=0|profit=2766656|weight=5504528
PACKLOG|try=1|th=0.180629214|de=0.529862826|ga=0.289507960
PACKLOG|try=1|profit=2766656|weight=5504528
PACKLOG|best|profit=2766656|weight=5504528
PACKLOG|call=310|tour_len=544|end_dist=10720039
PACKLOG|try=0|th=0.676053951|de=0.102019789|ga=0.221926260
PACKLOG|try=0|profit=2732706|weight=5444206
PACKLOG|try=1|th=0.770373348|de=0.185132400|ga=0.044494252
PACKLOG|try=1|profit=2732706|weight=5444206
PACKLOG|best|profit=2732706|weight=5444206
PACKLOG|call=311|tour_len=728|end_dist=15214615
PACKLOG|try=0|th=0.534043963|de=0.020630754|ga=0.445325283
PACKLOG|try=0|profit=3628141|weight=7292683
PACKLOG|try=1|th=0.306341061|de=0.234127371|ga=0.459531568
PACKLOG|try=1|profit=3628141|weight=7292683
PACKLOG|best|profit=3628141|weight=7292683
PACKLOG|call=312|tour_len=591|end_dist=11654183
PACKLOG|try=0|th=0.287482873|de=0.436281734|ga=0.276235394
PACKLOG|try=0|profit=2959041|weight=5916635
PACKLOG|try=1|th=0.240669470|de=0.356224113|ga=0.403106418
PACKLOG|try=1|profit=2959041|weight=5916635
PACKLOG|best|profit=2959041|weight=5916635
PACKLOG|call=313|tour_len=497|end_dist=8744565
PACKLOG|try=0|th=0.448546225|de=0.213275174|ga=0.338178601
PACKLOG|try=0|profit=2479715|weight=4972275
PACKLOG|try=1|th=0.413502146|de=0.335758243|ga=0.250739611
PACKLOG|try=1|profit=2479715|weight=4972275
PACKLOG|best|profit=2479715|weight=4972275
PACKLOG|call=314|tour_len=364|end_dist=6264801
PACKLOG|try=0|th=0.456699871|de=0.189551784|ga=0.353748346
PACKLOG|try=0|profit=1810983|weight=3636308
PACKLOG|try=1|th=0.283495900|de=0.332662013|ga=0.383842087
PACKLOG|try=1|profit=1810983|weight=3636308
PACKLOG|best|profit=1810983|weight=3636308
PACKLOG|call=315|tour_len=405|end_dist=6869773
PACKLOG|try=0|th=0.508554293|de=0.290635673|ga=0.200810034
PACKLOG|try=0|profit=2044156|weight=4048125
PACKLOG|try=1|th=0.393414343|de=0.284154045|ga=0.322431612
PACKLOG|try=1|profit=2044156|weight=4048125
PACKLOG|best|profit=2044156|weight=4048125
PACKLOG|call=316|tour_len=951|end_dist=21438584
PACKLOG|try=0|th=0.090508982|de=0.395559497|ga=0.513931521
PACKLOG|try=0|profit=4032932|weight=7469212
PACKLOG|try=1|th=0.371569011|de=0.203966352|ga=0.424464637
PACKLOG|try=1|profit=4303534|weight=7086535
PACKLOG|best|profit=4303534|weight=7086535
PACKLOG|call=317|tour_len=274|end_dist=4681864
PACKLOG|try=0|th=0.087139652|de=0.251135874|ga=0.661724474
PACKLOG|try=0|profit=1361894|weight=2731929
PACKLOG|try=1|th=0.458212713|de=0.095213197|ga=0.446574090
PACKLOG|try=1|profit=1361894|weight=2731929
PACKLOG|best|profit=1361894|weight=2731929
PACKLOG|call=318|tour_len=484|end_dist=9545187
PACKLOG|try=0|th=0.400838267|de=0.313763306|ga=0.285398427
PACKLOG|try=0|profit=2424405|weight=4841683
PACKLOG|try=1|th=0.127947020|de=0.007213046|ga=0.864839934
PACKLOG|try=1|profit=2424405|weight=4841683
PACKLOG|best|profit=2424405|weight=4841683
PACKLOG|call=319|tour_len=306|end_dist=4956225
PACKLOG|try=0|th=0.381882140|de=0.230691777|ga=0.387426083
PACKLOG|try=0|profit=1524426|weight=3053517
PACKLOG|try=1|th=0.456395814|de=0.332364293|ga=0.211239892
PACKLOG|try=1|profit=1524426|weight=3053517
PACKLOG|best|profit=1524426|weight=3053517
PACKLOG|call=320|tour_len=561|end_dist=11205475
PACKLOG|try=0|th=0.072618408|de=0.228144238|ga=0.699237354
PACKLOG|try=0|profit=2809171|weight=5615014
PACKLOG|try=1|th=0.529197926|de=0.299846789|ga=0.170955285
PACKLOG|try=1|profit=2809171|weight=5615014
PACKLOG|best|profit=2809171|weight=5615014
PACKLOG|call=321|tour_len=599|end_dist=11459978
PACKLOG|try=0|th=0.235262647|de=0.400865748|ga=0.363871605
PACKLOG|try=0|profit=3009984|weight=5996784
PACKLOG|try=1|th=0.060467032|de=0.174495732|ga=0.765037236
PACKLOG|try=1|profit=3009984|weight=5996784
PACKLOG|best|profit=3009984|weight=5996784
PACKLOG|call=322|tour_len=552|end_dist=10591631
PACKLOG|try=0|th=0.402213563|de=0.432012421|ga=0.165774016
PACKLOG|try=0|profit=2775634|weight=5524569
PACKLOG|try=1|th=0.397073976|de=0.281692600|ga=0.321233424
PACKLOG|try=1|profit=2775634|weight=5524569
PACKLOG|best|profit=2775634|weight=5524569
PACKLOG|call=323|tour_len=200|end_dist=2982618
PACKLOG|try=0|th=0.448819167|de=0.038653278|ga=0.512527555
PACKLOG|try=0|profit=1001895|weight=1988677
PACKLOG|try=1|th=0.421634489|de=0.495064302|ga=0.083301209
PACKLOG|try=1|profit=1001895|weight=1988677
PACKLOG|best|profit=1001895|weight=1988677
PACKLOG|call=324|tour_len=557|end_dist=10457557
PACKLOG|try=0|th=0.036370740|de=0.472352641|ga=0.491276619
PACKLOG|try=0|profit=2792235|weight=5574878
PACKLOG|try=1|th=0.290478732|de=0.169590243|ga=0.539931026
PACKLOG|try=1|profit=2792235|weight=5574878
PACKLOG|best|profit=2792235|weight=5574878
PACKLOG|call=325|tour_len=633|end_dist=12262754
PACKLOG|try=0|th=0.517007561|de=0.285039414|ga=0.197953025
PACKLOG|try=0|profit=3141411|weight=6338524
PACKLOG|try=1|th=0.684494942|de=0.121955356|ga=0.193549702
PACKLOG|try=1|profit=3141411|weight=6338524
PACKLOG|best|profit=3141411|weight=6338524
PACKLOG|call=326|tour_len=414|end_dist=6966954
PACKLOG|try=0|th=0.613380333|de=0.058215287|ga=0.328404380
PACKLOG|try=0|profit=2071087|weight=4138426
PACKLOG|try=1|th=0.141122193|de=0.454091479|ga=0.404786328
PACKLOG|try=1|profit=2071087|weight=4138426
PACKLOG|best|profit=2071087|weight=4138426
PACKLOG|call=327|tour_len=486|end_dist=9674303
PACKLOG|try=0|th=0.302762241|de=0.365025896|ga=0.332211863
PACKLOG|try=0|profit=2407510|weight=4861669
PACKLOG|try=1|th=0.389811684|de=0.543181660|ga=0.067006656
PACKLOG|try=1|profit=2407510|weight=4861669
PACKLOG|best|profit=2407510|weight=4861669
PACKLOG|call=328|tour_len=676|end_dist=13627119
PACKLOG|try=0|th=0.241158511|de=0.189630460|ga=0.569211029
PACKLOG|try=0|profit=3372860|weight=6770263
PACKLOG|try=1|th=0.541256402|de=0.381858926|ga=0.076884672
PACKLOG|try=1|profit=3372860|weight=6770263
PACKLOG|best|profit=3372860|weight=6770263
PACKLOG|call=329|tour_len=517|end_dist=10410094
PACKLOG|try=0|th=0.149589916|de=0.433276338|ga=0.417133746
PACKLOG|try=0|profit=2598832|weight=5173153
PACKLOG|try=1|th=0.115018440|de=0.626499183|ga=0.258482377
PACKLOG|try=1|profit=2598832|weight=5173153
PACKLOG|best|profit=2598832|weight=5173153
PACKLOG|call=330|tour_len=453|end_dist=8395628
PACKLOG|try=0|th=0.402023356|de=0.012820995|ga=0.585155649
PACKLOG|try=0|profit=2282293|weight=4530112
PACKLOG|try=1|th=0.257116851|de=0.735249399|ga=0.007633750
PACKLOG|try=1|profit=2282293|weight=4530112
PACKLOG|best|profit=2282293|weight=4530112
PACKLOG|call=331|tour_len=617|end_dist=11666313
PACKLOG|try=0|th=0.008572544|de=0.747254729|ga=0.244172727
PACKLOG|try=0|profit=3085805|weight=6177666
PACKLOG|try=1|th=0.383634436|de=0.436687245|ga=0.179678319
PACKLOG|try=1|profit=3085805|weight=6177666
PACKLOG|best|profit=3085805|weight=6177666
PACKLOG|call=332|tour_len=331|end_dist=5902920
PACKLOG|try=0|th=0.329257117|de=0.423470184|ga=0.247272700
PACKLOG|try=0|profit=1647273|weight=3304859
PACKLOG|try=1|th=0.314761261|de=0.102429629|ga=0.582809109
PACKLOG|try=1|profit=1647273|weight=3304859
PACKLOG|best|profit=1647273|weight=3304859
PACKLOG|call=333|tour_len=524|end_dist=10606912
PACKLOG|try=0|th=0.439509323|de=0.222606582|ga=0.337884095
PACKLOG|try=0|profit=2632490|weight=5243401
PACKLOG|try=1|th=0.403259816|de=0.455717076|ga=0.141023108
PACKLOG|try=1|profit=2632490|weight=5243401
PACKLOG|best|profit=2632490|weight=5243401
PACKLOG|call=334|tour_len=417|end_dist=7085024
PACKLOG|try=0|th=0.453385338|de=0.215842248|ga=0.330772413
PACKLOG|try=0|profit=2096098|weight=4168628
PACKLOG|try=1|th=0.215834469|de=0.530159318|ga=0.254006213
PACKLOG|try=1|profit=2096098|weight=4168628
PACKLOG|best|profit=2096098|weight=4168628
PACKLOG|call=335|tour_len=559|end_dist=10703437
PACKLOG|try=0|th=0.094324524|de=0.611156022|ga=0.294519454
PACKLOG|try=0|profit=2771186|weight=5595029
PACKLOG|try=1|th=0.052067423|de=0.009090825|ga=0.938841751
PACKLOG|try=1|profit=2771186|weight=5595029
PACKLOG|best|profit=2771186|weight=5595029
PACKLOG|call=336|tour_len=447|end_dist=8355658
PACKLOG|try=0|th=0.160511505|de=0.434014536|ga=0.405473959
PACKLOG|try=0|profit=2239534|weight=4469852
PACKLOG|try=1|th=0.168951275|de=0.416271003|ga=0.414777722
PACKLOG|try=1|profit=2239534|weight=4469852
PACKLOG|best|profit=2239534|weight=4469852
PACKLOG|call=337|tour_len=290|end_dist=4435474
PACKLOG|try=0|th=0.390774983|de=0.320145417|ga=0.289079600
PACKLOG|try=0|profit=1447554|weight=2892913
PACKLOG|try=1|th=0.495922815|de=0.345373969|ga=0.158703216
PACKLOG|try=1|profit=1447554|weight=2892913
PACKLOG|best|profit=1447554|weight=2892913
PACKLOG|call=338|tour_len=554|end_dist=10105975
PACKLOG|try=0|th=0.116569095|de=0.701451465|ga=0.181979440
PACKLOG|try=0|profit=2769161|weight=5544738
PACKLOG|try=1|th=0.051802818|de=0.764256275|ga=0.183940907
PACKLOG|try=1|profit=2769161|weight=5544738
PACKLOG|best|profit=2769161|weight=5544738
PACKLOG|call=339|tour_len=597|end_dist=11274165
PACKLOG|try=0|th=0.581453769|de=0.303026433|ga=0.115519798
PACKLOG|try=0|profit=2972835|weight=5976776
PACKLOG|try=1|th=0.503568684|de=0.447339338|ga=0.049091978
PACKLOG|try=1|profit=2972835|weight=5976776
PACKLOG|best|profit=2972835|weight=5976776
PACKLOG|call=340|tour_len=413|end_dist=7476020
PACKLOG|try=0|th=0.108006598|de=0.310484668|ga=0.581508735
PACKLOG|try=0|profit=2068847|weight=4128369
PACKLOG|try=1|th=0.102684436|de=0.074345885|ga=0.822969679
PACKLOG|try=1|profit=2068847|weight=4128369
PACKLOG|best|profit=2068847|weight=4128369
PACKLOG|call=341|tour_len=470|end_dist=8074529
PACKLOG|try=0|th=0.474708436|de=0.203179918|ga=0.322111646
PACKLOG|try=0|profit=2359612|weight=4700900
PACKLOG|try=1|th=0.274723167|de=0.334747284|ga=0.390529549
PACKLOG|try=1|profit=2359612|weight=4700900
PACKLOG|best|profit=2359612|weight=4700900
PACKLOG|call=342|tour_len=493|end_dist=9273151
PACKLOG|try=0|th=0.000994383|de=0.128709755|ga=0.870295861
PACKLOG|try=0|profit=2464203|weight=4931813
PACKLOG|try=1|th=0.148905207|de=0.258564123|ga=0.592530669
PACKLOG|try=1|profit=2464203|weight=4931813
PACKLOG|best|profit=2464203|weight=4931813
PACKLOG|call=343|tour_len=492|end_dist=9060278
PACKLOG|try=0|th=0.350603372|de=0.427512126|ga=0.221884503
PACKLOG|try=0|profit=2458982|weight=4921914
PACKLOG|try=1|th=0.494906249|de=0.218116339|ga=0.286977413
PACKLOG|try=1|profit=2458982|weight=4921914
PACKLOG|best|profit=2458982|weight=4921914
PACKLOG|call=344|tour_len=309|end_dist=4944848
PACKLOG|try=0|th=0.450437046|de=0.204354465|ga=0.345208489
PACKLOG|try=0|profit=1548680|weight=3083861
PACKLOG|try=1|th=0.287211127|de=0.294015374|ga=0.418773499
PACKLOG|try=1|profit=1548680|weight=3083861
PACKLOG|best|profit=1548680|weight=3083861
PACKLOG|call=345|tour_len=538|end_dist=10477346
PACKLOG|try=0|th=0.407586259|de=0.096556429|ga=0.495857312
PACKLOG|try=0|profit=2696061|weight=5384011
PACKLOG|try=1|th=0.221116103|de=0.133157072|ga=0.645726824
PACKLOG|try=1|profit=2696061|weight=5384011
PACKLOG|best|profit=2696061|weight=5384011
PACKLOG|call=346|tour_len=467|end_dist=8160770
PACKLOG|try=0|th=0.003703894|de=0.837294432|ga=0.159001674
PACKLOG|try=0|profit=2340708|weight=4670855
PACKLOG|try=1|th=0.120988095|de=0.506788299|ga=0.372223606
PACKLOG|try=1|profit=2340708|weight=4670855
PACKLOG|best|profit=2340708|weight=4670855
PACKLOG|call=347|tour_len=307|end_dist=4736233
PACKLOG|try=0|th=0.287102403|de=0.396209563|ga=0.316688034
PACKLOG|try=0|profit=1533334|weight=3063511
PACKLOG|try=1|th=0.474057119|de=0.365004126|ga=0.160938755
PACKLOG|try=1|profit=1533334|weight=3063511
PACKLOG|best|profit=1533334|weight=3063511
PACKLOG|call=348|tour_len=461|end_dist=8045708
PACKLOG|try=0|th=0.301850702|de=0.524799420|ga=0.173349878
PACKLOG|try=0|profit=2307141|weight=4610616
PACKLOG|try=1|th=0.333976474|de=0.408489038|ga=0.257534488
PACKLOG|try=1|profit=2307141|weight=4610616
PACKLOG|best|profit=2307141|weight=4610616
PACKLOG|call=349|tour_len=632|end_dist=12426821
PACKLOG|try=0|th=0.465427369|de=0.317414905|ga=0.217157726
PACKLOG|try=0|profit=3143635|weight=6328312
PACKLOG|try=1|th=0.194344737|de=0.724307493|ga=0.081347771
PACKLOG|try=1|profit=3143635|weight=6328312
PACKLOG|best|profit=3143635|weight=6328312
PACKLOG|call=350|tour_len=598|end_dist=12275654
PACKLOG|try=0|th=0.469404097|de=0.076803371|ga=0.453792533
PACKLOG|try=0|profit=2994405|weight=5986588
PACKLOG|try=1|th=0.154198380|de=0.469889555|ga=0.375912065
PACKLOG|try=1|profit=2994405|weight=5986588
PACKLOG|best|profit=2994405|weight=5986588
PACKLOG|call=351|tour_len=634|end_dist=11428108
PACKLOG|try=0|th=0.001793708|de=0.363983358|ga=0.634222934
PACKLOG|try=0|profit=3166176|weight=6348345
PACKLOG|try=1|th=0.589069634|de=0.074519769|ga=0.336410597
PACKLOG|try=1|profit=3166176|weight=6348345
PACKLOG|best|profit=3166176|weight=6348345
PACKLOG|call=352|tour_len=456|end_dist=8291864
PACKLOG|try=0|th=0.624926976|de=0.052421609|ga=0.322651415
PACKLOG|try=0|profit=2276219|weight=4560236
PACKLOG|try=1|th=0.463334273|de=0.022342445|ga=0.514323283
PACKLOG|try=1|profit=2276219|weight=4560236
PACKLOG|best|profit=2276219|weight=4560236
PACKLOG|call=353|tour_len=559|end_dist=10706520
PACKLOG|try=0|th=0.340304721|de=0.378663137|ga=0.281032141
PACKLOG|try=0|profit=2798589|weight=5595106
PACKLOG|try=1|th=0.559133463|de=0.137573095|ga=0.303293442
PACKLOG|try=1|profit=2798589|weight=5595106
PACKLOG|best|profit=2798589|weight=5595106
PACKLOG|call=354|tour_len=520|end_dist=10451884
PACKLOG|try=0|th=0.507644028|de=0.027071965|ga=0.465284007
PACKLOG|try=0|profit=2614213|weight=5203277
PACKLOG|try=1|th=0.052930119|de=0.398035963|ga=0.549033919
PACKLOG|try=1|profit=2614213|weight=5203277
PACKLOG|best|profit=2614213|weight=5203277
PACKLOG|call=355|tour_len=501|end_dist=8837145
PACKLOG|try=0|th=0.003562143|de=0.477357655|ga=0.519080203
PACKLOG|try=0|profit=2488678|weight=5012307
PACKLOG|try=1|th=0.312554266|de=0.367931559|ga=0.319514175
PACKLOG|try=1|profit=2488678|weight=5012307
PACKLOG|best|profit=2488678|weight=5012307
PACKLOG|call=356|tour_len=586|end_dist=11899247
PACKLOG|try=0|th=0.393281864|de=0.221084076|ga=0.385634059
PACKLOG|try=0|profit=2916411|weight=5866237
PACKLOG|try=1|th=0.373712025|de=0.419183872|ga=0.207104102
PACKLOG|try=1|profit=2916411|weight=5866237
PACKLOG|best|profit=2916411|weight=5866237
PACKLOG|call=357|tour_len=631|end_dist=12955141
PACKLOG|try=0|th=0.256611045|de=0.285524799|ga=0.457864156
PACKLOG|try=0|profit=3162602|weight=6318141
PACKLOG|try=1|th=0.284565739|de=0.432678928|ga=0.282755332
PACKLOG|try=1|profit=3162602|weight=6318141
PACKLOG|best|profit=3162602|weight=6318141
PACKLOG|call=358|tour_len=839|end_dist=19729502
PACKLOG|try=0|th=0.151057889|de=0.223799932|ga=0.625142179
PACKLOG|try=0|profit=3972197|weight=7160075
PACKLOG|try=1|th=0.336072805|de=0.456476044|ga=0.207451151
PACKLOG|try=1|profit=4046975|weight=6964294
PACKLOG|best|profit=4046975|weight=6964294
PACKLOG|call=359|tour_len=556|end_dist=9665838
PACKLOG|try=0|th=0.506653016|de=0.414971892|ga=0.078375092
PACKLOG|try=0|profit=2785224|weight=5564886
PACKLOG|try=1|th=0.071482884|de=0.520292479|ga=0.408224637
PACKLOG|try=1|profit=2785224|weight=5564886
PACKLOG|best|profit=2785224|weight=5564886
PACKLOG|call=360|tour_len=346|end_dist=6019120
PACKLOG|try=0|th=0.480302814|de=0.109244660|ga=0.410452526
PACKLOG|try=0|profit=1741597|weight=3455395
PACKLOG|try=1|th=0.805830627|de=0.015830214|ga=0.178339159
PACKLOG|try=1|profit=1741597|weight=3455395
PACKLOG|best|profit=1741597|weight=3455395
PACKLOG|call=361|tour_len=434|end_dist=7360265
PACKLOG|try=0|th=0.575257835|de=0.041278946|ga=0.383463220
PACKLOG|try=0|profit=2192894|weight=4339329
PACKLOG|try=1|th=0.590566174|de=0.291694447|ga=0.117739379
PACKLOG|try=1|profit=2192894|weight=4339329
PACKLOG|best|profit=2192894|weight=4339329
PACKLOG|call=362|tour_len=329|end_dist=5297035
PACKLOG|try=0|th=0.004629334|de=0.532404431|ga=0.462966236
PACKLOG|try=0|profit=1634842|weight=3284597
PACKLOG|try=1|th=0.233604320|de=0.157761759|ga=0.608633920
PACKLOG|try=1|profit=1634842|weight=3284597
PACKLOG|best|profit=1634842|weight=3284597
PACKLOG|call=363|tour_len=411|end_dist=7657389
PACKLOG|try=0|th=0.361596058|de=0.346070935|ga=0.292333007
PACKLOG|try=0|profit=2056633|weight=4108389
PACKLOG|try=1|th=0.296874823|de=0.344495527|ga=0.358629649
PACKLOG|try=1|profit=2056633|weight=4108389
PACKLOG|best|profit=2056633|weight=4108389
PACKLOG|call=364|tour_len=479|end_dist=8517977
PACKLOG|try=0|th=0.068944603|de=0.422662891|ga=0.508392506
PACKLOG|try=0|profit=2401069|weight=4791426
PACKLOG|try=1|th=0.317449428|de=0.534912657|ga=0.147637914
PACKLOG|try=1|profit=2401069|weight=4791426
PACKLOG|best|profit=2401069|weight=4791426
PACKLOG|call=365|tour_len=613|end_dist=12267105
PACKLOG|try=0|th=0.100062981|de=0.615520294|ga=0.284416725
PACKLOG|try=0|profit=3059936|weight=6137576
PACKLOG|try=1|th=0.548031688|de=0.103147845|ga=0.348820467
PACKLOG|try=1|profit=3059936|weight=6137576
PACKLOG|best|profit=3059936|weight=6137576
PACKLOG|call=366|tour_len=675|end_dist=13461952
PACKLOG|try=0|th=0.431075838|de=0.056429809|ga=0.512494353
PACKLOG|try=0|profit=3370661|weight=6760354
PACKLOG|try=1|th=0.191657816|de=0.535699227|ga=0.272642957
PACKLOG|try=1|profit=3370661|weight=6760354
PACKLOG|best|profit=3370661|weight=6760354
PACKLOG|call=367|tour_len=306|end_dist=5005171
PACKLOG|try=0|th=0.419496189|de=0.300767352|ga=0.279736458
PACKLOG|try=0|profit=1528135|weight=3053585
PACKLOG|try=1|th=0.041300033|de=0.615845245|ga=0.342854722
PACKLOG|try=1|profit=1528135|weight=3053585
PACKLOG|best|profit=1528135|weight=3053585
PACKLOG|call=368|tour_len=390|end_dist=6489925
PACKLOG|try=0|th=0.291922193|de=0.266692566|ga=0.441385241
PACKLOG|try=0|profit=1952599|weight=3897390
PACKLOG|try=1|th=0.607506036|de=0.064635373|ga=0.327858592
PACKLOG|try=1|profit=1952599|weight=3897390
PACKLOG|best|profit=1952599|weight=3897390
PACKLOG|call=369|tour_len=337|end_dist=5186343
PACKLOG|try=0|th=0.385227792|de=0.226335584|ga=0.388436624
PACKLOG|try=0|profit=1691750|weight=3364799
PACKLOG|try=1|th=0.076730775|de=0.104926176|ga=0.818343049
PACKLOG|try=1|profit=1691750|weight=3364799
PACKLOG|best|profit=1691750|weight=3364799
PACKLOG|call=370|tour_len=729|end_dist=16393827
PACKLOG|try=0|th=0.522194414|de=0.467170209|ga=0.010635376
PACKLOG|try=0|profit=3664117|weight=7302444
PACKLOG|try=1|th=0.222836012|de=0.281993530|ga=0.495170458
PACKLOG|try=1|profit=3664117|weight=7302444
PACKLOG|best|profit=3664117|weight=7302444
PACKLOG|call=371|tour_len=738|end_dist=16513005
PACKLOG|try=0|th=0.227665130|de=0.396594078|ga=0.375740792
PACKLOG|try=0|profit=3708390|weight=7392962
PACKLOG|try=1|th=0.010404092|de=0.057599319|ga=0.931996589
PACKLOG|try=1|profit=3708390|weight=7392962
PACKLOG|best|profit=3708390|weight=7392962
PACKLOG|call=372|tour_len=558|end_dist=10568464
PACKLOG|try=0|th=0.174792653|de=0.466428787|ga=0.358778561
PACKLOG|try=0|profit=2777144|weight=5584867
PACKLOG|try=1|th=0.070745627|de=0.185216928|ga=0.744037445
PACKLOG|try=1|profit=2777144|weight=5584867
PACKLOG|best|profit=2777144|weight=5584867
PACKLOG|call=373|tour_len=375|end_dist=6005662
PACKLOG|try=0|th=0.396862167|de=0.503366605|ga=0.099771228
PACKLOG|try=0|profit=1875896|weight=3746674
PACKLOG|try=1|th=0.516780801|de=0.316544302|ga=0.166674897
PACKLOG|try=1|profit=1875896|weight=3746674
PACKLOG|best|profit=1875896|weight=3746674
PACKLOG|call=374|tour_len=401|end_dist=6581416
PACKLOG|try=0|th=0.503453245|de=0.481037499|ga=0.015509257
PACKLOG|try=0|profit=2029960|weight=4007795
PACKLOG|try=1|th=0.449155391|de=0.364335712|ga=0.186508897
PACKLOG|try=1|profit=2029960|weight=4007795
PACKLOG|best|profit=2029960|weight=4007795
PACKLOG|call=375|tour_len=504|end_dist=10166084
PACKLOG|try=0|th=0.553951337|de=0.201208287|ga=0.244840376
PACKLOG|try=0|profit=2521108|weight=5042544
PACKLOG|try=1|th=0.253067465|de=0.449173430|ga=0.297759106
PACKLOG|try=1|profit=2521108|weight=5042544
PACKLOG|best|profit=2521108|weight=5042544
PACKLOG|call=376|tour_len=469|end_dist=9026364
PACKLOG|try=0|th=0.220436669|de=0.449229958|ga=0.330333373
PACKLOG|try=0|profit=2355141|weight=4690854
PACKLOG|try=1|th=0.310726568|de=0.332118741|ga=0.357154690
PACKLOG|try=1|profit=2355141|weight=4690854
PACKLOG|best|profit=2355141|weight=4690854
PACKLOG|call=377|tour_len=405|end_dist=7461118
PACKLOG|try=0|th=0.383460222|de=0.549735417|ga=0.066804361
PACKLOG|try=0|profit=2041336|weight=4047951
PACKLOG|try=1|th=0.084965714|de=0.093620252|ga=0.821414034
PACKLOG|try=1|profit=2041336|weight=4047951
PACKLOG|best|profit=2041336|weight=4047951
PACKLOG|call=378|tour_len=441|end_dist=7730744
PACKLOG|try=0|th=0.198428816|de=0.159000626|ga=0.642570558
PACKLOG|try=0|profit=2212020|weight=4409593
PACKLOG|try=1|th=0.306463160|de=0.361103718|ga=0.332433121
PACKLOG|try=1|profit=2212020|weight=4409593
PACKLOG|best|profit=2212020|weight=4409593
PACKLOG|call=379|tour_len=704|end_dist=14473082
PACKLOG|try=0|th=0.579491537|de=0.172169693|ga=0.248338769
PACKLOG|try=0|profit=3532962|weight=7051542
PACKLOG|try=1|th=0.463629710|de=0.208151312|ga=0.328218978
PACKLOG|try=1|profit=3532962|weight=7051542
PACKLOG|best|profit=3532962|weight=7051542
PACKLOG|call=380|tour_len=529|end_dist=10263039
PACKLOG|try=0|th=0.439441475|de=0.190066154|ga=0.370492371
PACKLOG|try=0|profit=2657226|weight=5293614
PACKLOG|try=1|th=0.168742442|de=0.565141296|ga=0.266116262
PACKLOG|try=1|profit=2657226|weight=5293614
PACKLOG|best|profit=2657226|weight=5293614
PACKLOG|call=381|tour_len=563|end_dist=11290095
PACKLOG|try=0|th=0.327830000|de=0.243089253|ga=0.429080747
PACKLOG|try=0|profit=2825424|weight=5635118
PACKLOG|try=1|th=0.626224751|de=0.259638670|ga=0.114136579
PACKLOG|try=1|profit=2825424|weight=5635118
PACKLOG|best|profit=2825424|weight=5635118
PACKLOG|call=382|tour_len=867|end_dist=21063776
PACKLOG|try=0|th=0.560143044|de=0.124404326|ga=0.315452630
PACKLOG|try=0|profit=3968029|weight=6237008
PACKLOG|try=1|th=0.460465575|de=0.350250703|ga=0.189283723
PACKLOG|try=1|profit=3965306|weight=6176691
PACKLOG|best|profit=3968029|weight=6237008
PACKLOG|call=383|tour_len=664|end_dist=13175963
PACKLOG|try=0|th=0.396445289|de=0.366741577|ga=0.236813134
PACKLOG|try=0|profit=3296960|weight=6649717
PACKLOG|try=1|th=0.561332251|de=0.333400759|ga=0.105266991
PACKLOG|try=1|profit=3296960|weight=6649717
PACKLOG|best|profit=3296960|weight=6649717
PACKLOG|call=384|tour_len=565|end_dist=10709024
PACKLOG|try=0|th=0.278788017|de=0.687923422|ga=0.033288560
PACKLOG|try=0|profit=2842154|weight=5655231
PACKLOG|try=1|th=0.247678821|de=0.215120014|ga=0.537201164
PACKLOG|try=1|profit=2842154|weight=5655231
PACKLOG|best|profit=2842154|weight=5655231
PACKLOG|call=385|tour_len=420|end_dist=7772874
PACKLOG|try=0|th=0.150307847|de=0.296621091|ga=0.553071062
PACKLOG|try=0|profit=2111870|weight=4198589
PACKLOG|try=1|th=0.434063193|de=0.513557138|ga=0.052379668
PACKLOG|try=1|profit=2111870|weight=4198589
PACKLOG|best|profit=2111870|weight=4198589
PACKLOG|call=386|tour_len=595|end_dist=11599196
PACKLOG|try=0|th=0.408446940|de=0.131926032|ga=0.459627028
PACKLOG|try=0|profit=2991198|weight=5956599
PACKLOG|try=1|th=0.404133075|de=0.563687462|ga=0.032179464
PACKLOG|try=1|profit=2991198|weight=5956599
PACKLOG|best|profit=2991198|weight=5956599
PACKLOG|call=387|tour_len=410|end_dist=7346746
PACKLOG|try=0|th=0.417809849|de=0.160908797|ga=0.421281354
PACKLOG|try=0|profit=2068169|weight=4098211
PACKLOG|try=1|th=0.625941359|de=0.036266769|ga=0.337791871
PACKLOG|try=1|profit=2068169|weight=4098211
PACKLOG|best|profit=2068169|weight=4098211
PACKLOG|call=388|tour_len=570|end_dist=11752627
PACKLOG|try=0|th=0.018668658|de=0.508027209|ga=0.473304133
PACKLOG|try=0|profit=2850885|weight=5705364
PACKLOG|try=1|th=0.296239560|de=0.419121160|ga=0.284639280
PACKLOG|try=1|profit=2850885|weight=5705364
PACKLOG|best|profit=2850885|weight=5705364
PACKLOG|call=389|tour_len=621|end_dist=11974817
PACKLOG|try=0|th=0.206858163|de=0.526810543|ga=0.266331294
PACKLOG|try=0|profit=3097161|weight=6217894
PACKLOG|try=1|th=0.511135373|de=0.051585335|ga=0.437279292
PACKLOG|try=1|profit=3097161|weight=6217894
PACKLOG|best|profit=3097161|weight=6217894
PACKLOG|call=390|tour_len=640|end_dist=12556948
PACKLOG|try=0|th=0.260000376|de=0.333271991|ga=0.406727633
PACKLOG|try=0|profit=3186853|weight=6408813
PACKLOG|try=1|th=0.201714976|de=0.109091139|ga=0.689193885
PACKLOG|try=1|profit=3186853|weight=6408813
PACKLOG|best|profit=3186853|weight=6408813
PACKLOG|call=391|tour_len=499|end_dist=9039788
PACKLOG|try=0|th=0.018677988|de=0.389656750|ga=0.591665263
PACKLOG|try=0|profit=2503699|weight=4992181
PACKLOG|try=1|th=0.456110033|de=0.082228695|ga=0.461661272
PACKLOG|try=1|profit=2503699|weight=4992181
PACKLOG|best|profit=2503699|weight=4992181
PACKLOG|call=392|tour_len=452|end_dist=7987838
PACKLOG|try=0|th=0.188103752|de=0.471856804|ga=0.340039444
PACKLOG|try=0|profit=2264001|weight=4520095
PACKLOG|try=1|th=0.406712425|de=0.447186545|ga=0.146101030
PACKLOG|try=1|profit=2264001|weight=4520095
PACKLOG|best|profit=2264001|weight=4520095
PACKLOG|call=393|tour_len=615|end_dist=11156014
PACKLOG|try=0|th=0.475959867|de=0.003667851|ga=0.520372282
PACKLOG|try=0|profit=3044482|weight=6157451
PACKLOG|try=1|th=0.194668645|de=0.515733326|ga=0.289598030
PACKLOG|try=1|profit=3044482|weight=6157451
PACKLOG|best|profit=3044482|weight=6157451
PACKLOG|call=394|tour_len=442|end_dist=8969142
PACKLOG|try=0|th=0.186028093|de=0.483394784|ga=0.330577123
PACKLOG|try=0|profit=2205496|weight=4419818
PACKLOG|try=1|th=0.413259767|de=0.311449032|ga=0.275291201
PACKLOG|try=1|profit=2205496|weight=4419818
PACKLOG|best|profit=2205496|weight=4419818
PACKLOG|call=395|tour_len=456|end_dist=8575290
PACKLOG|try=0|th=0.236797193|de=0.367056051|ga=0.396146756
PACKLOG|try=0|profit=2289280|weight=4560452
PACKLOG|try=1|th=0.217250826|de=0.302674532|ga=0.480074642
PACKLOG|try=1|profit=2289280|weight=4560452
PACKLOG|best|profit=2289280|weight=4560452
PACKLOG|call=396|tour_len=489|end_dist=9685933
PACKLOG|try=0|th=0.229419438|de=0.328002145|ga=0.442578418
PACKLOG|try=0|profit=2462082|weight=4891849
PACKLOG|try=1|th=0.682566254|de=0.219794397|ga=0.097639349
PACKLOG|try=1|profit=2462082|weight=4891849
PACKLOG|best|profit=2462082|weight=4891849
PACKLOG|call=397|tour_len=427|end_dist=7104320
PACKLOG|try=0|th=0.640380086|de=0.162501646|ga=0.197118267
PACKLOG|try=0|profit=2139479|weight=4269071
PACKLOG|try=1|th=0.249831140|de=0.145195344|ga=0.604973516
PACKLOG|try=1|profit=2139479|weight=4269071
PACKLOG|best|profit=2139479|weight=4269071
PACKLOG|call=398|tour_len=317|end_dist=5346364
PACKLOG|try=0|th=0.268206699|de=0.141190041|ga=0.590603260
PACKLOG|try=0|profit=1585197|weight=3164102
PACKLOG|try=1|th=0.500450478|de=0.415815577|ga=0.083733945
PACKLOG|try=1|profit=1585197|weight=3164102
PACKLOG|best|profit=1585197|weight=3164102
PACKLOG|call=399|tour_len=432|end_dist=7979650
PACKLOG|try=0|th=0.343652005|de=0.423038092|ga=0.233309903
PACKLOG|try=0|profit=2155755|weight=4319236
PACKLOG|try=1|th=0.463732818|de=0.489545477|ga=0.046721705
PACKLOG|try=1|profit=2155755|weight=4319236
PACKLOG|best|profit=2155755|weight=4319236
PACKLOG|call=400|tour_len=446|end_dist=8526245
PACKLOG|try=0|th=0.098735871|de=0.662305245|ga=0.238958884
PACKLOG|try=0|profit=2245435|weight=4459874
PACKLOG|try=1|th=0.261549589|de=0.703152640|ga=0.035297771
PACKLOG|try=1|profit=2245435|weight=4459874
PACKLOG|best|profit=2245435|weight=4459874
PACKLOG|call=401|tour_len=442|end_dist=8411805
PACKLOG|try=0|th=0.350998080|de=0.164202669|ga=0.484799250
PACKLOG|try=0|profit=2210791|weight=4419838
PACKLOG|try=1|th=0.330386942|de=0.341490563|ga=0.328122495
PACKLOG|try=1|profit=2210791|weight=4419838
PACKLOG|best|profit=2210791|weight=4419838
PACKLOG|call=402|tour_len=840|end_dist=19013752
PACKLOG|try=0|th=0.308038176|de=0.073126922|ga=0.618834902
PACKLOG|try=0|profit=4113326|weight=7429308
PACKLOG|try=1|th=0.298400920|de=0.269513403|ga=0.432085677
PACKLOG|try=1|profit=4120152|weight=7408238
PACKLOG|best|profit=4120152|weight=7408238
PACKLOG|call=403|tour_len=685|end_dist=13734136
PACKLOG|try=0|th=0.096820169|de=0.350042888|ga=0.553136942
PACKLOG|try=0|profit=3414353|weight=6860764
PACKLOG|try=1|th=0.697571443|de=0.191475538|ga=0.110953019
PACKLOG|try=1|profit=3414353|weight=6860764
PACKLOG|best|profit=3414353|weight=6860764
PACKLOG|call=404|tour_len=265|end_dist=4058990
PACKLOG|try=0|th=0.009500472|de=0.362252169|ga=0.628247358
PACKLOG|try=0|profit=1334590|weight=2641814
PACKLOG|try=1|th=0.423882319|de=0.217033217|ga=0.359084464
PACKLOG|try=1|profit=1334590|weight=2641814
PACKLOG|best|profit=1334590|weight=2641814
PACKLOG|call=405|tour_len=348|end_dist=5803815
PACKLOG|try=0|th=0.127775735|de=0.300224857|ga=0.571999408
PACKLOG|try=0|profit=1746943|weight=3475437
PACKLOG|try=1|th=0.663213451|de=0.222116336|ga=0.114670213
PACKLOG|try=1|profit=1746943|weight=3475437
PACKLOG|best|profit=1746943|weight=3475437
PACKLOG|call=406|tour_len=618|end_dist=11895049
PACKLOG|try=0|th=0.117360259|de=0.521666622|ga=0.360973118
PACKLOG|try=0|profit=3089164|weight=6187740
PACKLOG|try=1|th=0.206611049|de=0.354516030|ga=0.438872920
PACKLOG|try=1|profit=3089164|weight=6187740
PACKLOG|best|profit=3089164|weight=6187740
PACKLOG|call=407|tour_len=874|end_dist=20556955
PACKLOG|try=0|th=0.675254599|de=0.037554279|ga=0.287191122
PACKLOG|try=0|profit=4079269|weight=6505151
PACKLOG|try=1|th=0.028607141|de=0.525554664|ga=0.445838195
PACKLOG|try=1|profit=3684130|weight=7172911
PACKLOG|best|profit=4079269|weight=6505151
PACKLOG|call=408|tour_len=281|end_dist=4596984
PACKLOG|try=0|th=0.142474011|de=0.145741216|ga=0.711784772
PACKLOG|try=0|profit=1413171|weight=2802555
PACKLOG|try=1|th=0.432400847|de=0.093567471|ga=0.474031681
PACKLOG|try=1|profit=1413171|weight=2802555
PACKLOG|best|profit=1413171|weight=2802555
PACKLOG|call=409|tour_len=513|end_dist=9576076
PACKLOG|try=0|th=0.756312853|de=0.075708552|ga=0.167978595
PACKLOG|try=0|profit=2563001|weight=5132865
PACKLOG|try=1|th=0.252939241|de=0.292360954|ga=0.454699806
PACKLOG|try=1|profit=2563001|weight=5132865
PACKLOG|best|profit=2563001|weight=5132865
PACKLOG|call=410|tour_len=490|end_dist=9916339
PACKLOG|try=0|th=0.485842554|de=0.353663289|ga=0.160494157
PACKLOG|try=0|profit=2461861|weight=4901759
PACKLOG|try=1|th=0.278621240|de=0.679781788|ga=0.041596972
PACKLOG|try=1|profit=2461861|weight=4901759
PACKLOG|best|profit=2461861|weight=4901759
PACKLOG|call=411|tour_len=544|end_dist=10692922
PACKLOG|try=0|th=0.425493078|de=0.389781203|ga=0.184725719
PACKLOG|try=0|profit=2729508|weight=5444232
PACKLOG|try=1|th=0.117853845|de=0.410542343|ga=0.471603812
PACKLOG|try=1|profit=2729508|weight=5444232
PACKLOG|best|profit=2729508|weight=5444232
PACKLOG|call=412|tour_len=692|end_dist=13252633
PACKLOG|try=0|th=0.303778222|de=0.158976046|ga=0.537245732
PACKLOG|try=0|profit=3457222|weight=6930992
PACKLOG|try=1|th=0.440701588|de=0.089692212|ga=0.469606200
PACKLOG|try=1|profit=3457222|weight=6930992
PACKLOG|best|profit=3457222|weight=6930992
PACKLOG|call=413|tour_len=518|end_dist=9210162
PACKLOG|try=0|th=0.059576047|de=0.439875296|ga=0.500548657
PACKLOG|try=0|profit=2579022|weight=5183163
PACKLOG|try=1|th=0.383595958|de=0.128412785|ga=0.487991257
PACKLOG|try=1|profit=2579022|weight=5183163
PACKLOG|best|profit=2579022|weight=5183163
PACKLOG|call=414|tour_len=647|end_dist=12318189
PACKLOG|try=0|th=0.256233254|de=0.192019996|ga=0.551746751
PACKLOG|try=0|profit=3219314|weight=6478966
PACKLOG|try=1|th=0.385227800|de=0.206244658|ga=0.408527541
PACKLOG|try=1|profit=3219314|weight=6478966
PACKLOG|best|profit=3219314|weight=6478966
PACKLOG|call=415|tour_len=764|end_dist=17581817
PACKLOG|try=0|th=0.102217252|de=0.546378145|ga=0.351404603
PACKLOG|try=0|profit=3828118|weight=7634246
PACKLOG|try=1|th=0.427357047|de=0.096659308|ga=0.475983645
PACKLOG|try=1|profit=3828133|weight=7632227
PACKLOG|best|profit=3828133|weight=7632227
PACKLOG|call=416|tour_len=436|end_dist=8638598
PACKLOG|try=0|th=0.491105498|de=0.001419853|ga=0.507474649
PACKLOG|try=0|profit=2178797|weight=4359511
PACKLOG|try=1|th=0.292313397|de=0.213849327|ga=0.493837276
PACKLOG|try=1|profit=2178797|weight=4359511
PACKLOG|best|profit=2178797|weight=4359511
PACKLOG|call=417|tour_len=769|end_dist=18117159
PACKLOG|try=0|th=0.332174340|de=0.310758021|ga=0.357067639
PACKLOG|try=0|profit=3869756|weight=7480231
PACKLOG|try=1|th=0.270295863|de=0.328152705|ga=0.401551431
PACKLOG|try=1|profit=3869383|weight=7486262
PACKLOG|best|profit=3869756|weight=7480231
PACKLOG|call=418|tour_len=486|end_dist=8839402
PACKLOG|try=0|th=0.180673260|de=0.512628765|ga=0.306697975
PACKLOG|try=0|profit=2424367|weight=4861709
PACKLOG|try=1|th=0.192315221|de=0.361554987|ga=0.446129791
PACKLOG|try=1|profit=2424367|weight=4861709
PACKLOG|best|profit=2424367|weight=4861709
PACKLOG|call=419|tour_len=493|end_dist=9518774
PACKLOG|try=0|th=0.391612684|de=0.345550586|ga=0.262836729
PACKLOG|try=0|profit=2473889|weight=4932096
PACKLOG|try=1|th=0.191787349|de=0.595437825|ga=0.212774825
PACKLOG|try=1|profit=2473889|weight=4932096
PACKLOG|best|profit=2473889|weight=4932096
PACKLOG|call=420|tour_len=428|end_dist=7798747
PACKLOG|try=0|th=0.458180196|de=0.252854561|ga=0.288965243
PACKLOG|try=0|profit=2141418|weight=4279134
PACKLOG|try=1|th=0.475216270|de=0.150306252|ga=0.374477478
PACKLOG|try=1|profit=2141418|weight=4279134
PACKLOG|best|profit=2141418|weight=4279134
PACKLOG|call=421|tour_len=631|end_dist=14917573
PACKLOG|try=0|th=0.248840111|de=0.172436365|ga=0.578723524
PACKLOG|try=0|profit=3152379|weight=6318243
PACKLOG|try=1|th=0.511626093|de=0.337542650|ga=0.150831258
PACKLOG|try=1|profit=3152379|weight=6318243
PACKLOG|best|profit=3152379|weight=6318243
PACKLOG|call=422|tour_len=321|end_dist=5173952
PACKLOG|try=0|th=0.420291767|de=0.271725738|ga=0.307982495
PACKLOG|try=0|profit=1606249|weight=3204167
PACKLOG|try=1|th=0.304077041|de=0.312432824|ga=0.383490135
PACKLOG|try=1|profit=1606249|weight=3204167
PACKLOG|best|profit=1606249|weight=3204167
PACKLOG|call=423|tour_len=525|end_dist=10106805
PACKLOG|try=0|th=0.468780690|de=0.005552139|ga=0.525667171
PACKLOG|try=0|profit=2639103|weight=5253395
PACKLOG|try=1|th=0.037598450|de=0.151203733|ga=0.811197818
PACKLOG|try=1|profit=2639103|weight=5253395
PACKLOG|best|profit=2639103|weight=5253395
PACKLOG|call=424|tour_len=347|end_dist=6419031
PACKLOG|try=0|th=0.368527256|de=0.383326219|ga=0.248146526
PACKLOG|try=0|profit=1732161|weight=3465729
PACKLOG|try=1|th=0.374893698|de=0.265146094|ga=0.359960208
PACKLOG|try=1|profit=1732161|weight=3465729
PACKLOG|best|profit=1732161|weight=3465729
PACKLOG|call=425|tour_len=340|end_dist=5256565
PACKLOG|try=0|th=0.160336592|de=0.383020996|ga=0.456642412
PACKLOG|try=0|profit=1697927|weight=3395116
PACKLOG|try=1|th=0.264309625|de=0.042713373|ga=0.692977001
PACKLOG|try=1|profit=1697927|weight=3395116
PACKLOG|best|profit=1697927|weight=3395116
PACKLOG|call=426|tour_len=298|end_dist=4586879
PACKLOG|try=0|th=0.286922843|de=0.474510050|ga=0.238567107
PACKLOG|try=0|profit=1497716|weight=2973305
PACKLOG|try=1|th=0.425306759|de=0.230919641|ga=0.343773601
PACKLOG|try=1|profit=1497716|weight=2973305
PACKLOG|best|profit=1497716|weight=2973305
PACKLOG|call=427|tour_len=550|end_dist=9991578
PACKLOG|try=0|th=0.696545969|de=0.191752238|ga=0.111701794
PACKLOG|try=0|profit=2747317|weight=5504571
PACKLOG|try=1|th=0.325858469|de=0.054430137|ga=0.619711393
PACKLOG|try=1|profit=2747317|weight=5504571
PACKLOG|best|profit=2747317|weight=5504571
PACKLOG|call=428|tour_len=585|end_dist=11909584
PACKLOG|try=0|th=0.213797923|de=0.533252762|ga=0.252949315
PACKLOG|try=0|profit=2927745|weight=5856242
PACKLOG|try=1|th=0.399677744|de=0.093705288|ga=0.506616968
PACKLOG|try=1|profit=2927745|weight=5856242
PACKLOG|best|profit=2927745|weight=5856242
PACKLOG|call=429|tour_len=554|end_dist=10083330
PACKLOG|try=0|th=0.223035909|de=0.412767712|ga=0.364196379
PACKLOG|try=0|profit=2777689|weight=5544797
PACKLOG|try=1|th=0.610732985|de=0.027369675|ga=0.361897340
PACKLOG|try=1|profit=2777689|weight=5544797
PACKLOG|best|profit=2777689|weight=5544797
PACKLOG|call=430|tour_len=404|end_dist=7340478
PACKLOG|try=0|th=0.215826657|de=0.302895276|ga=0.481278067
PACKLOG|try=0|profit=2024405|weight=4038075
PACKLOG|try=1|th=0.439291319|de=0.528076258|ga=0.032632422
PACKLOG|try=1|profit=2024405|weight=4038075
PACKLOG|best|profit=2024405|weight=4038075
PACKLOG|call=431|tour_len=616|end_dist=12054134
PACKLOG|try=0|th=0.559441013|de=0.409598357|ga=0.030960630
PACKLOG|try=0|profit=3083736|weight=6167632
PACKLOG|try=1|th=0.367112727|de=0.352607845|ga=0.280279428
PACKLOG|try=1|profit=3083736|weight=6167632
PACKLOG|best|profit=3083736|weight=6167632
PACKLOG|call=432|tour_len=425|end_dist=7648230
PACKLOG|try=0|th=0.222071408|de=0.331096726|ga=0.446831866
PACKLOG|try=0|profit=2122284|weight=4249011
PACKLOG|try=1|th=0.257773105|de=0.235816300|ga=0.506410595
PACKLOG|try=1|profit=2122284|weight=4249011
PACKLOG|best|profit=2122284|weight=4249011
PACKLOG|call=433|tour_len=555|end_dist=9917890
PACKLOG|try=0|th=0.252199483|de=0.687697024|ga=0.060103493
PACKLOG|try=0|profit=2771137|weight=5554788
PACKLOG|try=1|th=0.363516435|de=0.011397059|ga=0.625086506
PACKLOG|try=1|profit=2771137|weight=5554788
PACKLOG|best|profit=2771137|weight=5554788
PACKLOG|call=434|tour_len=525|end_dist=9834296
PACKLOG|try=0|th=0.401917526|de=0.530481608|ga=0.067600866
PACKLOG|try=0|profit=2609939|weight=5253519
PACKLOG|try=1|th=0.498820137|de=0.393059831|ga=0.108120032
PACKLOG|try=1|profit=2609939|weight=5253519
PACKLOG|best|profit=2609939|weight=5253519
PACKLOG|call=435|tour_len=620|end_dist=11715692
PACKLOG|try=0|th=0.468551576|de=0.530534840|ga=0.000913583
PACKLOG|try=0|profit=3094690|weight=6207762
PACKLOG|try=1|th=0.305411029|de=0.079390612|ga=0.615198359
PACKLOG|try=1|profit=3094690|weight=6207762
PACKLOG|best|profit=3094690|weight=6207762
PACKLOG|call=436|tour_len=421|end_dist=8588597
PACKLOG|try=0|th=0.177173604|de=0.018563686|ga=0.804262709
PACKLOG|try=0|profit=2106517|weight=4208728
PACKLOG|try=1|th=0.177625793|de=0.456523008|ga=0.365851199
PACKLOG|try=1|profit=2106517|weight=4208728
PACKLOG|best|profit=2106517|weight=4208728
PACKLOG|call=437|tour_len=743|end_dist=16826129
PACKLOG|try=0|th=0.394396040|de=0.257430262|ga=0.348173698
PACKLOG|try=0|profit=3704719|weight=7398110
PACKLOG|try=1|th=0.193789812|de=0.039349002|ga=0.766861186
PACKLOG|try=1|profit=3704601|weight=7401152
PACKLOG|best|profit=3704719|weight=7398110
PACKLOG|call=438|tour_len=521|end_dist=10272528
PACKLOG|try=0|th=0.688613497|de=0.285593006|ga=0.025793498
PACKLOG|try=0|profit=2600952|weight=5213330
PACKLOG|try=1|th=0.507676741|de=0.361840999|ga=0.130482260
PACKLOG|try=1|profit=2600952|weight=5213330
PACKLOG|best|profit=2600952|weight=5213330
PACKLOG|call=439|tour_len=762|end_dist=16962821
PACKLOG|try=0|th=0.426493929|de=0.458173442|ga=0.115332629
PACKLOG|try=0|profit=3840488|weight=7633916
PACKLOG|try=1|th=0.378067785|de=0.209835837|ga=0.412096378
PACKLOG|try=1|profit=3840488|weight=7633916
PACKLOG|best|profit=3840488|weight=7633916
PACKLOG|call=440|tour_len=397|end_dist=7044472
PACKLOG|try=0|th=0.336914132|de=0.358321249|ga=0.304764619
PACKLOG|try=0|profit=1991247|weight=3967635
PACKLOG|try=1|th=0.399978381|de=0.309647219|ga=0.290374400
PACKLOG|try=1|profit=1991247|weight=3967635
PACKLOG|best|profit=1991247|weight=3967635
PACKLOG|call=441|tour_len=488|end_dist=9240941
PACKLOG|try=0|th=0.027762909|de=0.792545666|ga=0.179691425
PACKLOG|try=0|profit=2442155|weight=4881898
PACKLOG|try=1|th=0.358634651|de=0.376098849|ga=0.265266500
PACKLOG|try=1|profit=2442155|weight=4881898
PACKLOG|best|profit=2442155|weight=4881898
PACKLOG|call=442|tour_len=530|end_dist=9741860
PACKLOG|try=0|th=0.055823406|de=0.178695595|ga=0.765480999
PACKLOG|try=0|profit=2665304|weight=5303615
PACKLOG|try=1|th=0.266562379|de=0.371754294|ga=0.361683326
PACKLOG|try=1|profit=2665304|weight=5303615
PACKLOG|best|profit=2665304|weight=5303615
PACKLOG|call=443|tour_len=429|end_dist=7821960
PACKLOG|try=0|th=0.388971804|de=0.327142015|ga=0.283886181
PACKLOG|try=0|profit=2140727|weight=4289104
PACKLOG|try=1|th=0.163793595|de=0.228653407|ga=0.607552998
PACKLOG|try=1|profit=2140727|weight=4289104
PACKLOG|best|profit=2140727|weight=4289104
PACKLOG|call=444|tour_len=341|end_dist=5748823
PACKLOG|try=0|th=0.432430240|de=0.145136083|ga=0.422433677
PACKLOG|try=0|profit=1689412|weight=3405176
PACKLOG|try=1|th=0.302389348|de=0.500029388|ga=0.197581265
PACKLOG|try=1|profit=1689412|weight=3405176
PACKLOG|best|profit=1689412|weight=3405176
PACKLOG|call=445|tour_len=365|end_dist=5823215
PACKLOG|try=0|th=0.291082967|de=0.569495768|ga=0.139421265
PACKLOG|try=0|profit=1820957|weight=3646198
PACKLOG|try=1|th=0.328190857|de=0.295935402|ga=0.375873740
PACKLOG|try=1|profit=1820957|weight=3646198
PACKLOG|best|profit=1820957|weight=3646198
PACKLOG|call=446|tour_len=633|end_dist=12289933
PACKLOG|try=0|th=0.304189256|de=0.494736378|ga=0.201074367
PACKLOG|try=0|profit=3159762|weight=6338403
PACKLOG|try=1|th=0.196092911|de=0.380212998|ga=0.423694091
PACKLOG|try=1|profit=3159762|weight=6338403
PACKLOG|best|profit=3159762|weight=6338403
PACKLOG|call=447|tour_len=682|end_dist=14481303
PACKLOG|try=0|th=0.020178160|de=0.634205155|ga=0.345616685
PACKLOG|try=0|profit=3418078|weight=6830552
PACKLOG|try=1|th=0.076850602|de=0.524989805|ga=0.398159593
PACKLOG|try=1|profit=3418078|weight=6830552
PACKLOG|best|profit=3418078|weight=6830552
PACKLOG|call=448|tour_len=487|end_dist=9053926
PACKLOG|try=0|th=0.153924771|de=0.388513090|ga=0.457562139
PACKLOG|try=0|profit=2446669|weight=4871584
PACKLOG|try=1|th=0.312583365|de=0.554475805|ga=0.132940830
PACKLOG|try=1|profit=2446669|weight=4871584
PACKLOG|best|profit=2446669|weight=4871584
PACKLOG|call=449|tour_len=531|end_dist=9890670
PACKLOG|try=0|th=0.741331796|de=0.113626241|ga=0.145041963
PACKLOG|try=0|profit=2658906|weight=5313836
PACKLOG|try=1|th=0.487802764|de=0.445844805|ga=0.066352430
PACKLOG|try=1|profit=2658906|weight=5313836
PACKLOG|best|profit=2658906|weight=5313836
PACKLOG|call=450|tour_len=417|end_dist=7378491
PACKLOG|try=0|th=0.030091230|de=0.476377449|ga=0.493531321
PACKLOG|try=0|profit=2100568|weight=4168518
PACKLOG|try=1|th=0.129842516|de=0.155888326|ga=0.714269158
PACKLOG|try=1|profit=2100568|weight=4168518
PACKLOG|best|profit=2100568|weight=4168518
PACKLOG|call=451|tour_len=525|end_dist=9951622
PACKLOG|try=0|th=0.542877251|de=0.292405678|ga=0.164717071
PACKLOG|try=0|profit=2643316|weight=5253396
PACKLOG|try=1|th=0.343585082|de=0.394913522|ga=0.261501396
PACKLOG|try=1|profit=2643316|weight=5253396
PACKLOG|best|profit=2643316|weight=5253396
PACKLOG|call=452|tour_len=801|end_dist=17597642
PACKLOG|try=0|th=0.208911625|de=0.608032409|ga=0.183055966
PACKLOG|try=0|profit=3990572|weight=7617960
PACKLOG|try=1|th=0.651107421|de=0.311248927|ga=0.037643652
PACKLOG|try=1|profit=3990128|weight=7554712
PACKLOG|best|profit=3990572|weight=7617960
PACKLOG|call=453|tour_len=428|end_dist=8270476
PACKLOG|try=0|th=0.401901472|de=0.533275787|ga=0.064822741
PACKLOG|try=0|profit=2144977|weight=4279031
PACKLOG|try=1|th=0.333309520|de=0.093786152|ga=0.572904328
PACKLOG|try=1|profit=2144977|weight=4279031
PACKLOG|best|profit=2144977|weight=4279031
PACKLOG|call=454|tour_len=462|end_dist=9082502
PACKLOG|try=0|th=0.188440394|de=0.464854680|ga=0.346704926
PACKLOG|try=0|profit=2322410|weight=4620556
PACKLOG|try=1|th=0.224877178|de=0.571132275|ga=0.203990546
PACKLOG|try=1|profit=2322410|weight=4620556
PACKLOG|best|profit=2322410|weight=4620556
PACKLOG|call=455|tour_len=677|end_dist=15951677
PACKLOG|try=0|th=0.290873081|de=0.273406512|ga=0.435720407
PACKLOG|try=0|profit=3375472|weight=6780379
PACKLOG|try=1|th=0.332404827|de=0.226685961|ga=0.440909212
PACKLOG|try=1|profit=3375472|weight=6780379
PACKLOG|best|profit=3375472|weight=6780379
PACKLOG|call=456|tour_len=515|end_dist=9928272
PACKLOG|try=0|th=0.286840115|de=0.354362491|ga=0.358797394
PACKLOG|try=0|profit=2585619|weight=5153089
PACKLOG|try=1|th=0.129561380|de=0.673909136|ga=0.196529484
PACKLOG|try=1|profit=2585619|weight=5153089
PACKLOG|best|profit=2585619|weight=5153089
PACKLOG|call=457|tour_len=289|end_dist=4781579
PACKLOG|try=0|th=0.229267736|de=0.336064407|ga=0.434667856
PACKLOG|try=0|profit=1447819|weight=2882886
PACKLOG|try=1|th=0.387802001|de=0.262484740|ga=0.349713259
PACKLOG|try=1|profit=1447819|weight=2882886
PACKLOG|best|profit=1447819|weight=2882886
PACKLOG|call=458|tour_len=498|end_dist=9328444
PACKLOG|try=0|th=0.421025243|de=0.037833143|ga=0.541141615
PACKLOG|try=0|profit=2505414|weight=4982267
PACKLOG|try=1|th=0.389015072|de=0.356215803|ga=0.254769125
PACKLOG|try=1|profit=2505414|weight=4982267
PACKLOG|best|profit=2505414|weight=4982267
PACKLOG|call=459|tour_len=499|end_dist=9457486
PACKLOG|try=0|th=0.343467863|de=0.237123046|ga=0.419409090
PACKLOG|try=0|profit=2507853|weight=4992281
PACKLOG|try=1|th=0.270476284|de=0.209050209|ga=0.520473507
PACKLOG|try=1|profit=2507853|weight=4992281
PACKLOG|best|profit=2507853|weight=4992281
PACKLOG|call=460|tour_len=580|end_dist=11326634
PACKLOG|try=0|th=0.357385193|de=0.414747482|ga=0.227867326
PACKLOG|try=0|profit=2898101|weight=5805916
PACKLOG|try=1|th=0.459142286|de=0.422673539|ga=0.118184175
PACKLOG|try=1|profit=2898101|weight=5805916
PACKLOG|best|profit=2898101|weight=5805916
PACKLOG|call=461|tour_len=380|end_dist=6361416
PACKLOG|try=0|th=0.376127994|de=0.395109454|ga=0.228762552
PACKLOG|try=0|profit=1901689|weight=3797029
PACKLOG|try=1|th=0.613612991|de=0.026550683|ga=0.359836326
PACKLOG|try=1|profit=1901689|weight=3797029
PACKLOG|best|profit=1901689|weight=3797029
PACKLOG|call=462|tour_len=456|end_dist=7984761
PACKLOG|try=0|th=0.686198830|de=0.055744894|ga=0.258056275
PACKLOG|try=0|profit=2273796|weight=4560477
PACKLOG|try=1|th=0.357542674|de=0.288510610|ga=0.353946716
PACKLOG|try=1|profit=2273796|weight=4560477
PACKLOG|best|profit=2273796|weight=4560477
PACKLOG|call=463|tour_len=749|end_dist=16274427
PACKLOG|try=0|th=0.369408594|de=0.264333850|ga=0.366257556
PACKLOG|try=0|profit=3770286|weight=7503595
PACKLOG|try=1|th=0.337898715|de=0.275879248|ga=0.386222036
PACKLOG|try=1|profit=3770286|weight=7503595
PACKLOG|best|profit=3770286|weight=7503595
PACKLOG|call=464|tour_len=289|end_dist=4888964
PACKLOG|try=0|th=0.262574833|de=0.508855016|ga=0.228570152
PACKLOG|try=0|profit=1463128|weight=2882793
PACKLOG|try=1|th=0.539536435|de=0.234819333|ga=0.225644232
PACKLOG|try=1|profit=1463128|weight=2882793
PACKLOG|best|profit=1463128|weight=2882793
PACKLOG|call=465|tour_len=568|end_dist=11147784
PACKLOG|try=0|th=0.403858579|de=0.169671900|ga=0.426469520
PACKLOG|try=0|profit=2850237|weight=5685369
PACKLOG|try=1|th=0.452116955|de=0.260960593|ga=0.286922451
PACKLOG|try=1|profit=2850237|weight=5685369
PACKLOG|best|profit=2850237|weight=5685369
PACKLOG|call=466|tour_len=542|end_dist=10159044
PACKLOG|try=0|th=0.402174288|de=0.247766786|ga=0.350058926
PACKLOG|try=0|profit=2690771|weight=5424405
PACKLOG|try=1|th=0.234945396|de=0.222078992|ga=0.542975612
PACKLOG|try=1|profit=2690771|weight=5424405
PACKLOG|best|profit=2690771|weight=5424405
PACKLOG|call=467|tour_len=442|end_dist=7841945
PACKLOG|try=0|th=0.499065452|de=0.256573895|ga=0.244360653
PACKLOG|try=0|profit=2232524|weight=4419696
PACKLOG|try=1|th=0.225977409|de=0.334015845|ga=0.440006747
PACKLOG|try=1|profit=2232524|weight=4419696
PACKLOG|best|profit=2232524|weight=4419696
PACKLOG|call=468|tour_len=473|end_dist=8464668
PACKLOG|try=0|th=0.002827013|de=0.389440345|ga=0.607732641
PACKLOG|try=0|profit=2368979|weight=4731022
PACKLOG|try=1|th=0.343809977|de=0.339396598|ga=0.316793425
PACKLOG|try=1|profit=2368979|weight=4731022
PACKLOG|best|profit=2368979|weight=4731022
PACKLOG|call=469|tour_len=589|end_dist=11186426
PACKLOG|try=0|th=0.342842154|de=0.500257857|ga=0.156899989
PACKLOG|try=0|profit=2954721|weight=5896413
PACKLOG|try=1|th=0.632317513|de=0.011131531|ga=0.356550956
PACKLOG|try=1|profit=2954721|weight=5896413
PACKLOG|best|profit=2954721|weight=5896413
PACKLOG|call=470|tour_len=519|end_dist=9739755
PACKLOG|try=0|th=0.193544833|de=0.255960542|ga=0.550494625
PACKLOG|try=0|profit=2593579|weight=5193039
PACKLOG|try=1|th=0.115228287|de=0.280354547|ga=0.604417166
PACKLOG|try=1|profit=2593579|weight=5193039
PACKLOG|best|profit=2593579|weight=5193039
PACKLOG|call=471|tour_len=581|end_dist=10853626
PACKLOG|try=0|th=0.037054309|de=0.533716351|ga=0.429229340
PACKLOG|try=0|profit=2900013|weight=5816111
PACKLOG|try=1|th=0.296888828|de=0.201884671|ga=0.501226501
PACKLOG|try=1|profit=2900013|weight=5816111
PACKLOG|best|profit=2900013|weight=5816111
PACKLOG|call=472|tour_len=381|end_dist=6553606
PACKLOG|try=0|th=0.184450637|de=0.368683995|ga=0.446865367
PACKLOG|try=0|profit=1904915|weight=3806777
PACKLOG|try=1|th=0.233967692|de=0.742637219|ga=0.023395089
PACKLOG|try=1|profit=1904915|weight=3806777
PACKLOG|best|profit=1904915|weight=3806777
PACKLOG|call=473|tour_len=495|end_dist=8877995
PACKLOG|try=0|th=0.231940659|de=0.314811145|ga=0.453248195
PACKLOG|try=0|profit=2474572|weight=4952306
PACKLOG|try=1|th=0.626906565|de=0.116615259|ga=0.256478176
PACKLOG|try=1|profit=2474572|weight=4952306
PACKLOG|best|profit=2474572|weight=4952306
PACKLOG|call=474|tour_len=449|end_dist=7682543
PACKLOG|try=0|th=0.160295274|de=0.451743323|ga=0.387961403
PACKLOG|try=0|profit=2232014|weight=4490001
PACKLOG|try=1|th=0.171717420|de=0.374237008|ga=0.454045573
PACKLOG|try=1|profit=2232014|weight=4490001
PACKLOG|best|profit=2232014|weight=4490001
PACKLOG|call=475|tour_len=733|end_dist=15058547
PACKLOG|try=0|th=0.353389988|de=0.395020405|ga=0.251589607
PACKLOG|try=0|profit=3655890|weight=7342803
PACKLOG|try=1|th=0.313438017|de=0.431983634|ga=0.254578349
PACKLOG|try=1|profit=3655890|weight=7342803
PACKLOG|best|profit=3655890|weight=7342803
PACKLOG|call=476|tour_len=380|end_dist=6516884
PACKLOG|try=0|th=0.433792469|de=0.385002766|ga=0.181204765
PACKLOG|try=0|profit=1904764|weight=3797101
PACKLOG|try=1|th=0.612892021|de=0.260966176|ga=0.126141802
PACKLOG|try=1|profit=1904764|weight=3797101
PACKLOG|best|profit=1904764|weight=3797101
PACKLOG|call=477|tour_len=359|end_dist=5968746
PACKLOG|try=0|th=0.164618620|de=0.565052926|ga=0.270328454
PACKLOG|try=0|profit=1802700|weight=3585984
PACKLOG|try=1|th=0.441314618|de=0.187026490|ga=0.371658892
PACKLOG|try=1|profit=1802700|weight=3585984
PACKLOG|best|profit=1802700|weight=3585984
PACKLOG|call=478|tour_len=587|end_dist=11351980
PACKLOG|try=0|th=0.211725971|de=0.435333347|ga=0.352940682
PACKLOG|try=0|profit=2914383|weight=5876316
PACKLOG|try=1|th=0.173375184|de=0.300128882|ga=0.526495934
PACKLOG|try=1|profit=2914383|weight=5876316
PACKLOG|best|profit=2914383|weight=5876316
PACKLOG|call=479|tour_len=348|end_dist=5523881
PACKLOG|try=0|th=0.429423705|de=0.330339174|ga=0.240237121
PACKLOG|try=0|profit=1735751|weight=3475395
PACKLOG|try=1|th=0.017939768|de=0.471980142|ga=0.510080089
PACKLOG|try=1|profit=1735751|weight=3475395
PACKLOG|best|profit=1735751|weight=3475395
PACKLOG|call=480|tour_len=298|end_dist=4709819
PACKLOG|try=0|th=0.530745352|de=0.384646680|ga=0.084607968
PACKLOG|try=0|profit=1490801|weight=2973227
PACKLOG|try=1|th=0.663402410|de=0.317650030|ga=0.018947560
PACKLOG|try=1|profit=1490801|weight=2973227
PACKLOG|best|profit=1490801|weight=2973227
PACKLOG|call=481|tour_len=628|end_dist=11802121
PACKLOG|try=0|th=0.345292983|de=0.279958088|ga=0.374748929
PACKLOG|try=0|profit=3124429|weight=6288225
PACKLOG|try=1|th=0.510669466|de=0.355097326|ga=0.134233208
PACKLOG|try=1|profit=3124429|weight=6288225
PACKLOG|best|profit=3124429|weight=6288225
PACKLOG|call=482|tour_len=676|end_dist=13970948
PACKLOG|try=0|th=0.162014930|de=0.419472706|ga=0.418512364
PACKLOG|try=0|profit=3367341|weight=6770323
PACKLOG|try=1|th=0.476146340|de=0.023076149|ga=0.500777512
PACKLOG|try=1|profit=3367341|weight=6770323
PACKLOG|best|profit=3367341|weight=6770323
PACKLOG|call=483|tour_len=349|end_dist=6235320
PACKLOG|try=0|th=0.297227064|de=0.425410428|ga=0.277362508
PACKLOG|try=0|profit=1750168|weight=3485485
PACKLOG|try=1|th=0.774026126|de=0.206864687|ga=0.019109187
PACKLOG|try=1|profit=1750168|weight=3485485
PACKLOG|best|profit=1750168|weight=3485485
PACKLOG|call=484|tour_len=721|end_dist=14456559
PACKLOG|try=0|th=0.097847649|de=0.761895859|ga=0.140256493
PACKLOG|try=0|profit=3589980|weight=7222399
PACKLOG|try=1|th=0.339666432|de=0.241129025|ga=0.419204543
PACKLOG|try=1|profit=3589980|weight=7222399
PACKLOG|best|profit=3589980|weight=7222399
PACKLOG|call=485|tour_len=505|end_dist=9619919
PACKLOG|try=0|th=0.494096036|de=0.230275369|ga=0.275628595
PACKLOG|try=0|profit=2530970|weight=5052547
PACKLOG|try=1|th=0.193430646|de=0.597298626|ga=0.209270728
PACKLOG|try=1|profit=2530970|weight=5052547
PACKLOG|best|profit=2530970|weight=5052547
PACKLOG|call=486|tour_len=539|end_dist=10643552
PACKLOG|try=0|th=0.308534903|de=0.122393962|ga=0.569071136
PACKLOG|try=0|profit=2716032|weight=5394073
PACKLOG|try=1|th=0.268650230|de=0.178230057|ga=0.553119712
PACKLOG|try=1|profit=2716032|weight=5394073
PACKLOG|best|profit=2716032|weight=5394073
PACKLOG|call=487|tour_len=575|end_dist=10647310
PACKLOG|try=0|th=0.553007768|de=0.364221952|ga=0.082770280
PACKLOG|try=0|profit=2875893|weight=5755852
PACKLOG|try=1|th=0.043196679|de=0.788870454|ga=0.167932867
PACKLOG|try=1|profit=2875893|weight=5755852
PACKLOG|best|profit=2875893|weight=5755852
PACKLOG|call=488|tour_len=712|end_dist=15805346
PACKLOG|try=0|th=0.185801008|de=0.630339363|ga=0.183859629
PACKLOG|try=0|profit=3553226|weight=7131879
PACKLOG|try=1|th=0.563233921|de=0.003213813|ga=0.433552267
PACKLOG|try=1|profit=3553226|weight=7131879
PACKLOG|best|profit=3553226|weight=7131879
PACKLOG|call=489|tour_len=424|end_dist=8239825
PACKLOG|try=0|th=0.321632667|de=0.395558085|ga=0.282809248
PACKLOG|try=0|profit=2123255|weight=4238864
PACKLOG|try=1|th=0.405345983|de=0.386665200|ga=0.207988816
PACKLOG|try=1|profit=2123255|weight=4238864
PACKLOG|best|profit=2123255|weight=4238864
PACKLOG|call=490|tour_len=466|end_dist=10044455
PACKLOG|try=0|th=0.575755933|de=0.259452280|ga=0.164791787
PACKLOG|try=0|profit=2323995|weight=4660902
PACKLOG|try=1|th=0.015944810|de=0.507419920|ga=0.476635270
PACKLOG|try=1|profit=2323995|weight=4660902
PACKLOG|best|profit=2323995|weight=4660902
PACKLOG|call=491|tour_len=625|end_dist=11538364
PACKLOG|try=0|th=0.037687983|de=0.569599914|ga=0.392712103
PACKLOG|try=0|profit=3104516|weight=6258114
PACKLOG|try=1|th=0.051822395|de=0.289753649|ga=0.658423956
PACKLOG|try=1|profit=3104516|weight=6258114
PACKLOG|best|profit=3104516|weight=6258114
PACKLOG|call=492|tour_len=474|end_dist=9492203
PACKLOG|try=0|th=0.633792382|de=0.245559323|ga=0.120648295
PACKLOG|try=0|profit=2386976|weight=4741139
PACKLOG|try=1|th=0.400803674|de=0.228189297|ga=0.371007029
PACKLOG|try=1|profit=2386976|weight=4741139
PACKLOG|best|profit=2386976|weight=4741139
PACKLOG|call=493|tour_len=327|end_dist=5871573
PACKLOG|try=0|th=0.377783622|de=0.188292974|ga=0.433923403
PACKLOG|try=0|profit=1625884|weight=3264440
PACKLOG|try=1|th=0.406911607|de=0.502860288|ga=0.090228105
PACKLOG|try=1|profit=1625884|weight=3264440
PACKLOG|best|profit=1625884|weight=3264440
PACKLOG|call=494|tour_len=288|end_dist=4966300
PACKLOG|try=0|th=0.210693707|de=0.371861420|ga=0.417444873
PACKLOG|try=0|profit=1429274|weight=2872776
PACKLOG|try=1|th=0.301454158|de=0.365977497|ga=0.332568345
PACKLOG|try=1|profit=1429274|weight=2872776
PACKLOG|best|profit=1429274|weight=2872776
PACKLOG|call=495|tour_len=544|end_dist=10856747
PACKLOG|try=0|th=0.090142497|de=0.375328997|ga=0.534528506
PACKLOG|try=0|profit=2720314|weight=5444423
PACKLOG|try=1|th=0.179708038|de=0.306587714|ga=0.513704248
PACKLOG|try=1|profit=2720314|weight=5444423
PACKLOG|best|profit=2720314|weight=5444423
PACKLOG|call=496|tour_len=711|end_dist=14376064
PACKLOG|try=0|th=0.063590522|de=0.275021477|ga=0.661388002
PACKLOG|try=0|profit=3537035|weight=7121796
PACKLOG|try=1|th=0.162080565|de=0.247991271|ga=0.589928164
PACKLOG|try=1|profit=3537035|weight=7121796
PACKLOG|best|profit=3537035|weight=7121796
PACKLOG|call=497|tour_len=530|end_dist=9689284
PACKLOG|try=0|th=0.413355259|de=0.400122928|ga=0.186521813
PACKLOG|try=0|profit=2651849|weight=5303632
PACKLOG|try=1|th=0.328273274|de=0.216584473|ga=0.455142253
PACKLOG|try=1|profit=2651849|weight=5303632
PACKLOG|best|profit=2651849|weight=5303632
PACKLOG|call=498|tour_len=365|end_dist=6498131
PACKLOG|try=0|th=0.164437739|de=0.433973075|ga=0.401589187
PACKLOG|try=0|profit=1809137|weight=3646087
PACKLOG|try=1|th=0.119734343|de=0.590995768|ga=0.289269889
PACKLOG|try=1|profit=1809137|weight=3646087
PACKLOG|best|profit=1809137|weight=3646087
PACKLOG|call=499|tour_len=616|end_dist=12560484
PACKLOG|try=0|th=0.319950480|de=0.532025287|ga=0.148024233
PACKLOG|try=0|profit=3077254|weight=6167517
PACKLOG|try=1|th=0.001746132|de=0.413319154|ga=0.584934714
PACKLOG|try=1|profit=3077254|weight=6167517
PACKLOG|best|profit=3077254|weight=6167517
PACKLOG|call=500|tour_len=445|end_dist=7724790
PACKLOG|try=0|th=0.163528642|de=0.510179315|ga=0.326292043
PACKLOG|try=0|profit=2235605|weight=4449832
PACKLOG|try=1|th=0.556223925|de=0.144642810|ga=0.299133266
PACKLOG|try=1|profit=2235605|weight=4449832
PACKLOG|best|profit=2235605|weight=4449832
PACKLOG|call=501|tour_len=702|end_dist=14544374
PACKLOG|try=0|th=0.511330433|de=0.071215579|ga=0.417453989
PACKLOG|try=0|profit=3499735|weight=7031461
PACKLOG|try=1|th=0.459416199|de=0.188896626|ga=0.351687175
PACKLOG|try=1|profit=3499735|weight=7031461
PACKLOG|best|profit=3499735|weight=7031461
PACKLOG|call=502|tour_len=463|end_dist=8451974
PACKLOG|try=0|th=0.238030726|de=0.542812573|ga=0.219156700
PACKLOG|try=0|profit=2332725|weight=4630641
PACKLOG|try=1|th=0.575932263|de=0.387314935|ga=0.036752802
PACKLOG|try=1|profit=2332725|weight=4630641
PACKLOG|best|profit=2332725|weight=4630641
PACKLOG|call=503|tour_len=740|end_dist=15574619
PACKLOG|try=0|th=0.483669652|de=0.310224160|ga=0.206106188
PACKLOG|try=0|profit=3690834|weight=7413180
PACKLOG|try=1|th=0.311806069|de=0.172138239|ga=0.516055692
PACKLOG|try=1|profit=3690834|weight=7413180
PACKLOG|best|profit=3690834|weight=7413180
PACKLOG|call=504|tour_len=445|end_dist=7875582
PACKLOG|try=0|th=0.115656781|de=0.605839249|ga=0.278503971
PACKLOG|try=0|profit=2210764|weight=4449988
PACKLOG|try=1|th=0.321392074|de=0.551531014|ga=0.127076912
PACKLOG|try=1|profit=2210764|weight=4449988
PACKLOG|best|profit=2210764|weight=4449988
PACKLOG|call=505|tour_len=646|end_dist=12740013
PACKLOG|try=0|th=0.680654305|de=0.089779431|ga=0.229566264
PACKLOG|try=0|profit=3232553|weight=6468830
PACKLOG|try=1|th=0.493198343|de=0.011071793|ga=0.495729864
PACKLOG|try=1|profit=3232553|weight=6468830
PACKLOG|best|profit=3232553|weight=6468830
PACKLOG|call=506|tour_len=532|end_dist=10495402
PACKLOG|try=0|th=0.411889519|de=0.156673205|ga=0.431437277
PACKLOG|try=0|profit=2672573|weight=5323758
PACKLOG|try=1|th=0.269328774|de=0.503628789|ga=0.227042436
PACKLOG|try=1|profit=2672573|weight=5323758
PACKLOG|best|profit=2672573|weight=5323758
PACKLOG|call=507|tour_len=600|end_dist=11880418
PACKLOG|try=0|th=0.333252712|de=0.416315206|ga=0.250432082
PACKLOG|try=0|profit=2997137|weight=6006839
PACKLOG|try=1|th=0.284530510|de=0.450368508|ga=0.265100982
PACKLOG|try=1|profit=2997137|weight=6006839
PACKLOG|best|profit=2997137|weight=6006839
PACKLOG|call=508|tour_len=449|end_dist=8174212
PACKLOG|try=0|th=0.276730856|de=0.538695966|ga=0.184573178
PACKLOG|try=0|profit=2232329|weight=4490229
PACKLOG|try=1|th=0.157525959|de=0.634278898|ga=0.208195144
PACKLOG|try=1|profit=2232329|weight=4490229
PACKLOG|best|profit=2232329|weight=4490229
PACKLOG|call=509|tour_len=629|end_dist=13617656
PACKLOG|try=0|th=0.027195824|de=0.096893421|ga=0.875910755
PACKLOG|try=0|profit=3132297|weight=6298231
PACKLOG|try=1|th=0.778882401|de=0.026690349|ga=0.194427250
PACKLOG|try=1|profit=3132297|weight=6298231
PACKLOG|best|profit=3132297|weight=6298231
PACKLOG|call=510|tour_len=357|end_dist=5770796
PACKLOG|try=0|th=0.428469515|de=0.328389684|ga=0.243140800
PACKLOG|try=0|profit=1778771|weight=3565895
PACKLOG|try=1|th=0.163883736|de=0.588813996|ga=0.247302268
PACKLOG|try=1|profit=1778771|weight=3565895
PACKLOG|best|profit=1778771|weight=3565895
PACKLOG|call=511|tour_len=438|end_dist=8617212
PACKLOG|try=0|th=0.391154732|de=0.245467196|ga=0.363378072
PACKLOG|try=0|profit=2183362|weight=4379619
PACKLOG|try=1|th=0.682007589|de=0.134313284|ga=0.183679127
PACKLOG|try=1|profit=2183362|weight=4379619
PACKLOG|best|profit=2183362|weight=4379619
PACKLOG|call=512|tour_len=556|end_dist=10563459
PACKLOG|try=0|th=0.297064065|de=0.020002381|ga=0.682933554
PACKLOG|try=0|profit=2784693|weight=5564735
PACKLOG|try=1|th=0.231200129|de=0.396969106|ga=0.371830765
PACKLOG|try=1|profit=2784693|weight=5564735
PACKLOG|best|profit=2784693|weight=5564735
PACKLOG|call=513|tour_len=961|end_dist=21836571
PACKLOG|try=0|th=0.340094030|de=0.451792713|ga=0.208113257
PACKLOG|try=0|profit=4212089|weight=6500882
PACKLOG|try=1|th=0.457781735|de=0.443386350|ga=0.098831915
PACKLOG|try=1|profit=4181536|weight=6199526
PACKLOG|best|profit=4212089|weight=6500882
PACKLOG|call=514|tour_len=979|end_dist=22037157
PACKLOG|try=0|th=0.243034751|de=0.470245548|ga=0.286719702
PACKLOG|try=0|profit=4001587|weight=6053962
PACKLOG|try=1|th=0.557044383|de=0.244823768|ga=0.198131849
PACKLOG|try=1|profit=4024621|weight=5751598
PACKLOG|best|profit=4024621|weight=5751598
PACKLOG|call=515|tour_len=618|end_dist=12669750
PACKLOG|try=0|th=0.482517626|de=0.097429463|ga=0.420052911
PACKLOG|try=0|profit=3074485|weight=6187711
PACKLOG|try=1|th=0.194786922|de=0.491366807|ga=0.313846271
PACKLOG|try=1|profit=3074485|weight=6187711
PACKLOG|best|profit=3074485|weight=6187711
PACKLOG|call=516|tour_len=687|end_dist=12719593
PACKLOG|try=0|th=0.124055575|de=0.367004058|ga=0.508940367
PACKLOG|try=0|profit=3437407|weight=6880841
PACKLOG|try=1|th=0.075307400|de=0.214479166|ga=0.710213434
PACKLOG|try=1|profit=3437407|weight=6880841
PACKLOG|best|profit=3437407|weight=6880841
PACKLOG|call=517|tour_len=487|end_dist=11128697
PACKLOG|try=0|th=0.612094584|de=0.113580839|ga=0.274324576
PACKLOG|try=0|profit=2429340|weight=4871849
PACKLOG|try=1|th=0.609029552|de=0.173618412|ga=0.217352036
PACKLOG|try=1|profit=2429340|weight=4871849
PACKLOG|best|profit=2429340|weight=4871849
PACKLOG|call=518|tour_len=432|end_dist=7423150
PACKLOG|try=0|th=0.317479697|de=0.076761580|ga=0.605758723
PACKLOG|try=0|profit=2153752|weight=4319196
PACKLOG|try=1|th=0.076638937|de=0.522454334|ga=0.400906729
PACKLOG|try=1|profit=2153752|weight=4319196
PACKLOG|best|profit=2153752|weight=4319196
PACKLOG|call=519|tour_len=716|end_dist=14842873
PACKLOG|try=0|th=0.332439374|de=0.346267041|ga=0.321293585
PACKLOG|try=0|profit=3574506|weight=7172096
PACKLOG|try=1|th=0.121454146|de=0.512870362|ga=0.365675492
PACKLOG|try=1|profit=3574506|weight=7172096
PACKLOG|best|profit=3574506|weight=7172096
PACKLOG|call=520|tour_len=482|end_dist=11235119
PACKLOG|try=0|th=0.411042006|de=0.228293537|ga=0.360664457
PACKLOG|try=0|profit=2413460|weight=4821563
PACKLOG|try=1|th=0.472278750|de=0.217384478|ga=0.310336772
PACKLOG|try=1|profit=2413460|weight=4821563
PACKLOG|best|profit=2413460|weight=4821563
PACKLOG|call=521|tour_len=907|end_dist=19581442
PACKLOG|try=0|th=0.168915432|de=0.658120209|ga=0.172964360
PACKLOG|try=0|profit=4305985|weight=7257314
PACKLOG|try=1|th=0.412401841|de=0.560477454|ga=0.027120705
PACKLOG|try=1|profit=4292233|weight=6928952
PACKLOG|best|profit=4305985|weight=7257314
PACKLOG|call=522|tour_len=861|end_dist=19887087
PACKLOG|try=0|th=0.415220345|de=0.239385925|ga=0.345393730
PACKLOG|try=0|profit=4063750|weight=6715187
PACKLOG|try=1|th=0.398782224|de=0.233967112|ga=0.367250664
PACKLOG|try=1|profit=4061985|weight=6729264
PACKLOG|best|profit=4063750|weight=6715187
PACKLOG|call=523|tour_len=363|end_dist=5613935
PACKLOG|try=0|th=0.660373301|de=0.114408307|ga=0.225218392
PACKLOG|try=0|profit=1816208|weight=3626260
PACKLOG|try=1|th=0.419655944|de=0.436785755|ga=0.143558301
PACKLOG|try=1|profit=1816208|weight=3626260
PACKLOG|best|profit=1816208|weight=3626260
PACKLOG|call=524|tour_len=959|end_dist=21546585
PACKLOG|try=0|th=0.355350237|de=0.335788173|ga=0.308861589
PACKLOG|try=0|profit=4237730|weight=6665827
PACKLOG|try=1|th=0.254266581|de=0.615677942|ga=0.130055477
PACKLOG|try=1|profit=4243264|weight=6521104
PACKLOG|best|profit=4243264|weight=6521104
PACKLOG|call=525|tour_len=566|end_dist=12601826
PACKLOG|try=0|th=0.414891394|de=0.370833185|ga=0.214275421
PACKLOG|try=0|profit=2843575|weight=5665248
PACKLOG|try=1|th=0.343660061|de=0.328761863|ga=0.327578075
PACKLOG|try=1|profit=2843575|weight=5665248
PACKLOG|best|profit=2843575|weight=5665248
PACKLOG|call=526|tour_len=448|end_dist=8176745
PACKLOG|try=0|th=0.518139182|de=0.153295254|ga=0.328565564
PACKLOG|try=0|profit=2235572|weight=4480046
PACKLOG|try=1|th=0.238619121|de=0.011660247|ga=0.749720632
PACKLOG|try=1|profit=2235572|weight=4480046
PACKLOG|best|profit=2235572|weight=4480046
PACKLOG|call=527|tour_len=483|end_dist=8396048
PACKLOG|try=0|th=0.336351513|de=0.011446249|ga=0.652202238
PACKLOG|try=0|profit=2407662|weight=4831507
PACKLOG|try=1|th=0.221901603|de=0.512012758|ga=0.266085639
PACKLOG|try=1|profit=2407662|weight=4831507
PACKLOG|best|profit=2407662|weight=4831507
PACKLOG|call=528|tour_len=318|end_dist=5300928
PACKLOG|try=0|th=0.464539717|de=0.256358146|ga=0.279102137
PACKLOG|try=0|profit=1591011|weight=3174189
PACKLOG|try=1|th=0.855627369|de=0.132531309|ga=0.011841322
PACKLOG|try=1|profit=1591011|weight=3174189
PACKLOG|best|profit=1591011|weight=3174189
PACKLOG|call=529|tour_len=792|end_dist=16535630
PACKLOG|try=0|th=0.173080080|de=0.520228963|ga=0.306690957
PACKLOG|try=0|profit=3970139|weight=7935218
PACKLOG|try=1|th=0.084430997|de=0.475219040|ga=0.440349963
PACKLOG|try=1|profit=3970139|weight=7935218
PACKLOG|best|profit=3970139|weight=7935218
PACKLOG|call=530|tour_len=526|end_dist=9407982
PACKLOG|try=0|th=0.323852825|de=0.298825494|ga=0.377321681
PACKLOG|try=0|profit=2628317|weight=5263378
PACKLOG|try=1|th=0.571231940|de=0.338260537|ga=0.090507523
PACKLOG|try=1|profit=2628317|weight=5263378
PACKLOG|best|profit=2628317|weight=5263378
PACKLOG|call=531|tour_len=536|end_dist=9783200
PACKLOG|try=0|th=0.725534231|de=0.041628588|ga=0.232837181
PACKLOG|try=0|profit=2699402|weight=5363859
PACKLOG|try=1|th=0.070439150|de=0.327318561|ga=0.602242288
PACKLOG|try=1|profit=2699402|weight=5363859
PACKLOG|best|profit=2699402|weight=5363859
PACKLOG|call=532|tour_len=469|end_dist=10511700
PACKLOG|try=0|th=0.557453161|de=0.105840730|ga=0.336706109
PACKLOG|try=0|profit=2348758|weight=4691072
PACKLOG|try=1|th=0.673967365|de=0.024323193|ga=0.301709442
PACKLOG|try=1|profit=2348758|weight=4691072
PACKLOG|best|profit=2348758|weight=4691072
PACKLOG|call=533|tour_len=402|end_dist=7268773
PACKLOG|try=0|th=0.948121289|de=0.021086281|ga=0.030792431
PACKLOG|try=0|profit=2014911|weight=4017801
PACKLOG|try=1|th=0.158859565|de=0.530453597|ga=0.310686838
PACKLOG|try=1|profit=2014911|weight=4017801
PACKLOG|best|profit=2014911|weight=4017801
PACKLOG|call=534|tour_len=505|end_dist=9089604
PACKLOG|try=0|th=0.404535023|de=0.554489575|ga=0.040975402
PACKLOG|try=0|profit=2534359|weight=5052595
PACKLOG|try=1|th=0.370062908|de=0.209253408|ga=0.420683684
PACKLOG|try=1|profit=2534359|weight=5052595
PACKLOG|best|profit=2534359|weight=5052595
PACKLOG|call=535|tour_len=735|end_dist=15938691
PACKLOG|try=0|th=0.547965879|de=0.319058117|ga=0.132976004
PACKLOG|try=0|profit=3707690|weight=7362780
PACKLOG|try=1|th=0.114684363|de=0.588699452|ga=0.296616185
PACKLOG|try=1|profit=3707690|weight=7362780
PACKLOG|best|profit=3707690|weight=7362780
PACKLOG|call=536|tour_len=601|end_dist=14172905
PACKLOG|try=0|th=0.782352024|de=0.056037100|ga=0.161610876
PACKLOG|try=0|profit=2989577|weight=6016902
PACKLOG|try=1|th=0.518084819|de=0.309393400|ga=0.172521781
PACKLOG|try=1|profit=2989577|weight=6016902
PACKLOG|best|profit=2989577|weight=6016902
PACKLOG|call=537|tour_len=419|end_dist=7191966
PACKLOG|try=0|th=0.351021044|de=0.274485572|ga=0.374493385
PACKLOG|try=0|profit=2104429|weight=4188552
PACKLOG|try=1|th=0.064703842|de=0.555779535|ga=0.379516623
PACKLOG|try=1|profit=2104429|weight=4188552
PACKLOG|best|profit=2104429|weight=4188552
PACKLOG|call=538|tour_len=382|end_dist=7084230
PACKLOG|try=0|th=0.018502501|de=0.159743619|ga=0.821753880
PACKLOG|try=0|profit=1913589|weight=3816908
PACKLOG|try=1|th=0.455194260|de=0.408778522|ga=0.136027218
PACKLOG|try=1|profit=1913589|weight=3816908
PACKLOG|best|profit=1913589|weight=3816908
PACKLOG|call=539|tour_len=593|end_dist=12546103
PACKLOG|try=0|th=0.425514288|de=0.471979092|ga=0.102506620
PACKLOG|try=0|profit=2971035|weight=5936574
PACKLOG|try=1|th=0.001517201|de=0.536525488|ga=0.461957311
PACKLOG|try=1|profit=2971035|weight=5936574
PACKLOG|best|profit=2971035|weight=5936574
PACKLOG|call=540|tour_len=736|end_dist=16260587
PACKLOG|try=0|th=0.275264359|de=0.470834769|ga=0.253900872
PACKLOG|try=0|profit=3703143|weight=7372864
PACKLOG|try=1|th=0.398768206|de=0.198741186|ga=0.402490607
PACKLOG|try=1|profit=3703143|weight=7372864
PACKLOG|best|profit=3703143|weight=7372864
PACKLOG|call=541|tour_len=755|end_dist=16573105
PACKLOG|try=0|th=0.440622093|de=0.002596337|ga=0.556781570
PACKLOG|try=0|profit=3798848|weight=7563768
PACKLOG|try=1|th=0.058370767|de=0.544456882|ga=0.397172351
PACKLOG|try=1|profit=3798848|weight=7563768
PACKLOG|best|profit=3798848|weight=7563768
PACKLOG|call=542|tour_len=428|end_dist=6886052
PACKLOG|try=0|th=0.356586786|de=0.249817857|ga=0.393595357
PACKLOG|try=0|profit=2140896|weight=4279162
PACKLOG|try=1|th=0.300797185|de=0.125737830|ga=0.573464985
PACKLOG|try=1|profit=2140896|weight=4279162
PACKLOG|best|profit=2140896|weight=4279162
PACKLOG|call=543|tour_len=345|end_dist=5545176
PACKLOG|try=0|th=0.097707089|de=0.605706742|ga=0.296586170
PACKLOG|try=0|profit=1733878|weight=3445392
PACKLOG|try=1|th=0.406059250|de=0.114536362|ga=0.479404387
PACKLOG|try=1|profit=1733878|weight=3445392
PACKLOG|best|profit=1733878|weight=3445392
PACKLOG|call=544|tour_len=421|end_dist=7525580
PACKLOG|try=0|th=0.396445013|de=0.356025550|ga=0.247529437
PACKLOG|try=0|profit=2114023|weight=4208659
PACKLOG|try=1|th=0.102453506|de=0.435201661|ga=0.462344833
PACKLOG|try=1|profit=2114023|weight=4208659
PACKLOG|best|profit=2114023|weight=4208659
PACKLOG|call=545|tour_len=524|end_dist=9523307
PACKLOG|try=0|th=0.322499478|de=0.301090417|ga=0.376410105
PACKLOG|try=0|profit=2614252|weight=5243390
PACKLOG|try=1|th=0.649390397|de=0.164222283|ga=0.186387321
PACKLOG|try=1|profit=2614252|weight=5243390
PACKLOG|best|profit=2614252|weight=5243390
PACKLOG|call=546|tour_len=537|end_dist=10202976
PACKLOG|try=0|th=0.373877060|de=0.282196895|ga=0.343926045
PACKLOG|try=0|profit=2680952|weight=5373884
PACKLOG|try=1|th=0.029688620|de=0.907681112|ga=0.062630268
PACKLOG|try=1|profit=2680952|weight=5373884
PACKLOG|best|profit=2680952|weight=5373884
PACKLOG|call=547|tour_len=690|end_dist=14313849
PACKLOG|try=0|th=0.054788865|de=0.333419637|ga=0.611791497
PACKLOG|try=0|profit=3464396|weight=6910910
PACKLOG|try=1|th=0.390722248|de=0.313378265|ga=0.295899488
PACKLOG|try=1|profit=3464396|weight=6910910
PACKLOG|best|profit=3464396|weight=6910910
PACKLOG|call=548|tour_len=285|end_dist=4805579
PACKLOG|try=0|th=0.484954809|de=0.398622137|ga=0.116423054
PACKLOG|try=0|profit=1424484|weight=2842590
PACKLOG|try=1|th=0.296596539|de=0.318286040|ga=0.385117421
PACKLOG|try=1|profit=1424484|weight=2842590
PACKLOG|best|profit=1424484|weight=2842590
PACKLOG|call=549|tour_len=559|end_dist=9991563
PACKLOG|try=0|th=0.834338073|de=0.093811573|ga=0.071850354
PACKLOG|try=0|profit=2794594|weight=5595004
PACKLOG|try=1|th=0.551868753|de=0.261437747|ga=0.186693499
PACKLOG|try=1|profit=2794594|weight=5595004
PACKLOG|best|profit=2794594|weight=5595004
PACKLOG|call=550|tour_len=538|end_dist=9671647
PACKLOG|try=0|th=0.540102534|de=0.341779433|ga=0.118118033
PACKLOG|try=0|profit=2686450|weight=5384005
PACKLOG|try=1|th=0.534125306|de=0.135384627|ga=0.330490067
PACKLOG|try=1|profit=2686450|weight=5384005
PACKLOG|best|profit=2686450|weight=5384005
PACKLOG|call=551|tour_len=471|end_dist=8379028
PACKLOG|try=0|th=0.137565954|de=0.568743590|ga=0.293690456
PACKLOG|try=0|profit=2353931|weight=4711022
PACKLOG|try=1|th=0.470788442|de=0.166383600|ga=0.362827958
PACKLOG|try=1|profit=2353931|weight=4711022
PACKLOG|best|profit=2353931|weight=4711022
PACKLOG|call=552|tour_len=790|end_dist=17392290
PACKLOG|try=0|th=0.594907939|de=0.330801071|ga=0.074290990
PACKLOG|try=0|profit=3980050|weight=7915289
PACKLOG|try=1|th=0.314183251|de=0.399630115|ga=0.286186634
PACKLOG|try=1|profit=3980050|weight=7915289
PACKLOG|best|profit=3980050|weight=7915289
PACKLOG|call=553|tour_len=517|end_dist=9898156
PACKLOG|try=0|th=0.313144198|de=0.288651781|ga=0.398204021
PACKLOG|try=0|profit=2594350|weight=5173096
PACKLOG|try=1|th=0.240626143|de=0.247090646|ga=0.512283211
PACKLOG|try=1|profit=2594350|weight=5173096
PACKLOG|best|profit=2594350|weight=5173096
PACKLOG|call=554|tour_len=442|end_dist=8198974
PACKLOG|try=0|th=0.500256795|de=0.001435818|ga=0.498307387
PACKLOG|try=0|profit=2216705|weight=4419725
PACKLOG|try=1|th=0.394868554|de=0.255614543|ga=0.349516903
PACKLOG|try=1|profit=2216705|weight=4419725
PACKLOG|best|profit=2216705|weight=4419725
PACKLOG|call=555|tour_len=659|end_dist=13987730
PACKLOG|try=0|th=0.411832097|de=0.025193565|ga=0.562974338
PACKLOG|try=0|profit=3324955|weight=6599267
PACKLOG|try=1|th=0.328993312|de=0.502842388|ga=0.168164300
PACKLOG|try=1|profit=3324955|weight=6599267
PACKLOG|best|profit=3324955|weight=6599267
PACKLOG|call=556|tour_len=685|end_dist=13543338
PACKLOG|try=0|th=0.140182620|de=0.400243007|ga=0.459574373
PACKLOG|try=0|profit=3431097|weight=6860699
PACKLOG|try=1|th=0.248110277|de=0.618112079|ga=0.133777644
PACKLOG|try=1|profit=3431097|weight=6860699
PACKLOG|best|profit=3431097|weight=6860699
PACKLOG|call=557|tour_len=921|end_dist=20403927
PACKLOG|try=0|th=0.249634517|de=0.467771612|ga=0.282593871
PACKLOG|try=0|profit=4276409|weight=7085715
PACKLOG|try=1|th=0.498226324|de=0.030836679|ga=0.470936997
PACKLOG|try=1|profit=4282786|weight=7052607
PACKLOG|best|profit=4282786|weight=7052607
PACKLOG|call=558|tour_len=794|end_dist=18795482
PACKLOG|try=0|th=0.249247579|de=0.431750034|ga=0.319002386
PACKLOG|try=0|profit=3948579|weight=7257333
PACKLOG|try=1|th=0.306377500|de=0.620530460|ga=0.073092040
PACKLOG|try=1|profit=3951357|weight=7176950
PACKLOG|best|profit=3951357|weight=7176950
PACKLOG|call=559|tour_len=521|end_dist=10872512
PACKLOG|try=0|th=0.258465482|de=0.474901084|ga=0.266633434
PACKLOG|try=0|profit=2595590|weight=5213390
PACKLOG|try=1|th=0.505163605|de=0.031074471|ga=0.463761924
PACKLOG|try=1|profit=2595590|weight=5213390
PACKLOG|best|profit=2595590|weight=5213390
PACKLOG|call=560|tour_len=400|end_dist=6540439
PACKLOG|try=0|th=0.327827169|de=0.323479484|ga=0.348693348
PACKLOG|try=0|profit=1979945|weight=3997871
PACKLOG|try=1|th=0.587548701|de=0.328586542|ga=0.083864757
PACKLOG|try=1|profit=1979945|weight=3997871
PACKLOG|best|profit=1979945|weight=3997871
PACKLOG|call=561|tour_len=524|end_dist=10060591
PACKLOG|try=0|th=0.521614297|de=0.072394878|ga=0.405990825
PACKLOG|try=0|profit=2621241|weight=5243384
PACKLOG|try=1|th=0.376952142|de=0.083113390|ga=0.539934468
PACKLOG|try=1|profit=2621241|weight=5243384
PACKLOG|best|profit=2621241|weight=5243384
PACKLOG|call=562|tour_len=488|end_dist=8601742
PACKLOG|try=0|th=0.270357626|de=0.330018026|ga=0.399624348
PACKLOG|try=0|profit=2434581|weight=4881560
PACKLOG|try=1|th=0.526426342|de=0.446138656|ga=0.027435001
PACKLOG|try=1|profit=2434581|weight=4881560
PACKLOG|best|profit=2434581|weight=4881560
PACKLOG|call=563|tour_len=465|end_dist=7774997
PACKLOG|try=0|th=0.367828205|de=0.622181480|ga=0.009990315
PACKLOG|try=0|profit=2317770|weight=4650857
PACKLOG|try=1|th=0.198136947|de=0.525963579|ga=0.275899474
PACKLOG|try=1|profit=2317770|weight=4650857
PACKLOG|best|profit=2317770|weight=4650857
PACKLOG|call=564|tour_len=547|end_dist=10136159
PACKLOG|try=0|th=0.458923089|de=0.236801189|ga=0.304275722
PACKLOG|try=0|profit=2732412|weight=5474439
PACKLOG|try=1|th=0.524008671|de=0.401967453|ga=0.074023875
PACKLOG|try=1|profit=2732412|weight=5474439
PACKLOG|best|profit=2732412|weight=5474439
PACKLOG|call=565|tour_len=622|end_dist=14513967
PACKLOG|try=0|th=0.587003182|de=0.374293048|ga=0.038703770
PACKLOG|try=0|profit=3083307|weight=6227795
PACKLOG|try=1|th=0.374763018|de=0.360859379|ga=0.264377603
PACKLOG|try=1|profit=3083307|weight=6227795
PACKLOG|best|profit=3083307|weight=6227795
PACKLOG|call=566|tour_len=499|end_dist=9350883
PACKLOG|try=0|th=0.274175133|de=0.020154365|ga=0.705670501
PACKLOG|try=0|profit=2503243|weight=4992232
PACKLOG|try=1|th=0.566340630|de=0.433086529|ga=0.000572841
PACKLOG|try=1|profit=2503243|weight=4992232
PACKLOG|best|profit=2503243|weight=4992232
PACKLOG|call=567|tour_len=360|end_dist=5860915
PACKLOG|try=0|th=0.564540316|de=0.205660803|ga=0.229798882
PACKLOG|try=0|profit=1801053|weight=3596039
PACKLOG|try=1|th=0.568616828|de=0.201594287|ga=0.229788885
PACKLOG|try=1|profit=1801053|weight=3596039
PACKLOG|best|profit=1801053|weight=3596039
PACKLOG|call=568|tour_len=393|end_dist=6780775
PACKLOG|try=0|th=0.329744821|de=0.074965316|ga=0.595289863
PACKLOG|try=0|profit=1947109|weight=3927298
PACKLOG|try=1|th=0.546789344|de=0.142951519|ga=0.310259137
PACKLOG|try=1|profit=1947109|weight=3927298
PACKLOG|best|profit=1947109|weight=3927298
PACKLOG|call=569|tour_len=351|end_dist=6002551
PACKLOG|try=0|th=0.493328611|de=0.229381787|ga=0.277289602
PACKLOG|try=0|profit=1765742|weight=3505442
PACKLOG|try=1|th=0.398060166|de=0.306250949|ga=0.295688885
PACKLOG|try=1|profit=1765742|weight=3505442
PACKLOG|best|profit=1765742|weight=3505442
PACKLOG|call=570|tour_len=574|end_dist=10871113
PACKLOG|try=0|th=0.520967127|de=0.348383855|ga=0.130649018
PACKLOG|try=0|profit=2874644|weight=5745724
PACKLOG|try=1|th=0.466509164|de=0.293952829|ga=0.239538007
PACKLOG|try=1|profit=2874644|weight=5745724
PACKLOG|best|profit=2874644|weight=5745724
PACKLOG|call=571|tour_len=535|end_dist=12442520
PACKLOG|try=0|th=0.288264991|de=0.479381562|ga=0.232353448
PACKLOG|try=0|profit=2670875|weight=5353868
PACKLOG|try=1|th=0.501721954|de=0.140295551|ga=0.357982495
PACKLOG|try=1|profit=2670875|weight=5353868
PACKLOG|best|profit=2670875|weight=5353868
PACKLOG|call=572|tour_len=666|end_dist=12920199
PACKLOG|try=0|th=0.132937636|de=0.375642966|ga=0.491419398
PACKLOG|try=0|profit=3317533|weight=6669877
PACKLOG|try=1|th=0.345003734|de=0.154389661|ga=0.500606605
PACKLOG|try=1|profit=3317533|weight=6669877
PACKLOG|best|profit=3317533|weight=6669877
PACKLOG|call=573|tour_len=434|end_dist=7437520
PACKLOG|try=0|th=0.350250387|de=0.388528994|ga=0.261220618
PACKLOG|try=0|profit=2181731|weight=4339428
PACKLOG|try=1|th=0.410077654|de=0.172257161|ga=0.417665185
PACKLOG|try=1|profit=2181731|weight=4339428
PACKLOG|best|profit=2181731|weight=4339428
PACKLOG|call=574|tour_len=567|end_dist=10319163
PACKLOG|try=0|th=0.618151490|de=0.045875508|ga=0.335973002
PACKLOG|try=0|profit=2840137|weight=5675294
PACKLOG|try=1|th=0.703108219|de=0.099921789|ga=0.196969992
PACKLOG|try=1|profit=2840137|weight=5675294
PACKLOG|best|profit=2840137|weight=5675294
PACKLOG|call=575|tour_len=589|end_dist=10382964
PACKLOG|try=0|th=0.387719599|de=0.451762960|ga=0.160517441
PACKLOG|try=0|profit=2935905|weight=5896209
PACKLOG|try=1|th=0.268795224|de=0.366198890|ga=0.365005885
PACKLOG|try=1|profit=2935905|weight=5896209
PACKLOG|best|profit=2935905|weight=5896209
PACKLOG|call=576|tour_len=575|end_dist=10996353
PACKLOG|try=0|th=0.377817536|de=0.466159079|ga=0.156023385
PACKLOG|try=0|profit=2875625|weight=5755587
PACKLOG|try=1|th=0.525639764|de=0.250103654|ga=0.224256582
PACKLOG|try=1|profit=2875625|weight=5755587
PACKLOG|best|profit=2875625|weight=5755587
PACKLOG|call=577|tour_len=602|end_dist=12540009
PACKLOG|try=0|th=0.112815338|de=0.304181121|ga=0.583003541
PACKLOG|try=0|profit=2996278|weight=6027201
PACKLOG|try=1|th=0.612830240|de=0.336269660|ga=0.050900100
PACKLOG|try=1|profit=2996278|weight=6027201
PACKLOG|best|profit=2996278|weight=6027201
PACKLOG|call=578|tour_len=607|end_dist=12288099
PACKLOG|try=0|th=0.461575170|de=0.538378331|ga=0.000046499
PACKLOG|try=0|profit=3036805|weight=6077255
PACKLOG|try=1|th=0.271687620|de=0.238384828|ga=0.489927552
PACKLOG|try=1|profit=3036805|weight=6077255
PACKLOG|best|profit=3036805|weight=6077255
PACKLOG|call=579|tour_len=428|end_dist=7496226
PACKLOG|try=0|th=0.482069679|de=0.124275846|ga=0.393654475
PACKLOG|try=0|profit=2143586|weight=4279031
PACKLOG|try=1|th=0.300883785|de=0.495581405|ga=0.203534809
PACKLOG|try=1|profit=2143586|weight=4279031
PACKLOG|best|profit=2143586|weight=4279031
PACKLOG|call=580|tour_len=855|end_dist=18207514
PACKLOG|try=0|th=0.085738878|de=0.262031219|ga=0.652229903
PACKLOG|try=0|profit=4176158|weight=7832874
PACKLOG|try=1|th=0.069685396|de=0.311018178|ga=0.619296426
PACKLOG|try=1|profit=4161447|weight=7836877
PACKLOG|best|profit=4176158|weight=7832874
PACKLOG|call=581|tour_len=787|end_dist=17036578
PACKLOG|try=0|th=0.368092008|de=0.294901886|ga=0.337006106
PACKLOG|try=0|profit=3928552|weight=7844981
PACKLOG|try=1|th=0.323026245|de=0.368715241|ga=0.308258514
PACKLOG|try=1|profit=3928552|weight=7844981
PACKLOG|best|profit=3928552|weight=7844981
PACKLOG|call=582|tour_len=467|end_dist=8355056
PACKLOG|try=0|th=0.182879647|de=0.430611068|ga=0.386509286
PACKLOG|try=0|profit=2332153|weight=4670816
PACKLOG|try=1|th=0.412225159|de=0.171390994|ga=0.416383846
PACKLOG|try=1|profit=2332153|weight=4670816
PACKLOG|best|profit=2332153|weight=4670816
PACKLOG|call=583|tour_len=484|end_dist=11533990
PACKLOG|try=0|th=0.378358168|de=0.233269117|ga=0.388372715
PACKLOG|try=0|profit=2429720|weight=4841618
PACKLOG|try=1|th=0.669328392|de=0.260663936|ga=0.070007672
PACKLOG|try=1|profit=2429720|weight=4841618
PACKLOG|best|profit=2429720|weight=4841618
PACKLOG|call=584|tour_len=779|end_dist=16186491
PACKLOG|try=0|th=0.152685267|de=0.778177042|ga=0.069137691
PACKLOG|try=0|profit=3911684|weight=7804714
PACKLOG|try=1|th=0.239508874|de=0.229260093|ga=0.531231033
PACKLOG|try=1|profit=3911684|weight=7804714
PACKLOG|best|profit=3911684|weight=7804714
PACKLOG|call=585|tour_len=511|end_dist=9661200
PACKLOG|try=0|th=0.372911533|de=0.020587770|ga=0.606500697
PACKLOG|try=0|profit=2552164|weight=5112734
PACKLOG|try=1|th=0.301643662|de=0.522805542|ga=0.175550796
PACKLOG|try=1|profit=2552164|weight=5112734
PACKLOG|best|profit=2552164|weight=5112734
PACKLOG|call=586|tour_len=953|end_dist=21035918
PACKLOG|try=0|th=0.350551192|de=0.211257692|ga=0.438191116
PACKLOG|try=0|profit=4283764|weight=6999333
PACKLOG|try=1|th=0.295199522|de=0.313877233|ga=0.390923244
PACKLOG|try=1|profit=4278624|weight=7012324
PACKLOG|best|profit=4283764|weight=6999333
PACKLOG|call=587|tour_len=482|end_dist=8813601
PACKLOG|try=0|th=0.299132121|de=0.479724529|ga=0.221143350
PACKLOG|try=0|profit=2404563|weight=4821525
PACKLOG|try=1|th=0.319510138|de=0.293788551|ga=0.386701310
PACKLOG|try=1|profit=2404563|weight=4821525
PACKLOG|best|profit=2404563|weight=4821525
PACKLOG|call=588|tour_len=519|end_dist=9740145
PACKLOG|try=0|th=0.292874768|de=0.415876120|ga=0.291249112
PACKLOG|try=0|profit=2596582|weight=5193080
PACKLOG|try=1|th=0.418666399|de=0.213898436|ga=0.367435165
PACKLOG|try=1|profit=2596582|weight=5193080
PACKLOG|best|profit=2596582|weight=5193080
PACKLOG|call=589|tour_len=645|end_dist=12636464
PACKLOG|try=0|th=0.381708033|de=0.407028007|ga=0.211263960
PACKLOG|try=0|profit=3225369|weight=6458821
PACKLOG|try=1|th=0.169717739|de=0.202450939|ga=0.627831323
PACKLOG|try=1|profit=3225369|weight=6458821
PACKLOG|best|profit=3225369|weight=6458821
PACKLOG|call=590|tour_len=963|end_dist=21661503
PACKLOG|try=0|th=0.462191617|de=0.314974765|ga=0.222833618
PACKLOG|try=0|profit=4361902|weight=6865624
PACKLOG|try=1|th=0.540943955|de=0.340235479|ga=0.118820566
PACKLOG|try=1|profit=4344555|weight=6682864
PACKLOG|best|profit=4361902|weight=6865624
PACKLOG|call=591|tour_len=268|end_dist=4070168
PACKLOG|try=0|th=0.038988104|de=0.113337859|ga=0.847674037
PACKLOG|try=0|profit=1336763|weight=2671989
PACKLOG|try=1|th=0.233597328|de=0.017898071|ga=0.748504601
PACKLOG|try=1|profit=1336763|weight=2671989
PACKLOG|best|profit=1336763|weight=2671989
PACKLOG|call=592|tour_len=711|end_dist=14834299
PACKLOG|try=0|th=0.088504051|de=0.658761523|ga=0.252734427
PACKLOG|try=0|profit=3555723|weight=7121831
PACKLOG|try=1|th=0.242705869|de=0.514979478|ga=0.242314653
PACKLOG|try=1|profit=3555723|weight=7121831
PACKLOG|best|profit=3555723|weight=7121831
PACKLOG|call=593|tour_len=652|end_dist=15114294
PACKLOG|try=0|th=0.686971410|de=0.265414491|ga=0.047614098
PACKLOG|try=0|profit=3279451|weight=6529053
PACKLOG|try=1|th=0.334313030|de=0.021296342|ga=0.644390629
PACKLOG|try=1|profit=3279451|weight=6529053
PACKLOG|best|profit=3279451|weight=6529053
PACKLOG|call=594|tour_len=353|end_dist=5530040
PACKLOG|try=0|th=0.178723778|de=0.382123224|ga=0.439152998
PACKLOG|try=0|profit=1752219|weight=3525664
PACKLOG|try=1|th=0.358929692|de=0.479297144|ga=0.161773164
PACKLOG|try=1|profit=1752219|weight=3525664
PACKLOG|best|profit=1752219|weight=3525664
PACKLOG|call=595|tour_len=511|end_dist=8902748
PACKLOG|try=0|th=0.362882105|de=0.256781885|ga=0.380336011
PACKLOG|try=0|profit=2560044|weight=5112790
PACKLOG|try=1|th=0.147769910|de=0.577080829|ga=0.275149261
PACKLOG|try=1|profit=2560044|weight=5112790
PACKLOG|best|profit=2560044|weight=5112790
PACKLOG|call=596|tour_len=417|end_dist=7386375
PACKLOG|try=0|th=0.328963041|de=0.652864183|ga=0.018172776
PACKLOG|try=0|profit=2076869|weight=4168658
PACKLOG|try=1|th=0.245038100|de=0.295425012|ga=0.459536887
PACKLOG|try=1|profit=2076869|weight=4168658
PACKLOG|best|profit=2076869|weight=4168658
PACKLOG|call=597|tour_len=307|end_dist=5566832
PACKLOG|try=0|th=0.056324193|de=0.314914353|ga=0.628761454
PACKLOG|try=0|profit=1535064|weight=3063467
PACKLOG|try=1|th=0.219784524|de=0.290844615|ga=0.489370861
PACKLOG|try=1|profit=1535064|weight=3063467
PACKLOG|best|profit=1535064|weight=3063467
PACKLOG|call=598|tour_len=775|end_dist=17533270
PACKLOG|try=0|th=0.122284623|de=0.326034572|ga=0.551680805
PACKLOG|try=0|profit=3895852|weight=7694259
PACKLOG|try=1|th=0.271301041|de=0.211411512|ga=0.517287447
PACKLOG|try=1|profit=3896237|weight=7691220
PACKLOG|best|profit=3896237|weight=7691220
PACKLOG|call=599|tour_len=483|end_dist=9419093
PACKLOG|try=0|th=0.398804566|de=0.111208445|ga=0.489986989
PACKLOG|try=0|profit=2389838|weight=4831626
PACKLOG|try=1|th=0.108781112|de=0.490117368|ga=0.401101521
PACKLOG|try=1|profit=2389838|weight=4831626
PACKLOG|best|profit=2389838|weight=4831626
PACKLOG|call=600|tour_len=323|end_dist=5579997
PACKLOG|try=0|th=0.394759534|de=0.320299274|ga=0.284941192
PACKLOG|try=0|profit=1619804|weight=3224341
PACKLOG|try=1|th=0.096962063|de=0.436671489|ga=0.466366448
PACKLOG|try=1|profit=1619804|weight=3224341
PACKLOG|best|profit=1619804|weight=3224341
PACKLOG|call=601|tour_len=563|end_dist=11751113
PACKLOG|try=0|th=0.517130384|de=0.417291530|ga=0.065578085
PACKLOG|try=0|profit=2825089|weight=5635181
PACKLOG|try=1|th=0.420411446|de=0.233273650|ga=0.346314905
PACKLOG|try=1|profit=2825089|weight=5635181
PACKLOG|best|profit=2825089|weight=5635181
PACKLOG|call=602|tour_len=536|end_dist=9442351
PACKLOG|try=0|th=0.056331922|de=0.391000731|ga=0.552667346
PACKLOG|try=0|profit=2671061|weight=5363945
PACKLOG|try=1|th=0.356856212|de=0.243394809|ga=0.399748979
PACKLOG|try=1|profit=2671061|weight=5363945
PACKLOG|best|profit=2671061|weight=5363945
PACKLOG|call=603|tour_len=411|end_dist=6551304
PACKLOG|try=0|th=0.052538026|de=0.638133482|ga=0.309328492
PACKLOG|try=0|profit=2042713|weight=4108264
PACKLOG|try=1|th=0.242579096|de=0.353380242|ga=0.404040662
PACKLOG|try=1|profit=2042713|weight=4108264
PACKLOG|best|profit=2042713|weight=4108264
PACKLOG|call=604|tour_len=793|end_dist=17917280
PACKLOG|try=0|th=0.349048265|de=0.259223495|ga=0.391728240
PACKLOG|try=0|profit=3942704|weight=7578960
PACKLOG|try=1|th=0.311193163|de=0.367045125|ga=0.321761712
PACKLOG|try=1|profit=3942815|weight=7577962
PACKLOG|best|profit=3942815|weight=7577962
PACKLOG|call=605|tour_len=576|end_dist=11033611
PACKLOG|try=0|th=0.100232125|de=0.805020450|ga=0.094747425
PACKLOG|try=0|profit=2869410|weight=5765683
PACKLOG|try=1|th=0.042231619|de=0.513302177|ga=0.444466204
PACKLOG|try=1|profit=2869410|weight=5765683
PACKLOG|best|profit=2869410|weight=5765683
PACKLOG|call=606|tour_len=394|end_dist=7006248
PACKLOG|try=0|th=0.313549161|de=0.498689654|ga=0.187761185
PACKLOG|try=0|profit=1971722|weight=3937647
PACKLOG|try=1|th=0.346879479|de=0.201933412|ga=0.451187108
PACKLOG|try=1|profit=1971722|weight=3937647
PACKLOG|best|profit=1971722|weight=3937647
PACKLOG|call=607|tour_len=673|end_dist=12673475
PACKLOG|try=0|th=0.598669939|de=0.355797755|ga=0.045532306
PACKLOG|try=0|profit=3359387|weight=6740115
PACKLOG|try=1|th=0.644737696|de=0.338004702|ga=0.017257602
PACKLOG|try=1|profit=3359387|weight=6740115
PACKLOG|best|profit=3359387|weight=6740115
PACKLOG|call=608|tour_len=852|end_dist=17896308
PACKLOG|try=0|th=0.446433470|de=0.406314486|ga=0.147252044
PACKLOG|try=0|profit=4238809|weight=8084143
PACKLOG|try=1|th=0.850794061|de=0.038396751|ga=0.110809189
PACKLOG|try=1|profit=4238303|weight=8059014
PACKLOG|best|profit=4238809|weight=8084143
PACKLOG|call=609|tour_len=641|end_dist=11203071
PACKLOG|try=0|th=0.186585956|de=0.196370693|ga=0.617043351
PACKLOG|try=0|profit=3202111|weight=6418686
PACKLOG|try=1|th=0.310236969|de=0.374057859|ga=0.315705173
PACKLOG|try=1|profit=3202111|weight=6418686
PACKLOG|best|profit=3202111|weight=6418686
PACKLOG|call=610|tour_len=414|end_dist=7244911
PACKLOG|try=0|th=0.133372234|de=0.685765788|ga=0.180861979
PACKLOG|try=0|profit=2076977|weight=4138565
PACKLOG|try=1|th=0.427321114|de=0.209220307|ga=0.363458579
PACKLOG|try=1|profit=2076977|weight=4138565
PACKLOG|best|profit=2076977|weight=4138565
PACKLOG|call=611|tour_len=353|end_dist=6345454
PACKLOG|try=0|th=0.443156507|de=0.097332770|ga=0.459510722
PACKLOG|try=0|profit=1765773|weight=3525716
PACKLOG|try=1|th=0.216808024|de=0.106775654|ga=0.676416323
PACKLOG|try=1|profit=1765773|weight=3525716
PACKLOG|best|profit=1765773|weight=3525716
PACKLOG|call=612|tour_len=347|end_dist=6134005
PACKLOG|try=0|th=0.326972210|de=0.136795661|ga=0.536232129
PACKLOG|try=0|profit=1731371|weight=3465545
PACKLOG|try=1|th=0.485964799|de=0.113467950|ga=0.400567251
PACKLOG|try=1|profit=1731371|weight=3465545
PACKLOG|best|profit=1731371|weight=3465545
PACKLOG|call=613|tour_len=397|end_dist=6602358
PACKLOG|try=0|th=0.758570123|de=0.086629815|ga=0.154800062
PACKLOG|try=0|profit=1994696|weight=3967568
PACKLOG|try=1|th=0.316505314|de=0.317779196|ga=0.365715491
PACKLOG|try=1|profit=1994696|weight=3967568
PACKLOG|best|profit=1994696|weight=3967568
PACKLOG|call=614|tour_len=600|end_dist=11634099
PACKLOG|try=0|th=0.684949161|de=0.166682711|ga=0.148368127
PACKLOG|try=0|profit=2977557|weight=6006871
PACKLOG|try=1|th=0.183606240|de=0.191707450|ga=0.624686310
PACKLOG|try=1|profit=2977557|weight=6006871
PACKLOG|best|profit=2977557|weight=6006871
PACKLOG|call=615|tour_len=966|end_dist=22822787
PACKLOG|try=0|th=0.079552141|de=0.432761560|ga=0.487686298
PACKLOG|try=0|profit=3673747|weight=6662821
PACKLOG|try=1|th=0.686576467|de=0.302910586|ga=0.010512947
PACKLOG|try=1|profit=3805835|weight=5204269
PACKLOG|best|profit=3805835|weight=5204269
PACKLOG|call=616|tour_len=456|end_dist=7961349
PACKLOG|try=0|th=0.124020254|de=0.492892090|ga=0.383087657
PACKLOG|try=0|profit=2286897|weight=4560132
PACKLOG|try=1|th=0.432157046|de=0.299295282|ga=0.268547672
PACKLOG|try=1|profit=2286897|weight=4560132
PACKLOG|best|profit=2286897|weight=4560132
PACKLOG|call=617|tour_len=563|end_dist=10307675
PACKLOG|try=0|th=0.196131182|de=0.396660683|ga=0.407208135
PACKLOG|try=0|profit=2820841|weight=5635215
PACKLOG|try=1|th=0.302957268|de=0.337843725|ga=0.359199007
PACKLOG|try=1|profit=2820841|weight=5635215
PACKLOG|best|profit=2820841|weight=5635215
PACKLOG|call=618|tour_len=398|end_dist=6879660
PACKLOG|try=0|th=0.603784265|de=0.363466509|ga=0.032749226
PACKLOG|try=0|profit=1999337|weight=3977693
PACKLOG|try=1|th=0.383180534|de=0.399290533|ga=0.217528933
PACKLOG|try=1|profit=1999337|weight=3977693
PACKLOG|best|profit=1999337|weight=3977693
PACKLOG|call=619|tour_len=472|end_dist=8828449
PACKLOG|try=0|th=0.351426754|de=0.206920734|ga=0.441652512
PACKLOG|try=0|profit=2366697|weight=4721083
PACKLOG|try=1|th=0.653888603|de=0.270956527|ga=0.075154871
PACKLOG|try=1|profit=2366697|weight=4721083
PACKLOG|best|profit=2366697|weight=4721083
PACKLOG|call=620|tour_len=618|end_dist=11418259
PACKLOG|try=0|th=0.566037523|de=0.033352396|ga=0.400610081
PACKLOG|try=0|profit=3104709|weight=6187465
PACKLOG|try=1|th=0.286591666|de=0.597728155|ga=0.115680179
PACKLOG|try=1|profit=3104709|weight=6187465
PACKLOG|best|profit=3104709|weight=6187465
PACKLOG|call=621|tour_len=589|end_dist=10383062
PACKLOG|try=0|th=0.623987954|de=0.224880377|ga=0.151131670
PACKLOG|try=0|profit=2935443|weight=5896385
PACKLOG|try=1|th=0.089251975|de=0.779298342|ga=0.131449683
PACKLOG|try=1|profit=2935443|weight=5896385
PACKLOG|best|profit=2935443|weight=5896385
PACKLOG|call=622|tour_len=850|end_dist=18032191
PACKLOG|try=0|th=0.077547165|de=0.476064434|ga=0.446388401
PACKLOG|try=0|profit=4179230|weight=7908299
PACKLOG|try=1|th=0.399737365|de=0.474755107|ga=0.125507528
PACKLOG|try=1|profit=4224240|weight=7779843
PACKLOG|best|profit=4224240|weight=7779843
PACKLOG|call=623|tour_len=444|end_dist=7851398
PACKLOG|try=0|th=0.603165850|de=0.022891407|ga=0.373942743
PACKLOG|try=0|profit=2220136|weight=4439679
PACKLOG|try=1|th=0.066997670|de=0.553442492|ga=0.379559838
PACKLOG|try=1|profit=2220136|weight=4439679
PACKLOG|best|profit=2220136|weight=4439679
PACKLOG|call=624|tour_len=562|end_dist=11003813
PACKLOG|try=0|th=0.368988192|de=0.005956335|ga=0.625055472
PACKLOG|try=0|profit=2811951|weight=5625067
PACKLOG|try=1|th=0.283066560|de=0.481069444|ga=0.235863996
PACKLOG|try=1|profit=2811951|weight=5625067
PACKLOG|best|profit=2811951|weight=5625067
PACKLOG|call=625|tour_len=578|end_dist=11053688
PACKLOG|try=0|th=0.551992498|de=0.175314098|ga=0.272693404
PACKLOG|try=0|profit=2883043|weight=5785922
PACKLOG|try=1|th=0.031406952|de=0.682901333|ga=0.285691716
PACKLOG|try=1|profit=2883043|weight=5785922
PACKLOG|best|profit=2883043|weight=5785922
PACKLOG|call=626|tour_len=401|end_dist=6265226
PACKLOG|try=0|th=0.590420731|de=0.001793281|ga=0.407785988
PACKLOG|try=0|profit=2003213|weight=4007812
PACKLOG|try=1|th=0.080292761|de=0.363599214|ga=0.556108025
PACKLOG|try=1|profit=2003213|weight=4007812
PACKLOG|best|profit=2003213|weight=4007812
PACKLOG|call=627|tour_len=626|end_dist=11479029
PACKLOG|try=0|th=0.249639981|de=0.394845524|ga=0.355514495
PACKLOG|try=0|profit=3123114|weight=6267969
PACKLOG|try=1|th=0.583426575|de=0.172533823|ga=0.244039602
PACKLOG|try=1|profit=3123114|weight=6267969
PACKLOG|best|profit=3123114|weight=6267969
PACKLOG|call=628|tour_len=888|end_dist=19770739
PACKLOG|try=0|th=0.257449798|de=0.101210465|ga=0.641339738
PACKLOG|try=0|profit=4218739|weight=7432139
PACKLOG|try=1|th=0.369592083|de=0.285832281|ga=0.344575636
PACKLOG|try=1|profit=4274153|weight=7314734
PACKLOG|best|profit=4274153|weight=7314734
PACKLOG|call=629|tour_len=696|end_dist=13239880
PACKLOG|try=0|th=0.032411560|de=0.603974193|ga=0.363614247
PACKLOG|try=0|profit=3479950|weight=6971148
PACKLOG|try=1|th=0.093933877|de=0.471915024|ga=0.434151099
PACKLOG|try=1|profit=3479950|weight=6971148
PACKLOG|best|profit=3479950|weight=6971148
PACKLOG|call=630|tour_len=466|end_dist=7914732
PACKLOG|try=0|th=0.361114778|de=0.330628042|ga=0.308257180
PACKLOG|try=0|profit=2322277|weight=4660821
PACKLOG|try=1|th=0.105683841|de=0.174708252|ga=0.719607907
PACKLOG|try=1|profit=2322277|weight=4660821
PACKLOG|best|profit=2322277|weight=4660821
PACKLOG|call=631|tour_len=388|end_dist=6437161
PACKLOG|try=0|th=0.567860355|de=0.292624261|ga=0.139515384
PACKLOG|try=0|profit=1949082|weight=3877219
PACKLOG|try=1|th=0.435359937|de=0.006165054|ga=0.558475009
PACKLOG|try=1|profit=1949082|weight=3877219
PACKLOG|best|profit=1949082|weight=3877219
PACKLOG|call=632|tour_len=155|end_dist=2454846
PACKLOG|try=0|th=0.284359106|de=0.437824072|ga=0.277816821
PACKLOG|try=0|profit=753728|weight=1536896
PACKLOG|try=1|th=0.274605376|de=0.343589432|ga=0.381805191
PACKLOG|try=1|profit=753728|weight=1536896
PACKLOG|best|profit=753728|weight=1536896
PACKLOG|call=633|tour_len=499|end_dist=9264225
PACKLOG|try=0|th=0.313007398|de=0.210943466|ga=0.476049136
PACKLOG|try=0|profit=2497528|weight=4992166
PACKLOG|try=1|th=0.451846377|de=0.479636735|ga=0.068516888
PACKLOG|try=1|profit=2497528|weight=4992166
PACKLOG|best|profit=2497528|weight=4992166
PACKLOG|call=634|tour_len=444|end_dist=7960422
PACKLOG|try=0|th=0.427961746|de=0.363870924|ga=0.208167330
PACKLOG|try=0|profit=2221043|weight=4439663
PACKLOG|try=1|th=0.017352461|de=0.396007977|ga=0.586639562
PACKLOG|try=1|profit=2221043|weight=4439663
PACKLOG|best|profit=2221043|weight=4439663
PACKLOG|call=635|tour_len=769|end_dist=17641264
PACKLOG|try=0|th=0.125307307|de=0.388639475|ga=0.486053218
PACKLOG|try=0|profit=3841785|weight=7502668
PACKLOG|try=1|th=0.531057895|de=0.203209772|ga=0.265732333
PACKLOG|try=1|profit=3844484|weight=7474552
PACKLOG|best|profit=3844484|weight=7474552
PACKLOG|call=636|tour_len=409|end_dist=6727635
PACKLOG|try=0|th=0.426756484|de=0.408210668|ga=0.165032848
PACKLOG|try=0|profit=2053989|weight=4088095
PACKLOG|try=1|th=0.271851470|de=0.387989564|ga=0.340158966
PACKLOG|try=1|profit=2053989|weight=4088095
PACKLOG|best|profit=2053989|weight=4088095
PACKLOG|call=637|tour_len=449|end_dist=7667342
PACKLOG|try=0|th=0.157951308|de=0.234746007|ga=0.607302685
PACKLOG|try=0|profit=2223701|weight=4490027
PACKLOG|try=1|th=0.521600845|de=0.301994253|ga=0.176404903
PACKLOG|try=1|profit=2223701|weight=4490027
PACKLOG|best|profit=2223701|weight=4490027
PACKLOG|call=638|tour_len=649|end_dist=12782945
PACKLOG|try=0|th=0.529649807|de=0.440617696|ga=0.029732497
PACKLOG|try=0|profit=3241426|weight=6499203
PACKLOG|try=1|th=0.141391331|de=0.598098758|ga=0.260509910
PACKLOG|try=1|profit=3241426|weight=6499203
PACKLOG|best|profit=3241426|weight=6499203
PACKLOG|call=639|tour_len=773|end_dist=16783159
PACKLOG|try=0|th=0.038172431|de=0.603414340|ga=0.358413229
PACKLOG|try=0|profit=3885423|weight=7744314
PACKLOG|try=1|th=0.302558639|de=0.570454340|ga=0.126987022
PACKLOG|try=1|profit=3885423|weight=7744314
PACKLOG|best|profit=3885423|weight=7744314
PACKLOG|call=640|tour_len=542|end_dist=9993056
PACKLOG|try=0|th=0.124740773|de=0.520418226|ga=0.354841001
PACKLOG|try=0|profit=2712573|weight=5424186
PACKLOG|try=1|th=0.255658859|de=0.496860139|ga=0.247481001
PACKLOG|try=1|profit=2712573|weight=5424186
PACKLOG|best|profit=2712573|weight=5424186
PACKLOG|call=641|tour_len=835|end_dist=18631737
PACKLOG|try=0|th=0.098974147|de=0.147656755|ga=0.753369098
PACKLOG|try=0|profit=4027334|weight=7470230
PACKLOG|try=1|th=0.562629243|de=0.299818035|ga=0.137552722
PACKLOG|try=1|profit=4116887|weight=7227224
PACKLOG|best|profit=4116887|weight=7227224
PACKLOG|call=642|tour_len=557|end_dist=10812151
PACKLOG|try=0|th=0.414449604|de=0.110289930|ga=0.475260466
PACKLOG|try=0|profit=2803121|weight=5574809
PACKLOG|try=1|th=0.295293886|de=0.192524055|ga=0.512182058
PACKLOG|try=1|profit=2803121|weight=5574809
PACKLOG|best|profit=2803121|weight=5574809
PACKLOG|call=643|tour_len=421|end_dist=7024594
PACKLOG|try=0|th=0.141956207|de=0.042393689|ga=0.815650104
PACKLOG|try=0|profit=2108019|weight=4208628
PACKLOG|try=1|th=0.312718152|de=0.663948448|ga=0.023333400
PACKLOG|try=1|profit=2108019|weight=4208628
PACKLOG|best|profit=2108019|weight=4208628
PACKLOG|call=644|tour_len=529|end_dist=9458239
PACKLOG|try=0|th=0.405204518|de=0.490202271|ga=0.104593211
PACKLOG|try=0|profit=2640755|weight=5293788
PACKLOG|try=1|th=0.225707019|de=0.093385304|ga=0.680907677
PACKLOG|try=1|profit=2640755|weight=5293788
PACKLOG|best|profit=2640755|weight=5293788
PACKLOG|call=645|tour_len=485|end_dist=11992379
PACKLOG|try=0|th=0.487509242|de=0.495037819|ga=0.017452940
PACKLOG|try=0|profit=2430590|weight=4851631
PACKLOG|try=1|th=0.185304071|de=0.348887357|ga=0.465808572
PACKLOG|try=1|profit=2430590|weight=4851631
PACKLOG|best|profit=2430590|weight=4851631
PACKLOG|call=646|tour_len=548|end_dist=10552829
PACKLOG|try=0|th=0.336104910|de=0.286750537|ga=0.377144552
PACKLOG|try=0|profit=2754115|weight=5484421
PACKLOG|try=1|th=0.259041710|de=0.381241664|ga=0.359716626
PACKLOG|try=1|profit=2754115|weight=5484421
PACKLOG|best|profit=2754115|weight=5484421
PACKLOG|call=647|tour_len=474|end_dist=8838471
PACKLOG|try=0|th=0.607508417|de=0.098951895|ga=0.293539688
PACKLOG|try=0|profit=2376636|weight=4741195
PACKLOG|try=1|th=0.233437937|de=0.392829261|ga=0.373732802
PACKLOG|try=1|profit=2376636|weight=4741195
PACKLOG|best|profit=2376636|weight=4741195
PACKLOG|call=648|tour_len=433|end_dist=8173507
PACKLOG|try=0|th=0.140060049|de=0.859048445|ga=0.000891505
PACKLOG|try=0|profit=2150887|weight=4329343
PACKLOG|try=1|th=0.493782056|de=0.399350644|ga=0.106867301
PACKLOG|try=1|profit=2150887|weight=4329343
PACKLOG|best|profit=2150887|weight=4329343
PACKLOG|call=649|tour_len=563|end_dist=10751625
PACKLOG|try=0|th=0.186342677|de=0.418244555|ga=0.395412769
PACKLOG|try=0|profit=2813813|weight=5635156
PACKLOG|try=1|th=0.362458634|de=0.474469365|ga=0.163072001
PACKLOG|try=1|profit=2813813|weight=5635156
PACKLOG|best|profit=2813813|weight=5635156
PACKLOG|call=650|tour_len=753|end_dist=16785043
PACKLOG|try=0|th=0.250638190|de=0.247171045|ga=0.502190765
PACKLOG|try=0|profit=3779349|weight=7543570
PACKLOG|try=1|th=0.493971418|de=0.170652537|ga=0.335376045
PACKLOG|try=1|profit=3779349|weight=7543570
PACKLOG|best|profit=3779349|weight=7543570
PACKLOG|call=651|tour_len=496|end_dist=9119041
PACKLOG|try=0|th=0.103426338|de=0.315782799|ga=0.580790863
PACKLOG|try=0|profit=2473794|weight=4962141
PACKLOG|try=1|th=0.481939608|de=0.014614744|ga=0.503445648
PACKLOG|try=1|profit=2473794|weight=4962141
PACKLOG|best|profit=2473794|weight=4962141
PACKLOG|call=652|tour_len=536|end_dist=10379821
PACKLOG|try=0|th=0.336670231|de=0.472847610|ga=0.190482159
PACKLOG|try=0|profit=2680463|weight=5363853
PACKLOG|try=1|th=0.410593604|de=0.389713785|ga=0.199692611
PACKLOG|try=1|profit=2680463|weight=5363853
PACKLOG|best|profit=2680463|weight=5363853
PACKLOG|call=653|tour_len=958|end_dist=21451202
PACKLOG|try=0|th=0.206686662|de=0.269802868|ga=0.523510470
PACKLOG|try=0|profit=4148964|weight=7167915
PACKLOG|try=1|th=0.220209175|de=0.696274478|ga=0.083516347
PACKLOG|try=1|profit=4321450|weight=6680767
PACKLOG|best|profit=4321450|weight=6680767
PACKLOG|call=654|tour_len=979|end_dist=22291184
PACKLOG|try=0|th=0.127526105|de=0.452366189|ga=0.420107706
PACKLOG|try=0|profit=3913981|weight=6779139
PACKLOG|try=1|th=0.196751056|de=0.252723716|ga=0.550525228
PACKLOG|try=1|profit=3946832|weight=6710922
PACKLOG|best|profit=3946832|weight=6710922
PACKLOG|call=655|tour_len=358|end_dist=7076690
PACKLOG|try=0|th=0.357724877|de=0.320134908|ga=0.322140215
PACKLOG|try=0|profit=1763878|weight=3576024
PACKLOG|try=1|th=0.706721150|de=0.045549727|ga=0.247729123
PACKLOG|try=1|profit=1763878|weight=3576024
PACKLOG|best|profit=1763878|weight=3576024
PACKLOG|call=656|tour_len=901|end_dist=19483190
PACKLOG|try=0|th=0.384683979|de=0.252189267|ga=0.363126754
PACKLOG|try=0|profit=4374776|weight=7668217
PACKLOG|try=1|th=0.113832304|de=0.476122833|ga=0.410044862
PACKLOG|try=1|profit=4283633|weight=7800648
PACKLOG|best|profit=4374776|weight=7668217
PACKLOG|call=657|tour_len=785|end_dist=18657279
PACKLOG|try=0|th=0.296155293|de=0.253419467|ga=0.450425240
PACKLOG|try=0|profit=3912535|weight=7381168
PACKLOG|try=1|th=0.032838856|de=0.890273109|ga=0.076888035
PACKLOG|try=1|profit=3909306|weight=7394121
PACKLOG|best|profit=3912535|weight=7381168
PACKLOG|call=658|tour_len=536|end_dist=9778375
PACKLOG|try=0|th=0.375788792|de=0.285521562|ga=0.338689646
PACKLOG|try=0|profit=2687004|weight=5364111
PACKLOG|try=1|th=0.449842008|de=0.295984825|ga=0.254173167
PACKLOG|try=1|profit=2687004|weight=5364111
PACKLOG|best|profit=2687004|weight=5364111
PACKLOG|call=659|tour_len=920|end_dist=21171792
PACKLOG|try=0|th=0.635980128|de=0.236667803|ga=0.127352069
PACKLOG|try=0|profit=4160285|weight=6377470
PACKLOG|try=1|th=0.516820707|de=0.268954472|ga=0.214224821
PACKLOG|try=1|profit=4180805|weight=6534235
PACKLOG|best|profit=4180805|weight=6534235
PACKLOG|call=660|tour_len=272|end_dist=4441224
PACKLOG|try=0|th=0.341531205|de=0.010451788|ga=0.648017007
PACKLOG|try=0|profit=1369460|weight=2712032
PACKLOG|try=1|th=0.252298956|de=0.451296277|ga=0.296404768
PACKLOG|try=1|profit=1369460|weight=2712032
PACKLOG|best|profit=1369460|weight=2712032
PACKLOG|call=661|tour_len=486|end_dist=9058917
PACKLOG|try=0|th=0.229407427|de=0.574173017|ga=0.196419555
PACKLOG|try=0|profit=2438899|weight=4861708
PACKLOG|try=1|th=0.484609470|de=0.376584044|ga=0.138806486
PACKLOG|try=1|profit=2438899|weight=4861708
PACKLOG|best|profit=2438899|weight=4861708
PACKLOG|call=662|tour_len=293|end_dist=4768508
PACKLOG|try=0|th=0.622914258|de=0.175981611|ga=0.201104130
PACKLOG|try=0|profit=1453696|weight=2922952
PACKLOG|try=1|th=0.700342182|de=0.106898278|ga=0.192759540
PACKLOG|try=1|profit=1453696|weight=2922952
PACKLOG|best|profit=1453696|weight=2922952
PACKLOG|call=663|tour_len=593|end_dist=10305533
PACKLOG|try=0|th=0.521174492|de=0.467481060|ga=0.011344448
PACKLOG|try=0|profit=2958942|weight=5936480
PACKLOG|try=1|th=0.243565537|de=0.389090647|ga=0.367343816
PACKLOG|try=1|profit=2958942|weight=5936480
PACKLOG|best|profit=2958942|weight=5936480
PACKLOG|call=664|tour_len=690|end_dist=13443228
PACKLOG|try=0|th=0.359476360|de=0.313611454|ga=0.326912186
PACKLOG|try=0|profit=3446289|weight=6910824
PACKLOG|try=1|th=0.071030503|de=0.103667940|ga=0.825301557
PACKLOG|try=1|profit=3446289|weight=6910824
PACKLOG|best|profit=3446289|weight=6910824
PACKLOG|call=665|tour_len=451|end_dist=7999152
PACKLOG|try=0|th=0.571154260|de=0.356943575|ga=0.071902165
PACKLOG|try=0|profit=2264483|weight=4510200
PACKLOG|try=1|th=0.015996356|de=0.777757225|ga=0.206246419
PACKLOG|try=1|profit=2264483|weight=4510200
PACKLOG|best|profit=2264483|weight=4510200
PACKLOG|call=666|tour_len=493|end_dist=9418402
PACKLOG|try=0|th=0.083336773|de=0.310676478|ga=0.605986750
PACKLOG|try=0|profit=2470981|weight=4932179
PACKLOG|try=1|th=0.028864317|de=0.401278166|ga=0.569857517
PACKLOG|try=1|profit=2470981|weight=4932179
PACKLOG|best|profit=2470981|weight=4932179
PACKLOG|call=667|tour_len=302|end_dist=4715622
PACKLOG|try=0|th=0.302669652|de=0.126959066|ga=0.570371283
PACKLOG|try=0|profit=1507008|weight=3013355
PACKLOG|try=1|th=0.722730153|de=0.190885115|ga=0.086384732
PACKLOG|try=1|profit=1507008|weight=3013355
PACKLOG|best|profit=1507008|weight=3013355
PACKLOG|call=668|tour_len=623|end_dist=12398756
PACKLOG|try=0|th=0.002653291|de=0.749218810|ga=0.248127899
PACKLOG|try=0|profit=3125508|weight=6237824
PACKLOG|try=1|th=0.368513262|de=0.567145963|ga=0.064340776
PACKLOG|try=1|profit=3125508|weight=6237824
PACKLOG|best|profit=3125508|weight=6237824
PACKLOG|call=669|tour_len=380|end_dist=6525619
PACKLOG|try=0|th=0.346526651|de=0.100195667|ga=0.553277682
PACKLOG|try=0|profit=1883542|weight=3796864
PACKLOG|try=1|th=0.322402499|de=0.044537424|ga=0.633060077
PACKLOG|try=1|profit=1883542|weight=3796864
PACKLOG|best|profit=1883542|weight=3796864
PACKLOG|call=670|tour_len=436|end_dist=7203429
PACKLOG|try=0|th=0.140336243|de=0.431580480|ga=0.428083277
PACKLOG|try=0|profit=2173245|weight=4359429
PACKLOG|try=1|th=0.244492339|de=0.634820917|ga=0.120686744
PACKLOG|try=1|profit=2173245|weight=4359429
PACKLOG|best|profit=2173245|weight=4359429
PACKLOG|call=671|tour_len=601|end_dist=10762274
PACKLOG|try=0|th=0.309492458|de=0.393716281|ga=0.296791260
PACKLOG|try=0|profit=2999318|weight=6016802
PACKLOG|try=1|th=0.279731030|de=0.260282513|ga=0.459986457
PACKLOG|try=1|profit=2999318|weight=6016802
PACKLOG|best|profit=2999318|weight=6016802
PACKLOG|call=672|tour_len=721|end_dist=14097971
PACKLOG|try=0|th=0.373507589|de=0.308525902|ga=0.317966509
PACKLOG|try=0|profit=3593801|weight=7222316
PACKLOG|try=1|th=0.177611425|de=0.534082483|ga=0.288306092
PACKLOG|try=1|profit=3593801|weight=7222316
PACKLOG|best|profit=3593801|weight=7222316
PACKLOG|call=673|tour_len=422|end_dist=7366707
PACKLOG|try=0|th=0.189474883|de=0.482435557|ga=0.328089561
PACKLOG|try=0|profit=2108090|weight=4218693
PACKLOG|try=1|th=0.530929934|de=0.327792417|ga=0.141277649
PACKLOG|try=1|profit=2108090|weight=4218693
PACKLOG|best|profit=2108090|weight=4218693
PACKLOG|call=674|tour_len=241|end_dist=3836721
PACKLOG|try=0|th=0.429941763|de=0.177604240|ga=0.392453997
PACKLOG|try=0|profit=1192390|weight=2400703
PACKLOG|try=1|th=0.131171043|de=0.583925733|ga=0.284903225
PACKLOG|try=1|profit=1192390|weight=2400703
PACKLOG|best|profit=1192390|weight=2400703
PACKLOG|call=675|tour_len=241|end_dist=3440038
PACKLOG|try=0|th=0.544676844|de=0.173088039|ga=0.282235118
PACKLOG|try=0|profit=1201177|weight=2400704
PACKLOG|try=1|th=0.387829698|de=0.342053412|ga=0.270116890
PACKLOG|try=1|profit=1201177|weight=2400704
PACKLOG|best|profit=1201177|weight=2400704
PACKLOG|call=676|tour_len=533|end_dist=10589832
PACKLOG|try=0|th=0.153709345|de=0.333077456|ga=0.513213200
PACKLOG|try=0|profit=2670722|weight=5333861
PACKLOG|try=1|th=0.256948333|de=0.285719267|ga=0.457332400
PACKLOG|try=1|profit=2670722|weight=5333861
PACKLOG|best|profit=2670722|weight=5333861
PACKLOG|call=677|tour_len=710|end_dist=14934070
PACKLOG|try=0|th=0.016376022|de=0.904872759|ga=0.078751218
PACKLOG|try=0|profit=3544216|weight=7111790
PACKLOG|try=1|th=0.126426367|de=0.321818133|ga=0.551755500
PACKLOG|try=1|profit=3544216|weight=7111790
PACKLOG|best|profit=3544216|weight=7111790
PACKLOG|call=678|tour_len=772|end_dist=16761514
PACKLOG|try=0|th=0.429076390|de=0.298091516|ga=0.272832093
PACKLOG|try=0|profit=3878650|weight=7734596
PACKLOG|try=1|th=0.276239342|de=0.416621045|ga=0.307139613
PACKLOG|try=1|profit=3878650|weight=7734596
PACKLOG|best|profit=3878650|weight=7734596
PACKLOG|call=679|tour_len=240|end_dist=3919430
PACKLOG|try=0|th=0.139597399|de=0.770345552|ga=0.090057049
PACKLOG|try=0|profit=1203154|weight=2390624
PACKLOG|try=1|th=0.330652799|de=0.034472898|ga=0.634874303
PACKLOG|try=1|profit=1203154|weight=2390624
PACKLOG|best|profit=1203154|weight=2390624
PACKLOG|call=680|tour_len=701|end_dist=13757759
PACKLOG|try=0|th=0.201073817|de=0.095152403|ga=0.703773780
PACKLOG|try=0|profit=3506625|weight=7021417
PACKLOG|try=1|th=0.309861248|de=0.346095144|ga=0.344043609
PACKLOG|try=1|profit=3506625|weight=7021417
PACKLOG|best|profit=3506625|weight=7021417
PACKLOG|call=681|tour_len=445|end_dist=8448589
PACKLOG|try=0|th=0.270793098|de=0.150872498|ga=0.578334405
PACKLOG|try=0|profit=2222126|weight=4449982
PACKLOG|try=1|th=0.560878406|de=0.030809201|ga=0.408312393
PACKLOG|try=1|profit=2222126|weight=4449982
PACKLOG|best|profit=2222126|weight=4449982
PACKLOG|call=682|tour_len=405|end_dist=6933538
PACKLOG|try=0|th=0.103420136|de=0.289697268|ga=0.606882596
PACKLOG|try=0|profit=2015969|weight=4047922
PACKLOG|try=1|th=0.428132716|de=0.444623339|ga=0.127243945
PACKLOG|try=1|profit=2015969|weight=4047922
PACKLOG|best|profit=2015969|weight=4047922
PACKLOG|call=683|tour_len=630|end_dist=11330578
PACKLOG|try=0|th=0.506114960|de=0.333907407|ga=0.159977632
PACKLOG|try=0|profit=3136318|weight=6308171
PACKLOG|try=1|th=0.733731916|de=0.224882300|ga=0.041385784
PACKLOG|try=1|profit=3136318|weight=6308171
PACKLOG|best|profit=3136318|weight=6308171
PACKLOG|call=684|tour_len=417|end_dist=7911325
PACKLOG|try=0|th=0.609055022|de=0.169651623|ga=0.221293355
PACKLOG|try=0|profit=2063416|weight=4168609
PACKLOG|try=1|th=0.188619938|de=0.698621637|ga=0.112758425
PACKLOG|try=1|profit=2063416|weight=4168609
PACKLOG|best|profit=2063416|weight=4168609
PACKLOG|call=685|tour_len=566|end_dist=10555671
PACKLOG|try=0|th=0.096681504|de=0.377022661|ga=0.526295835
PACKLOG|try=0|profit=2827704|weight=5665296
PACKLOG|try=1|th=0.229114061|de=0.399224160|ga=0.371661779
PACKLOG|try=1|profit=2827704|weight=5665296
PACKLOG|best|profit=2827704|weight=5665296
PACKLOG|call=686|tour_len=811|end_dist=18047264
PACKLOG|try=0|th=0.504444642|de=0.026415902|ga=0.469139456
PACKLOG|try=0|profit=4067800|weight=7811734
PACKLOG|try=1|th=0.447339554|de=0.454761826|ga=0.097898620
PACKLOG|try=1|profit=4068221|weight=7779597
PACKLOG|best|profit=4068221|weight=7779597
PACKLOG|call=687|tour_len=470|end_dist=11541520
PACKLOG|try=0|th=0.262616709|de=0.118277518|ga=0.619105773
PACKLOG|try=0|profit=2365147|weight=4701003
PACKLOG|try=1|th=0.388814757|de=0.488630354|ga=0.122554889
PACKLOG|try=1|profit=2365147|weight=4701003
PACKLOG|best|profit=2365147|weight=4701003
PACKLOG|call=688|tour_len=597|end_dist=12089244
PACKLOG|try=0|th=0.154501769|de=0.218221074|ga=0.627277156
PACKLOG|try=0|profit=2994783|weight=5976725
PACKLOG|try=1|th=0.367541892|de=0.173570072|ga=0.458888036
PACKLOG|try=1|profit=2994783|weight=5976725
PACKLOG|best|profit=2994783|weight=5976725
PACKLOG|call=689|tour_len=567|end_dist=10673554
PACKLOG|try=0|th=0.456027219|de=0.513843620|ga=0.030129161
PACKLOG|try=0|profit=2844090|weight=5675323
PACKLOG|try=1|th=0.367056738|de=0.344549471|ga=0.288393791
PACKLOG|try=1|profit=2844090|weight=5675323
PACKLOG|best|profit=2844090|weight=5675323
PACKLOG|call=690|tour_len=510|end_dist=8648312
PACKLOG|try=0|th=0.269247479|de=0.413621591|ga=0.317130930
PACKLOG|try=0|profit=2546964|weight=5102636
PACKLOG|try=1|th=0.321096610|de=0.350881420|ga=0.328021970
PACKLOG|try=1|profit=2546964|weight=5102636
PACKLOG|best|profit=2546964|weight=5102636
PACKLOG|call=691|tour_len=447|end_dist=7436722
PACKLOG|try=0|th=0.208953553|de=0.002885293|ga=0.788161154
PACKLOG|try=0|profit=2252329|weight=4470065
PACKLOG|try=1|th=0.291446121|de=0.342158656|ga=0.366395223
PACKLOG|try=1|profit=2252329|weight=4470065
PACKLOG|best|profit=2252329|weight=4470065
PACKLOG|call=692|tour_len=291|end_dist=4652126
PACKLOG|try=0|th=0.558528937|de=0.234614943|ga=0.206856119
PACKLOG|try=0|profit=1461875|weight=2902941
PACKLOG|try=1|th=0.276817921|de=0.410482218|ga=0.312699861
PACKLOG|try=1|profit=1461875|weight=2902941
PACKLOG|best|profit=1461875|weight=2902941
PACKLOG|call=693|tour_len=551|end_dist=10828152
PACKLOG|try=0|th=0.293116970|de=0.327651638|ga=0.379231392
PACKLOG|try=0|profit=2756191|weight=5514540
PACKLOG|try=1|th=0.202248195|de=0.227861650|ga=0.569890155
PACKLOG|try=1|profit=2756191|weight=5514540
PACKLOG|best|profit=2756191|weight=5514540
PACKLOG|call=694|tour_len=505|end_dist=10152343
PACKLOG|try=0|th=0.259937368|de=0.245536984|ga=0.494525648
PACKLOG|try=0|profit=2521884|weight=5052564
PACKLOG|try=1|th=0.433251576|de=0.220109188|ga=0.346639236
PACKLOG|try=1|profit=2521884|weight=5052564
PACKLOG|best|profit=2521884|weight=5052564
PACKLOG|call=695|tour_len=394|end_dist=7123927
PACKLOG|try=0|th=0.019404883|de=0.069289761|ga=0.911305355
PACKLOG|try=0|profit=1979029|weight=3937488
PACKLOG|try=1|th=0.479975119|de=0.048096948|ga=0.471927934
PACKLOG|try=1|profit=1979029|weight=3937488
PACKLOG|best|profit=1979029|weight=3937488
PACKLOG|call=696|tour_len=829|end_dist=18284645
PACKLOG|try=0|th=0.220320252|de=0.068316557|ga=0.711363191
PACKLOG|try=0|profit=4073200|weight=7504614
PACKLOG|try=1|th=0.171962934|de=0.497071020|ga=0.330966046
PACKLOG|try=1|profit=4087694|weight=7477437
PACKLOG|best|profit=4087694|weight=7477437
PACKLOG|call=697|tour_len=362|end_dist=5597269
PACKLOG|try=0|th=0.492051221|de=0.047361706|ga=0.460587074
PACKLOG|try=0|profit=1807525|weight=3616050
PACKLOG|try=1|th=0.217068847|de=0.390396936|ga=0.392534217
PACKLOG|try=1|profit=1807525|weight=3616050
PACKLOG|best|profit=1807525|weight=3616050
PACKLOG|call=698|tour_len=618|end_dist=11909549
PACKLOG|try=0|th=0.427560762|de=0.330563841|ga=0.241875397
PACKLOG|try=0|profit=3091429|weight=6187555
PACKLOG|try=1|th=0.258189905|de=0.279934703|ga=0.461875393
PACKLOG|try=1|profit=3091429|weight=6187555
PACKLOG|best|profit=3091429|weight=6187555
PACKLOG|call=699|tour_len=384|end_dist=6581309
PACKLOG|try=0|th=0.282408167|de=0.381982657|ga=0.335609177
PACKLOG|try=0|profit=1923453|weight=3837256
PACKLOG|try=1|th=0.273974896|de=0.718797569|ga=0.007227535
PACKLOG|try=1|profit=1923453|weight=3837256
PACKLOG|best|profit=1923453|weight=3837256
PACKLOG|call=700|tour_len=575|end_dist=10634522
PACKLOG|try=0|th=0.463916437|de=0.043039315|ga=0.493044248
PACKLOG|try=0|profit=2858347|weight=5755626
PACKLOG|try=1|th=0.094799774|de=0.704581546|ga=0.200618680
PACKLOG|try=1|profit=2858347|weight=5755626
PACKLOG|best|profit=2858347|weight=5755626
PACKLOG|call=701|tour_len=315|end_dist=5795966
PACKLOG|try=0|th=0.062745119|de=0.530194027|ga=0.407060854
PACKLOG|try=0|profit=1566159|weight=3143916
PACKLOG|try=1|th=0.290677188|de=0.270154010|ga=0.439168802
PACKLOG|try=1|profit=1566159|weight=3143916
PACKLOG|best|profit=1566159|weight=3143916
PACKLOG|call=702|tour_len=864|end_dist=19152770
PACKLOG|try=0|th=0.196537083|de=0.329351137|ga=0.474111780
PACKLOG|try=0|profit=4227059|weight=7739580
PACKLOG|try=1|th=0.149158385|de=0.262673435|ga=0.588168179
PACKLOG|try=1|profit=4200929|weight=7763574
PACKLOG|best|profit=4227059|weight=7739580
PACKLOG|call=703|tour_len=500|end_dist=12518881
PACKLOG|try=0|th=0.493119803|de=0.186848253|ga=0.320031944
PACKLOG|try=0|profit=2495604|weight=5002305
PACKLOG|try=1|th=0.670641153|de=0.328939675|ga=0.000419172
PACKLOG|try=1|profit=2495604|weight=5002305
PACKLOG|best|profit=2495604|weight=5002305
PACKLOG|call=704|tour_len=311|end_dist=4655989
PACKLOG|try=0|th=0.596119447|de=0.030463639|ga=0.373416914
PACKLOG|try=0|profit=1555584|weight=3103790
PACKLOG|try=1|th=0.206309748|de=0.289466446|ga=0.504223806
PACKLOG|try=1|profit=1555584|weight=3103790
PACKLOG|best|profit=1555584|weight=3103790
PACKLOG|call=705|tour_len=675|end_dist=13142083
PACKLOG|try=0|th=0.640602457|de=0.217498381|ga=0.141899161
PACKLOG|try=0|profit=3360494|weight=6760268
PACKLOG|try=1|th=0.520269232|de=0.101347423|ga=0.378383346
PACKLOG|try=1|profit=3360494|weight=6760268
PACKLOG|best|profit=3360494|weight=6760268
PACKLOG|call=706|tour_len=830|end_dist=19442867
PACKLOG|try=0|th=0.161591491|de=0.418341714|ga=0.420066795
PACKLOG|try=0|profit=3995180|weight=7051344
PACKLOG|try=1|th=0.428938265|de=0.479945994|ga=0.091115741
PACKLOG|try=1|profit=4031521|weight=6793362
PACKLOG|best|profit=4031521|weight=6793362
PACKLOG|call=707|tour_len=679|end_dist=14252434
PACKLOG|try=0|th=0.246311091|de=0.369332530|ga=0.384356379
PACKLOG|try=0|profit=3379223|weight=6800457
PACKLOG|try=1|th=0.332829048|de=0.239608921|ga=0.427562031
PACKLOG|try=1|profit=3379223|weight=6800457
PACKLOG|best|profit=3379223|weight=6800457
PACKLOG|call=708|tour_len=491|end_dist=8466752
PACKLOG|try=0|th=0.152785267|de=0.492878177|ga=0.354336556
PACKLOG|try=0|profit=2461511|weight=4911834
PACKLOG|try=1|th=0.554450476|de=0.386311666|ga=0.059237859
PACKLOG|try=1|profit=2461511|weight=4911834
PACKLOG|best|profit=2461511|weight=4911834
PACKLOG|call=709|tour_len=503|end_dist=8973087
PACKLOG|try=0|th=0.339932862|de=0.267896879|ga=0.392170259
PACKLOG|try=0|profit=2520724|weight=5032381
PACKLOG|try=1|th=0.519123404|de=0.065936205|ga=0.414940391
PACKLOG|try=1|profit=2520724|weight=5032381
PACKLOG|best|profit=2520724|weight=5032381
PACKLOG|call=710|tour_len=562|end_dist=10478624
PACKLOG|try=0|th=0.173613059|de=0.504873373|ga=0.321513568
PACKLOG|try=0|profit=2809025|weight=5625146
PACKLOG|try=1|th=0.429210682|de=0.300676938|ga=0.270112381
PACKLOG|try=1|profit=2809025|weight=5625146
PACKLOG|best|profit=2809025|weight=5625146
PACKLOG|call=711|tour_len=566|end_dist=11174536
PACKLOG|try=0|th=0.263860641|de=0.350481315|ga=0.385658044
PACKLOG|try=0|profit=2835636|weight=5665345
PACKLOG|try=1|th=0.434083206|de=0.042687137|ga=0.523229657
PACKLOG|try=1|profit=2835636|weight=5665345
PACKLOG|best|profit=2835636|weight=5665345
PACKLOG|call=712|tour_len=777|end_dist=17303503
PACKLOG|try=0|th=0.282401943|de=0.266709481|ga=0.450888577
PACKLOG|try=0|profit=3893513|weight=7784662
PACKLOG|try=1|th=0.139458843|de=0.043870775|ga=0.816670382
PACKLOG|try=1|profit=3893513|weight=7784662
PACKLOG|best|profit=3893513|weight=7784662
PACKLOG|call=713|tour_len=416|end_dist=7209627
PACKLOG|try=0|th=0.252545595|de=0.321882220|ga=0.425572185
PACKLOG|try=0|profit=2086783|weight=4158541
PACKLOG|try=1|th=0.444903152|de=0.371975385|ga=0.183121464
PACKLOG|try=1|profit=2086783|weight=4158541
PACKLOG|best|profit=2086783|weight=4158541
PACKLOG|call=714|tour_len=398|end_dist=7081387
PACKLOG|try=0|th=0.404384230|de=0.250876721|ga=0.344739048
PACKLOG|try=0|profit=1995356|weight=3977671
PACKLOG|try=1|th=0.165384777|de=0.342142672|ga=0.492472551
PACKLOG|try=1|profit=1995356|weight=3977671
PACKLOG|best|profit=1995356|weight=3977671
PACKLOG|call=715|tour_len=509|end_dist=9203157
PACKLOG|try=0|th=0.132597401|de=0.406611360|ga=0.460791239
PACKLOG|try=0|profit=2547468|weight=5092708
PACKLOG|try=1|th=0.423459719|de=0.436431525|ga=0.140108757
PACKLOG|try=1|profit=2547468|weight=5092708
PACKLOG|best|profit=2547468|weight=5092708
PACKLOG|call=716|tour_len=958|end_dist=22252956
PACKLOG|try=0|th=0.407643745|de=0.344031975|ga=0.248324280
PACKLOG|try=0|profit=3955030|weight=5779820
PACKLOG|try=1|th=0.452734501|de=0.504558106|ga=0.042707392
PACKLOG|try=1|profit=3892210|weight=5440227
PACKLOG|best|profit=3955030|weight=5779820
PACKLOG|call=717|tour_len=726|end_dist=16992025
PACKLOG|try=0|th=0.511723401|de=0.324893387|ga=0.163383213
PACKLOG|try=0|profit=3638101|weight=7272610
PACKLOG|try=1|th=0.295731821|de=0.317272724|ga=0.386995456
PACKLOG|try=1|profit=3638101|weight=7272610
PACKLOG|best|profit=3638101|weight=7272610
PACKLOG|call=718|tour_len=480|end_dist=8599985
PACKLOG|try=0|th=0.471197506|de=0.345799337|ga=0.183003157
PACKLOG|try=0|profit=2424164|weight=4801406
PACKLOG|try=1|th=0.219076034|de=0.230440933|ga=0.550483033
PACKLOG|try=1|profit=2424164|weight=4801406
PACKLOG|best|profit=2424164|weight=4801406
PACKLOG|call=719|tour_len=975|end_dist=21621109
PACKLOG|try=0|th=0.087993738|de=0.141178249|ga=0.770828013
PACKLOG|try=0|profit=3964719|weight=7456257
PACKLOG|try=1|th=0.182905424|de=0.406779295|ga=0.410315282
PACKLOG|try=1|profit=4177408|weight=7051505
PACKLOG|best|profit=4177408|weight=7051505
PACKLOG|call=720|tour_len=445|end_dist=7679339
PACKLOG|try=0|th=0.336553661|de=0.247623565|ga=0.415822774
PACKLOG|try=0|profit=2236362|weight=4449715
PACKLOG|try=1|th=0.375377014|de=0.516046401|ga=0.108576584
PACKLOG|try=1|profit=2236362|weight=4449715
PACKLOG|best|profit=2236362|weight=4449715
PACKLOG|call=721|tour_len=966|end_dist=21510751
PACKLOG|try=0|th=0.299014179|de=0.452814665|ga=0.248171156
PACKLOG|try=0|profit=4289402|weight=6782143
PACKLOG|try=1|th=0.346457562|de=0.511908299|ga=0.141634139
PACKLOG|try=1|profit=4298649|weight=6569189
PACKLOG|best|profit=4298649|weight=6569189
PACKLOG|call=722|tour_len=918|end_dist=20920948
PACKLOG|try=0|th=0.368263675|de=0.248508765|ga=0.383227560
PACKLOG|try=0|profit=4178658|weight=6755981
PACKLOG|try=1|th=0.352175102|de=0.296621791|ga=0.351203107
PACKLOG|try=1|profit=4182150|weight=6745951
PACKLOG|best|profit=4182150|weight=6745951
PACKLOG|call=723|tour_len=833|end_dist=18552159
PACKLOG|try=0|th=0.272647325|de=0.709574790|ga=0.017777886
PACKLOG|try=0|profit=4154872|weight=7645044
PACKLOG|try=1|th=0.271182491|de=0.158529993|ga=0.570287516
PACKLOG|try=1|profit=4147723|weight=7773638
PACKLOG|best|profit=4154872|weight=7645044
PACKLOG|call=724|tour_len=319|end_dist=5464293
PACKLOG|try=0|th=0.037586980|de=0.594244982|ga=0.368168038
PACKLOG|try=0|profit=1584744|weight=3184060
PACKLOG|try=1|th=0.561894970|de=0.278279510|ga=0.159825520
PACKLOG|try=1|profit=1584744|weight=3184060
PACKLOG|best|profit=1584744|weight=3184060
PACKLOG|call=725|tour_len=279|end_dist=4598753
PACKLOG|try=0|th=0.190615239|de=0.010111847|ga=0.799272915
PACKLOG|try=0|profit=1379277|weight=2782253
PACKLOG|try=1|th=0.536372497|de=0.122195649|ga=0.341431854
PACKLOG|try=1|profit=1379277|weight=2782253
PACKLOG|best|profit=1379277|weight=2782253
PACKLOG|call=726|tour_len=906|end_dist=18958503
PACKLOG|try=0|th=0.763404944|de=0.073872106|ga=0.162722950
PACKLOG|try=0|profit=4401125|weight=7584906
PACKLOG|try=1|th=0.180235603|de=0.364954105|ga=0.454810292
PACKLOG|try=1|profit=4349284|weight=7853100
PACKLOG|best|profit=4401125|weight=7584906
PACKLOG|call=727|tour_len=558|end_dist=10925399
PACKLOG|try=0|th=0.535129154|de=0.177265226|ga=0.287605620
PACKLOG|try=0|profit=2774948|weight=5584889
PACKLOG|try=1|th=0.523764006|de=0.435400690|ga=0.040835304
PACKLOG|try=1|profit=2774948|weight=5584889
PACKLOG|best|profit=2774948|weight=5584889
PACKLOG|call=728|tour_len=594|end_dist=11202227
PACKLOG|try=0|th=0.341068178|de=0.311411256|ga=0.347520565
PACKLOG|try=0|profit=2976744|weight=5946650
PACKLOG|try=1|th=0.104956175|de=0.314564065|ga=0.580479759
PACKLOG|try=1|profit=2976744|weight=5946650
PACKLOG|best|profit=2976744|weight=5946650
PACKLOG|call=729|tour_len=500|end_dist=9214932
PACKLOG|try=0|th=0.007620824|de=0.636461882|ga=0.355917294
PACKLOG|try=0|profit=2505428|weight=5002334
PACKLOG|try=1|th=0.283384095|de=0.325490808|ga=0.391125097
PACKLOG|try=1|profit=2505428|weight=5002334
PACKLOG|best|profit=2505428|weight=5002334
PACKLOG|call=730|tour_len=441|end_dist=7868516
PACKLOG|try=0|th=0.415041622|de=0.335653240|ga=0.249305138
PACKLOG|try=0|profit=2218470|weight=4409759
PACKLOG|try=1|th=0.286381591|de=0.499975273|ga=0.213643136
PACKLOG|try=1|profit=2218470|weight=4409759
PACKLOG|best|profit=2218470|weight=4409759
PACKLOG|call=731|tour_len=510|end_dist=8631230
PACKLOG|try=0|th=0.453828185|de=0.229051224|ga=0.317120590
PACKLOG|try=0|profit=2544264|weight=5102711
PACKLOG|try=1|th=0.433853649|de=0.009749898|ga=0.556396452
PACKLOG|try=1|profit=2544264|weight=5102711
PACKLOG|best|profit=2544264|weight=5102711
PACKLOG|call=732|tour_len=508|end_dist=10441260
PACKLOG|try=0|th=0.861431519|de=0.049703089|ga=0.088865392
PACKLOG|try=0|profit=2507575|weight=5082851
PACKLOG|try=1|th=0.335766317|de=0.149207133|ga=0.515026550
PACKLOG|try=1|profit=2507575|weight=5082851
PACKLOG|best|profit=2507575|weight=5082851
PACKLOG|call=733|tour_len=674|end_dist=12808306
PACKLOG|try=0|th=0.198317757|de=0.092259517|ga=0.709422726
PACKLOG|try=0|profit=3370696|weight=6750144
PACKLOG|try=1|th=0.601531909|de=0.199203744|ga=0.199264347
PACKLOG|try=1|profit=3370696|weight=6750144
PACKLOG|best|profit=3370696|weight=6750144
PACKLOG|call=734|tour_len=525|end_dist=9251963
PACKLOG|try=0|th=0.395658189|de=0.273562831|ga=0.330778980
PACKLOG|try=0|profit=2643654|weight=5253405
PACKLOG|try=1|th=0.490976998|de=0.299180812|ga=0.209842190
PACKLOG|try=1|profit=2643654|weight=5253405
PACKLOG|best|profit=2643654|weight=5253405
PACKLOG|call=735|tour_len=777|end_dist=17405376
PACKLOG|try=0|th=0.360315531|de=0.200891289|ga=0.438793180
PACKLOG|try=0|profit=3910290|weight=7720209
PACKLOG|try=1|th=0.294534026|de=0.636592146|ga=0.068873828
PACKLOG|try=1|profit=3910324|weight=7713179
PACKLOG|best|profit=3910324|weight=7713179
PACKLOG|call=736|tour_len=674|end_dist=13288370
PACKLOG|try=0|th=0.440821379|de=0.153324368|ga=0.405854253
PACKLOG|try=0|profit=3369727|weight=6750226
PACKLOG|try=1|th=0.476240737|de=0.420742889|ga=0.103016374
PACKLOG|try=1|profit=3369727|weight=6750226
PACKLOG|best|profit=3369727|weight=6750226
PACKLOG|call=737|tour_len=919|end_dist=20306273
PACKLOG|try=0|th=0.094510051|de=0.319706711|ga=0.585783238
PACKLOG|try=0|profit=3912410|weight=7189996
PACKLOG|try=1|th=0.310870208|de=0.561522801|ga=0.127606991
PACKLOG|try=1|profit=4223362|weight=6601523
PACKLOG|best|profit=4223362|weight=6601523
PACKLOG|call=738|tour_len=543|end_dist=10219527
PACKLOG|try=0|th=0.178363595|de=0.407416090|ga=0.414220315
PACKLOG|try=0|profit=2731491|weight=5434232
PACKLOG|try=1|th=0.616961043|de=0.165198324|ga=0.217840633
PACKLOG|try=1|profit=2731491|weight=5434232
PACKLOG|best|profit=2731491|weight=5434232
PACKLOG|call=739|tour_len=543|end_dist=10174598
PACKLOG|try=0|th=0.364441410|de=0.109056681|ga=0.526501909
PACKLOG|try=0|profit=2734603|weight=5434173
PACKLOG|try=1|th=0.517207266|de=0.392793156|ga=0.089999578
PACKLOG|try=1|profit=2734603|weight=5434173
PACKLOG|best|profit=2734603|weight=5434173
PACKLOG|call=740|tour_len=650|end_dist=12629428
PACKLOG|try=0|th=0.329463890|de=0.345180862|ga=0.325355248
PACKLOG|try=0|profit=3235700|weight=6509097
PACKLOG|try=1|th=0.270525934|de=0.350825383|ga=0.378648683
PACKLOG|try=1|profit=3235700|weight=6509097
PACKLOG|best|profit=3235700|weight=6509097
PACKLOG|call=741|tour_len=513|end_dist=8868678
PACKLOG|try=0|th=0.228273534|de=0.370191933|ga=0.401534532
PACKLOG|try=0|profit=2555596|weight=5132837
PACKLOG|try=1|th=0.034263060|de=0.456526725|ga=0.509210215
PACKLOG|try=1|profit=2555596|weight=5132837
PACKLOG|best|profit=2555596|weight=5132837
PACKLOG|call=742|tour_len=728|end_dist=15928813
PACKLOG|try=0|th=0.389434831|de=0.306119032|ga=0.304446137
PACKLOG|try=0|profit=3631294|weight=7292659
PACKLOG|try=1|th=0.353606697|de=0.613847424|ga=0.032545879
PACKLOG|try=1|profit=3631294|weight=7292659
PACKLOG|best|profit=3631294|weight=7292659
PACKLOG|call=743|tour_len=550|end_dist=11233678
PACKLOG|try=0|th=0.370646867|de=0.371016771|ga=0.258336361
PACKLOG|try=0|profit=2739201|weight=5504716
PACKLOG|try=1|th=0.309081401|de=0.512961994|ga=0.177956605
PACKLOG|try=1|profit=2739201|weight=5504716
PACKLOG|best|profit=2739201|weight=5504716
PACKLOG|call=744|tour_len=280|end_dist=4535817
PACKLOG|try=0|th=0.005532449|de=0.397426214|ga=0.597041338
PACKLOG|try=0|profit=1401187|weight=2792531
PACKLOG|try=1|th=0.464013182|de=0.114352194|ga=0.421634624
PACKLOG|try=1|profit=1401187|weight=2792531
PACKLOG|best|profit=1401187|weight=2792531
PACKLOG|call=745|tour_len=281|end_dist=4287462
PACKLOG|try=0|th=0.184526296|de=0.212508674|ga=0.602965030
PACKLOG|try=0|profit=1395456|weight=2802486
PACKLOG|try=1|th=0.347465878|de=0.474246860|ga=0.178287262
PACKLOG|try=1|profit=1395456|weight=2802486
PACKLOG|best|profit=1395456|weight=2802486
PACKLOG|call=746|tour_len=523|end_dist=9832663
PACKLOG|try=0|th=0.333930301|de=0.334441295|ga=0.331628404
PACKLOG|try=0|profit=2620395|weight=5233381
PACKLOG|try=1|th=0.445279954|de=0.410997257|ga=0.143722789
PACKLOG|try=1|profit=2620395|weight=5233381
PACKLOG|best|profit=2620395|weight=5233381
PACKLOG|call=747|tour_len=466|end_dist=8295523
PACKLOG|try=0|th=0.273868312|de=0.236016048|ga=0.490115640
PACKLOG|try=0|profit=2343372|weight=4660711
PACKLOG|try=1|th=0.221240454|de=0.410407964|ga=0.368351582
PACKLOG|try=1|profit=2343372|weight=4660711
PACKLOG|best|profit=2343372|weight=4660711
PACKLOG|call=748|tour_len=595|end_dist=11289024
PACKLOG|try=0|th=0.116408580|de=0.613228145|ga=0.270363275
PACKLOG|try=0|profit=2976115|weight=5956596
PACKLOG|try=1|th=0.094376285|de=0.262861961|ga=0.642761754
PACKLOG|try=1|profit=2976115|weight=5956596
PACKLOG|best|profit=2976115|weight=5956596
PACKLOG|call=749|tour_len=300|end_dist=4617961
PACKLOG|try=0|th=0.723804205|de=0.121905441|ga=0.154290354
PACKLOG|try=0|profit=1496107|weight=2993230
PACKLOG|try=1|th=0.510725403|de=0.430155171|ga=0.059119426
PACKLOG|try=1|profit=1496107|weight=2993230
PACKLOG|best|profit=1496107|weight=2993230
PACKLOG|call=750|tour_len=596|end_dist=12250840
PACKLOG|try=0|th=0.308516071|de=0.094805201|ga=0.596678728
PACKLOG|try=0|profit=2988250|weight=5966761
PACKLOG|try=1|th=0.242496539|de=0.009977628|ga=0.747525832
PACKLOG|try=1|profit=2988250|weight=5966761
PACKLOG|best|profit=2988250|weight=5966761
PACKLOG|call=751|tour_len=601|end_dist=12359652
PACKLOG|try=0|th=0.578376827|de=0.103151642|ga=0.318471531
PACKLOG|try=0|profit=2997271|weight=6016923
PACKLOG|try=1|th=0.443995519|de=0.352099813|ga=0.203904668
PACKLOG|try=1|profit=2997271|weight=6016923
PACKLOG|best|profit=2997271|weight=6016923
PACKLOG|call=752|tour_len=634|end_dist=15583691
PACKLOG|try=0|th=0.566360387|de=0.125159248|ga=0.308480364
PACKLOG|try=0|profit=3156210|weight=6348406
PACKLOG|try=1|th=0.462251928|de=0.491884356|ga=0.045863717
PACKLOG|try=1|profit=3156210|weight=6348406
PACKLOG|best|profit=3156210|weight=6348406
PACKLOG|call=753|tour_len=514|end_dist=9670832
PACKLOG|try=0|th=0.508785219|de=0.274259650|ga=0.216955132
PACKLOG|try=0|profit=2562370|weight=5143036
PACKLOG|try=1|th=0.452852716|de=0.521765818|ga=0.025381466
PACKLOG|try=1|profit=2562370|weight=5143036
PACKLOG|best|profit=2562370|weight=5143036
PACKLOG|call=754|tour_len=873|end_dist=19133143
PACKLOG|try=0|th=0.282538268|de=0.431850879|ga=0.285610852
PACKLOG|try=0|profit=4253980|weight=7453284
PACKLOG|try=1|th=0.132049579|de=0.705588131|ga=0.162362290
PACKLOG|try=1|profit=4248863|weight=7473339
PACKLOG|best|profit=4253980|weight=7453284
PACKLOG|call=755|tour_len=818|end_dist=17393560
PACKLOG|try=0|th=0.219506338|de=0.681062939|ga=0.099430723
PACKLOG|try=0|profit=4130407|weight=8089887
PACKLOG|try=1|th=0.034139602|de=0.676329246|ga=0.289531152
PACKLOG|try=1|profit=4128767|weight=8107015
PACKLOG|best|profit=4130407|weight=8089887
PACKLOG|call=756|tour_len=506|end_dist=8536174
PACKLOG|try=0|th=0.538391052|de=0.105020262|ga=0.356588686
PACKLOG|try=0|profit=2537505|weight=5062508
PACKLOG|try=1|th=0.502170809|de=0.412048712|ga=0.085780480
PACKLOG|try=1|profit=2537505|weight=5062508
PACKLOG|best|profit=2537505|weight=5062508
PACKLOG|call=757|tour_len=806|end_dist=18056772
PACKLOG|try=0|th=0.250499354|de=0.414595488|ga=0.334905158
PACKLOG|try=0|profit=4012537|weight=7630010
PACKLOG|try=1|th=0.440118306|de=0.450751309|ga=0.109130385
PACKLOG|try=1|profit=4014814|weight=7563760
PACKLOG|best|profit=4014814|weight=7563760
PACKLOG|call=758|tour_len=364|end_dist=6039666
PACKLOG|try=0|th=0.506589674|de=0.368474130|ga=0.124936196
PACKLOG|try=0|profit=1823913|weight=3636163
PACKLOG|try=1|th=0.294447202|de=0.357926993|ga=0.347625805
PACKLOG|try=1|profit=1823913|weight=3636163
PACKLOG|best|profit=1823913|weight=3636163
PACKLOG|call=759|tour_len=413|end_dist=7514675
PACKLOG|try=0|th=0.843075796|de=0.132955801|ga=0.023968403
PACKLOG|try=0|profit=2069766|weight=4128290
PACKLOG|try=1|th=0.222127858|de=0.445746733|ga=0.332125409
PACKLOG|try=1|profit=2069766|weight=4128290
PACKLOG|best|profit=2069766|weight=4128290
PACKLOG|call=760|tour_len=602|end_dist=10899470
PACKLOG|try=0|th=0.196399570|de=0.493193700|ga=0.310406730
PACKLOG|try=0|profit=3010313|weight=6026896
PACKLOG|try=1|th=0.307670883|de=0.106602103|ga=0.585727014
PACKLOG|try=1|profit=3010313|weight=6026896
PACKLOG|best|profit=3010313|weight=6026896
PACKLOG|call=761|tour_len=549|end_dist=9843833
PACKLOG|try=0|th=0.387836709|de=0.263030244|ga=0.349133047
PACKLOG|try=0|profit=2752381|weight=5494512
PACKLOG|try=1|th=0.189686964|de=0.446149730|ga=0.364163306
PACKLOG|try=1|profit=2752381|weight=5494512
PACKLOG|best|profit=2752381|weight=5494512
PACKLOG|call=762|tour_len=525|end_dist=9706839
PACKLOG|try=0|th=0.037194843|de=0.411487277|ga=0.551317880
PACKLOG|try=0|profit=2642145|weight=5253420
PACKLOG|try=1|th=0.203815659|de=0.379889598|ga=0.416294743
PACKLOG|try=1|profit=2642145|weight=5253420
PACKLOG|best|profit=2642145|weight=5253420
PACKLOG|call=763|tour_len=882|end_dist=19186065
PACKLOG|try=0|th=0.288543968|de=0.217693127|ga=0.493762904
PACKLOG|try=0|profit=4274699|weight=7649244
PACKLOG|try=1|th=0.366113196|de=0.374246959|ga=0.259639845
PACKLOG|try=1|profit=4295985|weight=7535797
PACKLOG|best|profit=4295985|weight=7535797
PACKLOG|call=764|tour_len=397|end_dist=6897837
PACKLOG|try=0|th=0.363757802|de=0.364965259|ga=0.271276939
PACKLOG|try=0|profit=1981145|weight=3967708
PACKLOG|try=1|th=0.683568493|de=0.267294021|ga=0.049137486
PACKLOG|try=1|profit=1981145|weight=3967708
PACKLOG|best|profit=1981145|weight=3967708
PACKLOG|call=765|tour_len=618|end_dist=11440413
PACKLOG|try=0|th=0.308591846|de=0.183715808|ga=0.507692345
PACKLOG|try=0|profit=3079303|weight=6187733
PACKLOG|try=1|th=0.308600053|de=0.105374814|ga=0.586025134
PACKLOG|try=1|profit=3079303|weight=6187733
PACKLOG|best|profit=3079303|weight=6187733
PACKLOG|call=766|tour_len=546|end_dist=10081458
PACKLOG|try=0|th=0.577082572|de=0.322893553|ga=0.100023875
PACKLOG|try=0|profit=2730590|weight=5464398
PACKLOG|try=1|th=0.352773356|de=0.354243741|ga=0.292982903
PACKLOG|try=1|profit=2730590|weight=5464398
PACKLOG|best|profit=2730590|weight=5464398
PACKLOG|call=767|tour_len=318|end_dist=5870184
PACKLOG|try=0|th=0.366054642|de=0.539818192|ga=0.094127166
PACKLOG|try=0|profit=1569022|weight=3174260
PACKLOG|try=1|th=0.612958445|de=0.301022017|ga=0.086019538
PACKLOG|try=1|profit=1569022|weight=3174260
PACKLOG|best|profit=1569022|weight=3174260
PACKLOG|call=768|tour_len=606|end_dist=12078764
PACKLOG|try=0|th=0.313644468|de=0.227956179|ga=0.458399353
PACKLOG|try=0|profit=3021841|weight=6067179
PACKLOG|try=1|th=0.232037273|de=0.332733079|ga=0.435229648
PACKLOG|try=1|profit=3021841|weight=6067179
PACKLOG|best|profit=3021841|weight=6067179
PACKLOG|call=769|tour_len=483|end_dist=8006295
PACKLOG|try=0|th=0.069567803|de=0.726485058|ga=0.203947139
PACKLOG|try=0|profit=2419225|weight=4831556
PACKLOG|try=1|th=0.404439880|de=0.158288506|ga=0.437271614
PACKLOG|try=1|profit=2419225|weight=4831556
PACKLOG|best|profit=2419225|weight=4831556
PACKLOG|call=770|tour_len=743|end_dist=16431893
PACKLOG|try=0|th=0.449001201|de=0.197187924|ga=0.353810875
PACKLOG|try=0|profit=3705730|weight=7443298
PACKLOG|try=1|th=0.245894328|de=0.603469928|ga=0.150635744
PACKLOG|try=1|profit=3705730|weight=7443298
PACKLOG|best|profit=3705730|weight=7443298
PACKLOG|call=771|tour_len=717|end_dist=15463670
PACKLOG|try=0|th=0.384494824|de=0.307417125|ga=0.308088050
PACKLOG|try=0|profit=3607108|weight=7181978
PACKLOG|try=1|th=0.374093009|de=0.212864669|ga=0.413042322
PACKLOG|try=1|profit=3607108|weight=7181978
PACKLOG|best|profit=3607108|weight=7181978
PACKLOG|call=772|tour_len=533|end_dist=9475564
PACKLOG|try=0|th=0.406967031|de=0.516232830|ga=0.076800138
PACKLOG|try=0|profit=2666558|weight=5333624
PACKLOG|try=1|th=0.477974734|de=0.479418686|ga=0.042606580
PACKLOG|try=1|profit=2666558|weight=5333624
PACKLOG|best|profit=2666558|weight=5333624
PACKLOG|call=773|tour_len=849|end_dist=18153989
PACKLOG|try=0|th=0.827456698|de=0.109763706|ga=0.062779596
PACKLOG|try=0|profit=4187747|weight=7489618
PACKLOG|try=1|th=0.128597301|de=0.394196098|ga=0.477206602
PACKLOG|try=1|profit=4160441|weight=7707535
PACKLOG|best|profit=4187747|weight=7489618
PACKLOG|call=774|tour_len=579|end_dist=10827313
PACKLOG|try=0|th=0.282322508|de=0.437736007|ga=0.279941485
PACKLOG|try=0|profit=2897043|weight=5795802
PACKLOG|try=1|th=0.470425029|de=0.266474870|ga=0.263100101
PACKLOG|try=1|profit=2897043|weight=5795802
PACKLOG|best|profit=2897043|weight=5795802
PACKLOG|call=775|tour_len=758|end_dist=16959700
PACKLOG|try=0|th=0.110789766|de=0.468375053|ga=0.420835181
PACKLOG|try=0|profit=3818691|weight=7593764
PACKLOG|try=1|th=0.408923574|de=0.106948562|ga=0.484127864
PACKLOG|try=1|profit=3818691|weight=7593764
PACKLOG|best|profit=3818691|weight=7593764
PACKLOG|call=776|tour_len=520|end_dist=9738522
PACKLOG|try=0|th=0.176869562|de=0.581498717|ga=0.241631721
PACKLOG|try=0|profit=2593515|weight=5203235
PACKLOG|try=1|th=0.137543194|de=0.101417847|ga=0.761038959
PACKLOG|try=1|profit=2593515|weight=5203235
PACKLOG|best|profit=2593515|weight=5203235
PACKLOG|call=777|tour_len=438|end_dist=7545879
PACKLOG|try=0|th=0.226108457|de=0.378837460|ga=0.395054083
PACKLOG|try=0|profit=2181905|weight=4379413
PACKLOG|try=1|th=0.323221880|de=0.588664109|ga=0.088114011
PACKLOG|try=1|profit=2181905|weight=4379413
PACKLOG|best|profit=2181905|weight=4379413
PACKLOG|call=778|tour_len=651|end_dist=11815377
PACKLOG|try=0|th=0.545634536|de=0.262545034|ga=0.191820429
PACKLOG|try=0|profit=3246500|weight=6519124
PACKLOG|try=1|th=0.457331315|de=0.422875887|ga=0.119792798
PACKLOG|try=1|profit=3246500|weight=6519124
PACKLOG|best|profit=3246500|weight=6519124
PACKLOG|call=779|tour_len=579|end_dist=11192846
PACKLOG|try=0|th=0.191356697|de=0.675855493|ga=0.132787810
PACKLOG|try=0|profit=2903206|weight=5795931
PACKLOG|try=1|th=0.406952592|de=0.143844780|ga=0.449202627
PACKLOG|try=1|profit=2903206|weight=5795931
PACKLOG|best|profit=2903206|weight=5795931
PACKLOG|call=780|tour_len=565|end_dist=10321223
PACKLOG|try=0|th=0.214406513|de=0.391791594|ga=0.393801893
PACKLOG|try=0|profit=2828651|weight=5655331
PACKLOG|try=1|th=0.273251846|de=0.375904952|ga=0.350843201
PACKLOG|try=1|profit=2828651|weight=5655331
PACKLOG|best|profit=2828651|weight=5655331
PACKLOG|call=781|tour_len=517|end_dist=9015367
PACKLOG|try=0|th=0.390781578|de=0.152620468|ga=0.456597954
PACKLOG|try=0|profit=2586054|weight=5172971
PACKLOG|try=1|th=0.581410454|de=0.019358436|ga=0.399231109
PACKLOG|try=1|profit=2586054|weight=5172971
PACKLOG|best|profit=2586054|weight=5172971
PACKLOG|call=782|tour_len=558|end_dist=11349363
PACKLOG|try=0|th=0.129183058|de=0.051402772|ga=0.819414170
PACKLOG|try=0|profit=2777985|weight=5585094
PACKLOG|try=1|th=0.367549248|de=0.141129676|ga=0.491321075
PACKLOG|try=1|profit=2777985|weight=5585094
PACKLOG|best|profit=2777985|weight=5585094
PACKLOG|call=783|tour_len=798|end_dist=17683654
PACKLOG|try=0|th=0.382071281|de=0.491093373|ga=0.126835346
PACKLOG|try=0|profit=4017255|weight=7995580
PACKLOG|try=1|th=0.405283511|de=0.461279313|ga=0.133437175
PACKLOG|try=1|profit=4017255|weight=7995580
PACKLOG|best|profit=4017255|weight=7995580
PACKLOG|call=784|tour_len=449|end_dist=7916679
PACKLOG|try=0|th=0.310744962|de=0.249975600|ga=0.439279438
PACKLOG|try=0|profit=2232544|weight=4490130
PACKLOG|try=1|th=0.443327928|de=0.098576035|ga=0.458096037
PACKLOG|try=1|profit=2232544|weight=4490130
PACKLOG|best|profit=2232544|weight=4490130
PACKLOG|call=785|tour_len=580|end_dist=10677536
PACKLOG|try=0|th=0.009820455|de=0.481096769|ga=0.509082776
PACKLOG|try=0|profit=2878466|weight=5805959
PACKLOG|try=1|th=0.234561331|de=0.185000586|ga=0.580438083
PACKLOG|try=1|profit=2878466|weight=5805959
PACKLOG|best|profit=2878466|weight=5805959
PACKLOG|call=786|tour_len=338|end_dist=5940184
PACKLOG|try=0|th=0.138262559|de=0.026161404|ga=0.835576037
PACKLOG|try=0|profit=1690588|weight=3374933
PACKLOG|try=1|th=0.022544999|de=0.549407512|ga=0.428047489
PACKLOG|try=1|profit=1690588|weight=3374933
PACKLOG|best|profit=1690588|weight=3374933
PACKLOG|call=787|tour_len=392|end_dist=6442238
PACKLOG|try=0|th=0.128459154|de=0.637741351|ga=0.233799495
PACKLOG|try=0|profit=1964674|weight=3917511
PACKLOG|try=1|th=0.375654255|de=0.581091073|ga=0.043254671
PACKLOG|try=1|profit=1964674|weight=3917511
PACKLOG|best|profit=1964674|weight=3917511
PACKLOG|call=788|tour_len=278|end_dist=4431719
PACKLOG|try=0|th=0.082621994|de=0.466619358|ga=0.450758648
PACKLOG|try=0|profit=1392812|weight=2772321
PACKLOG|try=1|th=0.390748089|de=0.162811273|ga=0.446440639
PACKLOG|try=1|profit=1392812|weight=2772321
PACKLOG|best|profit=1392812|weight=2772321
PACKLOG|call=789|tour_len=887|end_dist=18661681
PACKLOG|try=0|th=0.405378999|de=0.339874390|ga=0.254746610
PACKLOG|try=0|profit=4329995|weight=7612025
PACKLOG|try=1|th=0.013271926|de=0.742161973|ga=0.244566101
PACKLOG|try=1|profit=4068718|weight=7908046
PACKLOG|best|profit=4329995|weight=7612025
PACKLOG|call=790|tour_len=312|end_dist=6406562
PACKLOG|try=0|th=0.045991680|de=0.818243311|ga=0.135765009
PACKLOG|try=0|profit=1520748|weight=3113972
PACKLOG|try=1|th=0.241889013|de=0.407199648|ga=0.350911339
PACKLOG|try=1|profit=1520748|weight=3113972
PACKLOG|best|profit=1520748|weight=3113972
PACKLOG|call=791|tour_len=488|end_dist=8864249
PACKLOG|try=0|th=0.237608318|de=0.338618943|ga=0.423772739
PACKLOG|try=0|profit=2439569|weight=4881848
PACKLOG|try=1|th=0.317978549|de=0.255904189|ga=0.426117262
PACKLOG|try=1|profit=2439569|weight=4881848
PACKLOG|best|profit=2439569|weight=4881848
PACKLOG|call=792|tour_len=434|end_dist=7950951
PACKLOG|try=0|th=0.409257632|de=0.230363271|ga=0.360379097
PACKLOG|try=0|profit=2149712|weight=4339465
PACKLOG|try=1|th=0.557956707|de=0.187082932|ga=0.254960361
PACKLOG|try=1|profit=2149712|weight=4339465
PACKLOG|best|profit=2149712|weight=4339465
PACKLOG|call=793|tour_len=442|end_dist=7960531
PACKLOG|try=0|th=0.251987008|de=0.328367097|ga=0.419645896
PACKLOG|try=0|profit=2220303|weight=4419648
PACKLOG|try=1|th=0.566198505|de=0.342173565|ga=0.091627930
PACKLOG|try=1|profit=2220303|weight=4419648
PACKLOG|best|profit=2220303|weight=4419648
PACKLOG|call=794|tour_len=622|end_dist=12086209
PACKLOG|try=0|th=0.041035866|de=0.770651948|ga=0.188312186
PACKLOG|try=0|profit=3112383|weight=6227909
PACKLOG|try=1|th=0.498568129|de=0.429793894|ga=0.071637977
PACKLOG|try=1|profit=3112383|weight=6227909
PACKLOG|best|profit=3112383|weight=6227909
PACKLOG|call=795|tour_len=449|end_dist=8574154
PACKLOG|try=0|th=0.425707610|de=0.114442766|ga=0.459849624
PACKLOG|try=0|profit=2215707|weight=4490028
PACKLOG|try=1|th=0.529524630|de=0.455786435|ga=0.014688936
PACKLOG|try=1|profit=2215707|weight=4490028
PACKLOG|best|profit=2215707|weight=4490028
PACKLOG|call=796|tour_len=443|end_dist=8274733
PACKLOG|try=0|th=0.363172161|de=0.440005209|ga=0.196822630
PACKLOG|try=0|profit=2210284|weight=4429818
PACKLOG|try=1|th=0.119658642|de=0.156317109|ga=0.724024249
PACKLOG|try=1|profit=2210284|weight=4429818
PACKLOG|best|profit=2210284|weight=4429818
PACKLOG|call=797|tour_len=668|end_dist=13599973
PACKLOG|try=0|th=0.108413702|de=0.467446785|ga=0.424139513
PACKLOG|try=0|profit=3345097|weight=6689913
PACKLOG|try=1|th=0.810589156|de=0.159258069|ga=0.030152775
PACKLOG|try=1|profit=3345097|weight=6689913
PACKLOG|best|profit=3345097|weight=6689913
PACKLOG|call=798|tour_len=400|end_dist=7326049
PACKLOG|try=0|th=0.440370967|de=0.427912300|ga=0.131716733
PACKLOG|try=0|profit=2016226|weight=3997801
PACKLOG|try=1|th=0.558456114|de=0.142612490|ga=0.298931396
PACKLOG|try=1|profit=2016226|weight=3997801
PACKLOG|best|profit=2016226|weight=3997801
PACKLOG|call=799|tour_len=702|end_dist=14353094
PACKLOG|try=0|th=0.138270849|de=0.507498943|ga=0.354230208
PACKLOG|try=0|profit=3499295|weight=7031506
PACKLOG|try=1|th=0.467543421|de=0.299945802|ga=0.232510777
PACKLOG|try=1|profit=3499295|weight=7031506
PACKLOG|best|profit=3499295|weight=7031506
PACKLOG|call=800|tour_len=907|end_dist=20972129
PACKLOG|try=0|th=0.563146900|de=0.422774226|ga=0.014078874
PACKLOG|try=0|profit=4166769|weight=6456911
PACKLOG|try=1|th=0.369249151|de=0.306893558|ga=0.323857291
PACKLOG|try=1|profit=4206777|weight=6896958
PACKLOG|best|profit=4206777|weight=6896958
PACKLOG|call=801|tour_len=482|end_dist=8807325
PACKLOG|try=0|th=0.339524617|de=0.368029741|ga=0.292445642
PACKLOG|try=0|profit=2403312|weight=4821515
PACKLOG|try=1|th=0.293139356|de=0.253474962|ga=0.453385682
PACKLOG|try=1|profit=2403312|weight=4821515
PACKLOG|best|profit=2403312|weight=4821515
PACKLOG|call=802|tour_len=526|end_dist=9572882
PACKLOG|try=0|th=0.082213664|de=0.534361208|ga=0.383425128
PACKLOG|try=0|profit=2632793|weight=5263399
PACKLOG|try=1|th=0.055786354|de=0.326874096|ga=0.617339550
PACKLOG|try=1|profit=2632793|weight=5263399
PACKLOG|best|profit=2632793|weight=5263399
PACKLOG|call=803|tour_len=492|end_dist=9834864
PACKLOG|try=0|th=0.523283760|de=0.084504871|ga=0.392211370
PACKLOG|try=0|profit=2471692|weight=4921996
PACKLOG|try=1|th=0.543222153|de=0.140549429|ga=0.316228418
PACKLOG|try=1|profit=2471692|weight=4921996
PACKLOG|best|profit=2471692|weight=4921996
PACKLOG|call=804|tour_len=491|end_dist=8405777
PACKLOG|try=0|th=0.458084426|de=0.500567975|ga=0.041347599
PACKLOG|try=0|profit=2452035|weight=4911835
PACKLOG|try=1|th=0.343785236|de=0.226883528|ga=0.429331235
PACKLOG|try=1|profit=2452035|weight=4911835
PACKLOG|best|profit=2452035|weight=4911835
PACKLOG|call=805|tour_len=986|end_dist=22780410
PACKLOG|try=0|th=0.082922272|de=0.365588118|ga=0.551489610
PACKLOG|try=0|profit=3755421|weight=6886557
PACKLOG|try=1|th=0.215245546|de=0.038565592|ga=0.746188862
PACKLOG|try=1|profit=3828996|weight=6630547
PACKLOG|best|profit=3828996|weight=6630547
PACKLOG|call=806|tour_len=661|end_dist=13746968
PACKLOG|try=0|th=0.188421475|de=0.388142144|ga=0.423436381
PACKLOG|try=0|profit=3290632|weight=6619702
PACKLOG|try=1|th=0.349214332|de=0.193051525|ga=0.457734143
PACKLOG|try=1|profit=3290632|weight=6619702
PACKLOG|best|profit=3290632|weight=6619702
PACKLOG|call=807|tour_len=494|end_dist=8539951
PACKLOG|try=0|th=0.673390708|de=0.014226123|ga=0.312383169
PACKLOG|try=0|profit=2467585|weight=4942150
PACKLOG|try=1|th=0.081337142|de=0.436023809|ga=0.482639049
PACKLOG|try=1|profit=2467585|weight=4942150
PACKLOG|best|profit=2467585|weight=4942150
PACKLOG|call=808|tour_len=743|end_dist=16021183
PACKLOG|try=0|th=0.510810765|de=0.474301729|ga=0.014887505
PACKLOG|try=0|profit=3702633|weight=7443332
PACKLOG|try=1|th=0.305603073|de=0.400275221|ga=0.294121706
PACKLOG|try=1|profit=3702633|weight=7443332
PACKLOG|best|profit=3702633|weight=7443332
PACKLOG|call=809|tour_len=596|end_dist=11069102
PACKLOG|try=0|th=0.461541447|de=0.283494265|ga=0.254964288
PACKLOG|try=0|profit=2984876|weight=5966478
PACKLOG|try=1|th=0.103557589|de=0.687262024|ga=0.209180387
PACKLOG|try=1|profit=2984876|weight=5966478
PACKLOG|best|profit=2984876|weight=5966478
PACKLOG|call=810|tour_len=586|end_dist=14461286
PACKLOG|try=0|th=0.382557764|de=0.266322938|ga=0.351119298
PACKLOG|try=0|profit=2923266|weight=5866364
PACKLOG|try=1|th=0.191524994|de=0.131623719|ga=0.676851287
PACKLOG|try=1|profit=2923266|weight=5866364
PACKLOG|best|profit=2923266|weight=5866364
PACKLOG|call=811|tour_len=538|end_dist=10471702
PACKLOG|try=0|th=0.303336029|de=0.377694374|ga=0.318969597
PACKLOG|try=0|profit=2677386|weight=5383958
PACKLOG|try=1|th=0.532071141|de=0.419704907|ga=0.048223952
PACKLOG|try=1|profit=2677386|weight=5383958
PACKLOG|best|profit=2677386|weight=5383958
PACKLOG|call=812|tour_len=314|end_dist=5001714
PACKLOG|try=0|th=0.445872836|de=0.275219436|ga=0.278907728
PACKLOG|try=0|profit=1574539|weight=3134048
PACKLOG|try=1|th=0.100196641|de=0.282707658|ga=0.617095701
PACKLOG|try=1|profit=1574539|weight=3134048
PACKLOG|best|profit=1574539|weight=3134048
PACKLOG|call=813|tour_len=622|end_dist=12629247
PACKLOG|try=0|th=0.141478818|de=0.435861463|ga=0.422659719
PACKLOG|try=0|profit=3116476|weight=6227797
PACKLOG|try=1|th=0.641397652|de=0.061980919|ga=0.296621429
PACKLOG|try=1|profit=3116476|weight=6227797
PACKLOG|best|profit=3116476|weight=6227797
PACKLOG|call=814|tour_len=394|end_dist=7102843
PACKLOG|try=0|th=0.321101053|de=0.268455939|ga=0.410443008
PACKLOG|try=0|profit=1985747|weight=3937482
PACKLOG|try=1|th=0.496787969|de=0.090366979|ga=0.412845052
PACKLOG|try=1|profit=1985747|weight=3937482
PACKLOG|best|profit=1985747|weight=3937482
PACKLOG|call=815|tour_len=442|end_dist=8412725
PACKLOG|try=0|th=0.015087878|de=0.664972355|ga=0.319939767
PACKLOG|try=0|profit=2212416|weight=4419643
PACKLOG|try=1|th=0.327105133|de=0.331025806|ga=0.341869061
PACKLOG|try=1|profit=2212416|weight=4419643
PACKLOG|best|profit=2212416|weight=4419643
PACKLOG|call=816|tour_len=383|end_dist=6183430
PACKLOG|try=0|th=0.561454108|de=0.015596511|ga=0.422949382
PACKLOG|try=0|profit=1926651|weight=3827098
PACKLOG|try=1|th=0.330139624|de=0.246840813|ga=0.423019563
PACKLOG|try=1|profit=1926651|weight=3827098
PACKLOG|best|profit=1926651|weight=3827098
PACKLOG|call=817|tour_len=215|end_dist=3528368
PACKLOG|try=0|th=0.251756888|de=0.409170593|ga=0.339072519
PACKLOG|try=0|profit=1055275|weight=2139508
PACKLOG|try=1|th=0.567103179|de=0.189521428|ga=0.243375394
PACKLOG|try=1|profit=1055275|weight=2139508
PACKLOG|best|profit=1055275|weight=2139508
PACKLOG|call=818|tour_len=483|end_dist=8752345
PACKLOG|try=0|th=0.428086203|de=0.066956443|ga=0.504957354
PACKLOG|try=0|profit=2421188|weight=4831587
PACKLOG|try=1|th=0.591438556|de=0.287220911|ga=0.121340533
PACKLOG|try=1|profit=2421188|weight=4831587
PACKLOG|best|profit=2421188|weight=4831587
PACKLOG|call=819|tour_len=363|end_dist=6617549
PACKLOG|try=0|th=0.279840475|de=0.186485863|ga=0.533673663
PACKLOG|try=0|profit=1796819|weight=3626202
PACKLOG|try=1|th=0.309974143|de=0.377357985|ga=0.312667871
PACKLOG|try=1|profit=1796819|weight=3626202
PACKLOG|best|profit=1796819|weight=3626202
PACKLOG|call=820|tour_len=467|end_dist=11993333
PACKLOG|try=0|th=0.590215690|de=0.219577112|ga=0.190207198
PACKLOG|try=0|profit=2339339|weight=4670822
PACKLOG|try=1|th=0.403026959|de=0.592639633|ga=0.004333409
PACKLOG|try=1|profit=2339339|weight=4670822
PACKLOG|best|profit=2339339|weight=4670822
PACKLOG|call=821|tour_len=983|end_dist=22680724
PACKLOG|try=0|th=0.453846510|de=0.105180795|ga=0.440972695
PACKLOG|try=0|profit=4026350|weight=6127331
PACKLOG|try=1|th=0.273478888|de=0.371674841|ga=0.354846271
PACKLOG|try=1|profit=3987030|weight=6235805
PACKLOG|best|profit=4026350|weight=6127331
PACKLOG|call=822|tour_len=728|end_dist=15089543
PACKLOG|try=0|th=0.161920468|de=0.560406479|ga=0.277673053
PACKLOG|try=0|profit=3635990|weight=7292667
PACKLOG|try=1|th=0.418620589|de=0.533148427|ga=0.048230984
PACKLOG|try=1|profit=3635990|weight=7292667
PACKLOG|best|profit=3635990|weight=7292667
PACKLOG|call=823|tour_len=529|end_dist=9356156
PACKLOG|try=0|th=0.679191906|de=0.236485201|ga=0.084322893
PACKLOG|try=0|profit=2643036|weight=5293495
PACKLOG|try=1|th=0.474733943|de=0.319884131|ga=0.205381926
PACKLOG|try=1|profit=2643036|weight=5293495
PACKLOG|best|profit=2643036|weight=5293495
PACKLOG|call=824|tour_len=454|end_dist=8100899
PACKLOG|try=0|th=0.249628898|de=0.667660768|ga=0.082710334
PACKLOG|try=0|profit=2265592|weight=4540386
PACKLOG|try=1|th=0.328081610|de=0.101502360|ga=0.570416030
PACKLOG|try=1|profit=2265592|weight=4540386
PACKLOG|best|profit=2265592|weight=4540386
PACKLOG|call=825|tour_len=682|end_dist=12475349
PACKLOG|try=0|th=0.298455663|de=0.271464187|ga=0.430080150
PACKLOG|try=0|profit=3403044|weight=6830510
PACKLOG|try=1|th=0.374538043|de=0.477045849|ga=0.148416108
PACKLOG|try=1|profit=3403044|weight=6830510
PACKLOG|best|profit=3403044|weight=6830510
PACKLOG|call=826|tour_len=475|end_dist=9905756
PACKLOG|try=0|th=0.100056473|de=0.709035710|ga=0.190907818
PACKLOG|try=0|profit=2354279|weight=4751432
PACKLOG|try=1|th=0.093491617|de=0.600247560|ga=0.306260823
PACKLOG|try=1|profit=2354279|weight=4751432
PACKLOG|best|profit=2354279|weight=4751432
PACKLOG|call=827|tour_len=535|end_dist=10840577
PACKLOG|try=0|th=0.149838083|de=0.398081955|ga=0.452079962
PACKLOG|try=0|profit=2659405|weight=5353745
PACKLOG|try=1|th=0.436094919|de=0.460676080|ga=0.103229001
PACKLOG|try=1|profit=2659405|weight=5353745
PACKLOG|best|profit=2659405|weight=5353745
PACKLOG|call=828|tour_len=711|end_dist=14056595
PACKLOG|try=0|th=0.405717538|de=0.471655193|ga=0.122627269
PACKLOG|try=0|profit=3551324|weight=7121842
PACKLOG|try=1|th=0.560406021|de=0.229254232|ga=0.210339747
PACKLOG|try=1|profit=3551324|weight=7121842
PACKLOG|best|profit=3551324|weight=7121842
PACKLOG|call=829|tour_len=338|end_dist=5568233
PACKLOG|try=0|th=0.286747117|de=0.332951032|ga=0.380301851
PACKLOG|try=0|profit=1698248|weight=3375036
PACKLOG|try=1|th=0.346581553|de=0.283382348|ga=0.370036099
PACKLOG|try=1|profit=1698248|weight=3375036
PACKLOG|best|profit=1698248|weight=3375036
PACKLOG|call=830|tour_len=413|end_dist=6719043
PACKLOG|try=0|th=0.446544554|de=0.024912843|ga=0.528542603
PACKLOG|try=0|profit=2061165|weight=4128363
PACKLOG|try=1|th=0.458061285|de=0.424695972|ga=0.117242743
PACKLOG|try=1|profit=2061165|weight=4128363
PACKLOG|best|profit=2061165|weight=4128363
PACKLOG|call=831|tour_len=392|end_dist=7251084
PACKLOG|try=0|th=0.029725519|de=0.489949158|ga=0.480325322
PACKLOG|try=0|profit=1957843|weight=3917372
PACKLOG|try=1|th=0.428260716|de=0.108444180|ga=0.463295104
PACKLOG|try=1|profit=1957843|weight=3917372
PACKLOG|best|profit=1957843|weight=3917372
PACKLOG|call=832|tour_len=545|end_dist=11329572
PACKLOG|try=0|th=0.108196399|de=0.461783639|ga=0.430019962
PACKLOG|try=0|profit=2731537|weight=5454319
PACKLOG|try=1|th=0.526960556|de=0.357008715|ga=0.116030729
PACKLOG|try=1|profit=2731537|weight=5454319
PACKLOG|best|profit=2731537|weight=5454319
PACKLOG|call=833|tour_len=597|end_dist=10762599
PACKLOG|try=0|th=0.447601937|de=0.377274798|ga=0.175123265
PACKLOG|try=0|profit=2980404|weight=5976610
PACKLOG|try=1|th=0.201648467|de=0.346453951|ga=0.451897582
PACKLOG|try=1|profit=2980404|weight=5976610
PACKLOG|best|profit=2980404|weight=5976610
PACKLOG|call=834|tour_len=889|end_dist=19608509
PACKLOG|try=0|th=0.310757540|de=0.517555667|ga=0.171686793
PACKLOG|try=0|profit=4283035|weight=7257296
PACKLOG|try=1|th=0.035608721|de=0.558648844|ga=0.405742435
PACKLOG|try=1|profit=4009166|weight=7622825
PACKLOG|best|profit=4283035|weight=7257296
PACKLOG|call=835|tour_len=493|end_dist=8927397
PACKLOG|try=0|th=0.127763386|de=0.050526958|ga=0.821709656
PACKLOG|try=0|profit=2435930|weight=4932008
PACKLOG|try=1|th=0.309757725|de=0.398380099|ga=0.291862176
PACKLOG|try=1|profit=2435930|weight=4932008
PACKLOG|best|profit=2435930|weight=4932008
PACKLOG|call=836|tour_len=550|end_dist=9240934
PACKLOG|try=0|th=0.145606754|de=0.394122316|ga=0.460270930
PACKLOG|try=0|profit=2744064|weight=5504446
PACKLOG|try=1|th=0.035111768|de=0.229573451|ga=0.735314780
PACKLOG|try=1|profit=2744064|weight=5504446
PACKLOG|best|profit=2744064|weight=5504446
PACKLOG|call=837|tour_len=436|end_dist=7731923
PACKLOG|try=0|th=0.478247754|de=0.184919902|ga=0.336832344
PACKLOG|try=0|profit=2185517|weight=4359356
PACKLOG|try=1|th=0.543946591|de=0.340887373|ga=0.115166036
PACKLOG|try=1|profit=2185517|weight=4359356
PACKLOG|best|profit=2185517|weight=4359356
PACKLOG|call=838|tour_len=652|end_dist=11982138
PACKLOG|try=0|th=0.154469050|de=0.570972457|ga=0.274558493
PACKLOG|try=0|profit=3250474|weight=6529153
PACKLOG|try=1|th=0.385331123|de=0.325040200|ga=0.289628677
PACKLOG|try=1|profit=3250474|weight=6529153
PACKLOG|best|profit=3250474|weight=6529153
PACKLOG|call=839|tour_len=761|end_dist=16557788
PACKLOG|try=0|th=0.255700840|de=0.300486617|ga=0.443812543
PACKLOG|try=0|profit=3824915|weight=7623837
PACKLOG|try=1|th=0.091439315|de=0.497708058|ga=0.410852627
PACKLOG|try=1|profit=3824915|weight=7623837
PACKLOG|best|profit=3824915|weight=7623837
PACKLOG|call=840|tour_len=308|end_dist=4700044
PACKLOG|try=0|th=0.401969229|de=0.083042281|ga=0.514988489
PACKLOG|try=0|profit=1527829|weight=3073662
PACKLOG|try=1|th=0.094018992|de=0.228461445|ga=0.677519563
PACKLOG|try=1|profit=1527829|weight=3073662
PACKLOG|best|profit=1527829|weight=3073662
PACKLOG|call=841|tour_len=306|end_dist=5105475
PACKLOG|try=0|th=0.193540415|de=0.221900285|ga=0.584559301
PACKLOG|try=0|profit=1521938|weight=3053433
PACKLOG|try=1|th=0.324380518|de=0.530224336|ga=0.145395146
PACKLOG|try=1|profit=1521938|weight=3053433
PACKLOG|best|profit=1521938|weight=3053433
PACKLOG|call=842|tour_len=631|end_dist=14773559
PACKLOG|try=0|th=0.124737852|de=0.850519635|ga=0.024742512
PACKLOG|try=0|profit=3157297|weight=6318250
PACKLOG|try=1|th=0.373106729|de=0.418207712|ga=0.208685559
PACKLOG|try=1|profit=3157297|weight=6318250
PACKLOG|best|profit=3157297|weight=6318250
PACKLOG|call=843|tour_len=351|end_dist=5411176
PACKLOG|try=0|th=0.120413602|de=0.582744124|ga=0.296842274
PACKLOG|try=0|profit=1761970|weight=3505577
PACKLOG|try=1|th=0.094360010|de=0.468591215|ga=0.437048774
PACKLOG|try=1|profit=1761970|weight=3505577
PACKLOG|best|profit=1761970|weight=3505577
PACKLOG|call=844|tour_len=620|end_dist=11682655
PACKLOG|try=0|th=0.307800065|de=0.556159617|ga=0.136040318
PACKLOG|try=0|profit=3084659|weight=6207725
PACKLOG|try=1|th=0.272239920|de=0.350081034|ga=0.377679046
PACKLOG|try=1|profit=3084659|weight=6207725
PACKLOG|best|profit=3084659|weight=6207725
PACKLOG|call=845|tour_len=968|end_dist=21578630
PACKLOG|try=0|th=0.363850486|de=0.265241417|ga=0.370908097
PACKLOG|try=0|profit=4157433|weight=6457784
PACKLOG|try=1|th=0.094779242|de=0.606313321|ga=0.298907437
PACKLOG|try=1|profit=3923217|weight=6905611
PACKLOG|best|profit=4157433|weight=6457784
PACKLOG|call=846|tour_len=893|end_dist=18915846
PACKLOG|try=0|th=0.259998551|de=0.363630922|ga=0.376370527
PACKLOG|try=0|profit=4296520|weight=7514754
PACKLOG|try=1|th=0.330612999|de=0.341074613|ga=0.328312388
PACKLOG|try=1|profit=4307487|weight=7466536
PACKLOG|best|profit=4307487|weight=7466536
PACKLOG|call=847|tour_len=505|end_dist=9267140
PACKLOG|try=0|th=0.097420556|de=0.246730701|ga=0.655848743
PACKLOG|try=0|profit=2514264|weight=5052591
PACKLOG|try=1|th=0.266281724|de=0.245435806|ga=0.488282471
PACKLOG|try=1|profit=2514264|weight=5052591
PACKLOG|best|profit=2514264|weight=5052591
PACKLOG|call=848|tour_len=460|end_dist=7849871
PACKLOG|try=0|th=0.160372548|de=0.249515919|ga=0.590111533
PACKLOG|try=0|profit=2298962|weight=4600394
PACKLOG|try=1|th=0.023473732|de=0.626224117|ga=0.350302152
PACKLOG|try=1|profit=2298962|weight=4600394
PACKLOG|best|profit=2298962|weight=4600394
PACKLOG|call=849|tour_len=872|end_dist=19888812
PACKLOG|try=0|th=0.504969639|de=0.444442701|ga=0.050587660
PACKLOG|try=0|profit=4164796|weight=6862741
PACKLOG|try=1|th=0.294597118|de=0.312989385|ga=0.392413497
PACKLOG|try=1|profit=4169992|weight=7210320
PACKLOG|best|profit=4169992|weight=7210320
PACKLOG|call=850|tour_len=448|end_dist=8356390
PACKLOG|try=0|th=0.636279485|de=0.059412423|ga=0.304308092
PACKLOG|try=0|profit=2238265|weight=4479966
PACKLOG|try=1|th=0.367875035|de=0.250387156|ga=0.381737809
PACKLOG|try=1|profit=2238265|weight=4479966
PACKLOG|best|profit=2238265|weight=4479966
PACKLOG|call=851|tour_len=670|end_dist=13258481
PACKLOG|try=0|th=0.213628718|de=0.539750833|ga=0.246620449
PACKLOG|try=0|profit=3339649|weight=6709998
PACKLOG|try=1|th=0.224469641|de=0.015155051|ga=0.760375307
PACKLOG|try=1|profit=3339649|weight=6709998
PACKLOG|best|profit=3339649|weight=6709998
PACKLOG|call=852|tour_len=516|end_dist=12241254
PACKLOG|try=0|th=0.285248406|de=0.170074977|ga=0.544676617
PACKLOG|try=0|profit=2574768|weight=5163102
PACKLOG|try=1|th=0.494837780|de=0.148202654|ga=0.356959566
PACKLOG|try=1|profit=2574768|weight=5163102
PACKLOG|best|profit=2574768|weight=5163102
PACKLOG|call=853|tour_len=880|end_dist=20431456
PACKLOG|try=0|th=0.576688356|de=0.216422227|ga=0.206889417
PACKLOG|try=0|profit=4121527|weight=6619623
PACKLOG|try=1|th=0.159501220|de=0.465025274|ga=0.375473506
PACKLOG|try=1|profit=4063092|weight=6930892
PACKLOG|best|profit=4121527|weight=6619623
PACKLOG|call=854|tour_len=281|end_dist=4329597
PACKLOG|try=0|th=0.355018407|de=0.510650060|ga=0.134331532
PACKLOG|try=0|profit=1404993|weight=2802353
PACKLOG|try=1|th=0.387446486|de=0.391376460|ga=0.221177053
PACKLOG|try=1|profit=1404993|weight=2802353
PACKLOG|best|profit=1404993|weight=2802353
PACKLOG|call=855|tour_len=669|end_dist=13901926
PACKLOG|try=0|th=0.398162079|de=0.451474709|ga=0.150363212
PACKLOG|try=0|profit=3322618|weight=6699907
PACKLOG|try=1|th=0.460972089|de=0.103421251|ga=0.435606660
PACKLOG|try=1|profit=3322618|weight=6699907
PACKLOG|best|profit=3322618|weight=6699907
PACKLOG|call=856|tour_len=442|end_dist=8217869
PACKLOG|try=0|th=0.399532490|de=0.149927542|ga=0.450539968
PACKLOG|try=0|profit=2208786|weight=4419651
PACKLOG|try=1|th=0.408856203|de=0.395391983|ga=0.195751814
PACKLOG|try=1|profit=2208786|weight=4419651
PACKLOG|best|profit=2208786|weight=4419651
PACKLOG|call=857|tour_len=599|end_dist=11647239
PACKLOG|try=0|th=0.823210924|de=0.042480386|ga=0.134308690
PACKLOG|try=0|profit=3007838|weight=5996764
PACKLOG|try=1|th=0.737791237|de=0.171413211|ga=0.090795552
PACKLOG|try=1|profit=3007838|weight=5996764
PACKLOG|best|profit=3007838|weight=5996764
PACKLOG|call=858|tour_len=584|end_dist=11712115
PACKLOG|try=0|th=0.421150516|de=0.411492270|ga=0.167357213
PACKLOG|try=0|profit=2913164|weight=5846124
PACKLOG|try=1|th=0.302248681|de=0.212874983|ga=0.484876336
PACKLOG|try=1|profit=2913164|weight=5846124
PACKLOG|best|profit=2913164|weight=5846124
PACKLOG|call=859|tour_len=633|end_dist=12647150
PACKLOG|try=0|th=0.393634060|de=0.602583672|ga=0.003782267
PACKLOG|try=0|profit=3162356|weight=6338456
PACKLOG|try=1|th=0.316746695|de=0.185263438|ga=0.497989867
PACKLOG|try=1|profit=3162356|weight=6338456
PACKLOG|best|profit=3162356|weight=6338456
PACKLOG|call=860|tour_len=653|end_dist=14808023
PACKLOG|try=0|th=0.038093205|de=0.245433159|ga=0.716473636
PACKLOG|try=0|profit=3254385|weight=6539230
PACKLOG|try=1|th=0.153800384|de=0.816617259|ga=0.029582357
PACKLOG|try=1|profit=3254385|weight=6539230
PACKLOG|best|profit=3254385|weight=6539230
PACKLOG|call=861|tour_len=440|end_dist=7598899
PACKLOG|try=0|th=0.497961100|de=0.287488474|ga=0.214550426
PACKLOG|try=0|profit=2207317|weight=4399603
PACKLOG|try=1|th=0.648749001|de=0.213617540|ga=0.137633459
PACKLOG|try=1|profit=2207317|weight=4399603
PACKLOG|best|profit=2207317|weight=4399603
PACKLOG|call=862|tour_len=409|end_dist=7323126
PACKLOG|try=0|th=0.237856912|de=0.362347941|ga=0.399795147
PACKLOG|try=0|profit=2035737|weight=4088411
PACKLOG|try=1|th=0.322811884|de=0.306852958|ga=0.370335158
PACKLOG|try=1|profit=2035737|weight=4088411
PACKLOG|best|profit=2035737|weight=4088411
PACKLOG|call=863|tour_len=547|end_dist=9443299
PACKLOG|try=0|th=0.013971358|de=0.338796599|ga=0.647232043
PACKLOG|try=0|profit=2742298|weight=5474517
PACKLOG|try=1|th=0.040850247|de=0.466124749|ga=0.493025004
PACKLOG|try=1|profit=2742298|weight=5474517
PACKLOG|best|profit=2742298|weight=5474517
PACKLOG|call=864|tour_len=489|end_dist=8131972
PACKLOG|try=0|th=0.371092905|de=0.085308168|ga=0.543598928
PACKLOG|try=0|profit=2460378|weight=4891738
PACKLOG|try=1|th=0.501679185|de=0.218212741|ga=0.280108074
PACKLOG|try=1|profit=2460378|weight=4891738
PACKLOG|best|profit=2460378|weight=4891738
PACKLOG|call=865|tour_len=450|end_dist=7580803
PACKLOG|try=0|th=0.589610979|de=0.046534636|ga=0.363854385
PACKLOG|try=0|profit=2270852|weight=4499975
PACKLOG|try=1|th=0.053798443|de=0.450152646|ga=0.496048911
PACKLOG|try=1|profit=2270852|weight=4499975
PACKLOG|best|profit=2270852|weight=4499975
PACKLOG|call=866|tour_len=578|end_dist=10977871
PACKLOG|try=0|th=0.338382991|de=0.529563268|ga=0.132053741
PACKLOG|try=0|profit=2901166|weight=5785817
PACKLOG|try=1|th=0.333298156|de=0.317168393|ga=0.349533451
PACKLOG|try=1|profit=2901166|weight=5785817
PACKLOG|best|profit=2901166|weight=5785817
PACKLOG|call=867|tour_len=518|end_dist=9343991
PACKLOG|try=0|th=0.222671715|de=0.331853233|ga=0.445475052
PACKLOG|try=0|profit=2599403|weight=5183238
PACKLOG|try=1|th=0.105987762|de=0.327865378|ga=0.566146860
PACKLOG|try=1|profit=2599403|weight=5183238
PACKLOG|best|profit=2599403|weight=5183238
PACKLOG|call=868|tour_len=539|end_dist=9964061
PACKLOG|try=0|th=0.648945041|de=0.120238347|ga=0.230816612
PACKLOG|try=0|profit=2705476|weight=5393960
PACKLOG|try=1|th=0.454531961|de=0.286428791|ga=0.259039248
PACKLOG|try=1|profit=2705476|weight=5393960
PACKLOG|best|profit=2705476|weight=5393960
PACKLOG|call=869|tour_len=839|end_dist=18921801
PACKLOG|try=0|th=0.522825201|de=0.022153953|ga=0.455020846
PACKLOG|try=0|profit=4100858|weight=7169108
PACKLOG|try=1|th=0.446903165|de=0.186199260|ga=0.366897575
PACKLOG|try=1|profit=4101355|weight=7163066
PACKLOG|best|profit=4101355|weight=7163066
PACKLOG|call=870|tour_len=436|end_dist=7263272
PACKLOG|try=0|th=0.396638058|de=0.173733933|ga=0.429628009
PACKLOG|try=0|profit=2176919|weight=4359449
PACKLOG|try=1|th=0.488433092|de=0.025284822|ga=0.486282086
PACKLOG|try=1|profit=2176919|weight=4359449
PACKLOG|best|profit=2176919|weight=4359449
PACKLOG|call=871|tour_len=597|end_dist=12100574
PACKLOG|try=0|th=0.733143822|de=0.050837628|ga=0.216018550
PACKLOG|try=0|profit=2965052|weight=5976903
PACKLOG|try=1|th=0.240175785|de=0.462881973|ga=0.296942242
PACKLOG|try=1|profit=2965052|weight=5976903
PACKLOG|best|profit=2965052|weight=5976903
PACKLOG|call=872|tour_len=905|end_dist=20406454
PACKLOG|try=0|th=0.512602050|de=0.371114953|ga=0.116282997
PACKLOG|try=0|profit=4214956|weight=6680884
PACKLOG|try=1|th=0.309557828|de=0.438518283|ga=0.251923889
PACKLOG|try=1|profit=4215571|weight=6884812
PACKLOG|best|profit=4215571|weight=6884812
PACKLOG|call=873|tour_len=930|end_dist=19873755
PACKLOG|try=0|th=0.139679291|de=0.292666117|ga=0.567654592
PACKLOG|try=0|profit=4181824|weight=7413030
PACKLOG|try=1|th=0.313936659|de=0.490777836|ga=0.195285505
PACKLOG|try=1|profit=4354125|weight=7125802
PACKLOG|best|profit=4354125|weight=7125802
PACKLOG|call=874|tour_len=557|end_dist=10639485
PACKLOG|try=0|th=0.310752107|de=0.360282993|ga=0.328964900
PACKLOG|try=0|profit=2787253|weight=5574813
PACKLOG|try=1|th=0.094053742|de=0.518827165|ga=0.387119093
PACKLOG|try=1|profit=2787253|weight=5574813
PACKLOG|best|profit=2787253|weight=5574813
PACKLOG|call=875|tour_len=941|end_dist=20948416
PACKLOG|try=0|th=0.316597937|de=0.395797170|ga=0.287604893
PACKLOG|try=0|profit=4331748|weight=7075540
PACKLOG|try=1|th=0.232044456|de=0.402207128|ga=0.365748416
PACKLOG|try=1|profit=4276707|weight=7198087
PACKLOG|best|profit=4331748|weight=7075540
PACKLOG|call=876|tour_len=506|end_dist=8812267
PACKLOG|try=0|th=0.534373325|de=0.022561817|ga=0.443064858
PACKLOG|try=0|profit=2529046|weight=5062515
PACKLOG|try=1|th=0.607433346|de=0.310855058|ga=0.081711597
PACKLOG|try=1|profit=2529046|weight=5062515
PACKLOG|best|profit=2529046|weight=5062515
PACKLOG|call=877|tour_len=417|end_dist=7256452
PACKLOG|try=0|th=0.389573558|de=0.237195923|ga=0.373230519
PACKLOG|try=0|profit=2098077|weight=4168571
PACKLOG|try=1|th=0.462196871|de=0.170852747|ga=0.366950383
PACKLOG|try=1|profit=2098077|weight=4168571
PACKLOG|best|profit=2098077|weight=4168571
PACKLOG|call=878|tour_len=871|end_dist=19456444
PACKLOG|try=0|th=0.156784409|de=0.575993620|ga=0.267221971
PACKLOG|try=0|profit=4181044|weight=7250364
PACKLOG|try=1|th=0.542448778|de=0.145641225|ga=0.311909997
PACKLOG|try=1|profit=4205174|weight=7106856
PACKLOG|best|profit=4205174|weight=7106856
PACKLOG|call=879|tour_len=442|end_dist=8038236
PACKLOG|try=0|th=0.461023096|de=0.202763487|ga=0.336213417
PACKLOG|try=0|profit=2201974|weight=4419901
PACKLOG|try=1|th=0.515606109|de=0.393973046|ga=0.090420845
PACKLOG|try=1|profit=2201974|weight=4419901
PACKLOG|best|profit=2201974|weight=4419901
PACKLOG|call=880|tour_len=345|end_dist=5521692
PACKLOG|try=0|th=0.131453778|de=0.672559711|ga=0.195986512
PACKLOG|try=0|profit=1713604|weight=3445295
PACKLOG|try=1|th=0.134818378|de=0.403223901|ga=0.461957722
PACKLOG|try=1|profit=1713604|weight=3445295
PACKLOG|best|profit=1713604|weight=3445295
PACKLOG|call=881|tour_len=548|end_dist=10610484
PACKLOG|try=0|th=0.312451223|de=0.131139293|ga=0.556409484
PACKLOG|try=0|profit=2736830|weight=5484420
PACKLOG|try=1|th=0.227438420|de=0.329239976|ga=0.443321604
PACKLOG|try=1|profit=2736830|weight=5484420
PACKLOG|best|profit=2736830|weight=5484420
PACKLOG|call=882|tour_len=211|end_dist=3352037
PACKLOG|try=0|th=0.151991816|de=0.417089612|ga=0.430918571
PACKLOG|try=0|profit=1067873|weight=2099389
PACKLOG|try=1|th=0.490271135|de=0.303774097|ga=0.205954768
PACKLOG|try=1|profit=1067873|weight=2099389
PACKLOG|best|profit=1067873|weight=2099389
PACKLOG|call=883|tour_len=529|end_dist=9153598
PACKLOG|try=0|th=0.098762564|de=0.345753389|ga=0.555484046
PACKLOG|try=0|profit=2660512|weight=5293551
PACKLOG|try=1|th=0.383327504|de=0.296675254|ga=0.319997242
PACKLOG|try=1|profit=2660512|weight=5293551
PACKLOG|best|profit=2660512|weight=5293551
PACKLOG|call=884|tour_len=303|end_dist=4440005
PACKLOG|try=0|th=0.594609461|de=0.345364991|ga=0.060025548
PACKLOG|try=0|profit=1501676|weight=3023414
PACKLOG|try=1|th=0.375154922|de=0.257392355|ga=0.367452722
PACKLOG|try=1|profit=1501676|weight=3023414
PACKLOG|best|profit=1501676|weight=3023414
PACKLOG|call=885|tour_len=554|end_dist=10534825
PACKLOG|try=0|th=0.725786761|de=0.134368297|ga=0.139844942
PACKLOG|try=0|profit=2752450|weight=5544916
PACKLOG|try=1|th=0.483772279|de=0.364464527|ga=0.151763193
PACKLOG|try=1|profit=2752450|weight=5544916
PACKLOG|best|profit=2752450|weight=5544916
PACKLOG|call=886|tour_len=771|end_dist=16882564
PACKLOG|try=0|th=0.835502937|de=0.044308192|ga=0.120188871
PACKLOG|try=0|profit=3865120|weight=7724646
PACKLOG|try=1|th=0.502072643|de=0.011632065|ga=0.486295292
PACKLOG|try=1|profit=3865120|weight=7724646
PACKLOG|best|profit=3865120|weight=7724646
PACKLOG|call=887|tour_len=994|end_dist=23652237
PACKLOG|try=0|th=0.169049125|de=0.228764788|ga=0.602186087
PACKLOG|try=0|profit=3682147|weight=6437466
PACKLOG|try=1|th=0.210552080|de=0.360498885|ga=0.428949036
PACKLOG|try=1|profit=3715995|weight=6023670
PACKLOG|best|profit=3715995|weight=6023670
PACKLOG|call=888|tour_len=426|end_dist=6864069
PACKLOG|try=0|th=0.375402984|de=0.230144985|ga=0.394452031
PACKLOG|try=0|profit=2140080|weight=4258838
PACKLOG|try=1|th=0.484476574|de=0.336976073|ga=0.178547353
PACKLOG|try=1|profit=2140080|weight=4258838
PACKLOG|best|profit=2140080|weight=4258838
PACKLOG|call=889|tour_len=466|end_dist=9185081
PACKLOG|try=0|th=0.038531315|de=0.399296018|ga=0.562172667
PACKLOG|try=0|profit=2305860|weight=4660943
PACKLOG|try=1|th=0.110568554|de=0.373605452|ga=0.515825995
PACKLOG|try=1|profit=2305860|weight=4660943
PACKLOG|best|profit=2305860|weight=4660943
PACKLOG|call=890|tour_len=728|end_dist=16167198
PACKLOG|try=0|th=0.342843132|de=0.364393649|ga=0.292763218
PACKLOG|try=0|profit=3649136|weight=7292538
PACKLOG|try=1|th=0.592436038|de=0.186242235|ga=0.221321727
PACKLOG|try=1|profit=3649136|weight=7292538
PACKLOG|best|profit=3649136|weight=7292538
PACKLOG|call=891|tour_len=880|end_dist=18761545
PACKLOG|try=0|th=0.187333230|de=0.490301459|ga=0.322365311
PACKLOG|try=0|profit=4318061|weight=7830003
PACKLOG|try=1|th=0.413139794|de=0.337968549|ga=0.248891658
PACKLOG|try=1|profit=4333795|weight=7731447
PACKLOG|best|profit=4333795|weight=7731447
PACKLOG|call=892|tour_len=883|end_dist=19818991
PACKLOG|try=0|th=0.329675610|de=0.117120959|ga=0.553203431
PACKLOG|try=0|profit=4269047|weight=7536605
PACKLOG|try=1|th=0.336984810|de=0.240213489|ga=0.422801701
PACKLOG|try=1|profit=4281839|weight=7506480
PACKLOG|best|profit=4281839|weight=7506480
PACKLOG|call=893|tour_len=339|end_dist=5539940
PACKLOG|try=0|th=0.683612042|de=0.302525525|ga=0.013862433
PACKLOG|try=0|profit=1692689|weight=3385267
PACKLOG|try=1|th=0.142718566|de=0.531298114|ga=0.325983320
PACKLOG|try=1|profit=1692689|weight=3385267
PACKLOG|best|profit=1692689|weight=3385267
PACKLOG|call=894|tour_len=647|end_dist=13533341
PACKLOG|try=0|th=0.590909723|de=0.001608665|ga=0.407481612
PACKLOG|try=0|profit=3231532|weight=6478911
PACKLOG|try=1|th=0.348300464|de=0.365371945|ga=0.286327592
PACKLOG|try=1|profit=3231532|weight=6478911
PACKLOG|best|profit=3231532|weight=6478911
PACKLOG|call=895|tour_len=645|end_dist=12166262
PACKLOG|try=0|th=0.298597198|de=0.284652709|ga=0.416750094
PACKLOG|try=0|profit=3229124|weight=6458840
PACKLOG|try=1|th=0.722609655|de=0.027540726|ga=0.249849619
PACKLOG|try=1|profit=3229124|weight=6458840
PACKLOG|best|profit=3229124|weight=6458840
PACKLOG|call=896|tour_len=374|end_dist=6958174
PACKLOG|try=0|th=0.497405570|de=0.344576560|ga=0.158017871
PACKLOG|try=0|profit=1846447|weight=3736503
PACKLOG|try=1|th=0.313998563|de=0.379444985|ga=0.306556452
PACKLOG|try=1|profit=1846447|weight=3736503
PACKLOG|best|profit=1846447|weight=3736503
PACKLOG|call=897|tour_len=572|end_dist=10299115
PACKLOG|try=0|th=0.040047180|de=0.418614279|ga=0.541338541
PACKLOG|try=0|profit=2863702|weight=5725422
PACKLOG|try=1|th=0.366274115|de=0.183388255|ga=0.450337629
PACKLOG|try=1|profit=2863702|weight=5725422
PACKLOG|best|profit=2863702|weight=5725422
PACKLOG|call=898|tour_len=418|end_dist=7697986
PACKLOG|try=0|th=0.192528127|de=0.439491989|ga=0.367979884
PACKLOG|try=0|profit=2092479|weight=4178632
PACKLOG|try=1|th=0.027249609|de=0.109023878|ga=0.863726513
PACKLOG|try=1|profit=2092479|weight=4178632
PACKLOG|best|profit=2092479|weight=4178632
PACKLOG|call=899|tour_len=913|end_dist=21282739
PACKLOG|try=0|th=0.129778773|de=0.623693787|ga=0.246527440
PACKLOG|try=0|profit=3975219|weight=6482803
PACKLOG|try=1|th=0.336530486|de=0.334689664|ga=0.328779850
PACKLOG|try=1|profit=4048641|weight=6334314
PACKLOG|best|profit=4048641|weight=6334314
PACKLOG|call=900|tour_len=674|end_dist=14102226
PACKLOG|try=0|th=0.476542948|de=0.429540309|ga=0.093916743
PACKLOG|try=0|profit=3375742|weight=6750214
PACKLOG|try=1|th=0.305875574|de=0.400038791|ga=0.294085635
PACKLOG|try=1|profit=3375742|weight=6750214
PACKLOG|best|profit=3375742|weight=6750214
PACKLOG|call=901|tour_len=874|end_dist=19904254
PACKLOG|try=0|th=0.405858520|de=0.236727471|ga=0.357414009
PACKLOG|try=0|profit=4221512|weight=7260559
PACKLOG|try=1|th=0.160476669|de=0.505090263|ga=0.334433068
PACKLOG|try=1|profit=4185877|weight=7375953
PACKLOG|best|profit=4221512|weight=7260559
PACKLOG|call=902|tour_len=454|end_dist=8078513
PACKLOG|try=0|th=0.331566127|de=0.512382547|ga=0.156051326
PACKLOG|try=0|profit=2249201|weight=4540319
PACKLOG|try=1|th=0.830727044|de=0.074124215|ga=0.095148740
PACKLOG|try=1|profit=2249201|weight=4540319
PACKLOG|best|profit=2249201|weight=4540319
PACKLOG|call=903|tour_len=344|end_dist=5418881
PACKLOG|try=0|th=0.717318247|de=0.221562925|ga=0.061118828
PACKLOG|try=0|profit=1712181|weight=3435217
PACKLOG|try=1|th=0.061906415|de=0.670229732|ga=0.267863853
PACKLOG|try=1|profit=1712181|weight=3435217
PACKLOG|best|profit=1712181|weight=3435217
PACKLOG|call=904|tour_len=729|end_dist=14563301
PACKLOG|try=0|th=0.559126759|de=0.341517374|ga=0.099355867
PACKLOG|try=0|profit=3640516|weight=7302759
PACKLOG|try=1|th=0.511946583|de=0.103002141|ga=0.385051277
PACKLOG|try=1|profit=3640516|weight=7302759
PACKLOG|best|profit=3640516|weight=7302759
PACKLOG|call=905|tour_len=562|end_dist=10789836
PACKLOG|try=0|th=0.045339586|de=0.424717633|ga=0.529942781
PACKLOG|try=0|profit=2799454|weight=5625032
PACKLOG|try=1|th=0.245836830|de=0.362092629|ga=0.392070541
PACKLOG|try=1|profit=2799454|weight=5625032
PACKLOG|best|profit=2799454|weight=5625032
PACKLOG|call=906|tour_len=884|end_dist=20100986
PACKLOG|try=0|th=0.111416467|de=0.574639906|ga=0.313943627
PACKLOG|try=0|profit=4136067|weight=7225083
PACKLOG|try=1|th=0.387100438|de=0.070879888|ga=0.542019674
PACKLOG|try=1|profit=4185071|weight=7150921
PACKLOG|best|profit=4185071|weight=7150921
PACKLOG|call=907|tour_len=391|end_dist=6539109
PACKLOG|try=0|th=0.343077956|de=0.160935666|ga=0.495986378
PACKLOG|try=0|profit=1947873|weight=3907495
PACKLOG|try=1|th=0.185803577|de=0.278012901|ga=0.536183523
PACKLOG|try=1|profit=1947873|weight=3907495
PACKLOG|best|profit=1947873|weight=3907495
PACKLOG|call=908|tour_len=639|end_dist=13272134
PACKLOG|try=0|th=0.516739578|de=0.257355872|ga=0.225904550
PACKLOG|try=0|profit=3203815|weight=6398491
PACKLOG|try=1|th=0.401029976|de=0.576337035|ga=0.022632989
PACKLOG|try=1|profit=3203815|weight=6398491
PACKLOG|best|profit=3203815|weight=6398491
PACKLOG|call=909|tour_len=722|end_dist=16018786
PACKLOG|try=0|th=0.328911507|de=0.108941493|ga=0.562147000
PACKLOG|try=0|profit=3644713|weight=7232373
PACKLOG|try=1|th=0.466231612|de=0.524880460|ga=0.008887928
PACKLOG|try=1|profit=3644713|weight=7232373
PACKLOG|best|profit=3644713|weight=7232373
PACKLOG|call=910|tour_len=812|end_dist=17252602
PACKLOG|try=0|th=0.440997130|de=0.465414595|ga=0.093588275
PACKLOG|try=0|profit=4056316|weight=7870179
PACKLOG|try=1|th=0.458422382|de=0.440855702|ga=0.100721916
PACKLOG|try=1|profit=4056316|weight=7870179
PACKLOG|best|profit=4056316|weight=7870179
PACKLOG|call=911|tour_len=818|end_dist=18220994
PACKLOG|try=0|th=0.087778246|de=0.515520686|ga=0.396701068
PACKLOG|try=0|profit=4053823|weight=7603931
PACKLOG|try=1|th=0.105705634|de=0.468849536|ga=0.425444831
PACKLOG|try=1|profit=4057657|weight=7600956
PACKLOG|best|profit=4057657|weight=7600956
PACKLOG|call=912|tour_len=240|end_dist=4041146
PACKLOG|try=0|th=0.276025105|de=0.118547387|ga=0.605427508
PACKLOG|try=0|profit=1194756|weight=2390574
PACKLOG|try=1|th=0.067956185|de=0.507841230|ga=0.424202585
PACKLOG|try=1|profit=1194756|weight=2390574
PACKLOG|best|profit=1194756|weight=2390574
PACKLOG|call=913|tour_len=496|end_dist=9995743
PACKLOG|try=0|th=0.690667720|de=0.054309436|ga=0.255022844
PACKLOG|try=0|profit=2482901|weight=4962293
PACKLOG|try=1|th=0.241379886|de=0.683411097|ga=0.075209018
PACKLOG|try=1|profit=2482901|weight=4962293
PACKLOG|best|profit=2482901|weight=4962293
PACKLOG|call=914|tour_len=960|end_dist=20844387
PACKLOG|try=0|th=0.530281628|de=0.159395641|ga=0.310322731
PACKLOG|try=0|profit=4324045|weight=6785248
PACKLOG|try=1|th=0.211239929|de=0.405457124|ga=0.383302947
PACKLOG|try=1|profit=4258144|weight=7065550
PACKLOG|best|profit=4324045|weight=6785248
PACKLOG|call=915|tour_len=393|end_dist=7277385
PACKLOG|try=0|th=0.278411464|de=0.405883614|ga=0.315704921
PACKLOG|try=0|profit=1946964|weight=3927629
PACKLOG|try=1|th=0.361957727|de=0.306006481|ga=0.332035793
PACKLOG|try=1|profit=1946964|weight=3927629
PACKLOG|best|profit=1946964|weight=3927629
PACKLOG|call=916|tour_len=676|end_dist=13091191
PACKLOG|try=0|th=0.344710769|de=0.466295493|ga=0.188993738
PACKLOG|try=0|profit=3370021|weight=6770190
PACKLOG|try=1|th=0.464543786|de=0.113734509|ga=0.421721705
PACKLOG|try=1|profit=3370021|weight=6770190
PACKLOG|best|profit=3370021|weight=6770190
PACKLOG|call=917|tour_len=445|end_dist=8246239
PACKLOG|try=0|th=0.665612853|de=0.294632086|ga=0.039755061
PACKLOG|try=0|profit=2218663|weight=4449789
PACKLOG|try=1|th=0.565861803|de=0.262767308|ga=0.171370889
PACKLOG|try=1|profit=2218663|weight=4449789
PACKLOG|best|profit=2218663|weight=4449789
PACKLOG|call=918|tour_len=552|end_dist=10264599
PACKLOG|try=0|th=0.273755866|de=0.100863738|ga=0.625380396
PACKLOG|try=0|profit=2749088|weight=5524798
PACKLOG|try=1|th=0.294622718|de=0.461422896|ga=0.243954387
PACKLOG|try=1|profit=2749088|weight=5524798
PACKLOG|best|profit=2749088|weight=5524798
PACKLOG|call=919|tour_len=831|end_dist=18168476
PACKLOG|try=0|th=0.454474110|de=0.387698295|ga=0.157827595
PACKLOG|try=0|profit=4086444|weight=7201167
PACKLOG|try=1|th=0.476766733|de=0.239876799|ga=0.283356468
PACKLOG|try=1|profit=4087070|weight=7246350
PACKLOG|best|profit=4087070|weight=7246350
PACKLOG|call=920|tour_len=894|end_dist=18642315
PACKLOG|try=0|th=0.363023491|de=0.536078399|ga=0.100898110
PACKLOG|try=0|profit=4369568|weight=7644233
PACKLOG|try=1|th=0.361635670|de=0.100507760|ga=0.537856571
PACKLOG|try=1|profit=4351660|weight=7813025
PACKLOG|best|profit=4369568|weight=7644233
PACKLOG|call=921|tour_len=729|end_dist=14371608
PACKLOG|try=0|th=0.048346776|de=0.239090933|ga=0.712562292
PACKLOG|try=0|profit=3632567|weight=7302694
PACKLOG|try=1|th=0.498638036|de=0.252311951|ga=0.249050013
PACKLOG|try=1|profit=3632567|weight=7302694
PACKLOG|best|profit=3632567|weight=7302694
PACKLOG|call=922|tour_len=700|end_dist=15651580
PACKLOG|try=0|th=0.100480276|de=0.073706867|ga=0.825812857
PACKLOG|try=0|profit=3501744|weight=7011459
PACKLOG|try=1|th=0.583737057|de=0.383318673|ga=0.032944270
PACKLOG|try=1|profit=3501744|weight=7011459
PACKLOG|best|profit=3501744|weight=7011459
PACKLOG|call=923|tour_len=581|end_dist=10176071
PACKLOG|try=0|th=0.774757200|de=0.012332612|ga=0.212910188
PACKLOG|try=0|profit=2912602|weight=5816029
PACKLOG|try=1|th=0.497874161|de=0.240985334|ga=0.261140505
PACKLOG|try=1|profit=2912602|weight=5816029
PACKLOG|best|profit=2912602|weight=5816029
PACKLOG|call=924|tour_len=895|end_dist=19833278
PACKLOG|try=0|th=0.256453175|de=0.177360150|ga=0.566186675
PACKLOG|try=0|profit=4135932|weight=7066570
PACKLOG|try=1|th=0.055580803|de=0.554649906|ga=0.389769291
PACKLOG|try=1|profit=3922914|weight=7213076
PACKLOG|best|profit=4135932|weight=7066570
PACKLOG|call=925|tour_len=576|end_dist=10869039
PACKLOG|try=0|th=0.214249113|de=0.216708300|ga=0.569042587
PACKLOG|try=0|profit=2869276|weight=5765841
PACKLOG|try=1|th=0.391291437|de=0.328604579|ga=0.280103984
PACKLOG|try=1|profit=2869276|weight=5765841
PACKLOG|best|profit=2869276|weight=5765841
PACKLOG|call=926|tour_len=460|end_dist=9015127
PACKLOG|try=0|th=0.364149239|de=0.221431007|ga=0.414419754
PACKLOG|try=0|profit=2306347|weight=4600493
PACKLOG|try=1|th=0.033925292|de=0.527854634|ga=0.438220074
PACKLOG|try=1|profit=2306347|weight=4600493
PACKLOG|best|profit=2306347|weight=4600493
PACKLOG|call=927|tour_len=562|end_dist=10481028
PACKLOG|try=0|th=0.237232214|de=0.381137294|ga=0.381630492
PACKLOG|try=0|profit=2817271|weight=5625020
PACKLOG|try=1|th=0.648443023|de=0.146084360|ga=0.205472617
PACKLOG|try=1|profit=2817271|weight=5625020
PACKLOG|best|profit=2817271|weight=5625020
PACKLOG|call=928|tour_len=514|end_dist=9655076
PACKLOG|try=0|th=0.186804806|de=0.556382236|ga=0.256812957
PACKLOG|try=0|profit=2556913|weight=5142947
PACKLOG|try=1|th=0.475044313|de=0.162470793|ga=0.362484894
PACKLOG|try=1|profit=2556913|weight=5142947
PACKLOG|best|profit=2556913|weight=5142947
PACKLOG|call=929|tour_len=477|end_dist=8287456
PACKLOG|try=0|th=0.137982040|de=0.344198147|ga=0.517819814
PACKLOG|try=0|profit=2372056|weight=4771019
PACKLOG|try=1|th=0.320513376|de=0.515354726|ga=0.164131899
PACKLOG|try=1|profit=2372056|weight=4771019
PACKLOG|best|profit=2372056|weight=4771019
PACKLOG|call=930|tour_len=603|end_dist=11990670
PACKLOG|try=0|th=0.005596640|de=0.643854367|ga=0.350548994
PACKLOG|try=0|profit=3031515|weight=6036919
PACKLOG|try=1|th=0.360038194|de=0.340285791|ga=0.299676015
PACKLOG|try=1|profit=3031515|weight=6036919
PACKLOG|best|profit=3031515|weight=6036919
PACKLOG|call=931|tour_len=854|end_dist=18497819
PACKLOG|try=0|th=0.049577855|de=0.505884290|ga=0.444537855
PACKLOG|try=0|profit=4114199|weight=7792645
PACKLOG|try=1|th=0.522480394|de=0.006129118|ga=0.471390488
PACKLOG|try=1|profit=4231338|weight=7691315
PACKLOG|best|profit=4231338|weight=7691315
PACKLOG|call=932|tour_len=326|end_dist=5075091
PACKLOG|try=0|th=0.187561929|de=0.374944016|ga=0.437494055
PACKLOG|try=0|profit=1625512|weight=3254513
PACKLOG|try=1|th=0.075233511|de=0.797581875|ga=0.127184615
PACKLOG|try=1|profit=1625512|weight=3254513
PACKLOG|best|profit=1625512|weight=3254513
PACKLOG|call=933|tour_len=359|end_dist=5763375
PACKLOG|try=0|th=0.195225647|de=0.448367729|ga=0.356406624
PACKLOG|try=0|profit=1795280|weight=3585824
PACKLOG|try=1|th=0.260153271|de=0.149542775|ga=0.590303953
PACKLOG|try=1|profit=1795280|weight=3585824
PACKLOG|best|profit=1795280|weight=3585824
PACKLOG|call=934|tour_len=481|end_dist=8557357
PACKLOG|try=0|th=0.488210659|de=0.241722356|ga=0.270066985
PACKLOG|try=0|profit=2401111|weight=4811558
PACKLOG|try=1|th=0.355386069|de=0.435234872|ga=0.209379060
PACKLOG|try=1|profit=2401111|weight=4811558
PACKLOG|best|profit=2401111|weight=4811558
PACKLOG|call=935|tour_len=476|end_dist=8019150
PACKLOG|try=0|th=0.204184747|de=0.411325540|ga=0.384489713
PACKLOG|try=0|profit=2399529|weight=4761074
PACKLOG|try=1|th=0.231448927|de=0.119390945|ga=0.649160128
PACKLOG|try=1|profit=2399529|weight=4761074
PACKLOG|best|profit=2399529|weight=4761074
PACKLOG|call=936|tour_len=509|end_dist=8909586
PACKLOG|try=0|th=0.413518362|de=0.294141574|ga=0.292340065
PACKLOG|try=0|profit=2536804|weight=5092794
PACKLOG|try=1|th=0.310617073|de=0.545185903|ga=0.144197024
PACKLOG|try=1|profit=2536804|weight=5092794
PACKLOG|best|profit=2536804|weight=5092794
PACKLOG|call=937|tour_len=413|end_dist=7338333
PACKLOG|try=0|th=0.009268453|de=0.482310995|ga=0.508420551
PACKLOG|try=0|profit=2065061|weight=4128485
PACKLOG|try=1|th=0.560877724|de=0.030492828|ga=0.408629448
PACKLOG|try=1|profit=2065061|weight=4128485
PACKLOG|best|profit=2065061|weight=4128485
PACKLOG|call=938|tour_len=470|end_dist=9517674
PACKLOG|try=0|th=0.121298601|de=0.416864356|ga=0.461837043
PACKLOG|try=0|profit=2314822|weight=4700994
PACKLOG|try=1|th=0.195015580|de=0.504035852|ga=0.300948568
PACKLOG|try=1|profit=2314822|weight=4700994
PACKLOG|best|profit=2314822|weight=4700994
PACKLOG|call=939|tour_len=493|end_dist=8115972
PACKLOG|try=0|th=0.402202759|de=0.565331303|ga=0.032465938
PACKLOG|try=0|profit=2446272|weight=4931935
PACKLOG|try=1|th=0.137084113|de=0.229423159|ga=0.633492728
PACKLOG|try=1|profit=2446272|weight=4931935
PACKLOG|best|profit=2446272|weight=4931935
PACKLOG|call=940|tour_len=658|end_dist=12492856
PACKLOG|try=0|th=0.368390066|de=0.434234362|ga=0.197375572
PACKLOG|try=0|profit=3297371|weight=6589418
PACKLOG|try=1|th=0.547251452|de=0.209841791|ga=0.242906757
PACKLOG|try=1|profit=3297371|weight=6589418
PACKLOG|best|profit=3297371|weight=6589418
PACKLOG|call=941|tour_len=603|end_dist=11260990
PACKLOG|try=0|th=0.286159725|de=0.335651216|ga=0.378189059
PACKLOG|try=0|profit=3012538|weight=6036879
PACKLOG|try=1|th=0.296291214|de=0.182392552|ga=0.521316235
PACKLOG|try=1|profit=3012538|weight=6036879
PACKLOG|best|profit=3012538|weight=6036879
PACKLOG|call=942|tour_len=612|end_dist=11702338
PACKLOG|try=0|th=0.245432949|de=0.246454080|ga=0.508112971
PACKLOG|try=0|profit=3056055|weight=6127651
PACKLOG|try=1|th=0.510599689|de=0.429387127|ga=0.060013184
PACKLOG|try=1|profit=3056055|weight=6127651
PACKLOG|best|profit=3056055|weight=6127651
PACKLOG|call=943|tour_len=666|end_dist=14263225
PACKLOG|try=0|th=0.409798503|de=0.170591582|ga=0.419609915
PACKLOG|try=0|profit=3349511|weight=6669749
PACKLOG|try=1|th=0.390027288|de=0.245087886|ga=0.364884826
PACKLOG|try=1|profit=3349511|weight=6669749
PACKLOG|best|profit=3349511|weight=6669749
PACKLOG|call=944|tour_len=455|end_dist=7957331
PACKLOG|try=0|th=0.336474059|de=0.304383331|ga=0.359142610
PACKLOG|try=0|profit=2280063|weight=4550306
PACKLOG|try=1|th=0.412592514|de=0.193632133|ga=0.393775352
PACKLOG|try=1|profit=2280063|weight=4550306
PACKLOG|best|profit=2280063|weight=4550306
PACKLOG|call=945|tour_len=380|end_dist=6112114
PACKLOG|try=0|th=0.083385945|de=0.148415160|ga=0.768198895
PACKLOG|try=0|profit=1888464|weight=3796812
PACKLOG|try=1|th=0.297778048|de=0.180199612|ga=0.522022340
PACKLOG|try=1|profit=1888464|weight=3796812
PACKLOG|best|profit=1888464|weight=3796812
PACKLOG|call=946|tour_len=624|end_dist=12114267
PACKLOG|try=0|th=0.813468405|de=0.089781671|ga=0.096749924
PACKLOG|try=0|profit=3110632|weight=6247896
PACKLOG|try=1|th=0.488098312|de=0.411805287|ga=0.100096401
PACKLOG|try=1|profit=3110632|weight=6247896
PACKLOG|best|profit=3110632|weight=6247896
PACKLOG|call=947|tour_len=627|end_dist=13072614
PACKLOG|try=0|th=0.285715217|de=0.331811011|ga=0.382473772
PACKLOG|try=0|profit=3116739|weight=6278073
PACKLOG|try=1|th=0.152255801|de=0.286555676|ga=0.561188522
PACKLOG|try=1|profit=3116739|weight=6278073
PACKLOG|best|profit=3116739|weight=6278073
PACKLOG|call=948|tour_len=457|end_dist=8562110
PACKLOG|try=0|th=0.231756493|de=0.227987584|ga=0.540255923
PACKLOG|try=0|profit=2291444|weight=4570310
PACKLOG|try=1|th=0.412489522|de=0.372447046|ga=0.215063432
PACKLOG|try=1|profit=2291444|weight=4570310
PACKLOG|best|profit=2291444|weight=4570310
PACKLOG|call=949|tour_len=571|end_dist=10358300
PACKLOG|try=0|th=0.301364357|de=0.241590927|ga=0.457044716
PACKLOG|try=0|profit=2853953|weight=5715525
PACKLOG|try=1|th=0.436532189|de=0.251181702|ga=0.312286110
PACKLOG|try=1|profit=2853953|weight=5715525
PACKLOG|best|profit=2853953|weight=5715525
PACKLOG|call=950|tour_len=831|end_dist=17824540
PACKLOG|try=0|th=0.511713565|de=0.065565261|ga=0.422721174
PACKLOG|try=0|profit=4133770|weight=7686371
PACKLOG|try=1|th=0.149373115|de=0.446771702|ga=0.403855182
PACKLOG|try=1|profit=4123735|weight=7736575
PACKLOG|best|profit=4133770|weight=7686371
PACKLOG|call=951|tour_len=324|end_dist=4752551
PACKLOG|try=0|th=0.738050295|de=0.000148511|ga=0.261801194
PACKLOG|try=0|profit=1630174|weight=3234256
PACKLOG|try=1|th=0.193958744|de=0.359456428|ga=0.446584828
PACKLOG|try=1|profit=1630174|weight=3234256
PACKLOG|best|profit=1630174|weight=3234256
PACKLOG|call=952|tour_len=781|end_dist=16630625
PACKLOG|try=0|th=0.214885907|de=0.400174680|ga=0.384939412
PACKLOG|try=0|profit=3935090|weight=7824665
PACKLOG|try=1|th=0.490731958|de=0.277256301|ga=0.232011741
PACKLOG|try=1|profit=3935090|weight=7824665
PACKLOG|best|profit=3935090|weight=7824665
PACKLOG|call=953|tour_len=668|end_dist=12429494
PACKLOG|try=0|th=0.270789011|de=0.540344037|ga=0.188866952
PACKLOG|try=0|profit=3343831|weight=6689906
PACKLOG|try=1|th=0.024503098|de=0.215951232|ga=0.759545669
PACKLOG|try=1|profit=3343831|weight=6689906
PACKLOG|best|profit=3343831|weight=6689906
PACKLOG|call=954|tour_len=274|end_dist=4428072
PACKLOG|try=0|th=0.242206873|de=0.473466163|ga=0.284326964
PACKLOG|try=0|profit=1372667|weight=2732287
PACKLOG|try=1|th=0.160226291|de=0.332453030|ga=0.507320679
PACKLOG|try=1|profit=1372667|weight=2732287
PACKLOG|best|profit=1372667|weight=2732287
PACKLOG|call=955|tour_len=400|end_dist=6848531
PACKLOG|try=0|th=0.003082633|de=0.761482785|ga=0.235434581
PACKLOG|try=0|profit=2000086|weight=3997686
PACKLOG|try=1|th=0.398228086|de=0.309156384|ga=0.292615529
PACKLOG|try=1|profit=2000086|weight=3997686
PACKLOG|best|profit=2000086|weight=3997686
PACKLOG|call=956|tour_len=704|end_dist=13368233
PACKLOG|try=0|th=0.813423282|de=0.050040781|ga=0.136535937
PACKLOG|try=0|profit=3505709|weight=7051445
PACKLOG|try=1|th=0.434178476|de=0.556664456|ga=0.009157068
PACKLOG|try=1|profit=3505709|weight=7051445
PACKLOG|best|profit=3505709|weight=7051445
PACKLOG|call=957|tour_len=632|end_dist=12666996
PACKLOG|try=0|th=0.365652635|de=0.341721571|ga=0.292625793
PACKLOG|try=0|profit=3152586|weight=6328183
PACKLOG|try=1|th=0.159706957|de=0.704332021|ga=0.135961021
PACKLOG|try=1|profit=3152586|weight=6328183
PACKLOG|best|profit=3152586|weight=6328183
PACKLOG|call=958|tour_len=465|end_dist=9109561
PACKLOG|try=0|th=0.609970080|de=0.261224567|ga=0.128805353
PACKLOG|try=0|profit=2311944|weight=4650776
PACKLOG|try=1|th=0.059191950|de=0.469280394|ga=0.471527656
PACKLOG|try=1|profit=2311944|weight=4650776
PACKLOG|best|profit=2311944|weight=4650776
PACKLOG|call=959|tour_len=931|end_dist=21034307
PACKLOG|try=0|th=0.520792082|de=0.317379165|ga=0.161828753
PACKLOG|try=0|profit=4257437|weight=6645819
PACKLOG|try=1|th=0.044669160|de=0.393236328|ga=0.562094511
PACKLOG|try=1|profit=3862160|weight=7539774
PACKLOG|best|profit=4257437|weight=6645819
PACKLOG|call=960|tour_len=711|end_dist=14182826
PACKLOG|try=0|th=0.737867385|de=0.007301790|ga=0.254830825
PACKLOG|try=0|profit=3546659|weight=7121871
PACKLOG|try=1|th=0.274921266|de=0.187927629|ga=0.537151105
PACKLOG|try=1|profit=3546659|weight=7121871
PACKLOG|best|profit=3546659|weight=7121871
PACKLOG|call=961|tour_len=449|end_dist=8862753
PACKLOG|try=0|th=0.430626277|de=0.554820649|ga=0.014553075
PACKLOG|try=0|profit=2214323|weight=4490098
PACKLOG|try=1|th=0.420093507|de=0.390509286|ga=0.189397207
PACKLOG|try=1|profit=2214323|weight=4490098
PACKLOG|best|profit=2214323|weight=4490098
PACKLOG|call=962|tour_len=423|end_dist=7168096
PACKLOG|try=0|th=0.347855551|de=0.310654077|ga=0.341490373
PACKLOG|try=0|profit=2120887|weight=4228729
PACKLOG|try=1|th=0.105437230|de=0.884276451|ga=0.010286319
PACKLOG|try=1|profit=2120887|weight=4228729
PACKLOG|best|profit=2120887|weight=4228729
PACKLOG|call=963|tour_len=401|end_dist=6919911
PACKLOG|try=0|th=0.472011199|de=0.291921065|ga=0.236067736
PACKLOG|try=0|profit=1996859|weight=4007923
PACKLOG|try=1|th=0.283869152|de=0.488266047|ga=0.227864801
PACKLOG|try=1|profit=1996859|weight=4007923
PACKLOG|best|profit=1996859|weight=4007923
PACKLOG|call=964|tour_len=685|end_dist=13420481
PACKLOG|try=0|th=0.236536145|de=0.368080922|ga=0.395382933
PACKLOG|try=0|profit=3422005|weight=6860675
PACKLOG|try=1|th=0.216648769|de=0.116768670|ga=0.666582561
PACKLOG|try=1|profit=3422005|weight=6860675
PACKLOG|best|profit=3422005|weight=6860675
PACKLOG|call=965|tour_len=723|end_dist=15329720
PACKLOG|try=0|th=0.105701645|de=0.301015503|ga=0.593282852
PACKLOG|try=0|profit=3603476|weight=7242476
PACKLOG|try=1|th=0.101456332|de=0.550183415|ga=0.348360253
PACKLOG|try=1|profit=3603476|weight=7242476
PACKLOG|best|profit=3603476|weight=7242476
PACKLOG|call=966|tour_len=334|end_dist=5283217
PACKLOG|try=0|th=0.445121126|de=0.321865036|ga=0.233013838
PACKLOG|try=0|profit=1666608|weight=3334714
PACKLOG|try=1|th=0.052554004|de=0.539009823|ga=0.408436172
PACKLOG|try=1|profit=1666608|weight=3334714
PACKLOG|best|profit=1666608|weight=3334714
PACKLOG|call=967|tour_len=379|end_dist=6224232
PACKLOG|try=0|th=0.068457011|de=0.447649733|ga=0.483893257
PACKLOG|try=0|profit=1889881|weight=3786733
PACKLOG|try=1|th=0.105018594|de=0.245699674|ga=0.649281732
PACKLOG|try=1|profit=1889881|weight=3786733
PACKLOG|best|profit=1889881|weight=3786733
PACKLOG|call=968|tour_len=414|end_dist=7417097
PACKLOG|try=0|th=0.550451037|de=0.037830542|ga=0.411718421
PACKLOG|try=0|profit=2051548|weight=4138298
PACKLOG|try=1|th=0.364374071|de=0.455286265|ga=0.180339664
PACKLOG|try=1|profit=2051548|weight=4138298
PACKLOG|best|profit=2051548|weight=4138298
PACKLOG|call=969|tour_len=644|end_dist=13348411
PACKLOG|try=0|th=0.012702343|de=0.542481138|ga=0.444816519
PACKLOG|try=0|profit=3205709|weight=6448836
PACKLOG|try=1|th=0.071324736|de=0.469392627|ga=0.459282637
PACKLOG|try=1|profit=3205709|weight=6448836
PACKLOG|best|profit=3205709|weight=6448836
PACKLOG|call=970|tour_len=484|end_dist=8579855
PACKLOG|try=0|th=0.297303674|de=0.331035548|ga=0.371660778
PACKLOG|try=0|profit=2409520|weight=4841553
PACKLOG|try=1|th=0.388667289|de=0.117829065|ga=0.493503647
PACKLOG|try=1|profit=2409520|weight=4841553
PACKLOG|best|profit=2409520|weight=4841553
PACKLOG|call=971|tour_len=398|end_dist=7262847
PACKLOG|try=0|th=0.352736686|de=0.425671045|ga=0.221592269
PACKLOG|try=0|profit=1979259|weight=3977855
PACKLOG|try=1|th=0.390584457|de=0.395791035|ga=0.213624508
PACKLOG|try=1|profit=1979259|weight=3977855
PACKLOG|best|profit=1979259|weight=3977855
PACKLOG|call=972|tour_len=546|end_dist=10151150
PACKLOG|try=0|th=0.363854433|de=0.279074947|ga=0.357070620
PACKLOG|try=0|profit=2713599|weight=5464519
PACKLOG|try=1|th=0.306895549|de=0.097184270|ga=0.595920180
PACKLOG|try=1|profit=2713599|weight=5464519
PACKLOG|best|profit=2713599|weight=5464519
PACKLOG|call=973|tour_len=580|end_dist=11651766
PACKLOG|try=0|th=0.272839962|de=0.002820217|ga=0.724339821
PACKLOG|try=0|profit=2910686|weight=5806110
PACKLOG|try=1|th=0.365974128|de=0.279185442|ga=0.354840430
PACKLOG|try=1|profit=2910686|weight=5806110
PACKLOG|best|profit=2910686|weight=5806110
PACKLOG|call=974|tour_len=822|end_dist=18060754
PACKLOG|try=0|th=0.067427785|de=0.631010318|ga=0.301561897
PACKLOG|try=0|profit=4125044|weight=8028649
PACKLOG|try=1|th=0.437746391|de=0.350309657|ga=0.211943951
PACKLOG|try=1|profit=4129421|weight=7994548
PACKLOG|best|profit=4129421|weight=7994548
PACKLOG|call=975|tour_len=712|end_dist=14441076
PACKLOG|try=0|th=0.351190423|de=0.366402384|ga=0.282407193
PACKLOG|try=0|profit=3563197|weight=7131926
PACKLOG|try=1|th=0.323589857|de=0.174836774|ga=0.501573368
PACKLOG|try=1|profit=3563197|weight=7131926
PACKLOG|best|profit=3563197|weight=7131926
PACKLOG|call=976|tour_len=498|end_dist=8908341
PACKLOG|try=0|th=0.355643649|de=0.304236376|ga=0.340119975
PACKLOG|try=0|profit=2469465|weight=4982296
PACKLOG|try=1|th=0.318571955|de=0.548945419|ga=0.132482626
PACKLOG|try=1|profit=2469465|weight=4982296
PACKLOG|best|profit=2469465|weight=4982296
PACKLOG|call=977|tour_len=297|end_dist=5346113
PACKLOG|try=0|th=0.125689273|de=0.436666443|ga=0.437644285
PACKLOG|try=0|profit=1485803|weight=2963190
PACKLOG|try=1|th=0.262266340|de=0.060618989|ga=0.677114671
PACKLOG|try=1|profit=1485803|weight=2963190
PACKLOG|best|profit=1485803|weight=2963190
PACKLOG|call=978|tour_len=393|end_dist=6277447
PACKLOG|try=0|th=0.563001097|de=0.184137883|ga=0.252861021
PACKLOG|try=0|profit=1957808|weight=3927321
PACKLOG|try=1|th=0.252458308|de=0.627383564|ga=0.120158128
PACKLOG|try=1|profit=1957808|weight=3927321
PACKLOG|best|profit=1957808|weight=3927321
PACKLOG|call=979|tour_len=714|end_dist=14824555
PACKLOG|try=0|th=0.271236079|de=0.257597627|ga=0.471166294
PACKLOG|try=0|profit=3591417|weight=7151928
PACKLOG|try=1|th=0.410463333|de=0.329121398|ga=0.260415269
PACKLOG|try=1|profit=3591417|weight=7151928
PACKLOG|best|profit=3591417|weight=7151928
PACKLOG|call=980|tour_len=530|end_dist=9705093
PACKLOG|try=0|th=0.051125090|de=0.198924968|ga=0.749949942
PACKLOG|try=0|profit=2655879|weight=5303797
PACKLOG|try=1|th=0.250859899|de=0.211257327|ga=0.537882774
PACKLOG|try=1|profit=2655879|weight=5303797
PACKLOG|best|profit=2655879|weight=5303797
PACKLOG|call=981|tour_len=689|end_dist=13744470
PACKLOG|try=0|th=0.175116249|de=0.446621702|ga=0.378262049
PACKLOG|try=0|profit=3450931|weight=6900825
PACKLOG|try=1|th=0.231994821|de=0.209253387|ga=0.558751792
PACKLOG|try=1|profit=3450931|weight=6900825
PACKLOG|best|profit=3450931|weight=6900825
PACKLOG|call=982|tour_len=843|end_dist=18041272
PACKLOG|try=0|th=0.226594408|de=0.080828060|ga=0.692577532
PACKLOG|try=0|profit=4112571|weight=7501690
PACKLOG|try=1|th=0.070410647|de=0.761770976|ga=0.167818376
PACKLOG|try=1|profit=4122532|weight=7490533
PACKLOG|best|profit=4122532|weight=7490533
PACKLOG|call=983|tour_len=490|end_dist=8865428
PACKLOG|try=0|th=0.402826697|de=0.423700684|ga=0.173472618
PACKLOG|try=0|profit=2450073|weight=4901761
PACKLOG|try=1|th=0.160894807|de=0.255019369|ga=0.584085825
PACKLOG|try=1|profit=2450073|weight=4901761
PACKLOG|best|profit=2450073|weight=4901761
PACKLOG|call=984|tour_len=381|end_dist=7896248
PACKLOG|try=0|th=0.590417253|de=0.365460197|ga=0.044122551
PACKLOG|try=0|profit=1875347|weight=3807138
PACKLOG|try=1|th=0.155833323|de=0.608725332|ga=0.235441346
PACKLOG|try=1|profit=1875347|weight=3807138
PACKLOG|best|profit=1875347|weight=3807138
PACKLOG|call=985|tour_len=759|end_dist=16445709
PACKLOG|try=0|th=0.174316335|de=0.595167742|ga=0.230515923
PACKLOG|try=0|profit=3805377|weight=7603897
PACKLOG|try=1|th=0.554243662|de=0.044956495|ga=0.400799843
PACKLOG|try=1|profit=3805377|weight=7603897
PACKLOG|best|profit=3805377|weight=7603897
PACKLOG|call=986|tour_len=477|end_dist=8627249
PACKLOG|try=0|th=0.070752037|de=0.484661098|ga=0.444586865
PACKLOG|try=0|profit=2383058|weight=4771202
PACKLOG|try=1|th=0.615497461|de=0.243998138|ga=0.140504402
PACKLOG|try=1|profit=2383058|weight=4771202
PACKLOG|best|profit=2383058|weight=4771202
PACKLOG|call=987|tour_len=486|end_dist=8094291
PACKLOG|try=0|th=0.023534415|de=0.732584283|ga=0.243881301
PACKLOG|try=0|profit=2423670|weight=4861654
PACKLOG|try=1|th=0.647481162|de=0.314283019|ga=0.038235819
PACKLOG|try=1|profit=2423670|weight=4861654
PACKLOG|best|profit=2423670|weight=4861654
PACKLOG|call=988|tour_len=352|end_dist=5856058
PACKLOG|try=0|th=0.300555897|de=0.361178993|ga=0.338265110
PACKLOG|try=0|profit=1778275|weight=3515596
PACKLOG|try=1|th=0.664222098|de=0.221011017|ga=0.114766885
PACKLOG|try=1|profit=1778275|weight=3515596
PACKLOG|best|profit=1778275|weight=3515596
PACKLOG|call=989|tour_len=573|end_dist=11338723
PACKLOG|try=0|th=0.122951723|de=0.571852669|ga=0.305195608
PACKLOG|try=0|profit=2874745|weight=5735647
PACKLOG|try=1|th=0.788320006|de=0.162748936|ga=0.048931058
PACKLOG|try=1|profit=2874745|weight=5735647
PACKLOG|best|profit=2874745|weight=5735647
PACKLOG|call=990|tour_len=475|end_dist=8759499
PACKLOG|try=0|th=0.160348935|de=0.200825925|ga=0.638825141
PACKLOG|try=0|profit=2380935|weight=4751238
PACKLOG|try=1|th=0.431608833|de=0.373884600|ga=0.194506567
PACKLOG|try=1|profit=2380935|weight=4751238
PACKLOG|best|profit=2380935|weight=4751238
PACKLOG|call=991|tour_len=491|end_dist=8515431
PACKLOG|try=0|th=0.395642409|de=0.284041960|ga=0.320315631
PACKLOG|try=0|profit=2457074|weight=4912048
PACKLOG|try=1|th=0.176574371|de=0.525126347|ga=0.298299283
PACKLOG|try=1|profit=2457074|weight=4912048
PACKLOG|best|profit=2457074|weight=4912048
PACKLOG|call=992|tour_len=486|end_dist=9168788
PACKLOG|try=0|th=0.523880879|de=0.020415496|ga=0.455703625
PACKLOG|try=0|profit=2424078|weight=4861940
PACKLOG|try=1|th=0.448568105|de=0.359025316|ga=0.192406579
PACKLOG|try=1|profit=2424078|weight=4861940
PACKLOG|best|profit=2424078|weight=4861940
PACKLOG|call=993|tour_len=356|end_dist=5397768
PACKLOG|try=0|th=0.579750532|de=0.297037198|ga=0.123212270
PACKLOG|try=0|profit=1776476|weight=3555778
PACKLOG|try=1|th=0.038627837|de=0.480974854|ga=0.480397309
PACKLOG|try=1|profit=1776476|weight=3555778
PACKLOG|best|profit=1776476|weight=3555778
PACKLOG|call=994|tour_len=355|end_dist=5672039
PACKLOG|try=0|th=0.473130495|de=0.111726027|ga=0.415143478
PACKLOG|try=0|profit=1770300|weight=3545681
PACKLOG|try=1|th=0.102749059|de=0.323851153|ga=0.573399789
PACKLOG|try=1|profit=1770300|weight=3545681
PACKLOG|best|profit=1770300|weight=3545681
PACKLOG|call=995|tour_len=552|end_dist=9702046
PACKLOG|try=0|th=0.128182810|de=0.628355095|ga=0.243462095
PACKLOG|try=0|profit=2767377|weight=5524760
PACKLOG|try=1|th=0.340819927|de=0.210940246|ga=0.448239827
PACKLOG|try=1|profit=2767377|weight=5524760
PACKLOG|best|profit=2767377|weight=5524760
PACKLOG|call=996|tour_len=415|end_dist=7479810
PACKLOG|try=0|th=0.493242470|de=0.351591640|ga=0.155165890
PACKLOG|try=0|profit=2073127|weight=4148530
PACKLOG|try=1|th=0.536270359|de=0.201081746|ga=0.262647895
PACKLOG|try=1|profit=2073127|weight=4148530
PACKLOG|best|profit=2073127|weight=4148530
PACKLOG|call=997|tour_len=818|end_dist=18726266
PACKLOG|try=0|th=0.417938044|de=0.017384707|ga=0.564677250
PACKLOG|try=0|profit=4051505|weight=7292559
PACKLOG|try=1|th=0.269477136|de=0.453033986|ga=0.277488878
PACKLOG|try=1|profit=4054434|weight=7273455
PACKLOG|best|profit=4054434|weight=7273455
PACKLOG|call=998|tour_len=872|end_dist=18477966
PACKLOG|try=0|th=0.490292756|de=0.009006252|ga=0.500700993
PACKLOG|try=0|profit=4251103|weight=7599971
PACKLOG|try=1|th=0.481845184|de=0.406613648|ga=0.111541169
PACKLOG|try=1|profit=4252297|weight=7440214
PACKLOG|best|profit=4252297|weight=7440214
PACKLOG|call=999|tour_len=487|end_dist=8813314
PACKLOG|try=0|th=0.594244803|de=0.299144436|ga=0.106610761
PACKLOG|try=0|profit=2458399|weight=4871565
PACKLOG|try=1|th=0.530049842|de=0.304074892|ga=0.165875266
PACKLOG|try=1|profit=2458399|weight=4871565
PACKLOG|best|profit=2458399|weight=4871565
PACKLOG|call=1000|tour_len=310|end_dist=5340706
PACKLOG|try=0|th=0.114779965|de=0.531246088|ga=0.353973947
PACKLOG|try=0|profit=1543711|weight=3093595
PACKLOG|try=1|th=0.359911980|de=0.246536279|ga=0.393551741
PACKLOG|try=1|profit=1543711|weight=3093595
PACKLOG|best|profit=1543711|weight=3093595
PACKLOG|call=1001|tour_len=564|end_dist=10734159
PACKLOG|try=0|th=0.576356834|de=0.068315731|ga=0.355327435
PACKLOG|try=0|profit=2830606|weight=5645250
PACKLOG|try=1|th=0.125300454|de=0.553049561|ga=0.321649985
PACKLOG|try=1|profit=2830606|weight=5645250
PACKLOG|best|profit=2830606|weight=5645250
PACKLOG|call=1002|tour_len=968|end_dist=21403944
PACKLOG|try=0|th=0.076715887|de=0.074668578|ga=0.848615535
PACKLOG|try=0|profit=3966198|weight=7660148
PACKLOG|try=1|th=0.422944318|de=0.377896451|ga=0.199159232
PACKLOG|try=1|profit=4360055|weight=6805423
PACKLOG|best|profit=4360055|weight=6805423
PACKLOG|call=1003|tour_len=396|end_dist=7204303
PACKLOG|try=0|th=0.352022889|de=0.366193726|ga=0.281783385
PACKLOG|try=0|profit=1957931|weight=3957808
PACKLOG|try=1|th=0.301599188|de=0.347286074|ga=0.351114738
PACKLOG|try=1|profit=1957931|weight=3957808
PACKLOG|best|profit=1957931|weight=3957808
PACKLOG|call=1004|tour_len=666|end_dist=14894069
PACKLOG|try=0|th=0.355337333|de=0.423123508|ga=0.221539159
PACKLOG|try=0|profit=3324313|weight=6669848
PACKLOG|try=1|th=0.518073919|de=0.140870170|ga=0.341055911
PACKLOG|try=1|profit=3324313|weight=6669848
PACKLOG|best|profit=3324313|weight=6669848
PACKLOG|call=1005|tour_len=547|end_dist=12514528
PACKLOG|try=0|th=0.675765092|de=0.293412125|ga=0.030822783
PACKLOG|try=0|profit=2713023|weight=5474667
PACKLOG|try=1|th=0.137509316|de=0.767616081|ga=0.094874604
PACKLOG|try=1|profit=2713023|weight=5474667
PACKLOG|best|profit=2713023|weight=5474667
PACKLOG|call=1006|tour_len=937|end_dist=20906200
PACKLOG|try=0|th=0.188180934|de=0.767145865|ga=0.044673201
PACKLOG|try=0|profit=4366251|weight=6974033
PACKLOG|try=1|th=0.250899738|de=0.314070206|ga=0.435030056
PACKLOG|try=1|profit=4318257|weight=7391945
PACKLOG|best|profit=4366251|weight=6974033
PACKLOG|call=1007|tour_len=950|end_dist=20503575
PACKLOG|try=0|th=0.478917317|de=0.006604730|ga=0.514477953
PACKLOG|try=0|profit=4299360|weight=6953227
PACKLOG|try=1|th=0.172223152|de=0.300025635|ga=0.527751213
PACKLOG|try=1|profit=4145860|weight=7155977
PACKLOG|best|profit=4299360|weight=6953227
PACKLOG|call=1008|tour_len=568|end_dist=10253125
PACKLOG|try=0|th=0.085922233|de=0.483945983|ga=0.430131785
PACKLOG|try=0|profit=2851602|weight=5685336
PACKLOG|try=1|th=0.250040811|de=0.000880662|ga=0.749078527
PACKLOG|try=1|profit=2851602|weight=5685336
PACKLOG|best|profit=2851602|weight=5685336
PACKLOG|call=1009|tour_len=359|end_dist=5745939
PACKLOG|try=0|th=0.696970343|de=0.096090209|ga=0.206939448
PACKLOG|try=0|profit=1792742|weight=3586055
PACKLOG|try=1|th=0.194689164|de=0.117570646|ga=0.687740190
PACKLOG|try=1|profit=1792742|weight=3586055
PACKLOG|best|profit=1792742|weight=3586055
PACKLOG|call=1010|tour_len=904|end_dist=18997588
PACKLOG|try=0|th=0.400363017|de=0.205840576|ga=0.393796407
PACKLOG|try=0|profit=4329329|weight=7458320
PACKLOG|try=1|th=0.261917671|de=0.223800045|ga=0.514282284
PACKLOG|try=1|profit=4299318|weight=7539587
PACKLOG|best|profit=4329329|weight=7458320
PACKLOG|call=1011|tour_len=903|end_dist=19329802
PACKLOG|try=0|th=0.477215061|de=0.467352881|ga=0.055432058
PACKLOG|try=0|profit=4378638|weight=7461230
PACKLOG|try=1|th=0.231225607|de=0.440096272|ga=0.328678120
PACKLOG|try=1|profit=4368853|weight=7735549
PACKLOG|best|profit=4378638|weight=7461230
PACKLOG|call=1012|tour_len=252|end_dist=3948912
PACKLOG|try=0|th=0.387033891|de=0.219134746|ga=0.393831363
PACKLOG|try=0|profit=1270488|weight=2511199
PACKLOG|try=1|th=0.347368208|de=0.147332630|ga=0.505299162
PACKLOG|try=1|profit=1270488|weight=2511199
PACKLOG|best|profit=1270488|weight=2511199
PACKLOG|call=1013|tour_len=365|end_dist=6374605
PACKLOG|try=0|th=0.205538269|de=0.464224359|ga=0.330237371
PACKLOG|try=0|profit=1813217|weight=3646182
PACKLOG|try=1|th=0.039134907|de=0.432544189|ga=0.528320904
PACKLOG|try=1|profit=1813217|weight=3646182
PACKLOG|best|profit=1813217|weight=3646182
PACKLOG|call=1014|tour_len=289|end_dist=4389823
PACKLOG|try=0|th=0.502300959|de=0.079158062|ga=0.418540980
PACKLOG|try=0|profit=1445131|weight=2882724
PACKLOG|try=1|th=0.590155016|de=0.188357917|ga=0.221487067
PACKLOG|try=1|profit=1445131|weight=2882724
PACKLOG|best|profit=1445131|weight=2882724
PACKLOG|call=1015|tour_len=832|end_dist=18555583
PACKLOG|try=0|th=0.230765303|de=0.111306006|ga=0.657928691
PACKLOG|try=0|profit=4041409|weight=7284573
PACKLOG|try=1|th=0.567211272|de=0.175985424|ga=0.256803304
PACKLOG|try=1|profit=4073867|weight=7137981
PACKLOG|best|profit=4073867|weight=7137981
PACKLOG|call=1016|tour_len=918|end_dist=19825844
PACKLOG|try=0|th=0.299826752|de=0.348650928|ga=0.351522320
PACKLOG|try=0|profit=4229878|weight=6945003
PACKLOG|try=1|th=0.371755176|de=0.352992023|ga=0.275252801
PACKLOG|try=1|profit=4244565|weight=6859721
PACKLOG|best|profit=4244565|weight=6859721
PACKLOG|call=1017|tour_len=422|end_dist=8232294
PACKLOG|try=0|th=0.289282531|de=0.271765416|ga=0.438952054
PACKLOG|try=0|profit=2104634|weight=4218962
PACKLOG|try=1|th=0.142754818|de=0.477842198|ga=0.379402984
PACKLOG|try=1|profit=2104634|weight=4218962
PACKLOG|best|profit=2104634|weight=4218962
PACKLOG|call=1018|tour_len=683|end_dist=14852243
PACKLOG|try=0|th=0.326522747|de=0.445741776|ga=0.227735476
PACKLOG|try=0|profit=3394709|weight=6840603
PACKLOG|try=1|th=0.146199056|de=0.209021082|ga=0.644779862
PACKLOG|try=1|profit=3394709|weight=6840603
PACKLOG|best|profit=3394709|weight=6840603
PACKLOG|call=1019|tour_len=910|end_dist=20800796
PACKLOG|try=0|th=0.063398659|de=0.702063507|ga=0.234537834
PACKLOG|try=0|profit=4044602|weight=7195043
PACKLOG|try=1|th=0.220694506|de=0.343425763|ga=0.435879731
PACKLOG|try=1|profit=4167103|weight=7111805
PACKLOG|best|profit=4167103|weight=7111805
PACKLOG|call=1020|tour_len=577|end_dist=13648511
PACKLOG|try=0|th=0.927785695|de=0.054565356|ga=0.017648949
PACKLOG|try=0|profit=2877490|weight=5775840
PACKLOG|try=1|th=0.309634437|de=0.347079366|ga=0.343286197
PACKLOG|try=1|profit=2877490|weight=5775840
PACKLOG|best|profit=2877490|weight=5775840
PACKLOG|call=1021|tour_len=313|end_dist=5188906
PACKLOG|try=0|th=0.680404115|de=0.050208220|ga=0.269387665
PACKLOG|try=0|profit=1565314|weight=3123998
PACKLOG|try=1|th=0.023729423|de=0.678912889|ga=0.297357688
PACKLOG|try=1|profit=1565314|weight=3123998
PACKLOG|best|profit=1565314|weight=3123998
PACKLOG|call=1022|tour_len=815|end_dist=17304154
PACKLOG|try=0|th=0.138711632|de=0.284046872|ga=0.577241496
PACKLOG|try=0|profit=4071213|weight=8009745
PACKLOG|try=1|th=0.373810899|de=0.429654048|ga=0.196535053
PACKLOG|try=1|profit=4073349|weight=7987605
PACKLOG|best|profit=4073349|weight=7987605
PACKLOG|call=1023|tour_len=810|end_dist=17212919
PACKLOG|try=0|th=0.475081133|de=0.058866963|ga=0.466051904
PACKLOG|try=0|profit=4047188|weight=8006726
PACKLOG|try=1|th=0.382527695|de=0.334148986|ga=0.283323318
PACKLOG|try=1|profit=4047219|weight=8005714
PACKLOG|best|profit=4047219|weight=8005714
PACKLOG|call=1024|tour_len=732|end_dist=16295886
PACKLOG|try=0|th=0.109575600|de=0.596698106|ga=0.293726293
PACKLOG|try=0|profit=3680247|weight=7332544
PACKLOG|try=1|th=0.353278125|de=0.398871557|ga=0.247850317
PACKLOG|try=1|profit=3680247|weight=7332544
PACKLOG|best|profit=3680247|weight=7332544
PACKLOG|call=1025|tour_len=876|end_dist=20525587
PACKLOG|try=0|th=0.569070994|de=0.101972473|ga=0.328956534
PACKLOG|try=0|profit=4098478|weight=6622665
PACKLOG|try=1|th=0.032709464|de=0.054374103|ga=0.912916433
PACKLOG|try=1|profit=3719522|weight=7229236
PACKLOG|best|profit=4098478|weight=6622665
PACKLOG|call=1026|tour_len=961|end_dist=21459316
PACKLOG|try=0|th=0.025825253|de=0.246647507|ga=0.727527241
PACKLOG|try=0|profit=3908035|weight=7711334
PACKLOG|try=1|th=0.162863335|de=0.382088075|ga=0.455048590
PACKLOG|try=1|profit=4150392|weight=7259366
PACKLOG|best|profit=4150392|weight=7259366
PACKLOG|call=1027|tour_len=778|end_dist=16881763
PACKLOG|try=0|th=0.521153221|de=0.310453892|ga=0.168392887
PACKLOG|try=0|profit=3886007|weight=7794826
PACKLOG|try=1|th=0.138471935|de=0.325060522|ga=0.536467542
PACKLOG|try=1|profit=3886007|weight=7794826
PACKLOG|best|profit=3886007|weight=7794826
PACKLOG|call=1028|tour_len=868|end_dist=18407117
PACKLOG|try=0|th=0.057097854|de=0.530948691|ga=0.411953455
PACKLOG|try=0|profit=4215013|weight=7916185
PACKLOG|try=1|th=0.112717961|de=0.463301625|ga=0.423980414
PACKLOG|try=1|profit=4257729|weight=7900166
PACKLOG|best|profit=4257729|weight=7900166
PACKLOG|call=1029|tour_len=906|end_dist=18921215
PACKLOG|try=0|th=0.267424357|de=0.425085794|ga=0.307489849
PACKLOG|try=0|profit=4394136|weight=7779846
PACKLOG|try=1|th=0.264135974|de=0.559642043|ga=0.176221983
PACKLOG|try=1|profit=4403785|weight=7716503
PACKLOG|best|profit=4403785|weight=7716503
PACKLOG|call=1030|tour_len=974|end_dist=22130960
PACKLOG|try=0|th=0.058557553|de=0.604410270|ga=0.337032177
PACKLOG|try=0|profit=3908549|weight=7320537
PACKLOG|try=1|th=0.091286323|de=0.231732099|ga=0.676981578
PACKLOG|try=1|profit=3869278|weight=7382932
PACKLOG|best|profit=3908549|weight=7320537
PACKLOG|call=1031|tour_len=641|end_dist=14112852
PACKLOG|try=0|th=0.097358144|de=0.334674849|ga=0.567967007
PACKLOG|try=0|profit=3215752|weight=6418624
PACKLOG|try=1|th=0.330017713|de=0.511719684|ga=0.158262603
PACKLOG|try=1|profit=3215752|weight=6418624
PACKLOG|best|profit=3215752|weight=6418624
PACKLOG|call=1032|tour_len=814|end_dist=16855859
PACKLOG|try=0|th=0.252530275|de=0.463820748|ga=0.283648978
PACKLOG|try=0|profit=4061324|weight=8156385
PACKLOG|try=1|th=0.362418982|de=0.547459628|ga=0.090121390
PACKLOG|try=1|profit=4061324|weight=8156385
PACKLOG|best|profit=4061324|weight=8156385
PACKLOG|call=1033|tour_len=541|end_dist=10011248
PACKLOG|try=0|th=0.155527233|de=0.199039950|ga=0.645432817
PACKLOG|try=0|profit=2695066|weight=5414098
PACKLOG|try=1|th=0.681165301|de=0.055288636|ga=0.263546063
PACKLOG|try=1|profit=2695066|weight=5414098
PACKLOG|best|profit=2695066|weight=5414098
PACKLOG|call=1034|tour_len=628|end_dist=13673553
PACKLOG|try=0|th=0.354735505|de=0.236026503|ga=0.409237992
PACKLOG|try=0|profit=3117503|weight=6288150
PACKLOG|try=1|th=0.340889313|de=0.554201931|ga=0.104908756
PACKLOG|try=1|profit=3117503|weight=6288150
PACKLOG|best|profit=3117503|weight=6288150
PACKLOG|call=1035|tour_len=255|end_dist=3974211
PACKLOG|try=0|th=0.476407431|de=0.513900937|ga=0.009691632
PACKLOG|try=0|profit=1270975|weight=2541352
PACKLOG|try=1|th=0.475224438|de=0.422850834|ga=0.101924728
PACKLOG|try=1|profit=1270975|weight=2541352
PACKLOG|best|profit=1270975|weight=2541352
PACKLOG|call=1036|tour_len=562|end_dist=12205323
PACKLOG|try=0|th=0.260435881|de=0.402041799|ga=0.337522320
PACKLOG|try=0|profit=2802550|weight=5625304
PACKLOG|try=1|th=0.490888660|de=0.393933478|ga=0.115177863
PACKLOG|try=1|profit=2802550|weight=5625304
PACKLOG|best|profit=2802550|weight=5625304
PACKLOG|call=1037|tour_len=842|end_dist=17675419
PACKLOG|try=0|th=0.166956239|de=0.809550172|ga=0.023493589
PACKLOG|try=0|profit=4184311|weight=7943586
PACKLOG|try=1|th=0.120395156|de=0.385212693|ga=0.494392152
PACKLOG|try=1|profit=4174068|weight=8050099
PACKLOG|best|profit=4184311|weight=7943586
PACKLOG|call=1038|tour_len=887|end_dist=18605199
PACKLOG|try=0|th=0.404093507|de=0.376820307|ga=0.219086186
PACKLOG|try=0|profit=4362312|weight=7789776
PACKLOG|try=1|th=0.800182142|de=0.016568099|ga=0.183249759
PACKLOG|try=1|profit=4361256|weight=7718469
PACKLOG|best|profit=4362312|weight=7789776
PACKLOG|call=1039|tour_len=578|end_dist=12734683
PACKLOG|try=0|th=0.407126838|de=0.358979386|ga=0.233893776
PACKLOG|try=0|profit=2878834|weight=5785962
PACKLOG|try=1|th=0.221833490|de=0.129417036|ga=0.648749474
PACKLOG|try=1|profit=2878834|weight=5785962
PACKLOG|best|profit=2878834|weight=5785962
PACKLOG|call=1040|tour_len=731|end_dist=15543807
PACKLOG|try=0|th=0.175326123|de=0.524180154|ga=0.300493722
PACKLOG|try=0|profit=3667481|weight=7322698
PACKLOG|try=1|th=0.104278236|de=0.648511321|ga=0.247210443
PACKLOG|try=1|profit=3667481|weight=7322698
PACKLOG|best|profit=3667481|weight=7322698
PACKLOG|call=1041|tour_len=391|end_dist=6593760
PACKLOG|try=0|th=0.855660207|de=0.138924308|ga=0.005415485
PACKLOG|try=0|profit=1948705|weight=3907396
PACKLOG|try=1|th=0.446123645|de=0.183343619|ga=0.370532736
PACKLOG|try=1|profit=1948705|weight=3907396
PACKLOG|best|profit=1948705|weight=3907396
PACKLOG|call=1042|tour_len=450|end_dist=7937359
PACKLOG|try=0|th=0.126202239|de=0.565596237|ga=0.308201524
PACKLOG|try=0|profit=2260619|weight=4500063
PACKLOG|try=1|th=0.400948823|de=0.163168210|ga=0.435882967
PACKLOG|try=1|profit=2260619|weight=4500063
PACKLOG|best|profit=2260619|weight=4500063
PACKLOG|call=1043|tour_len=323|end_dist=4956211
PACKLOG|try=0|th=0.241072779|de=0.399441501|ga=0.359485720
PACKLOG|try=0|profit=1613172|weight=3224313
PACKLOG|try=1|th=0.000484997|de=0.580615463|ga=0.418899540
PACKLOG|try=1|profit=1613172|weight=3224313
PACKLOG|best|profit=1613172|weight=3224313
PACKLOG|call=1044|tour_len=258|end_dist=4437344
PACKLOG|try=0|th=0.352622708|de=0.282590284|ga=0.364787008
PACKLOG|try=0|profit=1281573|weight=2571426
PACKLOG|try=1|th=0.081008748|de=0.571993702|ga=0.346997550
PACKLOG|try=1|profit=1281573|weight=2571426
PACKLOG|best|profit=1281573|weight=2571426
PACKLOG|call=1045|tour_len=349|end_dist=6548787
PACKLOG|try=0|th=0.747279996|de=0.028918183|ga=0.223801821
PACKLOG|try=0|profit=1723641|weight=3485728
PACKLOG|try=1|th=0.343765982|de=0.255800594|ga=0.400433425
PACKLOG|try=1|profit=1723641|weight=3485728
PACKLOG|best|profit=1723641|weight=3485728
PACKLOG|call=1046|tour_len=328|end_dist=5001413
PACKLOG|try=0|th=0.244147454|de=0.161124645|ga=0.594727900
PACKLOG|try=0|profit=1633490|weight=3274573
PACKLOG|try=1|th=0.578994699|de=0.338255966|ga=0.082749336
PACKLOG|try=1|profit=1633490|weight=3274573
PACKLOG|best|profit=1633490|weight=3274573
PACKLOG|call=1047|tour_len=601|end_dist=11428056
PACKLOG|try=0|th=0.379844456|de=0.177007358|ga=0.443148186
PACKLOG|try=0|profit=2999320|weight=6016862
PACKLOG|try=1|th=0.411244419|de=0.483466910|ga=0.105288671
PACKLOG|try=1|profit=2999320|weight=6016862
PACKLOG|best|profit=2999320|weight=6016862
PACKLOG|call=1048|tour_len=298|end_dist=4670702
PACKLOG|try=0|th=0.083461434|de=0.782500281|ga=0.134038286
PACKLOG|try=0|profit=1486281|weight=2973279
PACKLOG|try=1|th=0.452317801|de=0.427629539|ga=0.120052659
PACKLOG|try=1|profit=1486281|weight=2973279
PACKLOG|best|profit=1486281|weight=2973279
PACKLOG|call=1049|tour_len=436|end_dist=7749542
PACKLOG|try=0|th=0.038623679|de=0.506374451|ga=0.455001870
PACKLOG|try=0|profit=2178382|weight=4359597
PACKLOG|try=1|th=0.282242125|de=0.215919750|ga=0.501838125
PACKLOG|try=1|profit=2178382|weight=4359597
PACKLOG|best|profit=2178382|weight=4359597
PACKLOG|call=1050|tour_len=886|end_dist=18562229
PACKLOG|try=0|th=0.376936721|de=0.227083067|ga=0.395980212
PACKLOG|try=0|profit=4349593|weight=7885274
PACKLOG|try=1|th=0.473069259|de=0.106235204|ga=0.420695537
PACKLOG|try=1|profit=4351934|weight=7869233
PACKLOG|best|profit=4351934|weight=7869233
PACKLOG|call=1051|tour_len=211|end_dist=3388611
PACKLOG|try=0|th=0.452472784|de=0.255568263|ga=0.291958953
PACKLOG|try=0|profit=1048817|weight=2099296
PACKLOG|try=1|th=0.330617378|de=0.392928960|ga=0.276453662
PACKLOG|try=1|profit=1048817|weight=2099296
PACKLOG|best|profit=1048817|weight=2099296
PACKLOG|call=1052|tour_len=797|end_dist=17348543
PACKLOG|try=0|th=0.418656211|de=0.494905807|ga=0.086437982
PACKLOG|try=0|profit=4001727|weight=7773702
PACKLOG|try=1|th=0.310540758|de=0.188564030|ga=0.500895213
PACKLOG|try=1|profit=4001440|weight=7801856
PACKLOG|best|profit=4001727|weight=7773702
PACKLOG|call=1053|tour_len=337|end_dist=5767814
PACKLOG|try=0|th=0.329010235|de=0.271376804|ga=0.399612961
PACKLOG|try=0|profit=1692147|weight=3364942
PACKLOG|try=1|th=0.352764008|de=0.423539081|ga=0.223696911
PACKLOG|try=1|profit=1692147|weight=3364942
PACKLOG|best|profit=1692147|weight=3364942
PACKLOG|call=1054|tour_len=484|end_dist=8734264
PACKLOG|try=0|th=0.402814517|de=0.195703813|ga=0.401481670
PACKLOG|try=0|profit=2421401|weight=4841387
PACKLOG|try=1|th=0.451208222|de=0.200425681|ga=0.348366097
PACKLOG|try=1|profit=2421401|weight=4841387
PACKLOG|best|profit=2421401|weight=4841387
PACKLOG|call=1055|tour_len=815|end_dist=17846929
PACKLOG|try=0|th=0.790946323|de=0.168296188|ga=0.040757490
PACKLOG|try=0|profit=4063067|weight=7636084
PACKLOG|try=1|th=0.422730241|de=0.424917976|ga=0.152351783
PACKLOG|try=1|profit=4064660|weight=7682329
PACKLOG|best|profit=4064660|weight=7682329
PACKLOG|call=1056|tour_len=261|end_dist=3988236
PACKLOG|try=0|th=0.745104583|de=0.011099774|ga=0.243795643
PACKLOG|try=0|profit=1300209|weight=2601728
PACKLOG|try=1|th=0.485187899|de=0.264780709|ga=0.250031392
PACKLOG|try=1|profit=1300209|weight=2601728
PACKLOG|best|profit=1300209|weight=2601728
PACKLOG|call=1057|tour_len=821|end_dist=17097181
PACKLOG|try=0|th=0.295802009|de=0.447405167|ga=0.256792824
PACKLOG|try=0|profit=4105646|weight=8124272
PACKLOG|try=1|th=0.311015568|de=0.433820689|ga=0.255163742
PACKLOG|try=1|profit=4105656|weight=8123269
PACKLOG|best|profit=4105656|weight=8123269
PACKLOG|call=1058|tour_len=414|end_dist=7714360
PACKLOG|try=0|th=0.471724427|de=0.058214218|ga=0.470061356
PACKLOG|try=0|profit=2061041|weight=4138532
PACKLOG|try=1|th=0.344389911|de=0.388787289|ga=0.266822799
PACKLOG|try=1|profit=2061041|weight=4138532
PACKLOG|best|profit=2061041|weight=4138532
PACKLOG|call=1059|tour_len=347|end_dist=5433098
PACKLOG|try=0|th=0.530113834|de=0.022120078|ga=0.447766088
PACKLOG|try=0|profit=1738431|weight=3465469
PACKLOG|try=1|th=0.370985908|de=0.131954002|ga=0.497060090
PACKLOG|try=1|profit=1738431|weight=3465469
PACKLOG|best|profit=1738431|weight=3465469
PACKLOG|call=1060|tour_len=883|end_dist=18742675
PACKLOG|try=0|th=0.437030333|de=0.005920702|ga=0.557048965
PACKLOG|try=0|profit=4224999|weight=7286496
PACKLOG|try=1|th=0.340437584|de=0.235111654|ga=0.424450762
PACKLOG|try=1|profit=4225926|weight=7284473
PACKLOG|best|profit=4225926|weight=7284473
PACKLOG|call=1061|tour_len=693|end_dist=14369476
PACKLOG|try=0|th=0.385805587|de=0.438175342|ga=0.176019071
PACKLOG|try=0|profit=3462357|weight=6941103
PACKLOG|try=1|th=0.060426684|de=0.426583267|ga=0.512990049
PACKLOG|try=1|profit=3462357|weight=6941103
PACKLOG|best|profit=3462357|weight=6941103
PACKLOG|call=1062|tour_len=492|end_dist=8438365
PACKLOG|try=0|th=0.436913903|de=0.195179730|ga=0.367906367
PACKLOG|try=0|profit=2437175|weight=4921926
PACKLOG|try=1|th=0.296276593|de=0.591283135|ga=0.112440272
PACKLOG|try=1|profit=2437175|weight=4921926
PACKLOG|best|profit=2437175|weight=4921926
PACKLOG|call=1063|tour_len=662|end_dist=13902300
PACKLOG|try=0|th=0.423767338|de=0.012576408|ga=0.563656255
PACKLOG|try=0|profit=3324430|weight=6629802
PACKLOG|try=1|th=0.104886612|de=0.610519935|ga=0.284593452
PACKLOG|try=1|profit=3324430|weight=6629802
PACKLOG|best|profit=3324430|weight=6629802
PACKLOG|call=1064|tour_len=340|end_dist=5729412
PACKLOG|try=0|th=0.202128388|de=0.240580652|ga=0.557290960
PACKLOG|try=0|profit=1700732|weight=3395145
PACKLOG|try=1|th=0.339655577|de=0.522259724|ga=0.138084699
PACKLOG|try=1|profit=1700732|weight=3395145
PACKLOG|best|profit=1700732|weight=3395145
PACKLOG|call=1065|tour_len=694|end_dist=15062039
PACKLOG|try=0|th=0.070201398|de=0.394631385|ga=0.535167217
PACKLOG|try=0|profit=3447437|weight=6951108
PACKLOG|try=1|th=0.459044851|de=0.254552523|ga=0.286402625
PACKLOG|try=1|profit=3447437|weight=6951108
PACKLOG|best|profit=3447437|weight=6951108
PACKLOG|call=1066|tour_len=933|end_dist=20037727
PACKLOG|try=0|th=0.734001239|de=0.174669501|ga=0.091329259
PACKLOG|try=0|profit=4412340|weight=7167026
PACKLOG|try=1|th=0.193959589|de=0.314182378|ga=0.491858033
PACKLOG|try=1|profit=4330730|weight=7643118
PACKLOG|best|profit=4412340|weight=7167026
PACKLOG|call=1067|tour_len=604|end_dist=13249584
PACKLOG|try=0|th=0.479997599|de=0.170754759|ga=0.349247642
PACKLOG|try=0|profit=3001144|weight=6047057
PACKLOG|try=1|th=0.198331824|de=0.798810723|ga=0.002857453
PACKLOG|try=1|profit=3001144|weight=6047057
PACKLOG|best|profit=3001144|weight=6047057
PACKLOG|call=1068|tour_len=269|end_dist=4230778
PACKLOG|try=0|th=0.140169919|de=0.437430140|ga=0.422399941
PACKLOG|try=0|profit=1340770|weight=2681934
PACKLOG|try=1|th=0.104217470|de=0.498769386|ga=0.397013144
PACKLOG|try=1|profit=1340770|weight=2681934
PACKLOG|best|profit=1340770|weight=2681934
PACKLOG|call=1069|tour_len=357|end_dist=5887932
PACKLOG|try=0|th=0.471491975|de=0.397314650|ga=0.131193375
PACKLOG|try=0|profit=1776550|weight=3565805
PACKLOG|try=1|th=0.420579408|de=0.002650673|ga=0.576769918
PACKLOG|try=1|profit=1776550|weight=3565805
PACKLOG|best|profit=1776550|weight=3565805
PACKLOG|call=1070|tour_len=561|end_dist=10871717
PACKLOG|try=0|th=0.206597141|de=0.110521485|ga=0.682881374
PACKLOG|try=0|profit=2818085|weight=5615007
PACKLOG|try=1|th=0.186184734|de=0.313579452|ga=0.500235814
PACKLOG|try=1|profit=2818085|weight=5615007
PACKLOG|best|profit=2818085|weight=5615007
PACKLOG|call=1071|tour_len=289|end_dist=5382974
PACKLOG|try=0|th=0.027285561|de=0.506095143|ga=0.466619297
PACKLOG|try=0|profit=1443843|weight=2882949
PACKLOG|try=1|th=0.455017615|de=0.505054316|ga=0.039928069
PACKLOG|try=1|profit=1443843|weight=2882949
PACKLOG|best|profit=1443843|weight=2882949
PACKLOG|call=1072|tour_len=304|end_dist=4662803
PACKLOG|try=0|th=0.066437543|de=0.114262143|ga=0.819300314
PACKLOG|try=0|profit=1514849|weight=3033438
PACKLOG|try=1|th=0.583467907|de=0.290162202|ga=0.126369891
PACKLOG|try=1|profit=1514849|weight=3033438
PACKLOG|best|profit=1514849|weight=3033438
PACKLOG|call=1073|tour_len=806|end_dist=18164789
PACKLOG|try=0|th=0.404599207|de=0.271240045|ga=0.324160747
PACKLOG|try=0|profit=4037409|weight=7753512
PACKLOG|try=1|th=0.567606228|de=0.402098253|ga=0.030295519
PACKLOG|try=1|profit=4037084|weight=7703299
PACKLOG|best|profit=4037409|weight=7753512
PACKLOG|call=1074|tour_len=571|end_dist=10350662
PACKLOG|try=0|th=0.542809217|de=0.127975169|ga=0.329215614
PACKLOG|try=0|profit=2834616|weight=5715534
PACKLOG|try=1|th=0.290852935|de=0.230718202|ga=0.478428863
PACKLOG|try=1|profit=2834616|weight=5715534
PACKLOG|best|profit=2834616|weight=5715534
PACKLOG|call=1075|tour_len=729|end_dist=15321968
PACKLOG|try=0|th=0.050688817|de=0.619801682|ga=0.329509501
PACKLOG|try=0|profit=3635948|weight=7302845
PACKLOG|try=1|th=0.002119951|de=0.458025536|ga=0.539854512
PACKLOG|try=1|profit=3635948|weight=7302845
PACKLOG|best|profit=3635948|weight=7302845
PACKLOG|call=1076|tour_len=609|end_dist=12045481
PACKLOG|try=0|th=0.489752197|de=0.235664168|ga=0.274583634
PACKLOG|try=0|profit=3034977|weight=6097260
PACKLOG|try=1|th=0.467827459|de=0.404896403|ga=0.127276138
PACKLOG|try=1|profit=3034977|weight=6097260
PACKLOG|best|profit=3034977|weight=6097260
PACKLOG|call=1077|tour_len=531|end_dist=9956952
PACKLOG|try=0|th=0.065892367|de=0.564142574|ga=0.369965059
PACKLOG|try=0|profit=2653920|weight=5313776
PACKLOG|try=1|th=0.197122241|de=0.761913372|ga=0.040964387
PACKLOG|try=1|profit=2653920|weight=5313776
PACKLOG|best|profit=2653920|weight=5313776
PACKLOG|call=1078|tour_len=684|end_dist=15398209
PACKLOG|try=0|th=0.173249421|de=0.711417713|ga=0.115332866
PACKLOG|try=0|profit=3393891|weight=6850822
PACKLOG|try=1|th=0.319277786|de=0.485325127|ga=0.195397087
PACKLOG|try=1|profit=3393891|weight=6850822
PACKLOG|best|profit=3393891|weight=6850822
PACKLOG|call=1079|tour_len=805|end_dist=17214517
PACKLOG|try=0|th=0.560280712|de=0.185261260|ga=0.254458028
PACKLOG|try=0|profit=4048473|weight=8065917
PACKLOG|try=1|th=0.367474247|de=0.467229267|ga=0.165296486
PACKLOG|try=1|profit=4048473|weight=8065917
PACKLOG|best|profit=4048473|weight=8065917
PACKLOG|call=1080|tour_len=394|end_dist=6388226
PACKLOG|try=0|th=0.465838742|de=0.304538508|ga=0.229622750
PACKLOG|try=0|profit=1975758|weight=3937539
PACKLOG|try=1|th=0.241914446|de=0.312737606|ga=0.445347948
PACKLOG|try=1|profit=1975758|weight=3937539
PACKLOG|best|profit=1975758|weight=3937539
PACKLOG|call=1081|tour_len=564|end_dist=10467062
PACKLOG|try=0|th=0.154985205|de=0.781925924|ga=0.063088871
PACKLOG|try=0|profit=2822024|weight=5645122
PACKLOG|try=1|th=0.202061087|de=0.395462970|ga=0.402475943
PACKLOG|try=1|profit=2822024|weight=5645122
PACKLOG|best|profit=2822024|weight=5645122
PACKLOG|call=1082|tour_len=904|end_dist=19172216
PACKLOG|try=0|th=0.341237049|de=0.309828823|ga=0.348934128
PACKLOG|try=0|profit=4250838|weight=7098578
PACKLOG|try=1|th=0.154446540|de=0.639765910|ga=0.205787549
PACKLOG|try=1|profit=4240728|weight=7135670
PACKLOG|best|profit=4250838|weight=7098578
PACKLOG|call=1083|tour_len=631|end_dist=13579720
PACKLOG|try=0|th=0.391994683|de=0.266991286|ga=0.341014030
PACKLOG|try=0|profit=3164340|weight=6318232
PACKLOG|try=1|th=0.058301038|de=0.388622728|ga=0.553076234
PACKLOG|try=1|profit=3164340|weight=6318232
PACKLOG|best|profit=3164340|weight=6318232
PACKLOG|call=1084|tour_len=745|end_dist=16418293
PACKLOG|try=0|th=0.749908680|de=0.071608844|ga=0.178482476
PACKLOG|try=0|profit=3731851|weight=7463532
PACKLOG|try=1|th=0.738407605|de=0.220084301|ga=0.041508094
PACKLOG|try=1|profit=3731851|weight=7463532
PACKLOG|best|profit=3731851|weight=7463532
PACKLOG|call=1085|tour_len=836|end_dist=18297153
PACKLOG|try=0|th=0.270045527|de=0.389166403|ga=0.340788070
PACKLOG|try=0|profit=4157423|weight=7803908
PACKLOG|try=1|th=0.225206269|de=0.617005489|ga=0.157788242
PACKLOG|try=1|profit=4160276|weight=7771733
PACKLOG|best|profit=4160276|weight=7771733
PACKLOG|call=1086|tour_len=834|end_dist=18188656
PACKLOG|try=0|th=0.105445897|de=0.395860028|ga=0.498694075
PACKLOG|try=0|profit=4148419|weight=7932395
PACKLOG|try=1|th=0.283370519|de=0.382395752|ga=0.334233728
PACKLOG|try=1|profit=4161280|weight=7898194
PACKLOG|best|profit=4161280|weight=7898194
PACKLOG|call=1087|tour_len=615|end_dist=13985238
PACKLOG|try=0|th=0.489884678|de=0.289864069|ga=0.220251253
PACKLOG|try=0|profit=3069630|weight=6157604
PACKLOG|try=1|th=0.160991425|de=0.397987736|ga=0.441020840
PACKLOG|try=1|profit=3069630|weight=6157604
PACKLOG|best|profit=3069630|weight=6157604
PACKLOG|call=1088|tour_len=779|end_dist=16713793
PACKLOG|try=0|th=0.300871057|de=0.241551063|ga=0.457577881
PACKLOG|try=0|profit=3905603|weight=7804893
PACKLOG|try=1|th=0.533371483|de=0.342161785|ga=0.124466731
PACKLOG|try=1|profit=3905603|weight=7804893
PACKLOG|best|profit=3905603|weight=7804893
PACKLOG|call=1089|tour_len=349|end_dist=5844435
PACKLOG|try=0|th=0.433364723|de=0.294385892|ga=0.272249385
PACKLOG|try=0|profit=1748963|weight=3485587
PACKLOG|try=1|th=0.077411184|de=0.853939463|ga=0.068649353
PACKLOG|try=1|profit=1748963|weight=3485587
PACKLOG|best|profit=1748963|weight=3485587
PACKLOG|call=1090|tour_len=479|end_dist=9398468
PACKLOG|try=0|th=0.567339486|de=0.281224837|ga=0.151435676
PACKLOG|try=0|profit=2381699|weight=4791607
PACKLOG|try=1|th=0.433642314|de=0.133164228|ga=0.433193458
PACKLOG|try=1|profit=2381699|weight=4791607
PACKLOG|best|profit=2381699|weight=4791607
PACKLOG|call=1091|tour_len=262|end_dist=4309087
PACKLOG|try=0|th=0.253207816|de=0.175390614|ga=0.571401570
PACKLOG|try=0|profit=1292854|weight=2611732
PACKLOG|try=1|th=0.317932717|de=0.239709642|ga=0.442357641
PACKLOG|try=1|profit=1292854|weight=2611732
PACKLOG|best|profit=1292854|weight=2611732
PACKLOG|call=1092|tour_len=638|end_dist=14103496
PACKLOG|try=0|th=0.450252525|de=0.492844064|ga=0.056903411
PACKLOG|try=0|profit=3184771|weight=6388739
PACKLOG|try=1|th=0.204264054|de=0.496138227|ga=0.299597720
PACKLOG|try=1|profit=3184771|weight=6388739
PACKLOG|best|profit=3184771|weight=6388739
PACKLOG|call=1093|tour_len=311|end_dist=6198165
PACKLOG|try=0|th=0.368142096|de=0.529404056|ga=0.102453847
PACKLOG|try=0|profit=1530617|weight=3104100
PACKLOG|try=1|th=0.453857187|de=0.214440945|ga=0.331701868
PACKLOG|try=1|profit=1530617|weight=3104100
PACKLOG|best|profit=1530617|weight=3104100
PACKLOG|call=1094|tour_len=414|end_dist=7269962
PACKLOG|try=0|th=0.398458236|de=0.413590711|ga=0.187951053
PACKLOG|try=0|profit=2071463|weight=4138284
PACKLOG|try=1|th=0.419120503|de=0.436113077|ga=0.144766420
PACKLOG|try=1|profit=2071463|weight=4138284
PACKLOG|best|profit=2071463|weight=4138284
PACKLOG|call=1095|tour_len=936|end_dist=21123556
PACKLOG|try=0|th=0.381705886|de=0.489026770|ga=0.129267344
PACKLOG|try=0|profit=4354366|weight=6984115
PACKLOG|try=1|th=0.186010556|de=0.612757467|ga=0.201231977
PACKLOG|try=1|profit=4336545|weight=7258380
PACKLOG|best|profit=4354366|weight=6984115
PACKLOG|call=1096|tour_len=829|end_dist=18379647
PACKLOG|try=0|th=0.483002401|de=0.037981739|ga=0.479015860
PACKLOG|try=0|profit=4134113|weight=7737591
PACKLOG|try=1|th=0.325990894|de=0.580480177|ga=0.093528928
PACKLOG|try=1|profit=4135544|weight=7679305
PACKLOG|best|profit=4135544|weight=7679305
PACKLOG|call=1097|tour_len=351|end_dist=6348052
PACKLOG|try=0|th=0.434911853|de=0.210054609|ga=0.355033538
PACKLOG|try=0|profit=1746349|weight=3505789
PACKLOG|try=1|th=0.276078473|de=0.301848540|ga=0.422072987
PACKLOG|try=1|profit=1746349|weight=3505789
PACKLOG|best|profit=1746349|weight=3505789
PACKLOG|call=1098|tour_len=587|end_dist=10847816
PACKLOG|try=0|th=0.437544991|de=0.156053123|ga=0.406401886
PACKLOG|try=0|profit=2929991|weight=5876226
PACKLOG|try=1|th=0.127075331|de=0.374994810|ga=0.497929858
PACKLOG|try=1|profit=2929991|weight=5876226
PACKLOG|best|profit=2929991|weight=5876226
PACKLOG|call=1099|tour_len=666|end_dist=13777581
PACKLOG|try=0|th=0.427650805|de=0.195948072|ga=0.376401123
PACKLOG|try=0|profit=3337003|weight=6669865
PACKLOG|try=1|th=0.488151047|de=0.059734197|ga=0.452114756
PACKLOG|try=1|profit=3337003|weight=6669865
PACKLOG|best|profit=3337003|weight=6669865
PACKLOG|call=1100|tour_len=813|end_dist=17183784
PACKLOG|try=0|th=0.107234353|de=0.607074283|ga=0.285691365
PACKLOG|try=0|profit=4060641|weight=8050942
PACKLOG|try=1|th=0.390899186|de=0.532998894|ga=0.076101920
PACKLOG|try=1|profit=4061020|weight=8032826
PACKLOG|best|profit=4061020|weight=8032826
PACKLOG|call=1101|tour_len=677|end_dist=15582986
PACKLOG|try=0|th=0.050689088|de=0.572837151|ga=0.376473761
PACKLOG|try=0|profit=3374866|weight=6780434
PACKLOG|try=1|th=0.101260171|de=0.680133635|ga=0.218606195
PACKLOG|try=1|profit=3374866|weight=6780434
PACKLOG|best|profit=3374866|weight=6780434
PACKLOG|call=1102|tour_len=406|end_dist=7705185
PACKLOG|try=0|th=0.554445777|de=0.369947622|ga=0.075606601
PACKLOG|try=0|profit=2007444|weight=4058213
PACKLOG|try=1|th=0.121932637|de=0.471415989|ga=0.406651374
PACKLOG|try=1|profit=2007444|weight=4058213
PACKLOG|best|profit=2007444|weight=4058213
PACKLOG|call=1103|tour_len=696|end_dist=15501146
PACKLOG|try=0|th=0.127485077|de=0.409755738|ga=0.462759185
PACKLOG|try=0|profit=3491244|weight=6971001
PACKLOG|try=1|th=0.395692718|de=0.297956766|ga=0.306350516
PACKLOG|try=1|profit=3491244|weight=6971001
PACKLOG|best|profit=3491244|weight=6971001
PACKLOG|call=1104|tour_len=903|end_dist=20007959
PACKLOG|try=0|th=0.409379881|de=0.313191481|ga=0.277428638
PACKLOG|try=0|profit=4328573|weight=7352900
PACKLOG|try=1|th=0.195985202|de=0.606688378|ga=0.197326420
PACKLOG|try=1|profit=4320789|weight=7417214
PACKLOG|best|profit=4328573|weight=7352900
PACKLOG|call=1105|tour_len=293|end_dist=4493921
PACKLOG|try=0|th=0.263805648|de=0.514151977|ga=0.222042375
PACKLOG|try=0|profit=1473293|weight=2923124
PACKLOG|try=1|th=0.165186319|de=0.419627624|ga=0.415186057
PACKLOG|try=1|profit=1473293|weight=2923124
PACKLOG|best|profit=1473293|weight=2923124
PACKLOG|call=1106|tour_len=847|end_dist=18704948
PACKLOG|try=0|th=0.355081173|de=0.276601890|ga=0.368316938
PACKLOG|try=0|profit=4196521|weight=7650183
PACKLOG|try=1|th=0.133409181|de=0.332672005|ga=0.533918814
PACKLOG|try=1|profit=4159706|weight=7727462
PACKLOG|best|profit=4196521|weight=7650183
PACKLOG|call=1107|tour_len=463|end_dist=7662466
PACKLOG|try=0|th=0.669062467|de=0.329238976|ga=0.001698557
PACKLOG|try=0|profit=2295406|weight=4630522
PACKLOG|try=1|th=0.364851075|de=0.295741651|ga=0.339407274
PACKLOG|try=1|profit=2295406|weight=4630522
PACKLOG|best|profit=2295406|weight=4630522
PACKLOG|call=1108|tour_len=247|end_dist=3879004
PACKLOG|try=0|th=0.151267888|de=0.422690803|ga=0.426041309
PACKLOG|try=0|profit=1237409|weight=2461034
PACKLOG|try=1|th=0.051875995|de=0.515022931|ga=0.433101073
PACKLOG|try=1|profit=1237409|weight=2461034
PACKLOG|best|profit=1237409|weight=2461034
PACKLOG|call=1109|tour_len=920|end_dist=19321821
PACKLOG|try=0|th=0.189352446|de=0.702642967|ga=0.108004587
PACKLOG|try=0|profit=4428615|weight=7557805
PACKLOG|try=1|th=0.268797725|de=0.402635725|ga=0.328566550
PACKLOG|try=1|profit=4410774|weight=7668306
PACKLOG|best|profit=4428615|weight=7557805
PACKLOG|call=1110|tour_len=334|end_dist=5427934
PACKLOG|try=0|th=0.552162892|de=0.257349045|ga=0.190488064
PACKLOG|try=0|profit=1658774|weight=3334681
PACKLOG|try=1|th=0.327113020|de=0.312406308|ga=0.360480671
PACKLOG|try=1|profit=1658774|weight=3334681
PACKLOG|best|profit=1658774|weight=3334681
PACKLOG|call=1111|tour_len=798|end_dist=17833857
PACKLOG|try=0|th=0.496284521|de=0.054148896|ga=0.449566583
PACKLOG|try=0|profit=4008005|weight=7785596
PACKLOG|try=1|th=0.257339771|de=0.501197626|ga=0.241462602
PACKLOG|try=1|profit=4008005|weight=7785596
PACKLOG|best|profit=4008005|weight=7785596
PACKLOG|call=1112|tour_len=879|end_dist=19536758
PACKLOG|try=0|th=0.413644412|de=0.011229025|ga=0.575126563
PACKLOG|try=0|profit=4275316|weight=7574933
PACKLOG|try=1|th=0.347213445|de=0.552440780|ga=0.100345775
PACKLOG|try=1|profit=4289446|weight=7383079
PACKLOG|best|profit=4289446|weight=7383079
PACKLOG|call=1113|tour_len=368|end_dist=6496411
PACKLOG|try=0|th=0.221839195|de=0.418153828|ga=0.360006976
PACKLOG|try=0|profit=1831108|weight=3676287
PACKLOG|try=1|th=0.258162207|de=0.489739060|ga=0.252098733
PACKLOG|try=1|profit=1831108|weight=3676287
PACKLOG|best|profit=1831108|weight=3676287
PACKLOG|call=1114|tour_len=950|end_dist=20658491
PACKLOG|try=0|th=0.162381713|de=0.299885747|ga=0.537732540
PACKLOG|try=0|profit=4206389|weight=7505486
PACKLOG|try=1|th=0.391586205|de=0.218049519|ga=0.390364276
PACKLOG|try=1|profit=4390353|weight=7287622
PACKLOG|best|profit=4390353|weight=7287622
PACKLOG|call=1115|tour_len=212|end_dist=3318426
PACKLOG|try=0|th=0.342566358|de=0.120588954|ga=0.536844688
PACKLOG|try=0|profit=1049359|weight=2109383
PACKLOG|try=1|th=0.805583214|de=0.107367619|ga=0.087049167
PACKLOG|try=1|profit=1049359|weight=2109383
PACKLOG|best|profit=1049359|weight=2109383
PACKLOG|call=1116|tour_len=847|end_dist=17913104
PACKLOG|try=0|th=0.271546497|de=0.114271358|ga=0.614182144
PACKLOG|try=0|profit=4173284|weight=7679367
PACKLOG|try=1|th=0.263678338|de=0.257182807|ga=0.479138855
PACKLOG|try=1|profit=4177931|weight=7668290
PACKLOG|best|profit=4177931|weight=7668290
PACKLOG|call=1117|tour_len=581|end_dist=11279371
PACKLOG|try=0|th=0.194153815|de=0.234159611|ga=0.571686575
PACKLOG|try=0|profit=2887174|weight=5816119
PACKLOG|try=1|th=0.279614313|de=0.570134572|ga=0.150251115
PACKLOG|try=1|profit=2887174|weight=5816119
PACKLOG|best|profit=2887174|weight=5816119
PACKLOG|call=1118|tour_len=930|end_dist=19787772
PACKLOG|try=0|th=0.434437666|de=0.022556718|ga=0.543005616
PACKLOG|try=0|profit=4420128|weight=7599016
PACKLOG|try=1|th=0.522869190|de=0.002408802|ga=0.474722008
PACKLOG|try=1|profit=4433893|weight=7554860
PACKLOG|best|profit=4433893|weight=7554860
PACKLOG|call=1119|tour_len=905|end_dist=18834155
PACKLOG|try=0|th=0.096000139|de=0.706861386|ga=0.197138475
PACKLOG|try=0|profit=4372390|weight=7860102
PACKLOG|try=1|th=0.738301753|de=0.140481002|ga=0.121217244
PACKLOG|try=1|profit=4403128|weight=7601960
PACKLOG|best|profit=4403128|weight=7601960
PACKLOG|call=1120|tour_len=851|end_dist=19089814
PACKLOG|try=0|th=0.394897709|de=0.436421011|ga=0.168681280
PACKLOG|try=0|profit=4119503|weight=6998371
PACKLOG|try=1|th=0.049068280|de=0.726374591|ga=0.224557129
PACKLOG|try=1|profit=4015877|weight=7235026
PACKLOG|best|profit=4119503|weight=6998371
PACKLOG|call=1121|tour_len=377|end_dist=6971814
PACKLOG|try=0|th=0.281578272|de=0.420618985|ga=0.297802743
PACKLOG|try=0|profit=1862712|weight=3766864
PACKLOG|try=1|th=0.356046654|de=0.246866544|ga=0.397086803
PACKLOG|try=1|profit=1862712|weight=3766864
PACKLOG|best|profit=1862712|weight=3766864
PACKLOG|call=1122|tour_len=657|end_dist=12717354
PACKLOG|try=0|th=0.352486310|de=0.313556053|ga=0.333957637
PACKLOG|try=0|profit=3273735|weight=6579423
PACKLOG|try=1|th=0.537381850|de=0.171441825|ga=0.291176325
PACKLOG|try=1|profit=3273735|weight=6579423
PACKLOG|best|profit=3273735|weight=6579423
PACKLOG|call=1123|tour_len=807|end_dist=17019369
PACKLOG|try=0|th=0.501724247|de=0.366131860|ga=0.132143893
PACKLOG|try=0|profit=4031896|weight=8056060
PACKLOG|try=1|th=0.021539414|de=0.496571622|ga=0.481888964
PACKLOG|try=1|profit=4031575|weight=8060099
PACKLOG|best|profit=4031896|weight=8056060
PACKLOG|call=1124|tour_len=213|end_dist=3264128
PACKLOG|try=0|th=0.406694033|de=0.418567661|ga=0.174738306
PACKLOG|try=0|profit=1060609|weight=2119579
PACKLOG|try=1|th=0.246749030|de=0.280860231|ga=0.472390739
PACKLOG|try=1|profit=1060609|weight=2119579
PACKLOG|best|profit=1060609|weight=2119579
PACKLOG|call=1125|tour_len=836|end_dist=18298632
PACKLOG|try=0|th=0.544721742|de=0.163581729|ga=0.291696529
PACKLOG|try=0|profit=4167564|weight=7701353
PACKLOG|try=1|th=0.335561087|de=0.594383320|ga=0.070055593
PACKLOG|try=1|profit=4166933|weight=7659165
PACKLOG|best|profit=4167564|weight=7701353
PACKLOG|call=1126|tour_len=489|end_dist=8971305
PACKLOG|try=0|th=0.159763140|de=0.550798807|ga=0.289438053
PACKLOG|try=0|profit=2449416|weight=4891827
PACKLOG|try=1|th=0.317024399|de=0.513886487|ga=0.169089114
PACKLOG|try=1|profit=2449416|weight=4891827
PACKLOG|best|profit=2449416|weight=4891827
PACKLOG|call=1127|tour_len=295|end_dist=4640489
PACKLOG|try=0|th=0.064147148|de=0.426660218|ga=0.509192634
PACKLOG|try=0|profit=1470132|weight=2943101
PACKLOG|try=1|th=0.237314290|de=0.486239419|ga=0.276446290
PACKLOG|try=1|profit=1470132|weight=2943101
PACKLOG|best|profit=1470132|weight=2943101
PACKLOG|call=1128|tour_len=454|end_dist=8295643
PACKLOG|try=0|th=0.489400999|de=0.352853807|ga=0.157745193
PACKLOG|try=0|profit=2257219|weight=4540256
PACKLOG|try=1|th=0.089369524|de=0.429240349|ga=0.481390128
PACKLOG|try=1|profit=2257219|weight=4540256
PACKLOG|best|profit=2257219|weight=4540256
PACKLOG|call=1129|tour_len=354|end_dist=6747192
PACKLOG|try=0|th=0.224977309|de=0.551708218|ga=0.223314473
PACKLOG|try=0|profit=1759693|weight=3535689
PACKLOG|try=1|th=0.336844112|de=0.245567651|ga=0.417588237
PACKLOG|try=1|profit=1759693|weight=3535689
PACKLOG|best|profit=1759693|weight=3535689
PACKLOG|call=1130|tour_len=385|end_dist=6191596
PACKLOG|try=0|th=0.290159622|de=0.264744735|ga=0.445095643
PACKLOG|try=0|profit=1925219|weight=3847108
PACKLOG|try=1|th=0.151435940|de=0.615082902|ga=0.233481158
PACKLOG|try=1|profit=1925219|weight=3847108
PACKLOG|best|profit=1925219|weight=3847108
PACKLOG|call=1131|tour_len=810|end_dist=16748249
PACKLOG|try=0|th=0.450655818|de=0.479553620|ga=0.069790561
PACKLOG|try=0|profit=4054724|weight=8116240
PACKLOG|try=1|th=0.170672862|de=0.529255480|ga=0.300071658
PACKLOG|try=1|profit=4054724|weight=8116240
PACKLOG|best|profit=4054724|weight=8116240
PACKLOG|call=1132|tour_len=439|end_dist=7727235
PACKLOG|try=0|th=0.119351187|de=0.437682341|ga=0.442966472
PACKLOG|try=0|profit=2203922|weight=4389461
PACKLOG|try=1|th=0.509090989|de=0.394152138|ga=0.096756873
PACKLOG|try=1|profit=2203922|weight=4389461
PACKLOG|best|profit=2203922|weight=4389461
PACKLOG|call=1133|tour_len=591|end_dist=12791911
PACKLOG|try=0|th=0.354478703|de=0.305782896|ga=0.339738400
PACKLOG|try=0|profit=2941342|weight=5916477
PACKLOG|try=1|th=0.165425502|de=0.205473846|ga=0.629100652
PACKLOG|try=1|profit=2941342|weight=5916477
PACKLOG|best|profit=2941342|weight=5916477
PACKLOG|call=1134|tour_len=435|end_dist=8322305
PACKLOG|try=0|th=0.324552254|de=0.301099822|ga=0.374347924
PACKLOG|try=0|profit=2157216|weight=4349614
PACKLOG|try=1|th=0.172225406|de=0.148641766|ga=0.679132828
PACKLOG|try=1|profit=2157216|weight=4349614
PACKLOG|best|profit=2157216|weight=4349614
PACKLOG|call=1135|tour_len=329|end_dist=5368885
PACKLOG|try=0|th=0.675340092|de=0.210246993|ga=0.114412915
PACKLOG|try=0|profit=1650989|weight=3284671
PACKLOG|try=1|th=0.103480418|de=0.387712883|ga=0.508806699
PACKLOG|try=1|profit=1650989|weight=3284671
PACKLOG|best|profit=1650989|weight=3284671
PACKLOG|call=1136|tour_len=370|end_dist=5710732
PACKLOG|try=0|th=0.486519192|de=0.372300560|ga=0.141180248
PACKLOG|try=0|profit=1850942|weight=3696582
PACKLOG|try=1|th=0.228631106|de=0.165276011|ga=0.606092883
PACKLOG|try=1|profit=1850942|weight=3696582
PACKLOG|best|profit=1850942|weight=3696582
PACKLOG|call=1137|tour_len=219|end_dist=3183413
PACKLOG|try=0|th=0.222305830|de=0.229053742|ga=0.548640428
PACKLOG|try=0|profit=1096307|weight=2179607
PACKLOG|try=1|th=0.388647436|de=0.345896374|ga=0.265456190
PACKLOG|try=1|profit=1096307|weight=2179607
PACKLOG|best|profit=1096307|weight=2179607
PACKLOG|call=1138|tour_len=298|end_dist=5500276
PACKLOG|try=0|th=0.493358336|de=0.376297143|ga=0.130344521
PACKLOG|try=0|profit=1484351|weight=2973433
PACKLOG|try=1|th=0.109025485|de=0.333872697|ga=0.557101818
PACKLOG|try=1|profit=1484351|weight=2973433
PACKLOG|best|profit=1484351|weight=2973433
PACKLOG|call=1139|tour_len=360|end_dist=6087937
PACKLOG|try=0|th=0.084646796|de=0.395347900|ga=0.520005304
PACKLOG|try=0|profit=1799134|weight=3596033
PACKLOG|try=1|th=0.091088460|de=0.382006202|ga=0.526905338
PACKLOG|try=1|profit=1799134|weight=3596033
PACKLOG|best|profit=1799134|weight=3596033
PACKLOG|call=1140|tour_len=925|end_dist=20153204
PACKLOG|try=0|th=0.768194448|de=0.147897051|ga=0.083908501
PACKLOG|try=0|profit=4380158|weight=7148920
PACKLOG|try=1|th=0.456812448|de=0.476787534|ga=0.066400018
PACKLOG|try=1|profit=4384987|weight=7180069
PACKLOG|best|profit=4384987|weight=7180069
PACKLOG|call=1141|tour_len=476|end_dist=9112957
PACKLOG|try=0|th=0.405811075|de=0.493112424|ga=0.101076501
PACKLOG|try=0|profit=2360528|weight=4761338
PACKLOG|try=1|th=0.350922788|de=0.395638088|ga=0.253439125
PACKLOG|try=1|profit=2360528|weight=4761338
PACKLOG|best|profit=2360528|weight=4761338
PACKLOG|call=1142|tour_len=346|end_dist=6196465
PACKLOG|try=0|th=0.353350161|de=0.346033224|ga=0.300616615
PACKLOG|try=0|profit=1724528|weight=3455497
PACKLOG|try=1|th=0.837625910|de=0.107879476|ga=0.054494614
PACKLOG|try=1|profit=1724528|weight=3455497
PACKLOG|best|profit=1724528|weight=3455497
PACKLOG|call=1143|tour_len=500|end_dist=9037452
PACKLOG|try=0|th=0.419162838|de=0.538141800|ga=0.042695362
PACKLOG|try=0|profit=2489309|weight=5002348
PACKLOG|try=1|th=0.389436908|de=0.431296178|ga=0.179266915
PACKLOG|try=1|profit=2489309|weight=5002348
PACKLOG|best|profit=2489309|weight=5002348
PACKLOG|call=1144|tour_len=791|end_dist=16815254
PACKLOG|try=0|th=0.101549080|de=0.297566825|ga=0.600884095
PACKLOG|try=0|profit=3971846|weight=7925202
PACKLOG|try=1|th=0.339153056|de=0.467008537|ga=0.193838408
PACKLOG|try=1|profit=3971846|weight=7925202
PACKLOG|best|profit=3971846|weight=7925202
PACKLOG|call=1145|tour_len=791|end_dist=16650315
PACKLOG|try=0|th=0.233036153|de=0.226519919|ga=0.540443928
PACKLOG|try=0|profit=3956831|weight=7925255
PACKLOG|try=1|th=0.014380222|de=0.708018856|ga=0.277600922
PACKLOG|try=1|profit=3956831|weight=7925255
PACKLOG|best|profit=3956831|weight=7925255
PACKLOG|call=1146|tour_len=282|end_dist=4346877
PACKLOG|try=0|th=0.609832258|de=0.031713597|ga=0.358454145
PACKLOG|try=0|profit=1413765|weight=2812692
PACKLOG|try=1|th=0.156984956|de=0.659883358|ga=0.183131686
PACKLOG|try=1|profit=1413765|weight=2812692
PACKLOG|best|profit=1413765|weight=2812692
PACKLOG|call=1147|tour_len=394|end_dist=6506906
PACKLOG|try=0|th=0.339058280|de=0.572061004|ga=0.088880716
PACKLOG|try=0|profit=1983592|weight=3937324
PACKLOG|try=1|th=0.380901151|de=0.273769554|ga=0.345329295
PACKLOG|try=1|profit=1983592|weight=3937324
PACKLOG|best|profit=1983592|weight=3937324
PACKLOG|call=1148|tour_len=863|end_dist=18866045
PACKLOG|try=0|th=0.528114208|de=0.035715149|ga=0.436170643
PACKLOG|try=0|profit=4253673|weight=7676291
PACKLOG|try=1|th=0.292492219|de=0.644338726|ga=0.063169055
PACKLOG|try=1|profit=4253234|weight=7554743
PACKLOG|best|profit=4253673|weight=7676291
PACKLOG|call=1149|tour_len=801|end_dist=18225231
PACKLOG|try=0|th=0.085285457|de=0.481295648|ga=0.433418895
PACKLOG|try=0|profit=4014562|weight=7721353
PACKLOG|try=1|th=0.275721725|de=0.286579908|ga=0.437698367
PACKLOG|try=1|profit=4020576|weight=7703229
PACKLOG|best|profit=4020576|weight=7703229
PACKLOG|call=1150|tour_len=601|end_dist=13495965
PACKLOG|try=0|th=0.360330469|de=0.249358731|ga=0.390310800
PACKLOG|try=0|profit=2984122|weight=6016969
PACKLOG|try=1|th=0.033180219|de=0.411092319|ga=0.555727462
PACKLOG|try=1|profit=2984122|weight=6016969
PACKLOG|best|profit=2984122|weight=6016969
PACKLOG|call=1151|tour_len=661|end_dist=14525739
PACKLOG|try=0|th=0.303241039|de=0.549210976|ga=0.147547985
PACKLOG|try=0|profit=3289338|weight=6619751
PACKLOG|try=1|th=0.590716105|de=0.079708539|ga=0.329575356
PACKLOG|try=1|profit=3289338|weight=6619751
PACKLOG|best|profit=3289338|weight=6619751
PACKLOG|call=1152|tour_len=781|end_dist=18159729
PACKLOG|try=0|th=0.673146106|de=0.136843665|ga=0.190010229
PACKLOG|try=0|profit=3888097|weight=7168145
PACKLOG|try=1|th=0.277777754|de=0.356897448|ga=0.365324799
PACKLOG|try=1|profit=3886607|weight=7237451
PACKLOG|best|profit=3888097|weight=7168145
PACKLOG|call=1153|tour_len=557|end_dist=9884510
PACKLOG|try=0|th=0.498634597|de=0.437043112|ga=0.064322292
PACKLOG|try=0|profit=2785797|weight=5574926
PACKLOG|try=1|th=0.115086292|de=0.553643774|ga=0.331269934
PACKLOG|try=1|profit=2785797|weight=5574926
PACKLOG|best|profit=2785797|weight=5574926
PACKLOG|call=1154|tour_len=432|end_dist=7291284
PACKLOG|try=0|th=0.543171429|de=0.150077732|ga=0.306750839
PACKLOG|try=0|profit=2155392|weight=4319239
PACKLOG|try=1|th=0.435019978|de=0.014712567|ga=0.550267455
PACKLOG|try=1|profit=2155392|weight=4319239
PACKLOG|best|profit=2155392|weight=4319239
PACKLOG|call=1155|tour_len=905|end_dist=19034559
PACKLOG|try=0|th=0.441908615|de=0.333499073|ga=0.224592313
PACKLOG|try=0|profit=4396536|weight=7649181
PACKLOG|try=1|th=0.401515631|de=0.432454168|ga=0.166030201
PACKLOG|try=1|profit=4396613|weight=7630122
PACKLOG|best|profit=4396613|weight=7630122
PACKLOG|call=1156|tour_len=413|end_dist=7968274
PACKLOG|try=0|th=0.327475371|de=0.304051168|ga=0.368473460
PACKLOG|try=0|profit=2067801|weight=4128508
PACKLOG|try=1|th=0.525485126|de=0.154445428|ga=0.320069445
PACKLOG|try=1|profit=2067801|weight=4128508
PACKLOG|best|profit=2067801|weight=4128508
PACKLOG|call=1157|tour_len=551|end_dist=12291947
PACKLOG|try=0|th=0.099810187|de=0.053299077|ga=0.846890735
PACKLOG|try=0|profit=2744413|weight=5514683
PACKLOG|try=1|th=0.158644683|de=0.583934219|ga=0.257421098
PACKLOG|try=1|profit=2744413|weight=5514683
PACKLOG|best|profit=2744413|weight=5514683
PACKLOG|call=1158|tour_len=418|end_dist=7345684
PACKLOG|try=0|th=0.178434934|de=0.415900150|ga=0.405664916
PACKLOG|try=0|profit=2096370|weight=4178552
PACKLOG|try=1|th=0.063135582|de=0.502692647|ga=0.434171772
PACKLOG|try=1|profit=2096370|weight=4178552
PACKLOG|best|profit=2096370|weight=4178552
PACKLOG|call=1159|tour_len=941|end_dist=21088820
PACKLOG|try=0|th=0.457785319|de=0.067932442|ga=0.474282239
PACKLOG|try=0|profit=4356995|weight=7255417
PACKLOG|try=1|th=0.728845209|de=0.249533221|ga=0.021621571
PACKLOG|try=1|profit=4324069|weight=6712938
PACKLOG|best|profit=4356995|weight=7255417
PACKLOG|call=1160|tour_len=627|end_dist=13937453
PACKLOG|try=0|th=0.176093809|de=0.270670869|ga=0.553235322
PACKLOG|try=0|profit=3134473|weight=6278035
PACKLOG|try=1|th=0.328877424|de=0.151152500|ga=0.519970076
PACKLOG|try=1|profit=3134473|weight=6278035
PACKLOG|best|profit=3134473|weight=6278035
PACKLOG|call=1161|tour_len=353|end_dist=5945907
PACKLOG|try=0|th=0.389332061|de=0.222375603|ga=0.388292336
PACKLOG|try=0|profit=1759194|weight=3525728
PACKLOG|try=1|th=0.168530318|de=0.467790474|ga=0.363679208
PACKLOG|try=1|profit=1759194|weight=3525728
PACKLOG|best|profit=1759194|weight=3525728
PACKLOG|call=1162|tour_len=409|end_dist=7348462
PACKLOG|try=0|th=0.224055706|de=0.341283528|ga=0.434660766
PACKLOG|try=0|profit=2042104|weight=4088172
PACKLOG|try=1|th=0.189814056|de=0.419278930|ga=0.390907013
PACKLOG|try=1|profit=2042104|weight=4088172
PACKLOG|best|profit=2042104|weight=4088172
PACKLOG|call=1163|tour_len=551|end_dist=10287257
PACKLOG|try=0|th=0.424662134|de=0.155090362|ga=0.420247505
PACKLOG|try=0|profit=2768632|weight=5514544
PACKLOG|try=1|th=0.193990424|de=0.405644516|ga=0.400365059
PACKLOG|try=1|profit=2768632|weight=5514544
PACKLOG|best|profit=2768632|weight=5514544
PACKLOG|call=1164|tour_len=832|end_dist=18145828
PACKLOG|try=0|th=0.291633967|de=0.334969583|ga=0.373396450
PACKLOG|try=0|profit=4149231|weight=7906226
PACKLOG|try=1|th=0.571185797|de=0.153992777|ga=0.274821426
PACKLOG|try=1|profit=4151325|weight=7866095
PACKLOG|best|profit=4151325|weight=7866095
PACKLOG|call=1165|tour_len=710|end_dist=14368192
PACKLOG|try=0|th=0.342850318|de=0.171191786|ga=0.485957897
PACKLOG|try=0|profit=3546816|weight=7111817
PACKLOG|try=1|th=0.355689193|de=0.237547903|ga=0.406762904
PACKLOG|try=1|profit=3546816|weight=7111817
PACKLOG|best|profit=3546816|weight=7111817
PACKLOG|call=1166|tour_len=499|end_dist=9412505
PACKLOG|try=0|th=0.188033635|de=0.748570287|ga=0.063396078
PACKLOG|try=0|profit=2499681|weight=4992280
PACKLOG|try=1|th=0.643732368|de=0.103765907|ga=0.252501726
PACKLOG|try=1|profit=2499681|weight=4992280
PACKLOG|best|profit=2499681|weight=4992280
PACKLOG|call=1167|tour_len=877|end_dist=18709494
PACKLOG|try=0|th=0.231874384|de=0.170510544|ga=0.597615072
PACKLOG|try=0|profit=4298518|weight=7891126
PACKLOG|try=1|th=0.225857778|de=0.596979048|ga=0.177163174
PACKLOG|try=1|profit=4326307|weight=7803744
PACKLOG|best|profit=4326307|weight=7803744
PACKLOG|call=1168|tour_len=860|end_dist=17879786
PACKLOG|try=0|th=0.450816327|de=0.491362607|ga=0.057821066
PACKLOG|try=0|profit=4223825|weight=7558889
PACKLOG|try=1|th=0.380676266|de=0.491227030|ga=0.128096704
PACKLOG|try=1|profit=4226651|weight=7609149
PACKLOG|best|profit=4226651|weight=7609149
PACKLOG|call=1169|tour_len=321|end_dist=4978687
PACKLOG|try=0|th=0.561275449|de=0.034704184|ga=0.404020367
PACKLOG|try=0|profit=1604247|weight=3204275
PACKLOG|try=1|th=0.488969150|de=0.318482497|ga=0.192548354
PACKLOG|try=1|profit=1604247|weight=3204275
PACKLOG|best|profit=1604247|weight=3204275
PACKLOG|call=1170|tour_len=807|end_dist=17066415
PACKLOG|try=0|th=0.529013669|de=0.115703355|ga=0.355282976
PACKLOG|try=0|profit=4030665|weight=8042870
PACKLOG|try=1|th=0.594223412|de=0.217939812|ga=0.187836777
PACKLOG|try=1|profit=4030666|weight=8041856
PACKLOG|best|profit=4030666|weight=8041856
PACKLOG|call=1171|tour_len=349|end_dist=5401672
PACKLOG|try=0|th=0.778600307|de=0.194726450|ga=0.026673243
PACKLOG|try=0|profit=1734309|weight=3485551
PACKLOG|try=1|th=0.075974550|de=0.394367807|ga=0.529657643
PACKLOG|try=1|profit=1734309|weight=3485551
PACKLOG|best|profit=1734309|weight=3485551
PACKLOG|call=1172|tour_len=212|end_dist=3354041
PACKLOG|try=0|th=0.424890658|de=0.284706720|ga=0.290402622
PACKLOG|try=0|profit=1056084|weight=2109368
PACKLOG|try=1|th=0.085664086|de=0.512417912|ga=0.401918002
PACKLOG|try=1|profit=1056084|weight=2109368
PACKLOG|best|profit=1056084|weight=2109368
PACKLOG|call=1173|tour_len=749|end_dist=15946682
PACKLOG|try=0|th=0.111918043|de=0.739311059|ga=0.148770897
PACKLOG|try=0|profit=3747904|weight=7503436
PACKLOG|try=1|th=0.436436683|de=0.254003370|ga=0.309559947
PACKLOG|try=1|profit=3747904|weight=7503436
PACKLOG|best|profit=3747904|weight=7503436
PACKLOG|call=1174|tour_len=346|end_dist=5206273
PACKLOG|try=0|th=0.618299516|de=0.374435241|ga=0.007265242
PACKLOG|try=0|profit=1728100|weight=3455438
PACKLOG|try=1|th=0.014124460|de=0.547796400|ga=0.438079140
PACKLOG|try=1|profit=1728100|weight=3455438
PACKLOG|best|profit=1728100|weight=3455438
PACKLOG|call=1175|tour_len=786|end_dist=16997952
PACKLOG|try=0|th=0.120233872|de=0.354284111|ga=0.525482017
PACKLOG|try=0|profit=3952315|weight=7875156
PACKLOG|try=1|th=0.310009165|de=0.167593969|ga=0.522396866
PACKLOG|try=1|profit=3952315|weight=7875156
PACKLOG|best|profit=3952315|weight=7875156
PACKLOG|call=1176|tour_len=252|end_dist=3904670
PACKLOG|try=0|th=0.399656911|de=0.419246781|ga=0.181096308
PACKLOG|try=0|profit=1242590|weight=2511205
PACKLOG|try=1|th=0.489479854|de=0.131691483|ga=0.378828663
PACKLOG|try=1|profit=1242590|weight=2511205
PACKLOG|best|profit=1242590|weight=2511205
PACKLOG|call=1177|tour_len=622|end_dist=13658124
PACKLOG|try=0|th=0.463609798|de=0.161991133|ga=0.374399069
PACKLOG|try=0|profit=3119082|weight=6227751
PACKLOG|try=1|th=0.328381233|de=0.340552186|ga=0.331066581
PACKLOG|try=1|profit=3119082|weight=6227751
PACKLOG|best|profit=3119082|weight=6227751
PACKLOG|call=1178|tour_len=444|end_dist=8144209
PACKLOG|try=0|th=0.265287994|de=0.033430961|ga=0.701281045
PACKLOG|try=0|profit=2208682|weight=4439904
PACKLOG|try=1|th=0.329164407|de=0.405238779|ga=0.265596814
PACKLOG|try=1|profit=2208682|weight=4439904
PACKLOG|best|profit=2208682|weight=4439904
PACKLOG|call=1179|tour_len=457|end_dist=8740453
PACKLOG|try=0|th=0.442347802|de=0.065576245|ga=0.492075954
PACKLOG|try=0|profit=2256036|weight=4570595
PACKLOG|try=1|th=0.072263436|de=0.373991502|ga=0.553745061
PACKLOG|try=1|profit=2256036|weight=4570595
PACKLOG|best|profit=2256036|weight=4570595
PACKLOG|call=1180|tour_len=374|end_dist=6769258
PACKLOG|try=0|th=0.139837783|de=0.770941066|ga=0.089221151
PACKLOG|try=0|profit=1854440|weight=3736890
PACKLOG|try=1|th=0.509503336|de=0.276750851|ga=0.213745813
PACKLOG|try=1|profit=1854440|weight=3736890
PACKLOG|best|profit=1854440|weight=3736890
PACKLOG|call=1181|tour_len=505|end_dist=9430398
PACKLOG|try=0|th=0.385126429|de=0.134777635|ga=0.480095936
PACKLOG|try=0|profit=2514393|weight=5052582
PACKLOG|try=1|th=0.411884126|de=0.366960016|ga=0.221155858
PACKLOG|try=1|profit=2514393|weight=5052582
PACKLOG|best|profit=2514393|weight=5052582
PACKLOG|call=1182|tour_len=809|end_dist=16958385
PACKLOG|try=0|th=0.083527226|de=0.397566768|ga=0.518906006
PACKLOG|try=0|profit=4051655|weight=8106194
PACKLOG|try=1|th=0.127659977|de=0.723385266|ga=0.148954757
PACKLOG|try=1|profit=4051655|weight=8106194
PACKLOG|best|profit=4051655|weight=8106194
PACKLOG|call=1183|tour_len=299|end_dist=4482713
PACKLOG|try=0|th=0.152607944|de=0.460339203|ga=0.387052853
PACKLOG|try=0|profit=1497664|weight=2983365
PACKLOG|try=1|th=0.456222879|de=0.512546153|ga=0.031230968
PACKLOG|try=1|profit=1497664|weight=2983365
PACKLOG|best|profit=1497664|weight=2983365
PACKLOG|call=1184|tour_len=312|end_dist=5180359
PACKLOG|try=0|th=0.258714687|de=0.534400024|ga=0.206885289
PACKLOG|try=0|profit=1562043|weight=3113947
PACKLOG|try=1|th=0.489359509|de=0.147275186|ga=0.363365305
PACKLOG|try=1|profit=1562043|weight=3113947
PACKLOG|best|profit=1562043|weight=3113947
PACKLOG|call=1185|tour_len=425|end_dist=7767679
PACKLOG|try=0|th=0.049953641|de=0.346035784|ga=0.604010575
PACKLOG|try=0|profit=2107477|weight=4249179
PACKLOG|try=1|th=0.344476469|de=0.361133425|ga=0.294390106
PACKLOG|try=1|profit=2107477|weight=4249179
PACKLOG|best|profit=2107477|weight=4249179
PACKLOG|call=1186|tour_len=197|end_dist=3062987
PACKLOG|try=0|th=0.143028156|de=0.486295637|ga=0.370676208
PACKLOG|try=0|profit=980436|weight=1958633
PACKLOG|try=1|th=0.579644714|de=0.111324944|ga=0.309030342
PACKLOG|try=1|profit=980436|weight=1958633
PACKLOG|best|profit=980436|weight=1958633
PACKLOG|call=1187|tour_len=302|end_dist=4818236
PACKLOG|try=0|th=0.482282293|de=0.455779117|ga=0.061938591
PACKLOG|try=0|profit=1502124|weight=3013460
PACKLOG|try=1|th=0.340660155|de=0.637296968|ga=0.022042876
PACKLOG|try=1|profit=1502124|weight=3013460
PACKLOG|best|profit=1502124|weight=3013460
PACKLOG|call=1188|tour_len=950|end_dist=21185091
PACKLOG|try=0|th=0.345102537|de=0.258192801|ga=0.396704662
PACKLOG|try=0|profit=4322933|weight=7101641
PACKLOG|try=1|th=0.241964732|de=0.466790990|ga=0.291244277
PACKLOG|try=1|profit=4319247|weight=7112677
PACKLOG|best|profit=4322933|weight=7101641
PACKLOG|call=1189|tour_len=400|end_dist=6390829
PACKLOG|try=0|th=0.493549577|de=0.143013807|ga=0.363436616
PACKLOG|try=0|profit=2006529|weight=3997686
PACKLOG|try=1|th=0.027180578|de=0.954099443|ga=0.018719980
PACKLOG|try=1|profit=2006529|weight=3997686
PACKLOG|best|profit=2006529|weight=3997686
PACKLOG|call=1190|tour_len=361|end_dist=5867965
PACKLOG|try=0|th=0.255438518|de=0.371254005|ga=0.373307477
PACKLOG|try=0|profit=1802818|weight=3605969
PACKLOG|try=1|th=0.291176887|de=0.358514697|ga=0.350308416
PACKLOG|try=1|profit=1802818|weight=3605969
PACKLOG|best|profit=1802818|weight=3605969
PACKLOG|call=1191|tour_len=299|end_dist=4521292
PACKLOG|try=0|th=0.504144621|de=0.410395039|ga=0.085460341
PACKLOG|try=0|profit=1497479|weight=2983328
PACKLOG|try=1|th=0.529511347|de=0.302359353|ga=0.168129300
PACKLOG|try=1|profit=1497479|weight=2983328
PACKLOG|best|profit=1497479|weight=2983328
PACKLOG|call=1192|tour_len=486|end_dist=9040525
PACKLOG|try=0|th=0.097534057|de=0.149351202|ga=0.753114740
PACKLOG|try=0|profit=2431977|weight=4861696
PACKLOG|try=1|th=0.032907161|de=0.549176344|ga=0.417916495
PACKLOG|try=1|profit=2431977|weight=4861696
PACKLOG|best|profit=2431977|weight=4861696
PACKLOG|call=1193|tour_len=779|end_dist=16316987
PACKLOG|try=0|th=0.395373703|de=0.114213545|ga=0.490412752
PACKLOG|try=0|profit=3892500|weight=7804899
PACKLOG|try=1|th=0.318361314|de=0.595827457|ga=0.085811228
PACKLOG|try=1|profit=3892500|weight=7804899
PACKLOG|best|profit=3892500|weight=7804899
PACKLOG|call=1194|tour_len=381|end_dist=6217320
PACKLOG|try=0|th=0.515635650|de=0.392497788|ga=0.091866563
PACKLOG|try=0|profit=1893290|weight=3806980
PACKLOG|try=1|th=0.021039693|de=0.362110206|ga=0.616850100
PACKLOG|try=1|profit=1893290|weight=3806980
PACKLOG|best|profit=1893290|weight=3806980
PACKLOG|call=1195|tour_len=906|end_dist=21676520
PACKLOG|try=0|th=0.143928845|de=0.429693421|ga=0.426377734
PACKLOG|try=0|profit=3778152|weight=6335150
PACKLOG|try=1|th=0.424024135|de=0.568809647|ga=0.007166218
PACKLOG|try=1|profit=3883370|weight=5612117
PACKLOG|best|profit=3883370|weight=5612117
PACKLOG|call=1196|tour_len=349|end_dist=5819805
PACKLOG|try=0|th=0.160682580|de=0.092134017|ga=0.747183403
PACKLOG|try=0|profit=1755393|weight=3485559
PACKLOG|try=1|th=0.288319809|de=0.683684672|ga=0.027995519
PACKLOG|try=1|profit=1755393|weight=3485559
PACKLOG|best|profit=1755393|weight=3485559
PACKLOG|call=1197|tour_len=207|end_dist=3104938
PACKLOG|try=0|th=0.250904229|de=0.371423511|ga=0.377672260
PACKLOG|try=0|profit=1026343|weight=2059141
PACKLOG|try=1|th=0.478593603|de=0.192641231|ga=0.328765166
PACKLOG|try=1|profit=1026343|weight=2059141
PACKLOG|best|profit=1026343|weight=2059141
PACKLOG|call=1198|tour_len=310|end_dist=5006569
PACKLOG|try=0|th=0.133369536|de=0.532427715|ga=0.334202749
PACKLOG|try=0|profit=1542613|weight=3093916
PACKLOG|try=1|th=0.306413382|de=0.293969151|ga=0.399617467
PACKLOG|try=1|profit=1542613|weight=3093916
PACKLOG|best|profit=1542613|weight=3093916
PACKLOG|call=1199|tour_len=904|end_dist=19319237
PACKLOG|try=0|th=0.237889018|de=0.399800716|ga=0.362310265
PACKLOG|try=0|profit=4350960|weight=7700495
PACKLOG|try=1|th=0.389981622|de=0.395436454|ga=0.214581924
PACKLOG|try=1|profit=4374125|weight=7562845
PACKLOG|best|profit=4374125|weight=7562845
PACKLOG|call=1200|tour_len=399|end_dist=6991759
PACKLOG|try=0|th=0.449889013|de=0.186725068|ga=0.363385919
PACKLOG|try=0|profit=1985624|weight=3987786
PACKLOG|try=1|th=0.336471263|de=0.303319541|ga=0.360209196
PACKLOG|try=1|profit=1985624|weight=3987786
PACKLOG|best|profit=1985624|weight=3987786
PACKLOG|call=1201|tour_len=510|end_dist=9458220
PACKLOG|try=0|th=0.278718331|de=0.257697002|ga=0.463584668
PACKLOG|try=0|profit=2535401|weight=5102721
PACKLOG|try=1|th=0.163396094|de=0.148205818|ga=0.688398088
PACKLOG|try=1|profit=2535401|weight=5102721
PACKLOG|best|profit=2535401|weight=5102721
PACKLOG|call=1202|tour_len=496|end_dist=8372546
PACKLOG|try=0|th=0.305426400|de=0.603736131|ga=0.090837469
PACKLOG|try=0|profit=2477614|weight=4962070
PACKLOG|try=1|th=0.265555949|de=0.402509411|ga=0.331934640
PACKLOG|try=1|profit=2477614|weight=4962070
PACKLOG|best|profit=2477614|weight=4962070
PACKLOG|call=1203|tour_len=729|end_dist=15768779
PACKLOG|try=0|th=0.700624357|de=0.182599178|ga=0.116776465
PACKLOG|try=0|profit=3633510|weight=7302749
PACKLOG|try=1|th=0.215696974|de=0.439793128|ga=0.344509898
PACKLOG|try=1|profit=3633510|weight=7302749
PACKLOG|best|profit=3633510|weight=7302749
PACKLOG|call=1204|tour_len=533|end_dist=10781108
PACKLOG|try=0|th=0.116193247|de=0.404425507|ga=0.479381247
PACKLOG|try=0|profit=2643725|weight=5333784
PACKLOG|try=1|th=0.004895697|de=0.578238117|ga=0.416866186
PACKLOG|try=1|profit=2643725|weight=5333784
PACKLOG|best|profit=2643725|weight=5333784
PACKLOG|call=1205|tour_len=940|end_dist=20091578
PACKLOG|try=0|th=0.142936316|de=0.483594380|ga=0.373469304
PACKLOG|try=0|profit=4339337|weight=7663150
PACKLOG|try=1|th=0.317540624|de=0.318657422|ga=0.363801954
PACKLOG|try=1|profit=4428100|weight=7539693
PACKLOG|best|profit=4428100|weight=7539693
PACKLOG|call=1206|tour_len=628|end_dist=12162514
PACKLOG|try=0|th=0.389569833|de=0.413620121|ga=0.196810046
PACKLOG|try=0|profit=3142547|weight=6287980
PACKLOG|try=1|th=0.174809833|de=0.272072531|ga=0.553117637
PACKLOG|try=1|profit=3142547|weight=6287980
PACKLOG|best|profit=3142547|weight=6287980
PACKLOG|call=1207|tour_len=703|end_dist=15637873
PACKLOG|try=0|th=0.681955902|de=0.000589012|ga=0.317455085
PACKLOG|try=0|profit=3513111|weight=7041582
PACKLOG|try=1|th=0.404519957|de=0.444276253|ga=0.151203790
PACKLOG|try=1|profit=3513111|weight=7041582
PACKLOG|best|profit=3513111|weight=7041582
PACKLOG|call=1208|tour_len=827|end_dist=17651080
PACKLOG|try=0|th=0.166052379|de=0.572639588|ga=0.261308033
PACKLOG|try=0|profit=4130571|weight=8032936
PACKLOG|try=1|th=0.345062230|de=0.221665708|ga=0.433272062
PACKLOG|try=1|profit=4130931|weight=8028916
PACKLOG|best|profit=4130931|weight=8028916
PACKLOG|call=1209|tour_len=831|end_dist=17547919
PACKLOG|try=0|th=0.015732448|de=0.112213641|ga=0.872053910
PACKLOG|try=0|profit=3956890|weight=7817019
PACKLOG|try=1|th=0.275433555|de=0.262541426|ga=0.462025019
PACKLOG|try=1|profit=4119264|weight=7721578
PACKLOG|best|profit=4119264|weight=7721578
PACKLOG|call=1210|tour_len=300|end_dist=4464754
PACKLOG|try=0|th=0.210456367|de=0.400910169|ga=0.388633464
PACKLOG|try=0|profit=1503529|weight=2993279
PACKLOG|try=1|th=0.625305538|de=0.136480052|ga=0.238214409
PACKLOG|try=1|profit=1503529|weight=2993279
PACKLOG|best|profit=1503529|weight=2993279
PACKLOG|call=1211|tour_len=532|end_dist=10673099
PACKLOG|try=0|th=0.164827640|de=0.245637013|ga=0.589535347
PACKLOG|try=0|profit=2655409|weight=5323961
PACKLOG|try=1|th=0.536907935|de=0.159181530|ga=0.303910535
PACKLOG|try=1|profit=2655409|weight=5323961
PACKLOG|best|profit=2655409|weight=5323961
PACKLOG|call=1212|tour_len=344|end_dist=5392307
PACKLOG|try=0|th=0.010962825|de=0.736302317|ga=0.252734858
PACKLOG|try=0|profit=1703369|weight=3435350
PACKLOG|try=1|th=0.153423800|de=0.391507773|ga=0.455068427
PACKLOG|try=1|profit=1703369|weight=3435350
PACKLOG|best|profit=1703369|weight=3435350
PACKLOG|call=1213|tour_len=811|end_dist=17550192
PACKLOG|try=0|th=0.366855291|de=0.356170219|ga=0.276974491
PACKLOG|try=0|profit=4055192|weight=7926348
PACKLOG|try=1|th=0.439353858|de=0.438400440|ga=0.122245703
PACKLOG|try=1|profit=4055264|weight=7908261
PACKLOG|best|profit=4055264|weight=7908261
PACKLOG|call=1214|tour_len=194|end_dist=2993301
PACKLOG|try=0|th=0.418913885|de=0.365910711|ga=0.215175404
PACKLOG|try=0|profit=972607|weight=1928687
PACKLOG|try=1|th=0.239189036|de=0.184195192|ga=0.576615772
PACKLOG|try=1|profit=972607|weight=1928687
PACKLOG|best|profit=972607|weight=1928687
PACKLOG|call=1215|tour_len=588|end_dist=10798219
PACKLOG|try=0|th=0.371180825|de=0.374360187|ga=0.254458988
PACKLOG|try=0|profit=2925806|weight=5886305
PACKLOG|try=1|th=0.299302822|de=0.352057629|ga=0.348639549
PACKLOG|try=1|profit=2925806|weight=5886305
PACKLOG|best|profit=2925806|weight=5886305
PACKLOG|call=1216|tour_len=948|end_dist=21437514
PACKLOG|try=0|th=0.335131821|de=0.535586791|ga=0.129281389
PACKLOG|try=0|profit=4334275|weight=6830421
PACKLOG|try=1|th=0.006216579|de=0.473386210|ga=0.520397211
PACKLOG|try=1|profit=3896323|weight=7743350
PACKLOG|best|profit=4334275|weight=6830421
PACKLOG|call=1217|tour_len=904|end_dist=18781869
PACKLOG|try=0|th=0.346439711|de=0.185657172|ga=0.467903116
PACKLOG|try=0|profit=4392017|weight=7841040
PACKLOG|try=1|th=0.389146062|de=0.204281680|ga=0.406572259
PACKLOG|try=1|profit=4399260|weight=7816975
PACKLOG|best|profit=4399260|weight=7816975
PACKLOG|call=1218|tour_len=513|end_dist=9277448
PACKLOG|try=0|th=0.372402153|de=0.240971350|ga=0.386626497
PACKLOG|try=0|profit=2554425|weight=5132851
PACKLOG|try=1|th=0.122195121|de=0.236276995|ga=0.641527885
PACKLOG|try=1|profit=2554425|weight=5132851
PACKLOG|best|profit=2554425|weight=5132851
PACKLOG|call=1219|tour_len=834|end_dist=17433792
PACKLOG|try=0|th=0.456226875|de=0.448864951|ga=0.094908174
PACKLOG|try=0|profit=4174427|weight=8096135
PACKLOG|try=1|th=0.379015819|de=0.552333505|ga=0.068650676
PACKLOG|try=1|profit=4174415|weight=8095118
PACKLOG|best|profit=4174427|weight=8096135
PACKLOG|call=1220|tour_len=788|end_dist=16589592
PACKLOG|try=0|th=0.400140852|de=0.117203632|ga=0.482655516
PACKLOG|try=0|profit=3947133|weight=7895191
PACKLOG|try=1|th=0.200825616|de=0.465116607|ga=0.334057777
PACKLOG|try=1|profit=3947133|weight=7895191
PACKLOG|best|profit=3947133|weight=7895191
PACKLOG|call=1221|tour_len=431|end_dist=7696348
PACKLOG|try=0|th=0.212544832|de=0.576585110|ga=0.210870058
PACKLOG|try=0|profit=2142522|weight=4309179
PACKLOG|try=1|th=0.103141808|de=0.514617279|ga=0.382240913
PACKLOG|try=1|profit=2142522|weight=4309179
PACKLOG|best|profit=2142522|weight=4309179
PACKLOG|call=1222|tour_len=577|end_dist=10848701
PACKLOG|try=0|th=0.339506424|de=0.392577792|ga=0.267915784
PACKLOG|try=0|profit=2891026|weight=5775695
PACKLOG|try=1|th=0.182002522|de=0.453808007|ga=0.364189472
PACKLOG|try=1|profit=2891026|weight=5775695
PACKLOG|best|profit=2891026|weight=5775695
PACKLOG|call=1223|tour_len=445|end_dist=7940108
PACKLOG|try=0|th=0.252713431|de=0.485266762|ga=0.262019807
PACKLOG|try=0|profit=2219094|weight=4449760
PACKLOG|try=1|th=0.259344903|de=0.519527380|ga=0.221127717
PACKLOG|try=1|profit=2219094|weight=4449760
PACKLOG|best|profit=2219094|weight=4449760
PACKLOG|call=1224|tour_len=412|end_dist=7202881
PACKLOG|try=0|th=0.304634319|de=0.256576833|ga=0.438788849
PACKLOG|try=0|profit=2058364|weight=4118594
PACKLOG|try=1|th=0.609525939|de=0.054260068|ga=0.336213993
PACKLOG|try=1|profit=2058364|weight=4118594
PACKLOG|best|profit=2058364|weight=4118594
PACKLOG|call=1225|tour_len=804|end_dist=17718442
PACKLOG|try=0|th=0.014339877|de=0.550814976|ga=0.434845147
PACKLOG|try=0|profit=4035407|weight=7913162
PACKLOG|try=1|th=0.443646717|de=0.235752150|ga=0.320601133
PACKLOG|try=1|profit=4048467|weight=7892074
PACKLOG|best|profit=4048467|weight=7892074
PACKLOG|call=1226|tour_len=313|end_dist=4848155
PACKLOG|try=0|th=0.233488357|de=0.362765146|ga=0.403746497
PACKLOG|try=0|profit=1578197|weight=3123763
PACKLOG|try=1|th=0.094166118|de=0.715601221|ga=0.190232661
PACKLOG|try=1|profit=1578197|weight=3123763
PACKLOG|best|profit=1578197|weight=3123763
PACKLOG|call=1227|tour_len=659|end_dist=14636275
PACKLOG|try=0|th=0.341620975|de=0.328721990|ga=0.329657034
PACKLOG|try=0|profit=3314146|weight=6599452
PACKLOG|try=1|th=0.501523659|de=0.361863091|ga=0.136613250
PACKLOG|try=1|profit=3314146|weight=6599452
PACKLOG|best|profit=3314146|weight=6599452
PACKLOG|call=1228|tour_len=862|end_dist=18531894
PACKLOG|try=0|th=0.414139132|de=0.282392474|ga=0.303468395
PACKLOG|try=0|profit=4267672|weight=7809973
PACKLOG|try=1|th=0.358957432|de=0.124587847|ga=0.516454721
PACKLOG|try=1|profit=4260508|weight=7859190
PACKLOG|best|profit=4267672|weight=7809973
PACKLOG|call=1229|tour_len=782|end_dist=16673140
PACKLOG|try=0|th=0.604783411|de=0.148266633|ga=0.246949956
PACKLOG|try=0|profit=3917372|weight=7834841
PACKLOG|try=1|th=0.460456389|de=0.316233344|ga=0.223310267
PACKLOG|try=1|profit=3917372|weight=7834841
PACKLOG|best|profit=3917372|weight=7834841
PACKLOG|call=1230|tour_len=735|end_dist=16157577
PACKLOG|try=0|th=0.344007970|de=0.426075183|ga=0.229916847
PACKLOG|try=0|profit=3687852|weight=7362893
PACKLOG|try=1|th=0.092655527|de=0.419103295|ga=0.488241178
PACKLOG|try=1|profit=3687852|weight=7362893
PACKLOG|best|profit=3687852|weight=7362893
PACKLOG|call=1231|tour_len=367|end_dist=6675358
PACKLOG|try=0|th=0.481604375|de=0.291999290|ga=0.226396335
PACKLOG|try=0|profit=1838275|weight=3666470
PACKLOG|try=1|th=0.168515948|de=0.364339731|ga=0.467144321
PACKLOG|try=1|profit=1838275|weight=3666470
PACKLOG|best|profit=1838275|weight=3666470
PACKLOG|call=1232|tour_len=375|end_dist=6797925
PACKLOG|try=0|th=0.559712604|de=0.023643447|ga=0.416643949
PACKLOG|try=0|profit=1875836|weight=3746861
PACKLOG|try=1|th=0.071120250|de=0.197059822|ga=0.731819928
PACKLOG|try=1|profit=1875836|weight=3746861
PACKLOG|best|profit=1875836|weight=3746861
PACKLOG|call=1233|tour_len=892|end_dist=19162848
PACKLOG|try=0|th=0.400214400|de=0.305561029|ga=0.294224572
PACKLOG|try=0|profit=4348076|weight=7669318
PACKLOG|try=1|th=0.433626607|de=0.506900223|ga=0.059473170
PACKLOG|try=1|profit=4344444|weight=7507623
PACKLOG|best|profit=4348076|weight=7669318
PACKLOG|call=1234|tour_len=269|end_dist=4307910
PACKLOG|try=0|th=0.906522203|de=0.048183569|ga=0.045294228
PACKLOG|try=0|profit=1337127|weight=2682006
PACKLOG|try=1|th=0.231516209|de=0.132663271|ga=0.635820520
PACKLOG|try=1|profit=1337127|weight=2682006
PACKLOG|best|profit=1337127|weight=2682006
PACKLOG|call=1235|tour_len=463|end_dist=8053437
PACKLOG|try=0|th=0.417190192|de=0.576119371|ga=0.006690436
PACKLOG|try=0|profit=2298022|weight=4630671
PACKLOG|try=1|th=0.617102470|de=0.210168801|ga=0.172728729
PACKLOG|try=1|profit=2298022|weight=4630671
PACKLOG|best|profit=2298022|weight=4630671
PACKLOG|call=1236|tour_len=767|end_dist=17504600
PACKLOG|try=0|th=0.355273348|de=0.010873010|ga=0.633853642
PACKLOG|try=0|profit=3820875|weight=7684442
PACKLOG|try=1|th=0.437139875|de=0.111533176|ga=0.451326949
PACKLOG|try=1|profit=3820875|weight=7684442
PACKLOG|best|profit=3820875|weight=7684442
PACKLOG|call=1237|tour_len=849|end_dist=18308618
PACKLOG|try=0|th=0.071596464|de=0.809420979|ga=0.118982557
PACKLOG|try=0|profit=4228634|weight=7938261
PACKLOG|try=1|th=0.163947062|de=0.224171780|ga=0.611881157
PACKLOG|try=1|profit=4216083|weight=7963404
PACKLOG|best|profit=4228634|weight=7938261
PACKLOG|call=1238|tour_len=470|end_dist=9470897
PACKLOG|try=0|th=0.055916994|de=0.748479322|ga=0.195603684
PACKLOG|try=0|profit=2331383|weight=4701248
PACKLOG|try=1|th=0.831396947|de=0.050825707|ga=0.117777346
PACKLOG|try=1|profit=2331383|weight=4701248
PACKLOG|best|profit=2331383|weight=4701248
PACKLOG|call=1239|tour_len=812|end_dist=17049553
PACKLOG|try=0|th=0.325334310|de=0.313470502|ga=0.361195187
PACKLOG|try=0|profit=4053396|weight=8084028
PACKLOG|try=1|th=0.414663037|de=0.365649233|ga=0.219687730
PACKLOG|try=1|profit=4053420|weight=8082016
PACKLOG|best|profit=4053420|weight=8082016
PACKLOG|call=1240|tour_len=791|end_dist=17348298
PACKLOG|try=0|th=0.292257254|de=0.259051432|ga=0.448691314
PACKLOG|try=0|profit=3950364|weight=7801769
PACKLOG|try=1|th=0.267568940|de=0.583206447|ga=0.149224613
PACKLOG|try=1|profit=3950585|weight=7793730
PACKLOG|best|profit=3950585|weight=7793730
PACKLOG|call=1241|tour_len=478|end_dist=8385797
PACKLOG|try=0|th=0.441103698|de=0.166275319|ga=0.392620983
PACKLOG|try=0|profit=2374372|weight=4781487
PACKLOG|try=1|th=0.315757253|de=0.616231151|ga=0.068011596
PACKLOG|try=1|profit=2374372|weight=4781487
PACKLOG|best|profit=2374372|weight=4781487
PACKLOG|call=1242|tour_len=858|end_dist=18164225
PACKLOG|try=0|th=0.104786400|de=0.849309846|ga=0.045903754
PACKLOG|try=0|profit=4258482|weight=7811853
PACKLOG|try=1|th=0.337273502|de=0.218568768|ga=0.444157730
PACKLOG|try=1|profit=4253238|weight=7872249
PACKLOG|best|profit=4258482|weight=7811853
PACKLOG|call=1243|tour_len=911|end_dist=20488230
PACKLOG|try=0|th=0.338397996|de=0.368248173|ga=0.293353831
PACKLOG|try=0|profit=4147863|weight=6692119
PACKLOG|try=1|th=0.652271176|de=0.242571572|ga=0.105157252
PACKLOG|try=1|profit=4131741|weight=6384653
PACKLOG|best|profit=4147863|weight=6692119
PACKLOG|call=1244|tour_len=801|end_dist=16941884
PACKLOG|try=0|th=0.040015913|de=0.337769237|ga=0.622214851
PACKLOG|try=0|profit=3995361|weight=8025824
PACKLOG|try=1|th=0.040335489|de=0.256960620|ga=0.702703890
PACKLOG|try=1|profit=3995361|weight=8025824
PACKLOG|best|profit=3995361|weight=8025824
PACKLOG|call=1245|tour_len=808|end_dist=17284108
PACKLOG|try=0|th=0.046332398|de=0.393551980|ga=0.560115622
PACKLOG|try=0|profit=4035269|weight=8014760
PACKLOG|try=1|th=0.570849979|de=0.407174985|ga=0.021975036
PACKLOG|try=1|profit=4037508|weight=7989636
PACKLOG|best|profit=4037508|weight=7989636
PACKLOG|call=1246|tour_len=844|end_dist=19900287
PACKLOG|try=0|th=0.847689748|de=0.030376050|ga=0.121934202
PACKLOG|try=0|profit=4103042|weight=6945226
PACKLOG|try=1|th=0.117620001|de=0.368428192|ga=0.513951808
PACKLOG|try=1|profit=4016746|weight=7282630
PACKLOG|best|profit=4103042|weight=6945226
PACKLOG|call=1247|tour_len=316|end_dist=4973544
PACKLOG|try=0|th=0.375195419|de=0.439212154|ga=0.185592428
PACKLOG|try=0|profit=1567241|weight=3154056
PACKLOG|try=1|th=0.087839717|de=0.624320163|ga=0.287840120
PACKLOG|try=1|profit=1567241|weight=3154056
PACKLOG|best|profit=1567241|weight=3154056
PACKLOG|call=1248|tour_len=928|end_dist=20794696
PACKLOG|try=0|th=0.150890443|de=0.757475754|ga=0.091633804
PACKLOG|try=0|profit=4333566|weight=7067515
PACKLOG|try=1|th=0.397235598|de=0.257013968|ga=0.345750434
PACKLOG|try=1|profit=4325140|weight=7148962
PACKLOG|best|profit=4333566|weight=7067515
PACKLOG|call=1249|tour_len=917|end_dist=20169448
PACKLOG|try=0|th=0.134663131|de=0.414346919|ga=0.450989951
PACKLOG|try=0|profit=4194318|weight=7442265
PACKLOG|try=1|th=0.312881850|de=0.590263757|ga=0.096854393
PACKLOG|try=1|profit=4331486|weight=7061645
PACKLOG|best|profit=4331486|weight=7061645
PACKLOG|call=1250|tour_len=320|end_dist=5773273
PACKLOG|try=0|th=0.147444555|de=0.374073342|ga=0.478482103
PACKLOG|try=0|profit=1596325|weight=3194493
PACKLOG|try=1|th=0.055702485|de=0.499990086|ga=0.444307429
PACKLOG|try=1|profit=1596325|weight=3194493
PACKLOG|best|profit=1596325|weight=3194493
PACKLOG|call=1251|tour_len=592|end_dist=14281639
PACKLOG|try=0|th=0.260571679|de=0.229830376|ga=0.509597946
PACKLOG|try=0|profit=2970936|weight=5926516
PACKLOG|try=1|th=0.346280046|de=0.337195154|ga=0.316524800
PACKLOG|try=1|profit=2970936|weight=5926516
PACKLOG|best|profit=2970936|weight=5926516
PACKLOG|call=1252|tour_len=656|end_dist=14965285
PACKLOG|try=0|th=0.608475775|de=0.349175670|ga=0.042348555
PACKLOG|try=0|profit=3276780|weight=6569536
PACKLOG|try=1|th=0.018757418|de=0.546792484|ga=0.434450098
PACKLOG|try=1|profit=3276780|weight=6569536
PACKLOG|best|profit=3276780|weight=6569536
PACKLOG|call=1253|tour_len=485|end_dist=8685871
PACKLOG|try=0|th=0.455775496|de=0.259949848|ga=0.284274656
PACKLOG|try=0|profit=2405354|weight=4851868
PACKLOG|try=1|th=0.421264312|de=0.300847433|ga=0.277888255
PACKLOG|try=1|profit=2405354|weight=4851868
PACKLOG|best|profit=2405354|weight=4851868
PACKLOG|call=1254|tour_len=516|end_dist=11497717
PACKLOG|try=0|th=0.080939435|de=0.522699022|ga=0.396361543
PACKLOG|try=0|profit=2562598|weight=5163243
PACKLOG|try=1|th=0.463827650|de=0.182250299|ga=0.353922051
PACKLOG|try=1|profit=2562598|weight=5163243
PACKLOG|best|profit=2562598|weight=5163243
PACKLOG|call=1255|tour_len=660|end_dist=15145635
PACKLOG|try=0|th=0.504160315|de=0.129153576|ga=0.366686110
PACKLOG|try=0|profit=3303184|weight=6609653
PACKLOG|try=1|th=0.146927413|de=0.420236848|ga=0.432835738
PACKLOG|try=1|profit=3303184|weight=6609653
PACKLOG|best|profit=3303184|weight=6609653
PACKLOG|call=1256|tour_len=513|end_dist=10106057
PACKLOG|try=0|th=0.509048911|de=0.282342599|ga=0.208608490
PACKLOG|try=0|profit=2575889|weight=5132834
PACKLOG|try=1|th=0.082423124|de=0.726672805|ga=0.190904071
PACKLOG|try=1|profit=2575889|weight=5132834
PACKLOG|best|profit=2575889|weight=5132834
PACKLOG|call=1257|tour_len=573|end_dist=11091505
PACKLOG|try=0|th=0.395866641|de=0.110656136|ga=0.493477223
PACKLOG|try=0|profit=2862431|weight=5735555
PACKLOG|try=1|th=0.332460626|de=0.218817694|ga=0.448721680
PACKLOG|try=1|profit=2862431|weight=5735555
PACKLOG|best|profit=2862431|weight=5735555
PACKLOG|call=1258|tour_len=836|end_dist=18004459
PACKLOG|try=0|th=0.325725469|de=0.324355038|ga=0.349919493
PACKLOG|try=0|profit=4160256|weight=7816916
PACKLOG|try=1|th=0.585120947|de=0.170256961|ga=0.244622093
PACKLOG|try=1|profit=4162251|weight=7773737
PACKLOG|best|profit=4162251|weight=7773737
PACKLOG|call=1259|tour_len=785|end_dist=17217872
PACKLOG|try=0|th=0.477092632|de=0.367313232|ga=0.155594136
PACKLOG|try=0|profit=3950955|weight=7864986
PACKLOG|try=1|th=0.155867322|de=0.454488321|ga=0.389644358
PACKLOG|try=1|profit=3950955|weight=7864986
PACKLOG|best|profit=3950955|weight=7864986
PACKLOG|call=1260|tour_len=687|end_dist=15207647
PACKLOG|try=0|th=0.253768114|de=0.235109330|ga=0.511122556
PACKLOG|try=0|profit=3439703|weight=6880663
PACKLOG|try=1|th=0.354630096|de=0.277449654|ga=0.367920250
PACKLOG|try=1|profit=3439703|weight=6880663
PACKLOG|best|profit=3439703|weight=6880663
PACKLOG|call=1261|tour_len=832|end_dist=17916228
PACKLOG|try=0|th=0.532337544|de=0.345110427|ga=0.122552029
PACKLOG|try=0|profit=4125541|weight=7647194
PACKLOG|try=1|th=0.142689557|de=0.316725918|ga=0.540584525
PACKLOG|try=1|profit=4103505|weight=7768727
PACKLOG|best|profit=4125541|weight=7647194
PACKLOG|call=1262|tour_len=326|end_dist=6046897
PACKLOG|try=0|th=0.630588531|de=0.096730371|ga=0.272681098
PACKLOG|try=0|profit=1621815|weight=3254457
PACKLOG|try=1|th=0.384777845|de=0.258626256|ga=0.356595899
PACKLOG|try=1|profit=1621815|weight=3254457
PACKLOG|best|profit=1621815|weight=3254457
PACKLOG|call=1263|tour_len=884|end_dist=19907633
PACKLOG|try=0|th=0.499170642|de=0.091803478|ga=0.409025880
PACKLOG|try=0|profit=4242956|weight=7297718
PACKLOG|try=1|th=0.072613008|de=0.528126329|ga=0.399260663
PACKLOG|try=1|profit=4073348|weight=7498435
PACKLOG|best|profit=4242956|weight=7297718
PACKLOG|call=1264|tour_len=888|end_dist=20273274
PACKLOG|try=0|th=0.416872545|de=0.005063010|ga=0.578064445
PACKLOG|try=0|profit=4210565|weight=7216331
PACKLOG|try=1|th=0.411908803|de=0.402695275|ga=0.185395922
PACKLOG|try=1|profit=4235680|weight=7023448
PACKLOG|best|profit=4235680|weight=7023448
PACKLOG|call=1265|tour_len=276|end_dist=4360390
PACKLOG|try=0|th=0.455246848|de=0.008365641|ga=0.536387510
PACKLOG|try=0|profit=1368075|weight=2752250
PACKLOG|try=1|th=0.434952469|de=0.421158667|ga=0.143888864
PACKLOG|try=1|profit=1368075|weight=2752250
PACKLOG|best|profit=1368075|weight=2752250
PACKLOG|call=1266|tour_len=761|end_dist=16607578
PACKLOG|try=0|th=0.198553337|de=0.362714667|ga=0.438731996
PACKLOG|try=0|profit=3822137|weight=7623917
PACKLOG|try=1|th=0.209966742|de=0.684483716|ga=0.105549542
PACKLOG|try=1|profit=3822137|weight=7623917
PACKLOG|best|profit=3822137|weight=7623917
PACKLOG|call=1267|tour_len=786|end_dist=17469883
PACKLOG|try=0|th=0.043855949|de=0.568144566|ga=0.387999484
PACKLOG|try=0|profit=3953755|weight=7870982
PACKLOG|try=1|th=0.313753364|de=0.301777269|ga=0.384469367
PACKLOG|try=1|profit=3953762|weight=7870983
PACKLOG|best|profit=3953762|weight=7870983
PACKLOG|call=1268|tour_len=852|end_dist=18535803
PACKLOG|try=0|th=0.130077313|de=0.650002580|ga=0.219920107
PACKLOG|try=0|profit=4223594|weight=7809701
PACKLOG|try=1|th=0.183190689|de=0.202599574|ga=0.614209737
PACKLOG|try=1|profit=4205685|weight=7841847
PACKLOG|best|profit=4223594|weight=7809701
PACKLOG|call=1269|tour_len=861|end_dist=18756057
PACKLOG|try=0|th=0.342131574|de=0.074381277|ga=0.583487149
PACKLOG|try=0|profit=4258440|weight=7845136
PACKLOG|try=1|th=0.524790281|de=0.372966515|ga=0.102243204
PACKLOG|try=1|profit=4267698|weight=7688419
PACKLOG|best|profit=4267698|weight=7688419
PACKLOG|call=1270|tour_len=201|end_dist=3046706
PACKLOG|try=0|th=0.555720616|de=0.218935720|ga=0.225343665
PACKLOG|try=0|profit=1004519|weight=1998998
PACKLOG|try=1|th=0.098624413|de=0.610749299|ga=0.290626288
PACKLOG|try=1|profit=1004519|weight=1998998
PACKLOG|best|profit=1004519|weight=1998998
PACKLOG|call=1271|tour_len=296|end_dist=4509874
PACKLOG|try=0|th=0.161337282|de=0.660260700|ga=0.178402018
PACKLOG|try=0|profit=1484253|weight=2953179
PACKLOG|try=1|th=0.052802582|de=0.345858221|ga=0.601339197
PACKLOG|try=1|profit=1484253|weight=2953179
PACKLOG|best|profit=1484253|weight=2953179
PACKLOG|call=1272|tour_len=853|end_dist=17917756
PACKLOG|try=0|th=0.249900424|de=0.485595783|ga=0.264503793
PACKLOG|try=0|profit=4229959|weight=7772744
PACKLOG|try=1|th=0.367665745|de=0.141237351|ga=0.491096904
PACKLOG|try=1|profit=4227713|weight=7788814
PACKLOG|best|profit=4229959|weight=7772744
PACKLOG|call=1273|tour_len=776|end_dist=16435309
PACKLOG|try=0|th=0.402783395|de=0.249528707|ga=0.347687898
PACKLOG|try=0|profit=3888162|weight=7774801
PACKLOG|try=1|th=0.371796595|de=0.037751754|ga=0.590451652
PACKLOG|try=1|profit=3888162|weight=7774801
PACKLOG|best|profit=3888162|weight=7774801
PACKLOG|call=1274|tour_len=802|end_dist=17072316
PACKLOG|try=0|th=0.477811720|de=0.250718808|ga=0.271469472
PACKLOG|try=0|profit=4004440|weight=8035878
PACKLOG|try=1|th=0.012038309|de=0.541907164|ga=0.446054527
PACKLOG|try=1|profit=4004440|weight=8035878
PACKLOG|best|profit=4004440|weight=8035878
PACKLOG|call=1275|tour_len=885|end_dist=18394002
PACKLOG|try=0|th=0.298171215|de=0.307560905|ga=0.394267880
PACKLOG|try=0|profit=4295237|weight=7654300
PACKLOG|try=1|th=0.302652630|de=0.103646466|ga=0.593700904
PACKLOG|try=1|profit=4281477|weight=7692422
PACKLOG|best|profit=4295237|weight=7654300
PACKLOG|call=1276|tour_len=910|end_dist=19139127
PACKLOG|try=0|th=0.154872158|de=0.209149855|ga=0.635977987
PACKLOG|try=0|profit=4289572|weight=7831987
PACKLOG|try=1|th=0.691366274|de=0.169875067|ga=0.138758659
PACKLOG|try=1|profit=4403162|weight=7497512
PACKLOG|best|profit=4403162|weight=7497512
PACKLOG|call=1277|tour_len=212|end_dist=3313531
PACKLOG|try=0|th=0.646448271|de=0.210544727|ga=0.143007003
PACKLOG|try=0|profit=1062985|weight=2109286
PACKLOG|try=1|th=0.247295180|de=0.191612043|ga=0.561092778
PACKLOG|try=1|profit=1062985|weight=2109286
PACKLOG|best|profit=1062985|weight=2109286
PACKLOG|call=1278|tour_len=889|end_dist=18603626
PACKLOG|try=0|th=0.326148677|de=0.412285711|ga=0.261565612
PACKLOG|try=0|profit=4368163|weight=7846099
PACKLOG|try=1|th=0.333732465|de=0.302405138|ga=0.363862397
PACKLOG|try=1|profit=4363710|weight=7876190
PACKLOG|best|profit=4368163|weight=7846099
PACKLOG|call=1279|tour_len=342|end_dist=5529000
PACKLOG|try=0|th=0.106710980|de=0.515495913|ga=0.377793107
PACKLOG|try=0|profit=1696953|weight=3415215
PACKLOG|try=1|th=0.258525326|de=0.233140842|ga=0.508333831
PACKLOG|try=1|profit=1696953|weight=3415215
PACKLOG|best|profit=1696953|weight=3415215
PACKLOG|call=1280|tour_len=896|end_dist=18698510
PACKLOG|try=0|th=0.462225716|de=0.255521019|ga=0.282253265
PACKLOG|try=0|profit=4376264|weight=7777819
PACKLOG|try=1|th=0.366659116|de=0.036820887|ga=0.596519996
PACKLOG|try=1|profit=4358318|weight=7871197
PACKLOG|best|profit=4376264|weight=7777819
PACKLOG|call=1281|tour_len=896|end_dist=20628377
PACKLOG|try=0|th=0.394477823|de=0.389826092|ga=0.215696085
PACKLOG|try=0|profit=4107123|weight=6496055
PACKLOG|try=1|th=0.521292412|de=0.057768697|ga=0.420938891
PACKLOG|try=1|profit=4103860|weight=6571434
PACKLOG|best|profit=4107123|weight=6496055
PACKLOG|call=1282|tour_len=235|end_dist=3266819
PACKLOG|try=0|th=0.475330508|de=0.461758077|ga=0.062911416
PACKLOG|try=0|profit=1180152|weight=2340460
PACKLOG|try=1|th=0.043737505|de=0.819472475|ga=0.136790020
PACKLOG|try=1|profit=1180152|weight=2340460
PACKLOG|best|profit=1180152|weight=2340460
PACKLOG|call=1283|tour_len=884|end_dist=18885129
PACKLOG|try=0|th=0.338539998|de=0.087833388|ga=0.573626615
PACKLOG|try=0|profit=4272355|weight=7644196
PACKLOG|try=1|th=0.342190035|de=0.567358455|ga=0.090451510
PACKLOG|try=1|profit=4289580|weight=7436190
PACKLOG|best|profit=4289580|weight=7436190
PACKLOG|call=1284|tour_len=865|end_dist=18632721
PACKLOG|try=0|th=0.106375869|de=0.872015813|ga=0.021608318
PACKLOG|try=0|profit=4225153|weight=7320664
PACKLOG|try=1|th=0.322728384|de=0.296902241|ga=0.380369375
PACKLOG|try=1|profit=4222724|weight=7501668
PACKLOG|best|profit=4225153|weight=7320664
PACKLOG|call=1285|tour_len=366|end_dist=6676044
PACKLOG|try=0|th=0.497062761|de=0.258545586|ga=0.244391653
PACKLOG|try=0|profit=1817281|weight=3656326
PACKLOG|try=1|th=0.065518393|de=0.499136149|ga=0.435345458
PACKLOG|try=1|profit=1817281|weight=3656326
PACKLOG|best|profit=1817281|weight=3656326
PACKLOG|call=1286|tour_len=817|end_dist=17174447
PACKLOG|try=0|th=0.416104949|de=0.153355828|ga=0.430539222
PACKLOG|try=0|profit=4087740|weight=7812895
PACKLOG|try=1|th=0.017909280|de=0.599492849|ga=0.382597871
PACKLOG|try=1|profit=4039562|weight=7853014
PACKLOG|best|profit=4087740|weight=7812895
PACKLOG|call=1287|tour_len=906|end_dist=19082876
PACKLOG|try=0|th=0.484133652|de=0.013931691|ga=0.501934656
PACKLOG|try=0|profit=4391643|weight=7743668
PACKLOG|try=1|th=0.456914458|de=0.300519125|ga=0.242566417
PACKLOG|try=1|profit=4400005|weight=7653216
PACKLOG|best|profit=4400005|weight=7653216
PACKLOG|call=1288|tour_len=316|end_dist=5173575
PACKLOG|try=0|th=0.168260399|de=0.348667204|ga=0.483072397
PACKLOG|try=0|profit=1578822|weight=3154186
PACKLOG|try=1|th=0.462826427|de=0.156590734|ga=0.380582840
PACKLOG|try=1|profit=1578822|weight=3154186
PACKLOG|best|profit=1578822|weight=3154186
PACKLOG|call=1289|tour_len=383|end_dist=6322540
PACKLOG|try=0|th=0.340956784|de=0.208725001|ga=0.450318214
PACKLOG|try=0|profit=1916469|weight=3826981
PACKLOG|try=1|th=0.200767236|de=0.362977125|ga=0.436255639
PACKLOG|try=1|profit=1916469|weight=3826981
PACKLOG|best|profit=1916469|weight=3826981
PACKLOG|call=1290|tour_len=351|end_dist=6019730
PACKLOG|try=0|th=0.325536234|de=0.365508332|ga=0.308955434
PACKLOG|try=0|profit=1738162|weight=3505568
PACKLOG|try=1|th=0.497245230|de=0.038660624|ga=0.464094146
PACKLOG|try=1|profit=1738162|weight=3505568
PACKLOG|best|profit=1738162|weight=3505568
PACKLOG|call=1291|tour_len=824|end_dist=17652604
PACKLOG|try=0|th=0.189033767|de=0.513127968|ga=0.297838265
PACKLOG|try=0|profit=4107843|weight=7957468
PACKLOG|try=1|th=0.179422035|de=0.604903893|ga=0.215674072
PACKLOG|try=1|profit=4108502|weight=7952463
PACKLOG|best|profit=4108502|weight=7952463
PACKLOG|call=1292|tour_len=747|end_dist=16792707
PACKLOG|try=0|th=0.463704374|de=0.092264820|ga=0.444030805
PACKLOG|try=0|profit=3745211|weight=7483256
PACKLOG|try=1|th=0.445784383|de=0.339306685|ga=0.214908932
PACKLOG|try=1|profit=3745211|weight=7483256
PACKLOG|best|profit=3745211|weight=7483256
PACKLOG|call=1293|tour_len=430|end_dist=7750031
PACKLOG|try=0|th=0.742125948|de=0.240248411|ga=0.017625641
PACKLOG|try=0|profit=2154449|weight=4299286
PACKLOG|try=1|th=0.394616592|de=0.185988770|ga=0.419394637
PACKLOG|try=1|profit=2154449|weight=4299286
PACKLOG|best|profit=2154449|weight=4299286
PACKLOG|call=1294|tour_len=946|end_dist=20607919
PACKLOG|try=0|th=0.408654079|de=0.342812865|ga=0.248533056
PACKLOG|try=0|profit=4422372|weight=7252415
PACKLOG|try=1|th=0.445330558|de=0.327655349|ga=0.227014093
PACKLOG|try=1|profit=4423669|weight=7211248
PACKLOG|best|profit=4423669|weight=7211248
PACKLOG|call=1295|tour_len=527|end_dist=10435875
PACKLOG|try=0|th=0.528107200|de=0.254906912|ga=0.216985888
PACKLOG|try=0|profit=2613362|weight=5273576
PACKLOG|try=1|th=0.033798259|de=0.333207251|ga=0.632994490
PACKLOG|try=1|profit=2613362|weight=5273576
PACKLOG|best|profit=2613362|weight=5273576
PACKLOG|call=1296|tour_len=648|end_dist=13675041
PACKLOG|try=0|th=0.214295345|de=0.389792985|ga=0.395911670
PACKLOG|try=0|profit=3265226|weight=6488832
PACKLOG|try=1|th=0.364618717|de=0.382562399|ga=0.252818884
PACKLOG|try=1|profit=3265226|weight=6488832
PACKLOG|best|profit=3265226|weight=6488832
PACKLOG|call=1297|tour_len=740|end_dist=16189243
PACKLOG|try=0|th=0.507208615|de=0.472809145|ga=0.019982241
PACKLOG|try=0|profit=3731969|weight=7412981
PACKLOG|try=1|th=0.373515598|de=0.231164251|ga=0.395320152
PACKLOG|try=1|profit=3731969|weight=7412981
PACKLOG|best|profit=3731969|weight=7412981
PACKLOG|call=1298|tour_len=290|end_dist=4679551
PACKLOG|try=0|th=0.537597338|de=0.210977866|ga=0.251424796
PACKLOG|try=0|profit=1444673|weight=2892832
PACKLOG|try=1|th=0.278133321|de=0.344560196|ga=0.377306483
PACKLOG|try=1|profit=1444673|weight=2892832
PACKLOG|best|profit=1444673|weight=2892832
PACKLOG|call=1299|tour_len=245|end_dist=3599253
PACKLOG|try=0|th=0.292844731|de=0.553894581|ga=0.153260688
PACKLOG|try=0|profit=1222052|weight=2440931
PACKLOG|try=1|th=0.251051605|de=0.574744798|ga=0.174203596
PACKLOG|try=1|profit=1222052|weight=2440931
PACKLOG|best|profit=1222052|weight=2440931
PACKLOG|call=1300|tour_len=181|end_dist=3017335
PACKLOG|try=0|th=0.172257814|de=0.355900228|ga=0.471841958
PACKLOG|try=0|profit=894501|weight=1798136
PACKLOG|try=1|th=0.286197702|de=0.447414257|ga=0.266388041
PACKLOG|try=1|profit=894501|weight=1798136
PACKLOG|best|profit=894501|weight=1798136
PACKLOG|call=1301|tour_len=313|end_dist=4888833
PACKLOG|try=0|th=0.519047368|de=0.010010510|ga=0.470942122
PACKLOG|try=0|profit=1561262|weight=3124039
PACKLOG|try=1|th=0.200715201|de=0.409173805|ga=0.390110994
PACKLOG|try=1|profit=1561262|weight=3124039
PACKLOG|best|profit=1561262|weight=3124039
PACKLOG|call=1302|tour_len=485|end_dist=9032317
PACKLOG|try=0|th=0.301194010|de=0.416669565|ga=0.282136425
PACKLOG|try=0|profit=2416103|weight=4851740
PACKLOG|try=1|th=0.761153620|de=0.165141403|ga=0.073704977
PACKLOG|try=1|profit=2416103|weight=4851740
PACKLOG|best|profit=2416103|weight=4851740
PACKLOG|call=1303|tour_len=833|end_dist=17671393
PACKLOG|try=0|th=0.072731931|de=0.392612364|ga=0.534655706
PACKLOG|try=0|profit=4141050|weight=8003813
PACKLOG|try=1|th=0.255243902|de=0.020314904|ga=0.724441194
PACKLOG|try=1|profit=4151503|weight=7993767
PACKLOG|best|profit=4151503|weight=7993767
PACKLOG|call=1304|tour_len=827|end_dist=17409275
PACKLOG|try=0|th=0.182137044|de=0.330832936|ga=0.487030020
PACKLOG|try=0|profit=4128717|weight=8024782
PACKLOG|try=1|th=0.694606307|de=0.115813437|ga=0.189580256
PACKLOG|try=1|profit=4131753|weight=7974600
PACKLOG|best|profit=4131753|weight=7974600
PACKLOG|call=1305|tour_len=533|end_dist=12337378
PACKLOG|try=0|th=0.542975022|de=0.061646149|ga=0.395378829
PACKLOG|try=0|profit=2652182|weight=5333987
PACKLOG|try=1|th=0.673102871|de=0.182488796|ga=0.144408333
PACKLOG|try=1|profit=2652182|weight=5333987
PACKLOG|best|profit=2652182|weight=5333987
PACKLOG|call=1306|tour_len=605|end_dist=12571244
PACKLOG|try=0|th=0.122187224|de=0.554378933|ga=0.323433843
PACKLOG|try=0|profit=3025295|weight=6057127
PACKLOG|try=1|th=0.146836968|de=0.674611077|ga=0.178551955
PACKLOG|try=1|profit=3025295|weight=6057127
PACKLOG|best|profit=3025295|weight=6057127
PACKLOG|call=1307|tour_len=285|end_dist=4384893
PACKLOG|try=0|th=0.351287475|de=0.389579186|ga=0.259133339
PACKLOG|try=0|profit=1425961|weight=2842804
PACKLOG|try=1|th=0.530565508|de=0.184129898|ga=0.285304594
PACKLOG|try=1|profit=1425961|weight=2842804
PACKLOG|best|profit=1425961|weight=2842804
PACKLOG|call=1308|tour_len=659|end_dist=14488807
PACKLOG|try=0|th=0.088659878|de=0.726446991|ga=0.184893131
PACKLOG|try=0|profit=3304088|weight=6599520
PACKLOG|try=1|th=0.336646580|de=0.340124917|ga=0.323228503
PACKLOG|try=1|profit=3304088|weight=6599520
PACKLOG|best|profit=3304088|weight=6599520
PACKLOG|call=1309|tour_len=704|end_dist=16369832
PACKLOG|try=0|th=0.141346209|de=0.596743676|ga=0.261910115
PACKLOG|try=0|profit=3519357|weight=7051690
PACKLOG|try=1|th=0.274697280|de=0.442131707|ga=0.283171013
PACKLOG|try=1|profit=3519357|weight=7051690
PACKLOG|best|profit=3519357|weight=7051690
PACKLOG|call=1310|tour_len=881|end_dist=18923803
PACKLOG|try=0|th=0.221187120|de=0.347847515|ga=0.430965364
PACKLOG|try=0|profit=4288663|weight=7691229
PACKLOG|try=1|th=0.719778548|de=0.202835538|ga=0.077385914
PACKLOG|try=1|profit=4311100|weight=7446131
PACKLOG|best|profit=4311100|weight=7446131
PACKLOG|call=1311|tour_len=305|end_dist=4760001
PACKLOG|try=0|th=0.247865930|de=0.594831945|ga=0.157302126
PACKLOG|try=0|profit=1506681|weight=3043644
PACKLOG|try=1|th=0.295328608|de=0.369874641|ga=0.334796751
PACKLOG|try=1|profit=1506681|weight=3043644
PACKLOG|best|profit=1506681|weight=3043644
PACKLOG|call=1312|tour_len=900|end_dist=18716069
PACKLOG|try=0|th=0.545228506|de=0.410167777|ga=0.044603717
PACKLOG|try=0|profit=4388595|weight=7608011
PACKLOG|try=1|th=0.406596643|de=0.401411014|ga=0.191992343
PACKLOG|try=1|profit=4396508|weight=7731585
PACKLOG|best|profit=4396508|weight=7731585
PACKLOG|call=1313|tour_len=338|end_dist=5298373
PACKLOG|try=0|th=0.311561409|de=0.362964972|ga=0.325473619
PACKLOG|try=0|profit=1679039|weight=3374984
PACKLOG|try=1|th=0.770929224|de=0.075555579|ga=0.153515197
PACKLOG|try=1|profit=1679039|weight=3374984
PACKLOG|best|profit=1679039|weight=3374984
PACKLOG|call=1314|tour_len=325|end_dist=5454529
PACKLOG|try=0|th=0.488467168|de=0.208538616|ga=0.302994215
PACKLOG|try=0|profit=1610529|weight=3244452
PACKLOG|try=1|th=0.059299133|de=0.322801692|ga=0.617899175
PACKLOG|try=1|profit=1610529|weight=3244452
PACKLOG|best|profit=1610529|weight=3244452
PACKLOG|call=1315|tour_len=316|end_dist=5105219
PACKLOG|try=0|th=0.314714155|de=0.352227842|ga=0.333058003
PACKLOG|try=0|profit=1580080|weight=3154028
PACKLOG|try=1|th=0.336252394|de=0.333389790|ga=0.330357816
PACKLOG|try=1|profit=1580080|weight=3154028
PACKLOG|best|profit=1580080|weight=3154028
PACKLOG|call=1316|tour_len=343|end_dist=5317073
PACKLOG|try=0|th=0.379878654|de=0.414914541|ga=0.205206804
PACKLOG|try=0|profit=1720778|weight=3425323
PACKLOG|try=1|th=0.304199195|de=0.243782581|ga=0.452018224
PACKLOG|try=1|profit=1720778|weight=3425323
PACKLOG|best|profit=1720778|weight=3425323
PACKLOG|call=1317|tour_len=461|end_dist=8048962
PACKLOG|try=0|th=0.070603436|de=0.460158106|ga=0.469238458
PACKLOG|try=0|profit=2313038|weight=4610350
PACKLOG|try=1|th=0.493427117|de=0.373020661|ga=0.133552222
PACKLOG|try=1|profit=2313038|weight=4610350
PACKLOG|best|profit=2313038|weight=4610350
PACKLOG|call=1318|tour_len=458|end_dist=8341197
PACKLOG|try=0|th=0.379335857|de=0.369308272|ga=0.251355871
PACKLOG|try=0|profit=2288192|weight=4580522
PACKLOG|try=1|th=0.169942328|de=0.357989410|ga=0.472068262
PACKLOG|try=1|profit=2288192|weight=4580522
PACKLOG|best|profit=2288192|weight=4580522
PACKLOG|call=1319|tour_len=750|end_dist=16623508
PACKLOG|try=0|th=0.089243041|de=0.407294908|ga=0.503462051
PACKLOG|try=0|profit=3754256|weight=7513468
PACKLOG|try=1|th=0.202312978|de=0.707147183|ga=0.090539839
PACKLOG|try=1|profit=3754256|weight=7513468
PACKLOG|best|profit=3754256|weight=7513468
PACKLOG|call=1320|tour_len=827|end_dist=18531112
PACKLOG|try=0|th=0.336675424|de=0.311707064|ga=0.351617512
PACKLOG|try=0|profit=4118647|weight=7792761
PACKLOG|try=1|th=0.741818776|de=0.157084327|ga=0.101096898
PACKLOG|try=1|profit=4118866|weight=7704405
PACKLOG|best|profit=4118866|weight=7704405
PACKLOG|call=1321|tour_len=793|end_dist=17300893
PACKLOG|try=0|th=0.384138630|de=0.400657509|ga=0.215203861
PACKLOG|try=0|profit=3980010|weight=7945316
PACKLOG|try=1|th=0.276998511|de=0.377835652|ga=0.345165837
PACKLOG|try=1|profit=3980010|weight=7945316
PACKLOG|best|profit=3980010|weight=7945316
PACKLOG|call=1322|tour_len=489|end_dist=8634260
PACKLOG|try=0|th=0.598515725|de=0.209636930|ga=0.191847345
PACKLOG|try=0|profit=2439609|weight=4891668
PACKLOG|try=1|th=0.577423620|de=0.216280026|ga=0.206296354
PACKLOG|try=1|profit=2439609|weight=4891668
PACKLOG|best|profit=2439609|weight=4891668
PACKLOG|call=1323|tour_len=382|end_dist=6180650
PACKLOG|try=0|th=0.257049324|de=0.669282687|ga=0.073667989
PACKLOG|try=0|profit=1894052|weight=3816971
PACKLOG|try=1|th=0.288745699|de=0.238001095|ga=0.473253205
PACKLOG|try=1|profit=1894052|weight=3816971
PACKLOG|best|profit=1894052|weight=3816971
PACKLOG|call=1324|tour_len=428|end_dist=8389407
PACKLOG|try=0|th=0.443826989|de=0.225469828|ga=0.330703183
PACKLOG|try=0|profit=2147207|weight=4279128
PACKLOG|try=1|th=0.428262116|de=0.115188586|ga=0.456549298
PACKLOG|try=1|profit=2147207|weight=4279128
PACKLOG|best|profit=2147207|weight=4279128
PACKLOG|call=1325|tour_len=242|end_dist=3926219
PACKLOG|try=0|th=0.393048813|de=0.418205365|ga=0.188745822
PACKLOG|try=0|profit=1205781|weight=2410856
PACKLOG|try=1|th=0.160472233|de=0.349410442|ga=0.490117325
PACKLOG|try=1|profit=1205781|weight=2410856
PACKLOG|best|profit=1205781|weight=2410856
PACKLOG|call=1326|tour_len=433|end_dist=7797905
PACKLOG|try=0|th=0.261238400|de=0.548194154|ga=0.190567446
PACKLOG|try=0|profit=2168582|weight=4329366
PACKLOG|try=1|th=0.377373613|de=0.253593042|ga=0.369033345
PACKLOG|try=1|profit=2168582|weight=4329366
PACKLOG|best|profit=2168582|weight=4329366
PACKLOG|call=1327|tour_len=823|end_dist=17861115
PACKLOG|try=0|th=0.102739229|de=0.677768145|ga=0.219492626
PACKLOG|try=0|profit=4123908|weight=7971551
PACKLOG|try=1|th=0.149538217|de=0.456789594|ga=0.393672189
PACKLOG|try=1|profit=4123122|weight=7975582
PACKLOG|best|profit=4123908|weight=7971551
PACKLOG|call=1328|tour_len=913|end_dist=19499831
PACKLOG|try=0|th=0.332506073|de=0.548822445|ga=0.118671483
PACKLOG|try=0|profit=4424236|weight=7522560
PACKLOG|try=1|th=0.348468135|de=0.365796762|ga=0.285735103
PACKLOG|try=1|profit=4419824|weight=7643118
PACKLOG|best|profit=4424236|weight=7522560
PACKLOG|call=1329|tour_len=378|end_dist=6145559
PACKLOG|try=0|th=0.396045192|de=0.509725995|ga=0.094228813
PACKLOG|try=0|profit=1892949|weight=3776750
PACKLOG|try=1|th=0.431405029|de=0.297605163|ga=0.270989808
PACKLOG|try=1|profit=1892949|weight=3776750
PACKLOG|best|profit=1892949|weight=3776750
PACKLOG|call=1330|tour_len=837|end_dist=18171296
PACKLOG|try=0|th=0.695966331|de=0.303729340|ga=0.000304328
PACKLOG|try=0|profit=4155610|weight=7568860
PACKLOG|try=1|th=0.218093251|de=0.228406564|ga=0.553500184
PACKLOG|try=1|profit=4144555|weight=7740688
PACKLOG|best|profit=4155610|weight=7568860
PACKLOG|call=1331|tour_len=802|end_dist=18248873
PACKLOG|try=0|th=0.285663675|de=0.286232993|ga=0.428103332
PACKLOG|try=0|profit=3983508|weight=7629214
PACKLOG|try=1|th=0.302329354|de=0.307036842|ga=0.390633804
PACKLOG|try=1|profit=3984196|weight=7623187
PACKLOG|best|profit=3984196|weight=7623187
PACKLOG|call=1332|tour_len=887|end_dist=19828192
PACKLOG|try=0|th=0.418095167|de=0.159201739|ga=0.422703093
PACKLOG|try=0|profit=4235788|weight=7202078
PACKLOG|try=1|th=0.412864866|de=0.210429257|ga=0.376705877
PACKLOG|try=1|profit=4237940|weight=7185012
PACKLOG|best|profit=4237940|weight=7185012
PACKLOG|call=1333|tour_len=489|end_dist=9101963
PACKLOG|try=0|th=0.197652641|de=0.399486584|ga=0.402860775
PACKLOG|try=0|profit=2443214|weight=4891927
PACKLOG|try=1|th=0.367582118|de=0.421271798|ga=0.211146084
PACKLOG|try=1|profit=2443214|weight=4891927
PACKLOG|best|profit=2443214|weight=4891927
PACKLOG|call=1334|tour_len=843|end_dist=17432925
PACKLOG|try=0|th=0.332743441|de=0.297966039|ga=0.369290519
PACKLOG|try=0|profit=4202405|weight=8104206
PACKLOG|try=1|th=0.412019698|de=0.218980934|ga=0.368999368
PACKLOG|try=1|profit=4202994|weight=8097200
PACKLOG|best|profit=4202994|weight=8097200
PACKLOG|call=1335|tour_len=380|end_dist=6762337
PACKLOG|try=0|th=0.684418501|de=0.003029970|ga=0.312551529
PACKLOG|try=0|profit=1884825|weight=3797027
PACKLOG|try=1|th=0.213936096|de=0.366992232|ga=0.419071672
PACKLOG|try=1|profit=1884825|weight=3797027
PACKLOG|best|profit=1884825|weight=3797027
PACKLOG|call=1336|tour_len=383|end_dist=6405494
PACKLOG|try=0|th=0.307455606|de=0.319799742|ga=0.372744652
PACKLOG|try=0|profit=1914231|weight=3826804
PACKLOG|try=1|th=0.497368260|de=0.473694284|ga=0.028937456
PACKLOG|try=1|profit=1914231|weight=3826804
PACKLOG|best|profit=1914231|weight=3826804
PACKLOG|call=1337|tour_len=594|end_dist=13182142
PACKLOG|try=0|th=0.489454689|de=0.470581028|ga=0.039964282
PACKLOG|try=0|profit=2974916|weight=5946654
PACKLOG|try=1|th=0.026828845|de=0.300168775|ga=0.673002379
PACKLOG|try=1|profit=2974916|weight=5946654
PACKLOG|best|profit=2974916|weight=5946654
PACKLOG|call=1338|tour_len=364|end_dist=6667431
PACKLOG|try=0|th=0.376372496|de=0.047205543|ga=0.576421962
PACKLOG|try=0|profit=1827981|weight=3636200
PACKLOG|try=1|th=0.428268101|de=0.133715002|ga=0.438016897
PACKLOG|try=1|profit=1827981|weight=3636200
PACKLOG|best|profit=1827981|weight=3636200
PACKLOG|call=1339|tour_len=350|end_dist=6460939
PACKLOG|try=0|th=0.232176830|de=0.362739856|ga=0.405083313
PACKLOG|try=0|profit=1734019|weight=3495700
PACKLOG|try=1|th=0.362963168|de=0.251540345|ga=0.385496486
PACKLOG|try=1|profit=1734019|weight=3495700
PACKLOG|best|profit=1734019|weight=3495700
PACKLOG|call=1340|tour_len=848|end_dist=18588721
PACKLOG|try=0|th=0.575303449|de=0.237778864|ga=0.186917687
PACKLOG|try=0|profit=4208216|weight=7716336
PACKLOG|try=1|th=0.429625786|de=0.418490841|ga=0.151883372
PACKLOG|try=1|profit=4208265|weight=7718359
PACKLOG|best|profit=4208265|weight=7718359
PACKLOG|call=1341|tour_len=329|end_dist=5270125
PACKLOG|try=0|th=0.408434262|de=0.509131576|ga=0.082434161
PACKLOG|try=0|profit=1648251|weight=3284730
PACKLOG|try=1|th=0.225524493|de=0.732827913|ga=0.041647594
PACKLOG|try=1|profit=1648251|weight=3284730
PACKLOG|best|profit=1648251|weight=3284730
PACKLOG|call=1342|tour_len=410|end_dist=7321362
PACKLOG|try=0|th=0.161278081|de=0.343611463|ga=0.495110457
PACKLOG|try=0|profit=2043187|weight=4098405
PACKLOG|try=1|th=0.369738006|de=0.199158924|ga=0.431103069
PACKLOG|try=1|profit=2043187|weight=4098405
PACKLOG|best|profit=2043187|weight=4098405
PACKLOG|call=1343|tour_len=841|end_dist=18207553
PACKLOG|try=0|th=0.058114046|de=0.790323156|ga=0.151562798
PACKLOG|try=0|profit=4184551|weight=7906230
PACKLOG|try=1|th=0.407040921|de=0.444517201|ga=0.148441878
PACKLOG|try=1|profit=4195382|weight=7818916
PACKLOG|best|profit=4195382|weight=7818916
PACKLOG|call=1344|tour_len=933|end_dist=20147480
PACKLOG|try=0|th=0.094891551|de=0.546424988|ga=0.358683462
PACKLOG|try=0|profit=4249386|weight=7668151
PACKLOG|try=1|th=0.231971503|de=0.173014401|ga=0.595014096
PACKLOG|try=1|profit=4322030|weight=7631085
PACKLOG|best|profit=4322030|weight=7631085
PACKLOG|call=1345|tour_len=674|end_dist=14553268
PACKLOG|try=0|th=0.258856619|de=0.206955413|ga=0.534187968
PACKLOG|try=0|profit=3351577|weight=6750298
PACKLOG|try=1|th=0.235673715|de=0.655282833|ga=0.109043453
PACKLOG|try=1|profit=3351577|weight=6750298
PACKLOG|best|profit=3351577|weight=6750298
PACKLOG|call=1346|tour_len=638|end_dist=14169724
PACKLOG|try=0|th=0.272137956|de=0.363484246|ga=0.364377798
PACKLOG|try=0|profit=3199483|weight=6388539
PACKLOG|try=1|th=0.424352804|de=0.285185452|ga=0.290461744
PACKLOG|try=1|profit=3199483|weight=6388539
PACKLOG|best|profit=3199483|weight=6388539
PACKLOG|call=1347|tour_len=280|end_dist=4091545
PACKLOG|try=0|th=0.826895850|de=0.075466362|ga=0.097637788
PACKLOG|try=0|profit=1401458|weight=2792582
PACKLOG|try=1|th=0.347379948|de=0.061425766|ga=0.591194287
PACKLOG|try=1|profit=1401458|weight=2792582
PACKLOG|best|profit=1401458|weight=2792582
PACKLOG|call=1348|tour_len=846|end_dist=19188100
PACKLOG|try=0|th=0.040275014|de=0.456276335|ga=0.503448651
PACKLOG|try=0|profit=4012715|weight=7646003
PACKLOG|try=1|th=0.723639615|de=0.208681991|ga=0.067678394
PACKLOG|try=1|profit=4165782|weight=7366924
PACKLOG|best|profit=4165782|weight=7366924
PACKLOG|call=1349|tour_len=435|end_dist=7748665
PACKLOG|try=0|th=0.530799472|de=0.363913690|ga=0.105286838
PACKLOG|try=0|profit=2189271|weight=4349361
PACKLOG|try=1|th=0.017741277|de=0.465671096|ga=0.516587627
PACKLOG|try=1|profit=2189271|weight=4349361
PACKLOG|best|profit=2189271|weight=4349361
PACKLOG|call=1350|tour_len=763|end_dist=17243028
PACKLOG|try=0|th=0.413187683|de=0.204464996|ga=0.382347321
PACKLOG|try=0|profit=3823122|weight=7644372
PACKLOG|try=1|th=0.360058827|de=0.307085408|ga=0.332855765
PACKLOG|try=1|profit=3823122|weight=7644372
PACKLOG|best|profit=3823122|weight=7644372
PACKLOG|call=1351|tour_len=500|end_dist=11361803
PACKLOG|try=0|th=0.273380360|de=0.360787630|ga=0.365832010
PACKLOG|try=0|profit=2500666|weight=5002516
PACKLOG|try=1|th=0.093941164|de=0.452215989|ga=0.453842847
PACKLOG|try=1|profit=2500666|weight=5002516
PACKLOG|best|profit=2500666|weight=5002516
PACKLOG|call=1352|tour_len=849|end_dist=18533351
PACKLOG|try=0|th=0.310732188|de=0.364334538|ga=0.324933273
PACKLOG|try=0|profit=4181954|weight=7510467
PACKLOG|try=1|th=0.204091538|de=0.468473813|ga=0.327434649
PACKLOG|try=1|profit=4176328|weight=7542547
PACKLOG|best|profit=4181954|weight=7510467
PACKLOG|call=1353|tour_len=483|end_dist=9023479
PACKLOG|try=0|th=0.251091081|de=0.630661201|ga=0.118247718
PACKLOG|try=0|profit=2437871|weight=4831564
PACKLOG|try=1|th=0.251623007|de=0.355106502|ga=0.393270491
PACKLOG|try=1|profit=2437871|weight=4831564
PACKLOG|best|profit=2437871|weight=4831564
PACKLOG|call=1354|tour_len=817|end_dist=17543129
PACKLOG|try=0|th=0.101584243|de=0.570105372|ga=0.328310385
PACKLOG|try=0|profit=4087171|weight=7959527
PACKLOG|try=1|th=0.449556051|de=0.473695761|ga=0.076748188
PACKLOG|try=1|profit=4090032|weight=7911288
PACKLOG|best|profit=4090032|weight=7911288
PACKLOG|call=1355|tour_len=869|end_dist=18155410
PACKLOG|try=0|th=0.249190988|de=0.640303935|ga=0.110505077
PACKLOG|try=0|profit=4250251|weight=7574891
PACKLOG|try=1|th=0.357475630|de=0.367615798|ga=0.274908572
PACKLOG|try=1|profit=4249075|weight=7641237
PACKLOG|best|profit=4250251|weight=7574891
PACKLOG|call=1356|tour_len=522|end_dist=9735315
PACKLOG|try=0|th=0.429131845|de=0.200823164|ga=0.370044992
PACKLOG|try=0|profit=2620863|weight=5223332
PACKLOG|try=1|th=0.474970420|de=0.413062670|ga=0.111966910
PACKLOG|try=1|profit=2620863|weight=5223332
PACKLOG|best|profit=2620863|weight=5223332
PACKLOG|call=1357|tour_len=349|end_dist=5708402
PACKLOG|try=0|th=0.444104445|de=0.062201084|ga=0.493694470
PACKLOG|try=0|profit=1757395|weight=3485531
PACKLOG|try=1|th=0.455023667|de=0.025197184|ga=0.519779149
PACKLOG|try=1|profit=1757395|weight=3485531
PACKLOG|best|profit=1757395|weight=3485531
PACKLOG|call=1358|tour_len=307|end_dist=4789500
PACKLOG|try=0|th=0.363416458|de=0.122670635|ga=0.513912907
PACKLOG|try=0|profit=1541797|weight=3063758
PACKLOG|try=1|th=0.126913426|de=0.384720957|ga=0.488365617
PACKLOG|try=1|profit=1541797|weight=3063758
PACKLOG|best|profit=1541797|weight=3063758
PACKLOG|call=1359|tour_len=722|end_dist=15482335
PACKLOG|try=0|th=0.290125734|de=0.355566009|ga=0.354308257
PACKLOG|try=0|profit=3606273|weight=7232266
PACKLOG|try=1|th=0.183714654|de=0.476397157|ga=0.339888189
PACKLOG|try=1|profit=3606273|weight=7232266
PACKLOG|best|profit=3606273|weight=7232266
PACKLOG|call=1360|tour_len=635|end_dist=14415975
PACKLOG|try=0|th=0.296752952|de=0.329876889|ga=0.373370159
PACKLOG|try=0|profit=3168544|weight=6358479
PACKLOG|try=1|th=0.474698598|de=0.398439923|ga=0.126861480
PACKLOG|try=1|profit=3168544|weight=6358479
PACKLOG|best|profit=3168544|weight=6358479
PACKLOG|call=1361|tour_len=604|end_dist=13539703
PACKLOG|try=0|th=0.103144343|de=0.634065897|ga=0.262789760
PACKLOG|try=0|profit=3020742|weight=6047008
PACKLOG|try=1|th=0.375340444|de=0.282354998|ga=0.342304558
PACKLOG|try=1|profit=3020742|weight=6047008
PACKLOG|best|profit=3020742|weight=6047008
PACKLOG|call=1362|tour_len=906|end_dist=19885861
PACKLOG|try=0|th=0.108901865|de=0.568707099|ga=0.322391036
PACKLOG|try=0|profit=4264197|weight=7606941
PACKLOG|try=1|th=0.394788148|de=0.179352828|ga=0.425859024
PACKLOG|try=1|profit=4338561|weight=7483559
PACKLOG|best|profit=4338561|weight=7483559
PACKLOG|call=1363|tour_len=280|end_dist=4314345
PACKLOG|try=0|th=0.377977565|de=0.411907522|ga=0.210114913
PACKLOG|try=0|profit=1403178|weight=2792437
PACKLOG|try=1|th=0.473910131|de=0.020658885|ga=0.505430984
PACKLOG|try=1|profit=1403178|weight=2792437
PACKLOG|best|profit=1403178|weight=2792437
PACKLOG|call=1364|tour_len=365|end_dist=6791109
PACKLOG|try=0|th=0.390959976|de=0.474344917|ga=0.134695107
PACKLOG|try=0|profit=1823571|weight=3646198
PACKLOG|try=1|th=0.470580486|de=0.141376949|ga=0.388042565
PACKLOG|try=1|profit=1823571|weight=3646198
PACKLOG|best|profit=1823571|weight=3646198
PACKLOG|call=1365|tour_len=217|end_dist=3449435
PACKLOG|try=0|th=0.448090640|de=0.209735603|ga=0.342173758
PACKLOG|try=0|profit=1080282|weight=2159692
PACKLOG|try=1|th=0.340847163|de=0.322397303|ga=0.336755534
PACKLOG|try=1|profit=1080282|weight=2159692
PACKLOG|best|profit=1080282|weight=2159692
PACKLOG|call=1366|tour_len=431|end_dist=7591119
PACKLOG|try=0|th=0.307708179|de=0.165115351|ga=0.527176470
PACKLOG|try=0|profit=2154957|weight=4309196
PACKLOG|try=1|th=0.341681421|de=0.152540942|ga=0.505777637
PACKLOG|try=1|profit=2154957|weight=4309196
PACKLOG|best|profit=2154957|weight=4309196
PACKLOG|call=1367|tour_len=916|end_dist=19475212
PACKLOG|try=0|th=0.229465098|de=0.316029383|ga=0.454505519
PACKLOG|try=0|profit=4360601|weight=7684355
PACKLOG|try=1|th=0.437971324|de=0.155640853|ga=0.406387822
PACKLOG|try=1|profit=4400003|weight=7594996
PACKLOG|best|profit=4400003|weight=7594996
PACKLOG|call=1368|tour_len=427|end_dist=8137326
PACKLOG|try=0|th=0.551209643|de=0.347830075|ga=0.100960282
PACKLOG|try=0|profit=2121476|weight=4269224
PACKLOG|try=1|th=0.320099865|de=0.015715145|ga=0.664184990
PACKLOG|try=1|profit=2121476|weight=4269224
PACKLOG|best|profit=2121476|weight=4269224
PACKLOG|call=1369|tour_len=451|end_dist=8597642
PACKLOG|try=0|th=0.339895980|de=0.270648748|ga=0.389455272
PACKLOG|try=0|profit=2256333|weight=4510153
PACKLOG|try=1|th=0.666458563|de=0.253260043|ga=0.080281394
PACKLOG|try=1|profit=2256333|weight=4510153
PACKLOG|best|profit=2256333|weight=4510153
PACKLOG|call=1370|tour_len=905|end_dist=18934985
PACKLOG|try=0|th=0.171537908|de=0.744249449|ga=0.084212643
PACKLOG|try=0|profit=4402664|weight=7672315
PACKLOG|try=1|th=0.360288377|de=0.361389804|ga=0.278321819
PACKLOG|try=1|profit=4399413|weight=7739640
PACKLOG|best|profit=4402664|weight=7672315
PACKLOG|call=1371|tour_len=644|end_dist=13758734
PACKLOG|try=0|th=0.132320856|de=0.313827095|ga=0.553852049
PACKLOG|try=0|profit=3219005|weight=6448842
PACKLOG|try=1|th=0.642636581|de=0.161054191|ga=0.196309228
PACKLOG|try=1|profit=3219005|weight=6448842
PACKLOG|best|profit=3219005|weight=6448842
PACKLOG|call=1372|tour_len=909|end_dist=19429625
PACKLOG|try=0|th=0.302042415|de=0.325531942|ga=0.372425643
PACKLOG|try=0|profit=4380706|weight=7677333
PACKLOG|try=1|th=0.468763306|de=0.379731277|ga=0.151505418
PACKLOG|try=1|profit=4395988|weight=7494488
PACKLOG|best|profit=4395988|weight=7494488
PACKLOG|call=1373|tour_len=717|end_dist=15653201
PACKLOG|try=0|th=0.773425515|de=0.014345104|ga=0.212229381
PACKLOG|try=0|profit=3600254|weight=7182070
PACKLOG|try=1|th=0.435092269|de=0.529518655|ga=0.035389076
PACKLOG|try=1|profit=3600254|weight=7182070
PACKLOG|best|profit=3600254|weight=7182070
PACKLOG|call=1374|tour_len=835|end_dist=17995936
PACKLOG|try=0|th=0.261702239|de=0.722581473|ga=0.015716288
PACKLOG|try=0|profit=4154879|weight=7781667
PACKLOG|try=1|th=0.073404594|de=0.569604781|ga=0.356990625
PACKLOG|try=1|profit=4139153|weight=7917333
PACKLOG|best|profit=4154879|weight=7781667
PACKLOG|call=1375|tour_len=346|end_dist=6392303
PACKLOG|try=0|th=0.255604405|de=0.326999777|ga=0.417395818
PACKLOG|try=0|profit=1723886|weight=3455673
PACKLOG|try=1|th=0.383420168|de=0.255451250|ga=0.361128581
PACKLOG|try=1|profit=1723886|weight=3455673
PACKLOG|best|profit=1723886|weight=3455673
PACKLOG|call=1376|tour_len=299|end_dist=4585767
PACKLOG|try=0|th=0.108102233|de=0.383171178|ga=0.508726589
PACKLOG|try=0|profit=1491858|weight=2983257
PACKLOG|try=1|th=0.470679388|de=0.035339015|ga=0.493981596
PACKLOG|try=1|profit=1491858|weight=2983257
PACKLOG|best|profit=1491858|weight=2983257
PACKLOG|call=1377|tour_len=697|end_dist=15621342
PACKLOG|try=0|th=0.510633781|de=0.113778749|ga=0.375587471
PACKLOG|try=0|profit=3509348|weight=6981020
PACKLOG|try=1|th=0.450308336|de=0.241942700|ga=0.307748964
PACKLOG|try=1|profit=3509348|weight=6981020
PACKLOG|best|profit=3509348|weight=6981020
PACKLOG|call=1378|tour_len=795|end_dist=17690389
PACKLOG|try=0|th=0.193515912|de=0.358999898|ga=0.447484190
PACKLOG|try=0|profit=3978035|weight=7537667
PACKLOG|try=1|th=0.480843506|de=0.370717112|ga=0.148439382
PACKLOG|try=1|profit=3982143|weight=7466346
PACKLOG|best|profit=3982143|weight=7466346
PACKLOG|call=1379|tour_len=369|end_dist=5872881
PACKLOG|try=0|th=0.335317743|de=0.166187804|ga=0.498494453
PACKLOG|try=0|profit=1857535|weight=3686459
PACKLOG|try=1|th=0.347809416|de=0.126396326|ga=0.525794258
PACKLOG|try=1|profit=1857535|weight=3686459
PACKLOG|best|profit=1857535|weight=3686459
PACKLOG|call=1380|tour_len=477|end_dist=8738743
PACKLOG|try=0|th=0.532063653|de=0.169326721|ga=0.298609626
PACKLOG|try=0|profit=2362846|weight=4771373
PACKLOG|try=1|th=0.406489746|de=0.407614051|ga=0.185896203
PACKLOG|try=1|profit=2362846|weight=4771373
PACKLOG|best|profit=2362846|weight=4771373
PACKLOG|call=1381|tour_len=528|end_dist=9498597
PACKLOG|try=0|th=0.165565138|de=0.337341791|ga=0.497093070
PACKLOG|try=0|profit=2641281|weight=5283449
PACKLOG|try=1|th=0.328843973|de=0.491894965|ga=0.179261062
PACKLOG|try=1|profit=2641281|weight=5283449
PACKLOG|best|profit=2641281|weight=5283449
PACKLOG|call=1382|tour_len=825|end_dist=17143950
PACKLOG|try=0|th=0.016763668|de=0.216239445|ga=0.766996887
PACKLOG|try=0|profit=4009307|weight=7944575
PACKLOG|try=1|th=0.256255140|de=0.645569121|ga=0.098175738
PACKLOG|try=1|profit=4106621|weight=7859195
PACKLOG|best|profit=4106621|weight=7859195
PACKLOG|call=1383|tour_len=452|end_dist=7517511
PACKLOG|try=0|th=0.260027371|de=0.713087873|ga=0.026884757
PACKLOG|try=0|profit=2273820|weight=4520167
PACKLOG|try=1|th=0.400890040|de=0.219343845|ga=0.379766115
PACKLOG|try=1|profit=2273820|weight=4520167
PACKLOG|best|profit=2273820|weight=4520167
PACKLOG|call=1384|tour_len=399|end_dist=6878429
PACKLOG|try=0|th=0.582844980|de=0.278630205|ga=0.138524815
PACKLOG|try=0|profit=1995828|weight=3987670
PACKLOG|try=1|th=0.188101984|de=0.132668443|ga=0.679229572
PACKLOG|try=1|profit=1995828|weight=3987670
PACKLOG|best|profit=1995828|weight=3987670
PACKLOG|call=1385|tour_len=319|end_dist=5320140
PACKLOG|try=0|th=0.400307767|de=0.206871254|ga=0.392820979
PACKLOG|try=0|profit=1603306|weight=3184048
PACKLOG|try=1|th=0.525157814|de=0.121119856|ga=0.353722331
PACKLOG|try=1|profit=1603306|weight=3184048
PACKLOG|best|profit=1603306|weight=3184048
PACKLOG|call=1386|tour_len=248|end_dist=3811795
PACKLOG|try=0|th=0.708899441|de=0.125592751|ga=0.165507807
PACKLOG|try=0|profit=1233849|weight=2471089
PACKLOG|try=1|th=0.333899101|de=0.466306668|ga=0.199794231
PACKLOG|try=1|profit=1233849|weight=2471089
PACKLOG|best|profit=1233849|weight=2471089
PACKLOG|call=1387|tour_len=501|end_dist=10127298
PACKLOG|try=0|th=0.180767376|de=0.451399685|ga=0.367832938
PACKLOG|try=0|profit=2488334|weight=5012588
PACKLOG|try=1|th=0.478489624|de=0.097877679|ga=0.423632697
PACKLOG|try=1|profit=2488334|weight=5012588
PACKLOG|best|profit=2488334|weight=5012588
PACKLOG|call=1388|tour_len=807|end_dist=17211888
PACKLOG|try=0|th=0.465476615|de=0.305836510|ga=0.228686875
PACKLOG|try=0|profit=4029464|weight=7865195
PACKLOG|try=1|th=0.386523202|de=0.358518219|ga=0.254958579
PACKLOG|try=1|profit=4029427|weight=7871213
PACKLOG|best|profit=4029464|weight=7865195
PACKLOG|call=1389|tour_len=748|end_dist=16409435
PACKLOG|try=0|th=0.272562908|de=0.328703306|ga=0.398733785
PACKLOG|try=0|profit=3732968|weight=7493595
PACKLOG|try=1|th=0.322851031|de=0.066759131|ga=0.610389838
PACKLOG|try=1|profit=3732968|weight=7493595
PACKLOG|best|profit=3732968|weight=7493595
PACKLOG|call=1390|tour_len=811|end_dist=17248143
PACKLOG|try=0|th=0.115224768|de=0.627428894|ga=0.257346338
PACKLOG|try=0|profit=4061596|weight=8115386
PACKLOG|try=1|th=0.034922208|de=0.471966217|ga=0.493111575
PACKLOG|try=1|profit=4061544|weight=8115398
PACKLOG|best|profit=4061596|weight=8115386
PACKLOG|call=1391|tour_len=334|end_dist=5118300
PACKLOG|try=0|th=0.435184314|de=0.445155253|ga=0.119660433
PACKLOG|try=0|profit=1670910|weight=3334917
PACKLOG|try=1|th=0.474474430|de=0.390220472|ga=0.135305098
PACKLOG|try=1|profit=1670910|weight=3334917
PACKLOG|best|profit=1670910|weight=3334917
PACKLOG|call=1392|tour_len=301|end_dist=4600839
PACKLOG|try=0|th=0.146437455|de=0.399050740|ga=0.454511805
PACKLOG|try=0|profit=1504141|weight=3003389
PACKLOG|try=1|th=0.228166952|de=0.278847418|ga=0.492985630
PACKLOG|try=1|profit=1504141|weight=3003389
PACKLOG|best|profit=1504141|weight=3003389
PACKLOG|call=1393|tour_len=923|end_dist=19738214
PACKLOG|try=0|th=0.505376229|de=0.333004093|ga=0.161619678
PACKLOG|try=0|profit=4430467|weight=7445261
PACKLOG|try=1|th=0.347400180|de=0.261713711|ga=0.390886109
PACKLOG|try=1|profit=4416875|weight=7640170
PACKLOG|best|profit=4430467|weight=7445261
PACKLOG|call=1394|tour_len=912|end_dist=19890051
PACKLOG|try=0|th=0.109188082|de=0.784253590|ga=0.106558328
PACKLOG|try=0|profit=4372338|weight=7543697
PACKLOG|try=1|th=0.034965316|de=0.534522728|ga=0.430511956
PACKLOG|try=1|profit=4069718|weight=7844865
PACKLOG|best|profit=4372338|weight=7543697
PACKLOG|call=1395|tour_len=483|end_dist=8833116
PACKLOG|try=0|th=0.336417660|de=0.286101542|ga=0.377480798
PACKLOG|try=0|profit=2388081|weight=4831674
PACKLOG|try=1|th=0.437982477|de=0.242155983|ga=0.319861540
PACKLOG|try=1|profit=2388081|weight=4831674
PACKLOG|best|profit=2388081|weight=4831674
PACKLOG|call=1396|tour_len=793|end_dist=17518022
PACKLOG|try=0|th=0.212910297|de=0.430308707|ga=0.356780996
PACKLOG|try=0|profit=3985678|weight=7945328
PACKLOG|try=1|th=0.550773096|de=0.123647270|ga=0.325579634
PACKLOG|try=1|profit=3985678|weight=7945328
PACKLOG|best|profit=3985678|weight=7945328
PACKLOG|call=1397|tour_len=455|end_dist=8196298
PACKLOG|try=0|th=0.097655386|de=0.829559938|ga=0.072784676
PACKLOG|try=0|profit=2281708|weight=4550286
PACKLOG|try=1|th=0.533191594|de=0.433772052|ga=0.033036355
PACKLOG|try=1|profit=2281708|weight=4550286
PACKLOG|best|profit=2281708|weight=4550286
PACKLOG|call=1398|tour_len=902|end_dist=18892740
PACKLOG|try=0|th=0.444659226|de=0.239375772|ga=0.315965001
PACKLOG|try=0|profit=4391146|weight=7720545
PACKLOG|try=1|th=0.438651921|de=0.512922708|ga=0.048425371
PACKLOG|try=1|profit=4386372|weight=7546698
PACKLOG|best|profit=4391146|weight=7720545
PACKLOG|call=1399|tour_len=648|end_dist=13882299
PACKLOG|try=0|th=0.327132763|de=0.547201466|ga=0.125665771
PACKLOG|try=0|profit=3224565|weight=6489073
PACKLOG|try=1|th=0.184613178|de=0.275297270|ga=0.540089552
PACKLOG|try=1|profit=3224565|weight=6489073
PACKLOG|best|profit=3224565|weight=6489073
PACKLOG|call=1400|tour_len=849|end_dist=18500263
PACKLOG|try=0|th=0.141867606|de=0.358982342|ga=0.499150051
PACKLOG|try=0|profit=4177116|weight=7759694
PACKLOG|try=1|th=0.153125459|de=0.399593677|ga=0.447280864
PACKLOG|try=1|profit=4184974|weight=7752688
PACKLOG|best|profit=4184974|weight=7752688
PACKLOG|call=1401|tour_len=836|end_dist=17803730
PACKLOG|try=0|th=0.277127933|de=0.310739556|ga=0.412132511
PACKLOG|try=0|profit=4160700|weight=7923343
PACKLOG|try=1|th=0.560398202|de=0.417251587|ga=0.022350211
PACKLOG|try=1|profit=4162901|weight=7824898
PACKLOG|best|profit=4162901|weight=7824898
PACKLOG|call=1402|tour_len=851|end_dist=19106435
PACKLOG|try=0|th=0.219321888|de=0.366017590|ga=0.414660522
PACKLOG|try=0|profit=4178419|weight=7584856
PACKLOG|try=1|th=0.300780291|de=0.448369103|ga=0.250850606
PACKLOG|try=1|profit=4194957|weight=7514562
PACKLOG|best|profit=4194957|weight=7514562
PACKLOG|call=1403|tour_len=915|end_dist=19028061
PACKLOG|try=0|th=0.737339473|de=0.239147281|ga=0.023513245
PACKLOG|try=0|profit=4423087|weight=7469427
PACKLOG|try=1|th=0.179059043|de=0.357510030|ga=0.463430927
PACKLOG|try=1|profit=4373096|weight=7841120
PACKLOG|best|profit=4423087|weight=7469427
PACKLOG|call=1404|tour_len=887|end_dist=19911168
PACKLOG|try=0|th=0.160676026|de=0.260442542|ga=0.578881432
PACKLOG|try=0|profit=4144474|weight=7324656
PACKLOG|try=1|th=0.630193968|de=0.166194317|ga=0.203611715
PACKLOG|try=1|profit=4232702|weight=6995299
PACKLOG|best|profit=4232702|weight=6995299
PACKLOG|call=1405|tour_len=300|end_dist=4562675
PACKLOG|try=0|th=0.137518914|de=0.337026681|ga=0.525454405
PACKLOG|try=0|profit=1498062|weight=2993206
PACKLOG|try=1|th=0.034927557|de=0.632636168|ga=0.332436274
PACKLOG|try=1|profit=1498062|weight=2993206
PACKLOG|best|profit=1498062|weight=2993206
PACKLOG|call=1406|tour_len=709|end_dist=15470743
PACKLOG|try=0|th=0.332662387|de=0.308780227|ga=0.358557386
PACKLOG|try=0|profit=3540806|weight=7101737
PACKLOG|try=1|th=0.001631835|de=0.461470553|ga=0.536897612
PACKLOG|try=1|profit=3540806|weight=7101737
PACKLOG|best|profit=3540806|weight=7101737
PACKLOG|call=1407|tour_len=852|end_dist=18018975
PACKLOG|try=0|th=0.544298150|de=0.152458257|ga=0.303243593
PACKLOG|try=0|profit=4229882|weight=7860175
PACKLOG|try=1|th=0.169531748|de=0.349598268|ga=0.480869984
PACKLOG|try=1|profit=4215084|weight=7935490
PACKLOG|best|profit=4229882|weight=7860175
PACKLOG|call=1408|tour_len=248|end_dist=3464625
PACKLOG|try=0|th=0.459886006|de=0.102067813|ga=0.438046181
PACKLOG|try=0|profit=1241973|weight=2471079
PACKLOG|try=1|th=0.355002938|de=0.442752715|ga=0.202244346
PACKLOG|try=1|profit=1241973|weight=2471079
PACKLOG|best|profit=1241973|weight=2471079
PACKLOG|call=1409|tour_len=837|end_dist=17646004
PACKLOG|try=0|th=0.382332485|de=0.260866415|ga=0.356801100
PACKLOG|try=0|profit=4152509|weight=7777751
PACKLOG|try=1|th=0.217821788|de=0.370446159|ga=0.411732053
PACKLOG|try=1|profit=4148189|weight=7807890
PACKLOG|best|profit=4152509|weight=7777751
PACKLOG|call=1410|tour_len=269|end_dist=4062351
PACKLOG|try=0|th=0.317541847|de=0.203147865|ga=0.479310288
PACKLOG|try=0|profit=1341719|weight=2681838
PACKLOG|try=1|th=0.165534349|de=0.372942063|ga=0.461523588
PACKLOG|try=1|profit=1341719|weight=2681838
PACKLOG|best|profit=1341719|weight=2681838
PACKLOG|call=1411|tour_len=631|end_dist=13724238
PACKLOG|try=0|th=0.282952480|de=0.327355808|ga=0.389691712
PACKLOG|try=0|profit=3160559|weight=6318248
PACKLOG|try=1|th=0.702107300|de=0.074095878|ga=0.223796822
PACKLOG|try=1|profit=3160559|weight=6318248
PACKLOG|best|profit=3160559|weight=6318248
PACKLOG|call=1412|tour_len=501|end_dist=9530822
PACKLOG|try=0|th=0.197211097|de=0.358221421|ga=0.444567482
PACKLOG|try=0|profit=2487449|weight=5012571
PACKLOG|try=1|th=0.240250338|de=0.173667785|ga=0.586081876
PACKLOG|try=1|profit=2487449|weight=5012571
PACKLOG|best|profit=2487449|weight=5012571
PACKLOG|call=1413|tour_len=700|end_dist=15367655
PACKLOG|try=0|th=0.342686797|de=0.314417717|ga=0.342895486
PACKLOG|try=0|profit=3509313|weight=7011210
PACKLOG|try=1|th=0.370722450|de=0.160454159|ga=0.468823391
PACKLOG|try=1|profit=3509313|weight=7011210
PACKLOG|best|profit=3509313|weight=7011210
PACKLOG|call=1414|tour_len=337|end_dist=6161086
PACKLOG|try=0|th=0.485775579|de=0.062724937|ga=0.451499484
PACKLOG|try=0|profit=1690106|weight=3365172
PACKLOG|try=1|th=0.387452813|de=0.138150102|ga=0.474397085
PACKLOG|try=1|profit=1690106|weight=3365172
PACKLOG|best|profit=1690106|weight=3365172
PACKLOG|call=1415|tour_len=794|end_dist=18372727
PACKLOG|try=0|th=0.035423597|de=0.573184957|ga=0.391391446
PACKLOG|try=0|profit=3933555|weight=7606951
PACKLOG|try=1|th=0.584402237|de=0.171574545|ga=0.244023218
PACKLOG|try=1|profit=3958155|weight=7529648
PACKLOG|best|profit=3958155|weight=7529648
PACKLOG|call=1416|tour_len=756|end_dist=16543102
PACKLOG|try=0|th=0.416567070|de=0.475064229|ga=0.108368701
PACKLOG|try=0|profit=3785742|weight=7573763
PACKLOG|try=1|th=0.348741145|de=0.408524351|ga=0.242734505
PACKLOG|try=1|profit=3785742|weight=7573763
PACKLOG|best|profit=3785742|weight=7573763
PACKLOG|call=1417|tour_len=428|end_dist=7876141
PACKLOG|try=0|th=0.240902281|de=0.273342934|ga=0.485754785
PACKLOG|try=0|profit=2131518|weight=4279125
PACKLOG|try=1|th=0.918710960|de=0.005265572|ga=0.076023468
PACKLOG|try=1|profit=2131518|weight=4279125
PACKLOG|best|profit=2131518|weight=4279125
PACKLOG|call=1418|tour_len=417|end_dist=6987454
PACKLOG|try=0|th=0.023011319|de=0.627792958|ga=0.349195724
PACKLOG|try=0|profit=2087729|weight=4168474
PACKLOG|try=1|th=0.564798131|de=0.030930247|ga=0.404271622
PACKLOG|try=1|profit=2087729|weight=4168474
PACKLOG|best|profit=2087729|weight=4168474
PACKLOG|call=1419|tour_len=325|end_dist=4959619
PACKLOG|try=0|th=0.545099763|de=0.209485906|ga=0.245414331
PACKLOG|try=0|profit=1616069|weight=3244358
PACKLOG|try=1|th=0.193468372|de=0.399297110|ga=0.407234518
PACKLOG|try=1|profit=1616069|weight=3244358
PACKLOG|best|profit=1616069|weight=3244358
PACKLOG|call=1420|tour_len=590|end_dist=10957622
PACKLOG|try=0|th=0.497689278|de=0.476840209|ga=0.025470513
PACKLOG|try=0|profit=2940942|weight=5906243
PACKLOG|try=1|th=0.106335695|de=0.534580407|ga=0.359083898
PACKLOG|try=1|profit=2940942|weight=5906243
PACKLOG|best|profit=2940942|weight=5906243
PACKLOG|call=1421|tour_len=364|end_dist=6415098
PACKLOG|try=0|th=0.001943081|de=0.418111668|ga=0.579945250
PACKLOG|try=0|profit=1832921|weight=3636188
PACKLOG|try=1|th=0.129107589|de=0.490220967|ga=0.380671444
PACKLOG|try=1|profit=1832921|weight=3636188
PACKLOG|best|profit=1832921|weight=3636188
PACKLOG|call=1422|tour_len=883|end_dist=19349852
PACKLOG|try=0|th=0.289744950|de=0.370743333|ga=0.339511717
PACKLOG|try=0|profit=4259946|weight=7432302
PACKLOG|try=1|th=0.251161673|de=0.482515414|ga=0.266322914
PACKLOG|try=1|profit=4263260|weight=7418226
PACKLOG|best|profit=4263260|weight=7418226
PACKLOG|call=1423|tour_len=843|end_dist=17960762
PACKLOG|try=0|th=0.206104781|de=0.461116200|ga=0.332779019
PACKLOG|try=0|profit=4202259|weight=7989624
PACKLOG|try=1|th=0.134962099|de=0.475748745|ga=0.389289156
PACKLOG|try=1|profit=4196659|weight=8005677
PACKLOG|best|profit=4202259|weight=7989624
PACKLOG|call=1424|tour_len=514|end_dist=9228645
PACKLOG|try=0|th=0.510903010|de=0.403285541|ga=0.085811449
PACKLOG|try=0|profit=2568854|weight=5142914
PACKLOG|try=1|th=0.270859322|de=0.153044437|ga=0.576096241
PACKLOG|try=1|profit=2568854|weight=5142914
PACKLOG|best|profit=2568854|weight=5142914
PACKLOG|call=1425|tour_len=844|end_dist=18394375
PACKLOG|try=0|th=0.609798602|de=0.212303901|ga=0.177897497
PACKLOG|try=0|profit=4185192|weight=7626109
PACKLOG|try=1|th=0.416366844|de=0.559109405|ga=0.024523750
PACKLOG|try=1|profit=4182081|weight=7572859
PACKLOG|best|profit=4185192|weight=7626109
PACKLOG|call=1426|tour_len=788|end_dist=18054610
PACKLOG|try=0|th=0.392082225|de=0.305683480|ga=0.302234295
PACKLOG|try=0|profit=3942133|weight=7815874
PACKLOG|try=1|th=0.112135053|de=0.485610835|ga=0.402254112
PACKLOG|try=1|profit=3941874|weight=7820909
PACKLOG|best|profit=3942133|weight=7815874
PACKLOG|call=1427|tour_len=819|end_dist=17937106
PACKLOG|try=0|th=0.666495496|de=0.205937833|ga=0.127566671
PACKLOG|try=0|profit=4062020|weight=7538755
PACKLOG|try=1|th=0.239788557|de=0.386435843|ga=0.373775600
PACKLOG|try=1|profit=4059031|weight=7637124
PACKLOG|best|profit=4062020|weight=7538755
PACKLOG|call=1428|tour_len=419|end_dist=7542092
PACKLOG|try=0|th=0.099797840|de=0.211240456|ga=0.688961704
PACKLOG|try=0|profit=2081915|weight=4188689
PACKLOG|try=1|th=0.224729565|de=0.605718307|ga=0.169552128
PACKLOG|try=1|profit=2081915|weight=4188689
PACKLOG|best|profit=2081915|weight=4188689
PACKLOG|call=1429|tour_len=801|end_dist=18200452
PACKLOG|try=0|th=0.404150865|de=0.391788647|ga=0.204060488
PACKLOG|try=0|profit=4024510|weight=7670044
PACKLOG|try=1|th=0.021993405|de=0.518421489|ga=0.459585106
PACKLOG|try=1|profit=3990870|weight=7732294
PACKLOG|best|profit=4024510|weight=7670044
PACKLOG|call=1430|tour_len=827|end_dist=18722324
PACKLOG|try=0|th=0.051110211|de=0.467411798|ga=0.481477991
PACKLOG|try=0|profit=4068362|weight=7768609
PACKLOG|try=1|th=0.032316130|de=0.269940471|ga=0.697743399
PACKLOG|try=1|profit=4006342|weight=7778646
PACKLOG|best|profit=4068362|weight=7768609
PACKLOG|call=1431|tour_len=305|end_dist=4744747
PACKLOG|try=0|th=0.578546228|de=0.258719386|ga=0.162734385
PACKLOG|try=0|profit=1521863|weight=3043642
PACKLOG|try=1|th=0.373752273|de=0.348744158|ga=0.277503570
PACKLOG|try=1|profit=1521863|weight=3043642
PACKLOG|best|profit=1521863|weight=3043642
PACKLOG|call=1432|tour_len=402|end_dist=7324083
PACKLOG|try=0|th=0.270277717|de=0.356278258|ga=0.373444025
PACKLOG|try=0|profit=2009383|weight=4018164
PACKLOG|try=1|th=0.588834888|de=0.163239153|ga=0.247925959
PACKLOG|try=1|profit=2009383|weight=4018164
PACKLOG|best|profit=2009383|weight=4018164
PACKLOG|call=1433|tour_len=244|end_dist=3760394
PACKLOG|try=0|th=0.542702163|de=0.185791142|ga=0.271506696
PACKLOG|try=0|profit=1215617|weight=2430892
PACKLOG|try=1|th=0.251970324|de=0.272334511|ga=0.475695165
PACKLOG|try=1|profit=1215617|weight=2430892
PACKLOG|best|profit=1215617|weight=2430892
PACKLOG|call=1434|tour_len=271|end_dist=4416632
PACKLOG|try=0|th=0.070935729|de=0.463008290|ga=0.466055981
PACKLOG|try=0|profit=1323947|weight=2701946
PACKLOG|try=1|th=0.374679887|de=0.050041553|ga=0.575278560
PACKLOG|try=1|profit=1323947|weight=2701946
PACKLOG|best|profit=1323947|weight=2701946
PACKLOG|call=1435|tour_len=839|end_dist=17698447
PACKLOG|try=0|th=0.537932653|de=0.032224399|ga=0.429842948
PACKLOG|try=0|profit=4174800|weight=7787867
PACKLOG|try=1|th=0.395263291|de=0.069036709|ga=0.535699999
PACKLOG|try=1|profit=4172144|weight=7815962
PACKLOG|best|profit=4174800|weight=7787867
PACKLOG|call=1436|tour_len=427|end_dist=7938594
PACKLOG|try=0|th=0.360551116|de=0.514392358|ga=0.125056526
PACKLOG|try=0|profit=2120421|weight=4269253
PACKLOG|try=1|th=0.539577247|de=0.191637137|ga=0.268785615
PACKLOG|try=1|profit=2120421|weight=4269253
PACKLOG|best|profit=2120421|weight=4269253
PACKLOG|call=1437|tour_len=815|end_dist=17456721
PACKLOG|try=0|th=0.475704914|de=0.188130414|ga=0.336164672
PACKLOG|try=0|profit=4072447|weight=7966536
PACKLOG|try=1|th=0.407436552|de=0.312188675|ga=0.280374773
PACKLOG|try=1|profit=4072447|weight=7966536
PACKLOG|best|profit=4072447|weight=7966536
PACKLOG|call=1438|tour_len=403|end_dist=7155020
PACKLOG|try=0|th=0.039649517|de=0.896736684|ga=0.063613799
PACKLOG|try=0|profit=2014947|weight=4028100
PACKLOG|try=1|th=0.524985052|de=0.102992844|ga=0.372022104
PACKLOG|try=1|profit=2014947|weight=4028100
PACKLOG|best|profit=2014947|weight=4028100
PACKLOG|call=1439|tour_len=192|end_dist=3145990
PACKLOG|try=0|th=0.480129113|de=0.244032675|ga=0.275838212
PACKLOG|try=0|profit=956472|weight=1908460
PACKLOG|try=1|th=0.444133655|de=0.471775806|ga=0.084090538
PACKLOG|try=1|profit=956472|weight=1908460
PACKLOG|best|profit=956472|weight=1908460
PACKLOG|call=1440|tour_len=603|end_dist=13199479
PACKLOG|try=0|th=0.453237918|de=0.265795983|ga=0.280966099
PACKLOG|try=0|profit=3013723|weight=6036911
PACKLOG|try=1|th=0.559704914|de=0.319292986|ga=0.121002100
PACKLOG|try=1|profit=3013723|weight=6036911
PACKLOG|best|profit=3013723|weight=6036911
PACKLOG|call=1441|tour_len=387|end_dist=6356612
PACKLOG|try=0|th=0.348872397|de=0.379230304|ga=0.271897299
PACKLOG|try=0|profit=1917426|weight=3867278
PACKLOG|try=1|th=0.041175792|de=0.558946531|ga=0.399877677
PACKLOG|try=1|profit=1917426|weight=3867278
PACKLOG|best|profit=1917426|weight=3867278
PACKLOG|call=1442|tour_len=671|end_dist=14274702
PACKLOG|try=0|th=0.595291955|de=0.262278219|ga=0.142429826
PACKLOG|try=0|profit=3367946|weight=6719971
PACKLOG|try=1|th=0.005767614|de=0.679557384|ga=0.314675002
PACKLOG|try=1|profit=3367946|weight=6719971
PACKLOG|best|profit=3367946|weight=6719971
PACKLOG|call=1443|tour_len=781|end_dist=17118891
PACKLOG|try=0|th=0.409639759|de=0.075387338|ga=0.514972902
PACKLOG|try=0|profit=3929832|weight=7824835
PACKLOG|try=1|th=0.092777007|de=0.349968730|ga=0.557254263
PACKLOG|try=1|profit=3929832|weight=7824835
PACKLOG|best|profit=3929832|weight=7824835
PACKLOG|call=1444|tour_len=253|end_dist=3949155
PACKLOG|try=0|th=0.640435379|de=0.126377680|ga=0.233186941
PACKLOG|try=0|profit=1263319|weight=2521182
PACKLOG|try=1|th=0.213730335|de=0.151955539|ga=0.634314126
PACKLOG|try=1|profit=1263319|weight=2521182
PACKLOG|best|profit=1263319|weight=2521182
PACKLOG|call=1445|tour_len=231|end_dist=3903912
PACKLOG|try=0|th=0.273379917|de=0.214651994|ga=0.511968089
PACKLOG|try=0|profit=1150338|weight=2300314
PACKLOG|try=1|th=0.475233297|de=0.460532803|ga=0.064233900
PACKLOG|try=1|profit=1150338|weight=2300314
PACKLOG|best|profit=1150338|weight=2300314
PACKLOG|call=1446|tour_len=533|end_dist=9693197
PACKLOG|try=0|th=0.369319755|de=0.429044580|ga=0.201635665
PACKLOG|try=0|profit=2650496|weight=5333740
PACKLOG|try=1|th=0.252624498|de=0.196313827|ga=0.551061675
PACKLOG|try=1|profit=2650496|weight=5333740
PACKLOG|best|profit=2650496|weight=5333740
PACKLOG|call=1447|tour_len=295|end_dist=4587997
PACKLOG|try=0|th=0.482884802|de=0.173579424|ga=0.343535774
PACKLOG|try=0|profit=1460559|weight=2943221
PACKLOG|try=1|th=0.365067252|de=0.429190447|ga=0.205742301
PACKLOG|try=1|profit=1460559|weight=2943221
PACKLOG|best|profit=1460559|weight=2943221
PACKLOG|call=1448|tour_len=329|end_dist=5112880
PACKLOG|try=0|th=0.130892275|de=0.566303661|ga=0.302804064
PACKLOG|try=0|profit=1652573|weight=3284667
PACKLOG|try=1|th=0.569841380|de=0.181312227|ga=0.248846393
PACKLOG|try=1|profit=1652573|weight=3284667
PACKLOG|best|profit=1652573|weight=3284667
PACKLOG|call=1449|tour_len=845|end_dist=18436586
PACKLOG|try=0|th=0.256281073|de=0.252612751|ga=0.491106176
PACKLOG|try=0|profit=4189849|weight=7827982
PACKLOG|try=1|th=0.172358161|de=0.428791666|ga=0.398850174
PACKLOG|try=1|profit=4186597|weight=7834968
PACKLOG|best|profit=4189849|weight=7827982
PACKLOG|call=1450|tour_len=402|end_dist=6554593
PACKLOG|try=0|th=0.362566936|de=0.251291571|ga=0.386141493
PACKLOG|try=0|profit=2008308|weight=4017796
PACKLOG|try=1|th=0.695565286|de=0.103971164|ga=0.200463550
PACKLOG|try=1|profit=2008308|weight=4017796
PACKLOG|best|profit=2008308|weight=4017796
PACKLOG|call=1451|tour_len=392|end_dist=6688595
PACKLOG|try=0|th=0.445503836|de=0.041187012|ga=0.513309152
PACKLOG|try=0|profit=1939805|weight=3917423
PACKLOG|try=1|th=0.338139468|de=0.303976433|ga=0.357884099
PACKLOG|try=1|profit=1939805|weight=3917423
PACKLOG|best|profit=1939805|weight=3917423
PACKLOG|call=1452|tour_len=815|end_dist=16918758
PACKLOG|try=0|th=0.283152600|de=0.205023563|ga=0.511823838
PACKLOG|try=0|profit=4081149|weight=8166466
PACKLOG|try=1|th=0.422803367|de=0.163723205|ga=0.413473427
PACKLOG|try=1|profit=4081149|weight=8166466
PACKLOG|best|profit=4081149|weight=8166466
PACKLOG|call=1453|tour_len=801|end_dist=16757238
PACKLOG|try=0|th=0.045676973|de=0.750981490|ga=0.203341537
PACKLOG|try=0|profit=4002718|weight=8025825
PACKLOG|try=1|th=0.165134944|de=0.823292544|ga=0.011572513
PACKLOG|try=1|profit=4002718|weight=8025825
PACKLOG|best|profit=4002718|weight=8025825
PACKLOG|call=1454|tour_len=405|end_dist=7520765
PACKLOG|try=0|th=0.267327727|de=0.437931852|ga=0.294740421
PACKLOG|try=0|profit=2040007|weight=4048031
PACKLOG|try=1|th=0.419275040|de=0.517911855|ga=0.062813105
PACKLOG|try=1|profit=2040007|weight=4048031
PACKLOG|best|profit=2040007|weight=4048031
PACKLOG|call=1455|tour_len=495|end_dist=9841751
PACKLOG|try=0|th=0.183045783|de=0.374809475|ga=0.442144742
PACKLOG|try=0|profit=2475606|weight=4952185
PACKLOG|try=1|th=0.471221585|de=0.357942812|ga=0.170835603
PACKLOG|try=1|profit=2475606|weight=4952185
PACKLOG|best|profit=2475606|weight=4952185
PACKLOG|call=1456|tour_len=303|end_dist=5182093
PACKLOG|try=0|th=0.175174829|de=0.456698844|ga=0.368126327
PACKLOG|try=0|profit=1506745|weight=3023557
PACKLOG|try=1|th=0.397255909|de=0.203672527|ga=0.399071565
PACKLOG|try=1|profit=1506745|weight=3023557
PACKLOG|best|profit=1506745|weight=3023557
PACKLOG|call=1457|tour_len=874|end_dist=19197503
PACKLOG|try=0|th=0.496196820|de=0.501882655|ga=0.001920525
PACKLOG|try=0|profit=4263201|weight=7292692
PACKLOG|try=1|th=0.279990133|de=0.658861325|ga=0.061148542
PACKLOG|try=1|profit=4276039|weight=7397171
PACKLOG|best|profit=4276039|weight=7397171
PACKLOG|call=1458|tour_len=280|end_dist=4326000
PACKLOG|try=0|th=0.502739843|de=0.173234202|ga=0.324025955
PACKLOG|try=0|profit=1398608|weight=2792490
PACKLOG|try=1|th=0.202005098|de=0.379582282|ga=0.418412620
PACKLOG|try=1|profit=1398608|weight=2792490
PACKLOG|best|profit=1398608|weight=2792490
PACKLOG|call=1459|tour_len=584|end_dist=12605308
PACKLOG|try=0|th=0.204644560|de=0.359589521|ga=0.435765919
PACKLOG|try=0|profit=2909550|weight=5846129
PACKLOG|try=1|th=0.330452213|de=0.363718936|ga=0.305828851
PACKLOG|try=1|profit=2909550|weight=5846129
PACKLOG|best|profit=2909550|weight=5846129
PACKLOG|call=1460|tour_len=438|end_dist=7886498
PACKLOG|try=0|th=0.385262702|de=0.274225341|ga=0.340511957
PACKLOG|try=0|profit=2188556|weight=4379531
PACKLOG|try=1|th=0.159970181|de=0.015393549|ga=0.824636270
PACKLOG|try=1|profit=2188556|weight=4379531
PACKLOG|best|profit=2188556|weight=4379531
PACKLOG|call=1461|tour_len=835|end_dist=17966142
PACKLOG|try=0|th=0.206272620|de=0.571783777|ga=0.221943603
PACKLOG|try=0|profit=4168352|weight=7937425
PACKLOG|try=1|th=0.724863081|de=0.167854784|ga=0.107282135
PACKLOG|try=1|profit=4169062|weight=7866115
PACKLOG|best|profit=4169062|weight=7866115
PACKLOG|call=1462|tour_len=237|end_dist=3939199
PACKLOG|try=0|th=0.070455569|de=0.068949034|ga=0.860595396
PACKLOG|try=0|profit=1186363|weight=2360443
PACKLOG|try=1|th=0.489626186|de=0.170718187|ga=0.339655627
PACKLOG|try=1|profit=1186363|weight=2360443
PACKLOG|best|profit=1186363|weight=2360443
PACKLOG|call=1463|tour_len=358|end_dist=6705712
PACKLOG|try=0|th=0.215500855|de=0.329239230|ga=0.455259915
PACKLOG|try=0|profit=1764413|weight=3576192
PACKLOG|try=1|th=0.033618398|de=0.852690604|ga=0.113690998
PACKLOG|try=1|profit=1764413|weight=3576192
PACKLOG|best|profit=1764413|weight=3576192
PACKLOG|call=1464|tour_len=264|end_dist=4094906
PACKLOG|try=0|th=0.207669597|de=0.121312881|ga=0.671017521
PACKLOG|try=0|profit=1320283|weight=2631853
PACKLOG|try=1|th=0.739305338|de=0.253171155|ga=0.007523507
PACKLOG|try=1|profit=1320283|weight=2631853
PACKLOG|best|profit=1320283|weight=2631853
PACKLOG|call=1465|tour_len=857|end_dist=19167520
PACKLOG|try=0|th=0.351397111|de=0.490947126|ga=0.157655763
PACKLOG|try=0|profit=4163743|weight=7151937
PACKLOG|try=1|th=0.432204068|de=0.393301422|ga=0.174494510
PACKLOG|try=1|profit=4163274|weight=7135864
PACKLOG|best|profit=4163743|weight=7151937
PACKLOG|call=1466|tour_len=696|end_dist=15504399
PACKLOG|try=0|th=0.478925974|de=0.368652805|ga=0.152421222
PACKLOG|try=0|profit=3470574|weight=6971058
PACKLOG|try=1|th=0.397911047|de=0.233051907|ga=0.369037046
PACKLOG|try=1|profit=3470574|weight=6971058
PACKLOG|best|profit=3470574|weight=6971058
PACKLOG|call=1467|tour_len=386|end_dist=6632050
PACKLOG|try=0|th=0.274263863|de=0.334126457|ga=0.391609680
PACKLOG|try=0|profit=1933010|weight=3857140
PACKLOG|try=1|th=0.289869963|de=0.219410972|ga=0.490719065
PACKLOG|try=1|profit=1933010|weight=3857140
PACKLOG|best|profit=1933010|weight=3857140
PACKLOG|call=1468|tour_len=911|end_dist=19002283
PACKLOG|try=0|th=0.335827333|de=0.413323851|ga=0.250848816
PACKLOG|try=0|profit=4416840|weight=7713512
PACKLOG|try=1|th=0.179364305|de=0.206081471|ga=0.614554225
PACKLOG|try=1|profit=4328280|weight=7869165
PACKLOG|best|profit=4416840|weight=7713512
PACKLOG|call=1469|tour_len=834|end_dist=17577009
PACKLOG|try=0|th=0.301544702|de=0.501682129|ga=0.196773169
PACKLOG|try=0|profit=4158875|weight=7956597
PACKLOG|try=1|th=0.034210477|de=0.548407298|ga=0.417382225
PACKLOG|try=1|profit=4129158|weight=8010830
PACKLOG|best|profit=4158875|weight=7956597
PACKLOG|call=1470|tour_len=888|end_dist=19169187
PACKLOG|try=0|th=0.082720142|de=0.914294180|ga=0.002985678
PACKLOG|try=0|profit=4322011|weight=7413024
PACKLOG|try=1|th=0.815637940|de=0.064150422|ga=0.120211638
PACKLOG|try=1|profit=4329404|weight=7471427
PACKLOG|best|profit=4329404|weight=7471427
PACKLOG|call=1471|tour_len=765|end_dist=16112777
PACKLOG|try=0|th=0.126520237|de=0.347401299|ga=0.526078464
PACKLOG|try=0|profit=3829763|weight=7664147
PACKLOG|try=1|th=0.348342885|de=0.441813768|ga=0.209843347
PACKLOG|try=1|profit=3829763|weight=7664147
PACKLOG|best|profit=3829763|weight=7664147
PACKLOG|call=1472|tour_len=206|end_dist=3279042
PACKLOG|try=0|th=0.277572986|de=0.235984414|ga=0.486442600
PACKLOG|try=0|profit=1024450|weight=2049066
PACKLOG|try=1|th=0.389636059|de=0.286169390|ga=0.324194550
PACKLOG|try=1|profit=1024450|weight=2049066
PACKLOG|best|profit=1024450|weight=2049066
PACKLOG|call=1473|tour_len=535|end_dist=9654820
PACKLOG|try=0|th=0.355250409|de=0.294427375|ga=0.350322216
PACKLOG|try=0|profit=2664666|weight=5354031
PACKLOG|try=1|th=0.620849165|de=0.246778937|ga=0.132371898
PACKLOG|try=1|profit=2664666|weight=5354031
PACKLOG|best|profit=2664666|weight=5354031
PACKLOG|call=1474|tour_len=219|end_dist=3239441
PACKLOG|try=0|th=0.447375233|de=0.058094924|ga=0.494529843
PACKLOG|try=0|profit=1096728|weight=2179637
PACKLOG|try=1|th=0.150683883|de=0.815467352|ga=0.033848765
PACKLOG|try=1|profit=1096728|weight=2179637
PACKLOG|best|profit=1096728|weight=2179637
PACKLOG|call=1475|tour_len=963|end_dist=21861003
PACKLOG|try=0|th=0.184481426|de=0.300884244|ga=0.514634330
PACKLOG|try=0|profit=3827608|weight=6420463
PACKLOG|try=1|th=0.535127550|de=0.302367600|ga=0.162504850
PACKLOG|try=1|profit=4013245|weight=5789853
PACKLOG|best|profit=4013245|weight=5789853
PACKLOG|call=1476|tour_len=861|end_dist=17992535
PACKLOG|try=0|th=0.168522095|de=0.543922194|ga=0.287555711
PACKLOG|try=0|profit=4178294|weight=7493354
PACKLOG|try=1|th=0.265869905|de=0.440542577|ga=0.293587518
PACKLOG|try=1|profit=4188135|weight=7459258
PACKLOG|best|profit=4188135|weight=7459258
PACKLOG|call=1477|tour_len=773|end_dist=16761526
PACKLOG|try=0|th=0.033091872|de=0.678629669|ga=0.288278458
PACKLOG|try=0|profit=3890690|weight=7744457
PACKLOG|try=1|th=0.473450623|de=0.323633130|ga=0.202916247
PACKLOG|try=1|profit=3890690|weight=7744457
PACKLOG|best|profit=3890690|weight=7744457
PACKLOG|call=1478|tour_len=334|end_dist=5378288
PACKLOG|try=0|th=0.394927264|de=0.262278431|ga=0.342794305
PACKLOG|try=0|profit=1681776|weight=3334887
PACKLOG|try=1|th=0.049220956|de=0.466414459|ga=0.484364585
PACKLOG|try=1|profit=1681776|weight=3334887
PACKLOG|best|profit=1681776|weight=3334887
PACKLOG|call=1479|tour_len=226|end_dist=3465255
PACKLOG|try=0|th=0.261367479|de=0.265723055|ga=0.472909466
PACKLOG|try=0|profit=1146989|weight=2250151
PACKLOG|try=1|th=0.509552069|de=0.334466743|ga=0.155981188
PACKLOG|try=1|profit=1146989|weight=2250151
PACKLOG|best|profit=1146989|weight=2250151
PACKLOG|call=1480|tour_len=825|end_dist=17952043
PACKLOG|try=0|th=0.232351394|de=0.303287507|ga=0.464361100
PACKLOG|try=0|profit=4050877|weight=7428050
PACKLOG|try=1|th=0.231618316|de=0.317247201|ga=0.451134483
PACKLOG|try=1|profit=4051232|weight=7427026
PACKLOG|best|profit=4051232|weight=7427026
PACKLOG|call=1481|tour_len=631|end_dist=14637934
PACKLOG|try=0|th=0.502350265|de=0.288573292|ga=0.209076443
PACKLOG|try=0|profit=3143222|weight=6318246
PACKLOG|try=1|th=0.322136851|de=0.489475270|ga=0.188387879
PACKLOG|try=1|profit=3143222|weight=6318246
PACKLOG|best|profit=3143222|weight=6318246
PACKLOG|call=1482|tour_len=335|end_dist=5486156
PACKLOG|try=0|th=0.272882785|de=0.699612466|ga=0.027504749
PACKLOG|try=0|profit=1661185|weight=3344863
PACKLOG|try=1|th=0.485487915|de=0.014687775|ga=0.499824310
PACKLOG|try=1|profit=1661185|weight=3344863
PACKLOG|best|profit=1661185|weight=3344863
PACKLOG|call=1483|tour_len=807|end_dist=17573318
PACKLOG|try=0|th=0.029517455|de=0.585230788|ga=0.385251757
PACKLOG|try=0|profit=4041536|weight=7974511
PACKLOG|try=1|th=0.762277903|de=0.195914181|ga=0.041807916
PACKLOG|try=1|profit=4044984|weight=7946345
PACKLOG|best|profit=4044984|weight=7946345
PACKLOG|call=1484|tour_len=878|end_dist=18181120
PACKLOG|try=0|th=0.384831873|de=0.340821699|ga=0.274346428
PACKLOG|try=0|profit=4297302|weight=7636265
PACKLOG|try=1|th=0.505146326|de=0.138743998|ga=0.356109676
PACKLOG|try=1|profit=4297387|weight=7632246
PACKLOG|best|profit=4297387|weight=7632246
PACKLOG|call=1485|tour_len=906|end_dist=18871228
PACKLOG|try=0|th=0.223233952|de=0.436965918|ga=0.339800130
PACKLOG|try=0|profit=4388760|weight=7828996
PACKLOG|try=1|th=0.455630836|de=0.442884141|ga=0.101485023
PACKLOG|try=1|profit=4406919|weight=7623063
PACKLOG|best|profit=4406919|weight=7623063
PACKLOG|call=1486|tour_len=866|end_dist=18587862
PACKLOG|try=0|th=0.267908759|de=0.107795538|ga=0.624295703
PACKLOG|try=0|profit=4260993|weight=7847135
PACKLOG|try=1|th=0.372749676|de=0.340053796|ga=0.287196528
PACKLOG|try=1|profit=4282069|weight=7770792
PACKLOG|best|profit=4282069|weight=7770792
PACKLOG|call=1487|tour_len=306|end_dist=4656518
PACKLOG|try=0|th=0.755338660|de=0.111063208|ga=0.133598132
PACKLOG|try=0|profit=1533959|weight=3053665
PACKLOG|try=1|th=0.408188333|de=0.573605254|ga=0.018206412
PACKLOG|try=1|profit=1533959|weight=3053665
PACKLOG|best|profit=1533959|weight=3053665
PACKLOG|call=1488|tour_len=940|end_dist=20133324
PACKLOG|try=0|th=0.552355742|de=0.418935905|ga=0.028708353
PACKLOG|try=0|profit=4409801|weight=7059575
PACKLOG|try=1|th=0.019682315|de=0.711313958|ga=0.269003727
PACKLOG|try=1|profit=4075708|weight=7871866
PACKLOG|best|profit=4409801|weight=7059575
PACKLOG|call=1489|tour_len=504|end_dist=8955055
PACKLOG|try=0|th=0.448001167|de=0.191852049|ga=0.360146784
PACKLOG|try=0|profit=2514957|weight=5042483
PACKLOG|try=1|th=0.372879256|de=0.192162805|ga=0.434957939
PACKLOG|try=1|profit=2514957|weight=5042483
PACKLOG|best|profit=2514957|weight=5042483
PACKLOG|call=1490|tour_len=821|end_dist=17442879
PACKLOG|try=0|th=0.496260216|de=0.118122683|ga=0.385617100
PACKLOG|try=0|profit=4095881|weight=7871193
PACKLOG|try=1|th=0.285411378|de=0.669373344|ga=0.045215278
PACKLOG|try=1|profit=4095713|weight=7824991
PACKLOG|best|profit=4095881|weight=7871193
PACKLOG|call=1491|tour_len=857|end_dist=19202871
PACKLOG|try=0|th=0.362700751|de=0.385553891|ga=0.251745358
PACKLOG|try=0|profit=4203910|weight=7401110
PACKLOG|try=1|th=0.587544222|de=0.369571916|ga=0.042883862
PACKLOG|try=1|profit=4197335|weight=7247468
PACKLOG|best|profit=4203910|weight=7401110
PACKLOG|call=1492|tour_len=593|end_dist=11335654
PACKLOG|try=0|th=0.302024221|de=0.202263107|ga=0.495712673
PACKLOG|try=0|profit=2972928|weight=5936481
PACKLOG|try=1|th=0.286405873|de=0.326702418|ga=0.386891709
PACKLOG|try=1|profit=2972928|weight=5936481
PACKLOG|best|profit=2972928|weight=5936481
PACKLOG|call=1493|tour_len=913|end_dist=19215861
PACKLOG|try=0|th=0.256964621|de=0.294786079|ga=0.448249300
PACKLOG|try=0|profit=4396058|weight=7833988
PACKLOG|try=1|th=0.282175246|de=0.351007186|ga=0.366817568
PACKLOG|try=1|profit=4409968|weight=7804864
PACKLOG|best|profit=4409968|weight=7804864
PACKLOG|call=1494|tour_len=403|end_dist=6814197
PACKLOG|try=0|th=0.277862726|de=0.473595609|ga=0.248541665
PACKLOG|try=0|profit=2014349|weight=4027813
PACKLOG|try=1|th=0.418343008|de=0.362121336|ga=0.219535657
PACKLOG|try=1|profit=2014349|weight=4027813
PACKLOG|best|profit=2014349|weight=4027813
PACKLOG|call=1495|tour_len=341|end_dist=6290823
PACKLOG|try=0|th=0.342514541|de=0.406128288|ga=0.251357171
PACKLOG|try=0|profit=1686640|weight=3405280
PACKLOG|try=1|th=0.234670164|de=0.371866197|ga=0.393463639
PACKLOG|try=1|profit=1686640|weight=3405280
PACKLOG|best|profit=1686640|weight=3405280
PACKLOG|call=1496|tour_len=435|end_dist=7861617
PACKLOG|try=0|th=0.532907133|de=0.044345652|ga=0.422747214
PACKLOG|try=0|profit=2156437|weight=4349491
PACKLOG|try=1|th=0.425897220|de=0.316034354|ga=0.258068426
PACKLOG|try=1|profit=2156437|weight=4349491
PACKLOG|best|profit=2156437|weight=4349491
PACKLOG|call=1497|tour_len=860|end_dist=17983039
PACKLOG|try=0|th=0.011672353|de=0.610808753|ga=0.377518894
PACKLOG|try=0|profit=4077290|weight=8015678
PACKLOG|try=1|th=0.347082359|de=0.372069773|ga=0.280847867
PACKLOG|try=1|profit=4262082|weight=7891288
PACKLOG|best|profit=4262082|weight=7891288
PACKLOG|call=1498|tour_len=338|end_dist=5433473
PACKLOG|try=0|th=0.446719684|de=0.051791311|ga=0.501489006
PACKLOG|try=0|profit=1685392|weight=3375046
PACKLOG|try=1|th=0.526320010|de=0.231571124|ga=0.242108866
PACKLOG|try=1|profit=1685392|weight=3375046
PACKLOG|best|profit=1685392|weight=3375046
PACKLOG|call=1499|tour_len=366|end_dist=5924269
PACKLOG|try=0|th=0.030403839|de=0.441628125|ga=0.527968036
PACKLOG|try=0|profit=1825827|weight=3656344
PACKLOG|try=1|th=0.010144386|de=0.049944125|ga=0.939911489
PACKLOG|try=1|profit=1825827|weight=3656344
PACKLOG|best|profit=1825827|weight=3656344
PACKLOG|call=1500|tour_len=766|end_dist=17671312
PACKLOG|try=0|th=0.398476046|de=0.537755689|ga=0.063768265
PACKLOG|try=0|profit=3838989|weight=7674399
PACKLOG|try=1|th=0.269153524|de=0.637066802|ga=0.093779674
PACKLOG|try=1|profit=3838989|weight=7674399
PACKLOG|best|profit=3838989|weight=7674399
PACKLOG|call=1501|tour_len=378|end_dist=6568432
PACKLOG|try=0|th=0.269446806|de=0.649812409|ga=0.080740786
PACKLOG|try=0|profit=1891304|weight=3776866
PACKLOG|try=1|th=0.370207576|de=0.038493401|ga=0.591299023
PACKLOG|try=1|profit=1891304|weight=3776866
PACKLOG|best|profit=1891304|weight=3776866
PACKLOG|call=1502|tour_len=933|end_dist=19903408
PACKLOG|try=0|th=0.220791302|de=0.661564577|ga=0.117644121
PACKLOG|try=0|profit=4443134|weight=7423088
PACKLOG|try=1|th=0.189048572|de=0.255161312|ga=0.555790117
PACKLOG|try=1|profit=4324046|weight=7690334
PACKLOG|best|profit=4443134|weight=7423088
PACKLOG|call=1503|tour_len=930|end_dist=19787772
PACKLOG|try=0|th=0.472509078|de=0.345357872|ga=0.182133050
PACKLOG|try=0|profit=4442760|weight=7403087
PACKLOG|try=1|th=0.050779312|de=0.399714208|ga=0.549506479
PACKLOG|try=1|profit=4123817|weight=7904173
PACKLOG|best|profit=4442760|weight=7403087
PACKLOG|call=1504|tour_len=930|end_dist=19778626
PACKLOG|try=0|th=0.136393238|de=0.593045886|ga=0.270560876
PACKLOG|try=0|profit=4385214|weight=7667168
PACKLOG|try=1|th=0.068834095|de=0.616904275|ga=0.314261630
PACKLOG|try=1|profit=4251604|weight=7750464
PACKLOG|best|profit=4385214|weight=7667168
PACKLOG|call=1505|tour_len=934|end_dist=19825626
PACKLOG|try=0|th=0.296823449|de=0.362075449|ga=0.341101103
PACKLOG|try=0|profit=4437023|weight=7604026
PACKLOG|try=1|th=0.179098913|de=0.355577079|ga=0.465324007
PACKLOG|try=1|profit=4359946|weight=7717435
PACKLOG|best|profit=4437023|weight=7604026
PACKLOG|call=1506|tour_len=930|end_dist=19780160
PACKLOG|try=0|th=0.352841365|de=0.467922728|ga=0.179235907
PACKLOG|try=0|profit=4444021|weight=7449282
PACKLOG|try=1|th=0.695899848|de=0.060343926|ga=0.243756226
PACKLOG|try=1|profit=4442841|weight=7392057
PACKLOG|best|profit=4444021|weight=7449282
PACKLOG|call=1507|tour_len=930|end_dist=19783794
PACKLOG|try=0|th=0.351190778|de=0.495038496|ga=0.153770726
PACKLOG|try=0|profit=4443469|weight=7424180
PACKLOG|try=1|th=0.086997489|de=0.657710519|ga=0.255291992
PACKLOG|try=1|profit=4332904|weight=7712378
PACKLOG|best|profit=4443469|weight=7424180
PACKLOG|call=1508|tour_len=930|end_dist=19787772
PACKLOG|try=0|th=0.193976744|de=0.419904595|ga=0.386118661
PACKLOG|try=0|profit=4383844|weight=7665186
PACKLOG|try=1|th=0.106685711|de=0.242911897|ga=0.650402392
PACKLOG|try=1|profit=4190391|weight=7783689
PACKLOG|best|profit=4383844|weight=7665186
PACKLOG|call=1509|tour_len=930|end_dist=19787772
PACKLOG|try=0|th=0.269850619|de=0.438691264|ga=0.291458117
PACKLOG|try=0|profit=4427017|weight=7580931
PACKLOG|try=1|th=0.315572985|de=0.326082150|ga=0.358344865
PACKLOG|try=1|profit=4424810|weight=7588000
PACKLOG|best|profit=4427017|weight=7580931
PACKLOG|call=1510|tour_len=930|end_dist=19796081
PACKLOG|try=0|th=0.055070026|de=0.518108658|ga=0.426821317
PACKLOG|try=0|profit=4153741|weight=7836855
PACKLOG|try=1|th=0.455840217|de=0.210732634|ga=0.333427149
PACKLOG|try=1|profit=4439389|weight=7508593
PACKLOG|best|profit=4439389|weight=7508593
PACKLOG|call=1511|tour_len=889|end_dist=19087341
PACKLOG|try=0|th=0.276672514|de=0.226773815|ga=0.496553672
PACKLOG|try=0|profit=4317757|weight=7723596
PACKLOG|try=1|th=0.271014723|de=0.327333738|ga=0.401651539
PACKLOG|try=1|profit=4325145|weight=7707504
PACKLOG|best|profit=4325145|weight=7707504
PACKLOG|call=1512|tour_len=930|end_dist=19787772
PACKLOG|try=0|th=0.450112114|de=0.123549828|ga=0.426338058
PACKLOG|try=0|profit=4432778|weight=7558852
PACKLOG|try=1|th=0.305535949|de=0.380111139|ga=0.314352911
PACKLOG|try=1|profit=4429174|weight=7574882
PACKLOG|best|profit=4432778|weight=7558852
PACKLOG|call=1513|tour_len=930|end_dist=19787772
PACKLOG|try=0|th=0.219510013|de=0.514951412|ga=0.265538575
PACKLOG|try=0|profit=4421847|weight=7594972
PACKLOG|try=1|th=0.208315247|de=0.361911539|ga=0.429773214
PACKLOG|try=1|profit=4380230|weight=7669221
PACKLOG|best|profit=4421847|weight=7594972
PACKLOG|call=1514|tour_len=930|end_dist=19787772
PACKLOG|try=0|th=0.254986042|de=0.275476045|ga=0.469537913
PACKLOG|try=0|profit=4391551|weight=7655190
PACKLOG|try=1|th=0.146257507|de=0.182412532|ga=0.671329961
PACKLOG|try=1|profit=4251088|weight=7748536
PACKLOG|best|profit=4391551|weight=7655190
PACKLOG|call=1515|tour_len=930|end_dist=19787772
PACKLOG|try=0|th=0.480571812|de=0.007788486|ga=0.511639703
PACKLOG|try=0|profit=4427674|weight=7578934
PACKLOG|try=1|th=0.112025588|de=0.838429299|ga=0.049545113
PACKLOG|try=1|profit=4443060|weight=7421034
PACKLOG|best|profit=4443060|weight=7421034
PACKLOG|call=1516|tour_len=930|end_dist=19787772
PACKLOG|try=0|th=0.299270499|de=0.354842184|ga=0.345887317
PACKLOG|try=0|profit=4424028|weight=7588992
PACKLOG|try=1|th=0.206318554|de=0.446356100|ga=0.347325346
PACKLOG|try=1|profit=4399336|weight=7642176
PACKLOG|best|profit=4424028|weight=7588992
PACKLOG|call=1517|tour_len=933|end_dist=19902062
PACKLOG|try=0|th=0.416030002|de=0.529203240|ga=0.054766758
PACKLOG|try=0|profit=4428582|weight=7227270
PACKLOG|try=1|th=0.152161248|de=0.468561904|ga=0.379276847
PACKLOG|try=1|profit=4352680|weight=7670195
PACKLOG|best|profit=4428582|weight=7227270
PACKLOG|call=1518|tour_len=875|end_dist=18989218
PACKLOG|try=0|th=0.457887850|de=0.383109209|ga=0.159002941
PACKLOG|try=0|profit=4298159|weight=7524613
PACKLOG|try=1|th=0.220942121|de=0.097595727|ga=0.681462152
PACKLOG|try=1|profit=4246530|weight=7728493
PACKLOG|best|profit=4298159|weight=7524613
PACKLOG|call=1519|tour_len=946|end_dist=20547481
PACKLOG|try=0|th=0.349674694|de=0.412329164|ga=0.237996142
PACKLOG|try=0|profit=4405206|weight=7197112
PACKLOG|try=1|th=0.276482809|de=0.009004472|ga=0.714512719
PACKLOG|try=1|profit=4272900|weight=7452287
PACKLOG|best|profit=4405206|weight=7197112
PACKLOG|call=1520|tour_len=895|end_dist=19213907
PACKLOG|try=0|th=0.011923486|de=0.102882502|ga=0.885194012
PACKLOG|try=0|profit=4011749|weight=7959474
PACKLOG|try=1|th=0.367174992|de=0.453455197|ga=0.179369812
PACKLOG|try=1|profit=4361733|weight=7530703
PACKLOG|best|profit=4361733|weight=7530703
PACKLOG|call=1521|tour_len=930|end_dist=19787772
PACKLOG|try=0|th=0.389850705|de=0.225342782|ga=0.384806513
PACKLOG|try=0|profit=4430823|weight=7568886
PACKLOG|try=1|th=0.200831938|de=0.415262537|ga=0.383905525
PACKLOG|try=1|profit=4388434|weight=7660187
PACKLOG|best|profit=4430823|weight=7568886
PACKLOG|call=1522|tour_len=705|end_dist=15625453
PACKLOG|try=0|th=0.356511041|de=0.197984393|ga=0.445504566
PACKLOG|try=0|profit=3517769|weight=7061652
PACKLOG|try=1|th=0.351188486|de=0.211407720|ga=0.437403794
PACKLOG|try=1|profit=3517769|weight=7061652
PACKLOG|best|profit=3517769|weight=7061652
PACKLOG|call=1523|tour_len=930|end_dist=19787772
PACKLOG|try=0|th=0.309402684|de=0.620321795|ga=0.070275521
PACKLOG|try=0|profit=4436794|weight=7321686
PACKLOG|try=1|th=0.347346332|de=0.479505139|ga=0.173148529
PACKLOG|try=1|profit=4443224|weight=7440228
PACKLOG|best|profit=4443224|weight=7440228
PACKLOG|call=1524|tour_len=930|end_dist=19772622
PACKLOG|try=0|th=0.380196823|de=0.232677174|ga=0.387126004
PACKLOG|try=0|profit=4431496|weight=7582928
PACKLOG|try=1|th=0.588498211|de=0.376442552|ga=0.035059237
PACKLOG|try=1|profit=4421848|weight=7216202
PACKLOG|best|profit=4431496|weight=7582928
PACKLOG|call=1525|tour_len=930|end_dist=19787772
PACKLOG|try=0|th=0.385874232|de=0.150291558|ga=0.463834209
PACKLOG|try=0|profit=4422403|weight=7595005
PACKLOG|try=1|th=0.373026032|de=0.129692184|ga=0.497281784
PACKLOG|try=1|profit=4415937|weight=7610069
PACKLOG|best|profit=4422403|weight=7595005
PACKLOG|call=1526|tour_len=930|end_dist=19787772
PACKLOG|try=0|th=0.368494452|de=0.369998130|ga=0.261507419
PACKLOG|try=0|profit=4440211|weight=7501542
PACKLOG|try=1|th=0.114859779|de=0.008616220|ga=0.876524000
PACKLOG|try=1|profit=4161219|weight=7840938
PACKLOG|best|profit=4440211|weight=7501542
PACKLOG|call=1527|tour_len=930|end_dist=19787772
PACKLOG|try=0|th=0.410679281|de=0.193431820|ga=0.395888899
PACKLOG|try=0|profit=4432061|weight=7563880
PACKLOG|try=1|th=0.186313887|de=0.355270588|ga=0.458415526
PACKLOG|try=1|profit=4357241|weight=7691318
PACKLOG|best|profit=4432061|weight=7563880
PACKLOG|call=1528|tour_len=931|end_dist=19756297
PACKLOG|try=0|th=0.320848880|de=0.016465090|ga=0.662686031
PACKLOG|try=0|profit=4397075|weight=7715468
PACKLOG|try=1|th=0.021474422|de=0.490581012|ga=0.487944566
PACKLOG|try=1|profit=4089006|weight=8011625
PACKLOG|best|profit=4397075|weight=7715468
PACKLOG|call=1529|tour_len=934|end_dist=19887836
PACKLOG|try=0|th=0.392838060|de=0.085057568|ga=0.522104371
PACKLOG|try=0|profit=4417524|weight=7580941
PACKLOG|try=1|th=0.455320647|de=0.282877983|ga=0.261801371
PACKLOG|try=1|profit=4444896|weight=7430191
PACKLOG|best|profit=4444896|weight=7430191
PACKLOG|call=1530|tour_len=933|end_dist=19856013
PACKLOG|try=0|th=0.362242627|de=0.600084382|ga=0.037672991
PACKLOG|try=0|profit=4427692|weight=7218203
PACKLOG|try=1|th=0.111634158|de=0.849590345|ga=0.038775497
PACKLOG|try=1|profit=4444602|weight=7365793
PACKLOG|best|profit=4444602|weight=7365793
PACKLOG|call=1531|tour_len=918|end_dist=19538856
PACKLOG|try=0|th=0.297125701|de=0.449400096|ga=0.253474203
PACKLOG|try=0|profit=4413637|weight=7599998
PACKLOG|try=1|th=0.262047197|de=0.361746729|ga=0.376206074
PACKLOG|try=1|profit=4393539|weight=7667253
PACKLOG|best|profit=4413637|weight=7599998
PACKLOG|call=1532|tour_len=424|end_dist=7839982
PACKLOG|try=0|th=0.471909726|de=0.162465151|ga=0.365625123
PACKLOG|try=0|profit=2095947|weight=4239006
PACKLOG|try=1|th=0.312304118|de=0.570013180|ga=0.117682702
PACKLOG|try=1|profit=2095947|weight=4239006
PACKLOG|best|profit=2095947|weight=4239006
PACKLOG|call=1533|tour_len=933|end_dist=19823288
PACKLOG|try=0|th=0.340045698|de=0.217768683|ga=0.442185619
PACKLOG|try=0|profit=4431519|weight=7645184
PACKLOG|try=1|th=0.416040671|de=0.247577755|ga=0.336381574
PACKLOG|try=1|profit=4452019|weight=7571895
PACKLOG|best|profit=4452019|weight=7571895
PACKLOG|call=1534|tour_len=684|end_dist=15241376
PACKLOG|try=0|th=0.300451882|de=0.310012337|ga=0.389535781
PACKLOG|try=0|profit=3410091|weight=6850746
PACKLOG|try=1|th=0.032884841|de=0.708847998|ga=0.258267162
PACKLOG|try=1|profit=3410091|weight=6850746
PACKLOG|best|profit=3410091|weight=6850746
PACKLOG|call=1535|tour_len=930|end_dist=19780810
PACKLOG|try=0|th=0.175511025|de=0.336815666|ga=0.487673309
PACKLOG|try=0|profit=4340699|weight=7708410
PACKLOG|try=1|th=0.449246257|de=0.150475789|ga=0.400277954
PACKLOG|try=1|profit=4435097|weight=7552835
PACKLOG|best|profit=4435097|weight=7552835
PACKLOG|call=1536|tour_len=930|end_dist=19787772
PACKLOG|try=0|th=0.170809273|de=0.421837520|ga=0.407353207
PACKLOG|try=0|profit=4363395|weight=7685280
PACKLOG|try=1|th=0.613008222|de=0.152189940|ga=0.234801838
PACKLOG|try=1|profit=4442760|weight=7403087
PACKLOG|best|profit=4442760|weight=7403087
PACKLOG|call=1537|tour_len=930|end_dist=19787772
PACKLOG|try=0|th=0.295153928|de=0.349437051|ga=0.355409021
PACKLOG|try=0|profit=4422244|weight=7594997
PACKLOG|try=1|th=0.215866942|de=0.284882936|ga=0.499250123
PACKLOG|try=1|profit=4368525|weight=7681289
PACKLOG|best|profit=4422244|weight=7594997
PACKLOG|call=1538|tour_len=933|end_dist=19903408
PACKLOG|try=0|th=0.187568175|de=0.523708634|ga=0.288723191
PACKLOG|try=0|profit=4404625|weight=7606002
PACKLOG|try=1|th=0.062578916|de=0.220814945|ga=0.716606139
PACKLOG|try=1|profit=4110629|weight=7895144
PACKLOG|best|profit=4404625|weight=7606002
PACKLOG|call=1539|tour_len=842|end_dist=18289168
PACKLOG|try=0|th=0.254202610|de=0.287953796|ga=0.457843594
PACKLOG|try=0|profit=4178258|weight=7794822
PACKLOG|try=1|th=0.116296768|de=0.555277790|ga=0.328425442
PACKLOG|try=1|profit=4169246|weight=7812881
PACKLOG|best|profit=4178258|weight=7794822
PACKLOG|call=1540|tour_len=930|end_dist=19787772
PACKLOG|try=0|th=0.205306947|de=0.266402793|ga=0.528290260
PACKLOG|try=0|profit=4351025|weight=7698353
PACKLOG|try=1|th=0.355200719|de=0.464101656|ga=0.180697624
PACKLOG|try=1|profit=4443233|weight=7444260
PACKLOG|best|profit=4443233|weight=7444260
PACKLOG|call=1541|tour_len=930|end_dist=19787772
PACKLOG|try=0|th=0.466596503|de=0.136396962|ga=0.397006535
PACKLOG|try=0|profit=4436027|weight=7540791
PACKLOG|try=1|th=0.040932770|de=0.407659994|ga=0.551407236
PACKLOG|try=1|profit=4103842|weight=7919266
PACKLOG|best|profit=4436027|weight=7540791
PACKLOG|call=1542|tour_len=934|end_dist=20462052
PACKLOG|try=0|th=0.362021958|de=0.317929065|ga=0.320048978
PACKLOG|try=0|profit=4395586|weight=7376013
PACKLOG|try=1|th=0.078194260|de=0.710529014|ga=0.211276725
PACKLOG|try=1|profit=4285361|weight=7559588
PACKLOG|best|profit=4395586|weight=7376013
PACKLOG|call=1543|tour_len=839|end_dist=18187173
PACKLOG|try=0|th=0.553921629|de=0.192839821|ga=0.253238549
PACKLOG|try=0|profit=4177446|weight=7745617
PACKLOG|try=1|th=0.146419413|de=0.102311603|ga=0.751268984
PACKLOG|try=1|profit=4147820|weight=7846015
PACKLOG|best|profit=4177446|weight=7745617
PACKLOG|call=1544|tour_len=934|end_dist=20401293
PACKLOG|try=0|th=0.187065638|de=0.040518049|ga=0.772416313
PACKLOG|try=0|profit=4213925|weight=7622999
PACKLOG|try=1|th=0.198196113|de=0.430262167|ga=0.371541721
PACKLOG|try=1|profit=4348510|weight=7524558
PACKLOG|best|profit=4348510|weight=7524558
PACKLOG|call=1545|tour_len=930|end_dist=19794916
PACKLOG|try=0|th=0.405428261|de=0.292394339|ga=0.302177399
PACKLOG|try=0|profit=4439165|weight=7508584
PACKLOG|try=1|th=0.629894459|de=0.148613373|ga=0.221492168
PACKLOG|try=1|profit=4441661|weight=7388021
PACKLOG|best|profit=4441661|weight=7388021
PACKLOG|call=1546|tour_len=930|end_dist=19787772
PACKLOG|try=0|th=0.337599817|de=0.391560078|ga=0.270840105
PACKLOG|try=0|profit=4438181|weight=7526698
PACKLOG|try=1|th=0.174254173|de=0.082506176|ga=0.743239651
PACKLOG|try=1|profit=4262055|weight=7743546
PACKLOG|best|profit=4438181|weight=7526698
PACKLOG|call=1547|tour_len=930|end_dist=19773683
PACKLOG|try=0|th=0.206169546|de=0.444781154|ga=0.349049300
PACKLOG|try=0|profit=4399470|weight=7646191
PACKLOG|try=1|th=0.831760836|de=0.038783683|ga=0.129455482
PACKLOG|try=1|profit=4433279|weight=7290581
PACKLOG|best|profit=4433279|weight=7290581
PACKLOG|call=1548|tour_len=930|end_dist=19770438
PACKLOG|try=0|th=0.668121214|de=0.038620438|ga=0.293258348
PACKLOG|try=0|profit=4444311|weight=7427211
PACKLOG|try=1|th=0.211915842|de=0.407078354|ga=0.381005804
PACKLOG|try=1|profit=4394417|weight=7657210
PACKLOG|best|profit=4444311|weight=7427211
PACKLOG|call=1549|tour_len=930|end_dist=19787772
PACKLOG|try=0|th=0.212879157|de=0.455112030|ga=0.332008813
PACKLOG|try=0|profit=4404936|weight=7633147
PACKLOG|try=1|th=0.152499430|de=0.435587222|ga=0.411913348
PACKLOG|try=1|profit=4344510|weight=7703375
PACKLOG|best|profit=4404936|weight=7633147
PACKLOG|call=1550|tour_len=930|end_dist=19768881
PACKLOG|try=0|th=0.432902768|de=0.083977555|ga=0.483119677
PACKLOG|try=0|profit=4426887|weight=7590016
PACKLOG|try=1|th=0.306863435|de=0.361482457|ga=0.331654107
PACKLOG|try=1|profit=4428360|weight=7584963
PACKLOG|best|profit=4428360|weight=7584963
PACKLOG|call=1551|tour_len=930|end_dist=19772622
PACKLOG|try=0|th=0.184658274|de=0.306241435|ga=0.509100291
PACKLOG|try=0|profit=4344822|weight=7713431
PACKLOG|try=1|th=0.494189715|de=0.102275615|ga=0.403534670
PACKLOG|try=1|profit=4439555|weight=7542787
PACKLOG|best|profit=4439555|weight=7542787
PACKLOG|call=1552|tour_len=930|end_dist=19787772
PACKLOG|try=0|th=0.357772454|de=0.262533824|ga=0.379693722
PACKLOG|try=0|profit=4427871|weight=7577922
PACKLOG|try=1|th=0.338610591|de=0.318060579|ga=0.343328831
PACKLOG|try=1|profit=4429572|weight=7573872
PACKLOG|best|profit=4429572|weight=7573872
PACKLOG|call=1553|tour_len=933|end_dist=19915962
PACKLOG|try=0|th=0.489075112|de=0.141600510|ga=0.369324378
PACKLOG|try=0|profit=4438551|weight=7483485
PACKLOG|try=1|th=0.166827786|de=0.599908929|ga=0.233263285
PACKLOG|try=1|profit=4411236|weight=7589913
PACKLOG|best|profit=4438551|weight=7483485
PACKLOG|call=1554|tour_len=930|end_dist=19787772
PACKLOG|try=0|th=0.648062635|de=0.170157903|ga=0.181779462
PACKLOG|try=0|profit=4439508|weight=7350887
PACKLOG|try=1|th=0.113709258|de=0.594808174|ga=0.291482568
PACKLOG|try=1|profit=4351370|weight=7698310
PACKLOG|best|profit=4439508|weight=7350887
PACKLOG|call=1555|tour_len=930|end_dist=19787772
PACKLOG|try=0|th=0.297559804|de=0.322639429|ga=0.379800767
PACKLOG|try=0|profit=4418599|weight=7603034
PACKLOG|try=1|th=0.482741159|de=0.361817229|ga=0.155441612
PACKLOG|try=1|profit=4441120|weight=7373981
PACKLOG|best|profit=4441120|weight=7373981
PACKLOG|call=1556|tour_len=930|end_dist=19782829
PACKLOG|try=0|th=0.005365166|de=0.378800814|ga=0.615834020
PACKLOG|try=0|profit=4037418|weight=8030709
PACKLOG|try=1|th=0.408278389|de=0.221455798|ga=0.370265812
PACKLOG|try=1|profit=4434191|weight=7554848
PACKLOG|best|profit=4434191|weight=7554848
PACKLOG|call=1557|tour_len=930|end_dist=19787772
PACKLOG|try=0|th=0.283538356|de=0.371404797|ga=0.345056847
PACKLOG|try=0|profit=4421715|weight=7594982
PACKLOG|try=1|th=0.489933006|de=0.415843126|ga=0.094223868
PACKLOG|try=1|profit=4435130|weight=7307638
PACKLOG|best|profit=4435130|weight=7307638
PACKLOG|call=1558|tour_len=930|end_dist=19787772
PACKLOG|try=0|th=0.616120074|de=0.249688191|ga=0.134191735
PACKLOG|try=0|profit=4436605|weight=7320699
PACKLOG|try=1|th=0.067071945|de=0.282513728|ga=0.650414327
PACKLOG|try=1|profit=4125451|weight=7873056
PACKLOG|best|profit=4436605|weight=7320699
PACKLOG|call=1559|tour_len=592|end_dist=12012099
PACKLOG|try=0|th=0.277386214|de=0.706102246|ga=0.016511540
PACKLOG|try=0|profit=2959248|weight=5926457
PACKLOG|try=1|th=0.157014558|de=0.308045270|ga=0.534940172
PACKLOG|try=1|profit=2959248|weight=5926457
PACKLOG|best|profit=2959248|weight=5926457
PACKLOG|call=1560|tour_len=931|end_dist=19828484
PACKLOG|try=0|th=0.526294614|de=0.004951396|ga=0.468753991
PACKLOG|try=0|profit=4435243|weight=7541797
PACKLOG|try=1|th=0.288256811|de=0.259650055|ga=0.452093134
PACKLOG|try=1|profit=4404216|weight=7626121
PACKLOG|best|profit=4435243|weight=7541797
PACKLOG|call=1561|tour_len=930|end_dist=19787772
PACKLOG|try=0|th=0.344453484|de=0.379498686|ga=0.276047830
PACKLOG|try=0|profit=4438181|weight=7526698
PACKLOG|try=1|th=0.273127394|de=0.221023302|ga=0.505849304
PACKLOG|try=1|profit=4391210|weight=7656193
PACKLOG|best|profit=4438181|weight=7526698
PACKLOG|call=1562|tour_len=933|end_dist=19903042
PACKLOG|try=0|th=0.513061178|de=0.416764787|ga=0.070174035
PACKLOG|try=0|profit=4429445|weight=7233316
PACKLOG|try=1|th=0.448229470|de=0.253935401|ga=0.297835130
PACKLOG|try=1|profit=4441660|weight=7454297
PACKLOG|best|profit=4441660|weight=7454297
PACKLOG|call=1563|tour_len=933|end_dist=19903408
PACKLOG|try=0|th=0.461506280|de=0.065407653|ga=0.473086067
PACKLOG|try=0|profit=4428367|weight=7549767
PACKLOG|try=1|th=0.708948756|de=0.063749067|ga=0.227302177
PACKLOG|try=1|profit=4440887|weight=7336803
PACKLOG|best|profit=4440887|weight=7336803
PACKLOG|call=1564|tour_len=930|end_dist=19787772
PACKLOG|try=0|th=0.244815030|de=0.170473076|ga=0.584711895
PACKLOG|try=0|profit=4363454|weight=7685315
PACKLOG|try=1|th=0.189726544|de=0.784150222|ga=0.026123235
PACKLOG|try=1|profit=4429557|weight=7266398
PACKLOG|best|profit=4429557|weight=7266398
PACKLOG|call=1565|tour_len=839|end_dist=18209097
PACKLOG|try=0|th=0.256813976|de=0.161138900|ga=0.582047124
PACKLOG|try=0|profit=4165607|weight=7811888
PACKLOG|try=1|th=0.350623845|de=0.092565936|ga=0.556810220
PACKLOG|try=1|profit=4170545|weight=7796851
PACKLOG|best|profit=4170545|weight=7796851
PACKLOG|call=1566|tour_len=930|end_dist=19787772
PACKLOG|try=0|th=0.246510079|de=0.450764559|ga=0.302725361
PACKLOG|try=0|profit=4421103|weight=7597992
PACKLOG|try=1|th=0.255138782|de=0.243367619|ga=0.501493599
PACKLOG|try=1|profit=4385614|weight=7663186
PACKLOG|best|profit=4421103|weight=7597992
PACKLOG|call=1567|tour_len=930|end_dist=19787772
PACKLOG|try=0|th=0.364851997|de=0.223923642|ga=0.411224361
PACKLOG|try=0|profit=4424810|weight=7588000
PACKLOG|try=1|th=0.223890229|de=0.014549772|ga=0.761559998
PACKLOG|try=1|profit=4307225|weight=7723487
PACKLOG|best|profit=4424810|weight=7588000
PACKLOG|call=1568|tour_len=933|end_dist=19903408
PACKLOG|try=0|th=0.461537417|de=0.434108602|ga=0.104353981
PACKLOG|try=0|profit=4437006|weight=7292548
PACKLOG|try=1|th=0.259201814|de=0.357256691|ga=0.383541495
PACKLOG|try=1|profit=4407586|weight=7599983
PACKLOG|best|profit=4437006|weight=7292548
PACKLOG|call=1569|tour_len=930|end_dist=19787772
PACKLOG|try=0|th=0.593630326|de=0.392315100|ga=0.014054574
PACKLOG|try=0|profit=4415398|weight=7186075
PACKLOG|try=1|th=0.461716005|de=0.031867604|ga=0.506416391
PACKLOG|try=1|profit=4426431|weight=7581958
PACKLOG|best|profit=4426431|weight=7581958
PACKLOG|call=1570|tour_len=930|end_dist=19782829
PACKLOG|try=0|th=0.300952149|de=0.267598798|ga=0.431449053
PACKLOG|try=0|profit=4412489|weight=7619079
PACKLOG|try=1|th=0.043191344|de=0.180797705|ga=0.776010951
PACKLOG|try=1|profit=4086824|weight=7955453
PACKLOG|best|profit=4412489|weight=7619079
PACKLOG|call=1571|tour_len=933|end_dist=19886074
PACKLOG|try=0|th=0.250600428|de=0.520324928|ga=0.229074645
PACKLOG|try=0|profit=4434777|weight=7530700
PACKLOG|try=1|th=0.388448640|de=0.418727047|ga=0.192824313
PACKLOG|try=1|profit=4444455|weight=7415098
PACKLOG|best|profit=4444455|weight=7415098
PACKLOG|call=1572|tour_len=930|end_dist=19787772
PACKLOG|try=0|th=0.363846545|de=0.269764058|ga=0.366389397
PACKLOG|try=0|profit=4429823|weight=7572867
PACKLOG|try=1|th=0.305931888|de=0.206815973|ga=0.487252139
PACKLOG|try=1|profit=4403843|weight=7635162
PACKLOG|best|profit=4429823|weight=7572867
PACKLOG|call=1573|tour_len=929|end_dist=19682080
PACKLOG|try=0|th=0.347307616|de=0.291086977|ga=0.361605407
PACKLOG|try=0|profit=4430712|weight=7581937
PACKLOG|try=1|th=0.479965173|de=0.322956728|ga=0.197078098
PACKLOG|try=1|profit=4444404|weight=7426218
PACKLOG|best|profit=4444404|weight=7426218
PACKLOG|call=1574|tour_len=930|end_dist=19787772
PACKLOG|try=0|th=0.502310789|de=0.408387015|ga=0.089302197
PACKLOG|try=0|profit=4433963|weight=7298601
PACKLOG|try=1|th=0.497214847|de=0.266369537|ga=0.236415616
PACKLOG|try=1|profit=4443287|weight=7435233
PACKLOG|best|profit=4443287|weight=7435233
PACKLOG|call=1575|tour_len=930|end_dist=19782829
PACKLOG|try=0|th=0.200065375|de=0.122790973|ga=0.677143653
PACKLOG|try=0|profit=4309456|weight=7723466
PACKLOG|try=1|th=0.620925374|de=0.276966344|ga=0.102108282
PACKLOG|try=1|profit=4433006|weight=7290569
PACKLOG|best|profit=4433006|weight=7290569
PACKLOG|call=1576|tour_len=933|end_dist=19903408
PACKLOG|try=0|th=0.506658649|de=0.060221578|ga=0.433119773
PACKLOG|try=0|profit=4436013|weight=7513649
PACKLOG|try=1|th=0.100319958|de=0.174837285|ga=0.724842758
PACKLOG|try=1|profit=4156969|weight=7808763
PACKLOG|best|profit=4436013|weight=7513649
PACKLOG|call=1577|tour_len=930|end_dist=19787772
PACKLOG|try=0|th=0.074409620|de=0.301146425|ga=0.624443955
PACKLOG|try=0|profit=4146526|weight=7852977
PACKLOG|try=1|th=0.182684389|de=0.245280157|ga=0.572035454
PACKLOG|try=1|profit=4322944|weight=7716455
PACKLOG|best|profit=4322944|weight=7716455
PACKLOG|call=1578|tour_len=936|end_dist=20000089
PACKLOG|try=0|th=0.226977509|de=0.577590862|ga=0.195431629
PACKLOG|try=0|profit=4436434|weight=7492501
PACKLOG|try=1|th=0.352506978|de=0.313334801|ga=0.334158221
PACKLOG|try=1|profit=4432279|weight=7512627
PACKLOG|best|profit=4436434|weight=7492501
PACKLOG|call=1579|tour_len=930|end_dist=19782829
PACKLOG|try=0|th=0.794697858|de=0.110400967|ga=0.094901175
PACKLOG|try=0|profit=4427782|weight=7254398
PACKLOG|try=1|th=0.114874788|de=0.697213387|ga=0.187911825
PACKLOG|try=1|profit=4401727|weight=7639117
PACKLOG|best|profit=4427782|weight=7254398
PACKLOG|call=1580|tour_len=930|end_dist=19787772
PACKLOG|try=0|th=0.456815009|de=0.440265781|ga=0.102919210
PACKLOG|try=0|profit=4436798|weight=7321706
PACKLOG|try=1|th=0.268925267|de=0.379712608|ga=0.351362125
PACKLOG|try=1|profit=4417475|weight=7607054
PACKLOG|best|profit=4436798|weight=7321706
PACKLOG|call=1581|tour_len=932|end_dist=19848975
PACKLOG|try=0|th=0.354696187|de=0.556272603|ga=0.089031210
PACKLOG|try=0|profit=4439844|weight=7316669
PACKLOG|try=1|th=0.247776211|de=0.552321738|ga=0.199902051
PACKLOG|try=1|profit=4439677|weight=7514616
PACKLOG|best|profit=4439844|weight=7316669
PACKLOG|call=1582|tour_len=930|end_dist=19787772
PACKLOG|try=0|th=0.390123990|de=0.425868643|ga=0.184007367
PACKLOG|try=0|profit=4443283|weight=7435226
PACKLOG|try=1|th=0.286179971|de=0.273467230|ga=0.440352800
PACKLOG|try=1|profit=4406521|weight=7630136
PACKLOG|best|profit=4443283|weight=7435226
PACKLOG|call=1583|tour_len=930|end_dist=19787772
PACKLOG|try=0|th=0.531661231|de=0.419256632|ga=0.049082137
PACKLOG|try=0|profit=4424314|weight=7233262
PACKLOG|try=1|th=0.390092713|de=0.299122956|ga=0.310784331
PACKLOG|try=1|profit=4438243|weight=7525695
PACKLOG|best|profit=4438243|weight=7525695
PACKLOG|call=1584|tour_len=930|end_dist=19787772
PACKLOG|try=0|th=0.369076239|de=0.368419525|ga=0.262504236
PACKLOG|try=0|profit=4440211|weight=7501542
PACKLOG|try=1|th=0.299150841|de=0.677702955|ga=0.023146205
PACKLOG|try=1|profit=4422640|weight=7222187
PACKLOG|best|profit=4440211|weight=7501542
PACKLOG|call=1585|tour_len=933|end_dist=19891440
PACKLOG|try=0|th=0.390229293|de=0.246989833|ga=0.362780874
PACKLOG|try=0|profit=4433900|weight=7532743
PACKLOG|try=1|th=0.358592172|de=0.496830525|ga=0.144577303
PACKLOG|try=1|profit=4444224|weight=7386981
PACKLOG|best|profit=4444224|weight=7386981
PACKLOG|call=1586|tour_len=930|end_dist=19787772
PACKLOG|try=0|th=0.063055806|de=0.633697401|ga=0.303246793
PACKLOG|try=0|profit=4239191|weight=7755451
PACKLOG|try=1|th=0.500253028|de=0.179304705|ga=0.320442266
PACKLOG|try=1|profit=4441510|weight=7481433
PACKLOG|best|profit=4441510|weight=7481433
PACKLOG|call=1587|tour_len=930|end_dist=19787772
PACKLOG|try=0|th=0.113271947|de=0.325795973|ga=0.560932081
PACKLOG|try=0|profit=4234280|weight=7756523
PACKLOG|try=1|th=0.219221890|de=0.481342372|ga=0.299435738
PACKLOG|try=1|profit=4414484|weight=7613058
PACKLOG|best|profit=4414484|weight=7613058
PACKLOG|call=1588|tour_len=930|end_dist=19787772
PACKLOG|try=0|th=0.063039686|de=0.261186410|ga=0.675773905
PACKLOG|try=0|profit=4121188|weight=7896163
PACKLOG|try=1|th=0.129800526|de=0.172072134|ga=0.698127340
PACKLOG|try=1|profit=4215570|weight=7764591
PACKLOG|best|profit=4215570|weight=7764591
PACKLOG|call=1589|tour_len=930|end_dist=19787772
PACKLOG|try=0|th=0.438519898|de=0.439160766|ga=0.122319335
PACKLOG|try=0|profit=4439450|weight=7349862
PACKLOG|try=1|th=0.428642783|de=0.547680123|ga=0.023677094
PACKLOG|try=1|profit=4419805|weight=7207145
PACKLOG|best|profit=4439450|weight=7349862
PACKLOG|call=1590|tour_len=527|end_dist=9624903
PACKLOG|try=0|th=0.268233784|de=0.130033388|ga=0.601732829
PACKLOG|try=0|profit=2637325|weight=5273415
PACKLOG|try=1|th=0.536777231|de=0.349951345|ga=0.113271424
PACKLOG|try=1|profit=2637325|weight=5273415
PACKLOG|best|profit=2637325|weight=5273415
PACKLOG|call=1591|tour_len=930|end_dist=19787772
PACKLOG|try=0|th=0.396612178|de=0.390394680|ga=0.212993142
PACKLOG|try=0|profit=4442991|weight=7454313
PACKLOG|try=1|th=0.365583675|de=0.310852118|ga=0.323564207
PACKLOG|try=1|profit=4434565|weight=7550833
PACKLOG|best|profit=4442991|weight=7454313
PACKLOG|call=1592|tour_len=437|end_dist=7385271
PACKLOG|try=0|th=0.151984433|de=0.459034236|ga=0.388981331
PACKLOG|try=0|profit=2192479|weight=4369469
PACKLOG|try=1|th=0.097224256|de=0.673918703|ga=0.228857040
PACKLOG|try=1|profit=2192479|weight=4369469
PACKLOG|best|profit=2192479|weight=4369469
PACKLOG|call=1593|tour_len=930|end_dist=19787772
PACKLOG|try=0|th=0.573674174|de=0.417220169|ga=0.009105658
PACKLOG|try=0|profit=4413162|weight=7176039
PACKLOG|try=1|th=0.067742598|de=0.616056775|ga=0.316200627
PACKLOG|try=1|profit=4247611|weight=7752474
PACKLOG|best|profit=4413162|weight=7176039
PACKLOG|call=1594|tour_len=930|end_dist=19787772
PACKLOG|try=0|th=0.383522225|de=0.089771506|ga=0.526706269
PACKLOG|try=0|profit=4414548|weight=7612057
PACKLOG|try=1|th=0.344365864|de=0.181435605|ga=0.474198531
PACKLOG|try=1|profit=4414484|weight=7613058
PACKLOG|best|profit=4414548|weight=7612057
PACKLOG|call=1595|tour_len=933|end_dist=19903408
PACKLOG|try=0|th=0.369180471|de=0.196391143|ga=0.434428385
PACKLOG|try=0|profit=4421808|weight=7567890
PACKLOG|try=1|th=0.482229881|de=0.100790863|ga=0.416979256
PACKLOG|try=1|profit=4435875|weight=7514655
PACKLOG|best|profit=4435875|weight=7514655
PACKLOG|call=1596|tour_len=930|end_dist=19787772
PACKLOG|try=0|th=0.447336605|de=0.424027645|ga=0.128635750
PACKLOG|try=0|profit=4439725|weight=7354893
PACKLOG|try=1|th=0.258876965|de=0.307138761|ga=0.433984274
PACKLOG|try=1|profit=4399615|weight=7641179
PACKLOG|best|profit=4439725|weight=7354893
PACKLOG|call=1597|tour_len=936|end_dist=20057213
PACKLOG|try=0|th=0.659222110|de=0.276409533|ga=0.064368357
PACKLOG|try=0|profit=4404682|weight=7090741
PACKLOG|try=1|th=0.418939952|de=0.181215880|ga=0.399844169
PACKLOG|try=1|profit=4412430|weight=7437328
PACKLOG|best|profit=4412430|weight=7437328
PACKLOG|call=1598|tour_len=930|end_dist=19787772
PACKLOG|try=0|th=0.340896605|de=0.283888404|ga=0.375214990
PACKLOG|try=0|profit=4426476|weight=7581947
PACKLOG|try=1|th=0.554522007|de=0.204388771|ga=0.241089222
PACKLOG|try=1|profit=4443164|weight=7421179
PACKLOG|best|profit=4443164|weight=7421179
PACKLOG|call=1599|tour_len=930|end_dist=19758787
PACKLOG|try=0|th=0.675261861|de=0.097259699|ga=0.227478441
PACKLOG|try=0|profit=4443244|weight=7387035
PACKLOG|try=1|th=0.421437090|de=0.273272658|ga=0.305290252
PACKLOG|try=1|profit=4441588|weight=7512607
PACKLOG|best|profit=4443244|weight=7387035
PACKLOG|call=1600|tour_len=934|end_dist=20558504
PACKLOG|try=0|th=0.289479542|de=0.498939886|ga=0.211580572
PACKLOG|try=0|profit=4395038|weight=7300570
PACKLOG|try=1|th=0.515187929|de=0.258208797|ga=0.226603274
PACKLOG|try=1|profit=4398634|weight=7198110
PACKLOG|best|profit=4398634|weight=7198110
PACKLOG|call=1601|tour_len=933|end_dist=20096100
PACKLOG|try=0|th=0.233481520|de=0.572759968|ga=0.193758512
PACKLOG|try=0|profit=4424007|weight=7460364
PACKLOG|try=1|th=0.533399877|de=0.384235502|ga=0.082364620
PACKLOG|try=1|profit=4416804|weight=7181100
PACKLOG|best|profit=4424007|weight=7460364
PACKLOG|call=1602|tour_len=930|end_dist=19787772
PACKLOG|try=0|th=0.404127324|de=0.285467249|ga=0.310405426
PACKLOG|try=0|profit=4439032|weight=7516635
PACKLOG|try=1|th=0.435118487|de=0.466660440|ga=0.098221072
PACKLOG|try=1|profit=4436798|weight=7321706
PACKLOG|best|profit=4439032|weight=7516635
PACKLOG|call=1603|tour_len=930|end_dist=19782829
PACKLOG|try=0|th=0.463074606|de=0.482920022|ga=0.054005372
PACKLOG|try=0|profit=4426978|weight=7249361
PACKLOG|try=1|th=0.512904336|de=0.469728684|ga=0.017366981
PACKLOG|try=1|profit=4416719|weight=7192078
PACKLOG|best|profit=4426978|weight=7249361
PACKLOG|call=1604|tour_len=930|end_dist=19770438
PACKLOG|try=0|th=0.328751356|de=0.516570179|ga=0.154678465
PACKLOG|try=0|profit=4444429|weight=7439236
PACKLOG|try=1|th=0.702214381|de=0.135826828|ga=0.161958791
PACKLOG|try=1|profit=4438194|weight=7328743
PACKLOG|best|profit=4444429|weight=7439236
PACKLOG|call=1605|tour_len=930|end_dist=19787772
PACKLOG|try=0|th=0.456055200|de=0.128859322|ga=0.415085478
PACKLOG|try=0|profit=4433893|weight=7554860
PACKLOG|try=1|th=0.581423909|de=0.410927558|ga=0.007648534
PACKLOG|try=1|profit=4412799|weight=7174022
PACKLOG|best|profit=4433893|weight=7554860
PACKLOG|call=1606|tour_len=930|end_dist=19787772
PACKLOG|try=0|th=0.187854486|de=0.695127046|ga=0.117018468
PACKLOG|try=0|profit=4441885|weight=7476343
PACKLOG|try=1|th=0.332686249|de=0.475511233|ga=0.191802518
PACKLOG|try=1|profit=4442533|weight=7468357
PACKLOG|best|profit=4442533|weight=7468357
PACKLOG|call=1607|tour_len=930|end_dist=19786426
PACKLOG|try=0|th=0.200081943|de=0.472952153|ga=0.326965904
PACKLOG|try=0|profit=4401719|weight=7640138
PACKLOG|try=1|th=0.560827109|de=0.089691484|ga=0.349481407
PACKLOG|try=1|profit=4442447|weight=7476417
PACKLOG|best|profit=4442447|weight=7476417
PACKLOG|call=1608|tour_len=930|end_dist=19787772
PACKLOG|try=0|th=0.331750438|de=0.355936180|ga=0.312313381
PACKLOG|try=0|profit=4433053|weight=7557834
PACKLOG|try=1|th=0.287681992|de=0.276742011|ga=0.435575997
PACKLOG|try=1|profit=4407532|weight=7629116
PACKLOG|best|profit=4433053|weight=7557834
PACKLOG|call=1609|tour_len=930|end_dist=19787772
PACKLOG|try=0|th=0.482000206|de=0.500380303|ga=0.017619492
PACKLOG|try=0|profit=4417502|weight=7196093
PACKLOG|try=1|th=0.349828947|de=0.291012260|ga=0.359158792
PACKLOG|try=1|profit=4429187|weight=7574886
PACKLOG|best|profit=4429187|weight=7574886
PACKLOG|call=1610|tour_len=933|end_dist=19903408
PACKLOG|try=0|th=0.264918963|de=0.298290393|ga=0.436790644
PACKLOG|try=0|profit=4400295|weight=7613043
PACKLOG|try=1|th=0.227945449|de=0.435646934|ga=0.336407617
PACKLOG|try=1|profit=4407820|weight=7599973
PACKLOG|best|profit=4407820|weight=7599973
PACKLOG|call=1611|tour_len=934|end_dist=20405920
PACKLOG|try=0|th=0.146703438|de=0.428392824|ga=0.424903738
PACKLOG|try=0|profit=4276059|weight=7584806
PACKLOG|try=1|th=0.444950683|de=0.028521189|ga=0.526528128
PACKLOG|try=1|profit=4386638|weight=7449343
PACKLOG|best|profit=4386638|weight=7449343
PACKLOG|call=1612|tour_len=876|end_dist=19266014
PACKLOG|try=0|th=0.382148091|de=0.308432061|ga=0.309419848
PACKLOG|try=0|profit=4281145|weight=7469406
PACKLOG|try=1|th=0.428721049|de=0.530885914|ga=0.040393037
PACKLOG|try=1|profit=4276865|weight=7291603
PACKLOG|best|profit=4281145|weight=7469406
PACKLOG|call=1613|tour_len=933|end_dist=19934523
PACKLOG|try=0|th=0.366254778|de=0.280750709|ga=0.352994513
PACKLOG|try=0|profit=4429122|weight=7527694
PACKLOG|try=1|th=0.110881362|de=0.398570651|ga=0.490547987
PACKLOG|try=1|profit=4243411|weight=7722392
PACKLOG|best|profit=4429122|weight=7527694
PACKLOG|call=1614|tour_len=930|end_dist=19787772
PACKLOG|try=0|th=0.589861972|de=0.344387292|ga=0.065750736
PACKLOG|try=0|profit=4426403|weight=7245345
PACKLOG|try=1|th=0.356555753|de=0.204545001|ga=0.438899245
PACKLOG|try=1|profit=4421261|weight=7597010
PACKLOG|best|profit=4426403|weight=7245345
PACKLOG|call=1615|tour_len=930|end_dist=19831890
PACKLOG|try=0|th=0.772344044|de=0.159017284|ga=0.068638672
PACKLOG|try=0|profit=4421475|weight=7221229
PACKLOG|try=1|th=0.222434062|de=0.308406253|ga=0.469159685
PACKLOG|try=1|profit=4375121|weight=7661170
PACKLOG|best|profit=4421475|weight=7221229
PACKLOG|call=1616|tour_len=930|end_dist=19787772
PACKLOG|try=0|th=0.287117457|de=0.305355665|ga=0.407526879
PACKLOG|try=0|profit=4412486|weight=7618072
PACKLOG|try=1|th=0.438507756|de=0.366535297|ga=0.194956947
PACKLOG|try=1|profit=4443155|weight=7422172
PACKLOG|best|profit=4443155|weight=7422172
PACKLOG|call=1617|tour_len=930|end_dist=19787772
PACKLOG|try=0|th=0.443944176|de=0.113232065|ga=0.442823759
PACKLOG|try=0|profit=4430467|weight=7569879
PACKLOG|try=1|th=0.736123444|de=0.118503817|ga=0.145372740
PACKLOG|try=1|profit=4435293|weight=7308646
PACKLOG|best|profit=4435293|weight=7308646
PACKLOG|call=1618|tour_len=930|end_dist=19787772
PACKLOG|try=0|th=0.065609188|de=0.477375813|ga=0.457014999
PACKLOG|try=0|profit=4174043|weight=7816737
PACKLOG|try=1|th=0.276561667|de=0.138508211|ga=0.584930122
PACKLOG|try=1|profit=4378053|weight=7671248
PACKLOG|best|profit=4378053|weight=7671248
PACKLOG|call=1619|tour_len=934|end_dist=20405920
PACKLOG|try=0|th=0.239211087|de=0.146247915|ga=0.614540998
PACKLOG|try=0|profit=4301377|weight=7568816
PACKLOG|try=1|th=0.273480242|de=0.458120493|ga=0.268399266
PACKLOG|try=1|profit=4396470|weight=7418170
PACKLOG|best|profit=4396470|weight=7418170
PACKLOG|call=1620|tour_len=930|end_dist=19787772
PACKLOG|try=0|th=0.037790507|de=0.391152857|ga=0.571056636
PACKLOG|try=0|profit=4095983|weight=7928339
PACKLOG|try=1|th=0.467963437|de=0.333314505|ga=0.198722058
PACKLOG|try=1|profit=4443075|weight=7416149
PACKLOG|best|profit=4443075|weight=7416149
PACKLOG|call=1621|tour_len=930|end_dist=19840979
PACKLOG|try=0|th=0.287763274|de=0.458750994|ga=0.253485733
PACKLOG|try=0|profit=4431427|weight=7535746
PACKLOG|try=1|th=0.421424117|de=0.019844888|ga=0.558730995
PACKLOG|try=1|profit=4412287|weight=7598025
PACKLOG|best|profit=4431427|weight=7535746
PACKLOG|call=1622|tour_len=864|end_dist=18850311
PACKLOG|try=0|th=0.289698600|de=0.350175269|ga=0.360126131
PACKLOG|try=0|profit=4265363|weight=7737417
PACKLOG|try=1|th=0.325706505|de=0.432041899|ga=0.242251596
PACKLOG|try=1|profit=4270677|weight=7693197
PACKLOG|best|profit=4270677|weight=7693197
PACKLOG|call=1623|tour_len=933|end_dist=19908931
PACKLOG|try=0|th=0.408726629|de=0.396780425|ga=0.194492946
PACKLOG|try=0|profit=4442843|weight=7406079
PACKLOG|try=1|th=0.842947656|de=0.108371436|ga=0.048680908
PACKLOG|try=1|profit=4419362|weight=7176054
PACKLOG|best|profit=4442843|weight=7406079
PACKLOG|call=1624|tour_len=930|end_dist=19787772
PACKLOG|try=0|th=0.613739991|de=0.191423018|ga=0.194836991
PACKLOG|try=0|profit=4440934|weight=7369967
PACKLOG|try=1|th=0.164122705|de=0.706249733|ga=0.129627561
PACKLOG|try=1|profit=4438642|weight=7521608
PACKLOG|best|profit=4440934|weight=7369967
PACKLOG|call=1625|tour_len=930|end_dist=19782829
PACKLOG|try=0|th=0.453918959|de=0.252943260|ga=0.293137781
PACKLOG|try=0|profit=4441696|weight=7482426
PACKLOG|try=1|th=0.599158738|de=0.172319259|ga=0.228522004
PACKLOG|try=1|profit=4442888|weight=7403100
PACKLOG|best|profit=4442888|weight=7403100
PACKLOG|call=1626|tour_len=933|end_dist=19903408
PACKLOG|try=0|th=0.635206142|de=0.216300494|ga=0.148493363
PACKLOG|try=0|profit=4437134|weight=7292592
PACKLOG|try=1|th=0.135560030|de=0.668793725|ga=0.195646245
PACKLOG|try=1|profit=4409671|weight=7596929
PACKLOG|best|profit=4437134|weight=7292592
PACKLOG|call=1627|tour_len=930|end_dist=19758594
PACKLOG|try=0|th=0.157372760|de=0.756034344|ga=0.086592896
PACKLOG|try=0|profit=4445538|weight=7470308
PACKLOG|try=1|th=0.373045716|de=0.297155593|ga=0.329798691
PACKLOG|try=1|profit=4437461|weight=7559863
PACKLOG|best|profit=4445538|weight=7470308
PACKLOG|call=1628|tour_len=936|end_dist=20011111
PACKLOG|try=0|th=0.303650719|de=0.614510490|ga=0.081838791
PACKLOG|try=0|profit=4439167|weight=7282504
PACKLOG|try=1|th=0.643106900|de=0.218124182|ga=0.138768918
PACKLOG|try=1|profit=4435819|weight=7251436
PACKLOG|best|profit=4439167|weight=7282504
PACKLOG|call=1629|tour_len=930|end_dist=19787772
PACKLOG|try=0|th=0.189884261|de=0.226941761|ga=0.583173978
PACKLOG|try=0|profit=4325431|weight=7714447
PACKLOG|try=1|th=0.506735315|de=0.239903146|ga=0.253361539
PACKLOG|try=1|profit=4443248|weight=7442248
PACKLOG|best|profit=4443248|weight=7442248
PACKLOG|call=1630|tour_len=930|end_dist=19787772
PACKLOG|try=0|th=0.328097846|de=0.587305919|ga=0.084596235
PACKLOG|try=0|profit=4438073|weight=7333761
PACKLOG|try=1|th=0.299646267|de=0.442361677|ga=0.257992057
PACKLOG|try=1|profit=4435586|weight=7544795
PACKLOG|best|profit=4438073|weight=7333761
PACKLOG|call=1631|tour_len=933|end_dist=19917820
PACKLOG|try=0|th=0.027573621|de=0.488568165|ga=0.483858215
PACKLOG|try=0|profit=4073396|weight=7934303
PACKLOG|try=1|th=0.469843272|de=0.089282037|ga=0.440874691
PACKLOG|try=1|profit=4430058|weight=7522693
PACKLOG|best|profit=4430058|weight=7522693
PACKLOG|call=1632|tour_len=930|end_dist=19725803
PACKLOG|try=0|th=0.226699611|de=0.503675377|ga=0.269625012
PACKLOG|try=0|profit=4427342|weight=7607046
PACKLOG|try=1|th=0.510688656|de=0.247417813|ga=0.241893531
PACKLOG|try=1|profit=4447310|weight=7451304
PACKLOG|best|profit=4447310|weight=7451304
PACKLOG|call=1633|tour_len=839|end_dist=18169839
PACKLOG|try=0|th=0.304129314|de=0.252063428|ga=0.443807258
PACKLOG|try=0|profit=4173111|weight=7811925
PACKLOG|try=1|th=0.068473150|de=0.551205192|ga=0.380321658
PACKLOG|try=1|profit=4146602|weight=7851036
PACKLOG|best|profit=4173111|weight=7811925
PACKLOG|call=1634|tour_len=930|end_dist=19787772
PACKLOG|try=0|th=0.336813229|de=0.115962555|ga=0.547224215
PACKLOG|try=0|profit=4402515|weight=7637164
PACKLOG|try=1|th=0.455521192|de=0.165334436|ga=0.379144371
PACKLOG|try=1|profit=4436865|weight=7536757
PACKLOG|best|profit=4436865|weight=7536757
PACKLOG|call=1635|tour_len=839|end_dist=18187173
PACKLOG|try=0|th=0.020009429|de=0.781737216|ga=0.198253355
PACKLOG|try=0|profit=4118186|weight=7853873
PACKLOG|try=1|th=0.381290932|de=0.394496389|ga=0.224212679
PACKLOG|try=1|profit=4177264|weight=7758661
PACKLOG|best|profit=4177264|weight=7758661
PACKLOG|call=1636|tour_len=924|end_dist=19499232
PACKLOG|try=0|th=0.603922501|de=0.190222824|ga=0.205854676
PACKLOG|try=0|profit=4444011|weight=7482444
PACKLOG|try=1|th=0.045855288|de=0.360263056|ga=0.593881656
PACKLOG|try=1|profit=4127165|weight=7954456
PACKLOG|best|profit=4444011|weight=7482444
PACKLOG|call=1637|tour_len=933|end_dist=19903408
PACKLOG|try=0|th=0.679287110|de=0.032681252|ga=0.288031638
PACKLOG|try=0|profit=4443235|weight=7383972
PACKLOG|try=1|th=0.528591812|de=0.182424483|ga=0.288983705
PACKLOG|try=1|profit=4442942|weight=7425149
PACKLOG|best|profit=4443235|weight=7383972
PACKLOG|call=1638|tour_len=842|end_dist=18302809
PACKLOG|try=0|th=0.427211050|de=0.243379058|ga=0.329409892
PACKLOG|try=0|profit=4184909|weight=7745610
PACKLOG|try=1|th=0.338824739|de=0.440416808|ga=0.220758453
PACKLOG|try=1|profit=4185301|weight=7734575
PACKLOG|best|profit=4185301|weight=7734575
PACKLOG|call=1639|tour_len=930|end_dist=19787772
PACKLOG|try=0|th=0.582391498|de=0.411088179|ga=0.006520323
PACKLOG|try=0|profit=4412799|weight=7174022
PACKLOG|try=1|th=0.178222900|de=0.305480025|ga=0.516297075
PACKLOG|try=1|profit=4334573|weight=7709435
PACKLOG|best|profit=4412799|weight=7174022
PACKLOG|call=1640|tour_len=930|end_dist=19793428
PACKLOG|try=0|th=0.312570204|de=0.035124277|ga=0.652305519
PACKLOG|try=0|profit=4379197|weight=7669244
PACKLOG|try=1|th=0.052204657|de=0.683898514|ga=0.263896829
PACKLOG|try=1|profit=4227611|weight=7757397
PACKLOG|best|profit=4379197|weight=7669244
PACKLOG|call=1641|tour_len=930|end_dist=19787772
PACKLOG|try=0|th=0.391403685|de=0.594509047|ga=0.014087269
PACKLOG|try=0|profit=4416800|weight=7193068
PACKLOG|try=1|th=0.118846825|de=0.425320712|ga=0.455832463
PACKLOG|try=1|profit=4284671|weight=7731461
PACKLOG|best|profit=4416800|weight=7193068
PACKLOG|call=1642|tour_len=930|end_dist=19799131
PACKLOG|try=0|th=0.374386363|de=0.385310086|ga=0.240303551
PACKLOG|try=0|profit=4440736|weight=7478407
PACKLOG|try=1|th=0.533051835|de=0.184978124|ga=0.281970041
PACKLOG|try=1|profit=4442223|weight=7445279
PACKLOG|best|profit=4442223|weight=7445279
PACKLOG|call=1643|tour_len=930|end_dist=19826947
PACKLOG|try=0|th=0.047868571|de=0.256736369|ga=0.695395059
PACKLOG|try=0|profit=4096017|weight=7919306
PACKLOG|try=1|th=0.503312049|de=0.348854435|ga=0.147833516
PACKLOG|try=1|profit=4437221|weight=7345861
PACKLOG|best|profit=4437221|weight=7345861
PACKLOG|call=1644|tour_len=933|end_dist=19903408
PACKLOG|try=0|th=0.295237534|de=0.463404544|ga=0.241357922
PACKLOG|try=0|profit=4437306|weight=7505582
PACKLOG|try=1|th=0.235745857|de=0.363984026|ga=0.400270117
PACKLOG|try=1|profit=4395565|weight=7620052
PACKLOG|best|profit=4437306|weight=7505582
PACKLOG|call=1645|tour_len=946|end_dist=20488409
PACKLOG|try=0|th=0.185875508|de=0.505210044|ga=0.308914448
PACKLOG|try=0|profit=4349777|weight=7395951
PACKLOG|try=1|th=0.228808048|de=0.324675384|ga=0.446516568
PACKLOG|try=1|profit=4328567|weight=7421133
PACKLOG|best|profit=4349777|weight=7395951
PACKLOG|call=1646|tour_len=933|end_dist=19903408
PACKLOG|try=0|th=0.472323251|de=0.430860927|ga=0.096815822
PACKLOG|try=0|profit=4434692|weight=7272520
PACKLOG|try=1|th=0.098955992|de=0.289774395|ga=0.611269613
PACKLOG|try=1|profit=4181392|weight=7778627
PACKLOG|best|profit=4434692|weight=7272520
PACKLOG|call=1647|tour_len=930|end_dist=19798832
PACKLOG|try=0|th=0.006180219|de=0.416599620|ga=0.577220160
PACKLOG|try=0|profit=4041614|weight=8030712
PACKLOG|try=1|th=0.353247642|de=0.353354000|ga=0.293398357
PACKLOG|try=1|profit=4436814|weight=7534731
PACKLOG|best|profit=4436814|weight=7534731
PACKLOG|call=1648|tour_len=839|end_dist=18187173
PACKLOG|try=0|th=0.352980221|de=0.189085817|ga=0.457933963
PACKLOG|try=0|profit=4173626|weight=7801890
PACKLOG|try=1|th=0.485148775|de=0.280215034|ga=0.234636191
PACKLOG|try=1|profit=4177455|weight=7747618
PACKLOG|best|profit=4177455|weight=7747618
PACKLOG|call=1649|tour_len=933|end_dist=19855975
PACKLOG|try=0|th=0.646446283|de=0.215532733|ga=0.138020985
PACKLOG|try=0|profit=4438608|weight=7294606
PACKLOG|try=1|th=0.213733842|de=0.285959916|ga=0.500306242
PACKLOG|try=1|profit=4366600|weight=7670257
PACKLOG|best|profit=4438608|weight=7294606
PACKLOG|call=1650|tour_len=933|end_dist=19886074
PACKLOG|try=0|th=0.084079982|de=0.783439392|ga=0.132480625
PACKLOG|try=0|profit=4404088|weight=7613966
PACKLOG|try=1|th=0.083356307|de=0.275513639|ga=0.641130054
PACKLOG|try=1|profit=4150942|weight=7826839
PACKLOG|best|profit=4404088|weight=7613966
PACKLOG|call=1651|tour_len=930|end_dist=19770438
PACKLOG|try=0|th=0.388862546|de=0.485969323|ga=0.125168131
PACKLOG|try=0|profit=4442184|weight=7376975
PACKLOG|try=1|th=0.540417197|de=0.118381432|ga=0.341201371
PACKLOG|try=1|profit=4442739|weight=7484443
PACKLOG|best|profit=4442739|weight=7484443
PACKLOG|call=1652|tour_len=930|end_dist=19787772
PACKLOG|try=0|th=0.437458159|de=0.408344815|ga=0.154197025
PACKLOG|try=0|profit=4442186|weight=7392019
PACKLOG|try=1|th=0.116761752|de=0.515511006|ga=0.367727243
PACKLOG|try=1|profit=4322201|weight=7716425
PACKLOG|best|profit=4442186|weight=7392019
PACKLOG|call=1653|tour_len=930|end_dist=19787687
PACKLOG|try=0|th=0.388996144|de=0.072144865|ga=0.538858991
PACKLOG|try=0|profit=4414052|weight=7615065
PACKLOG|try=1|th=0.573376254|de=0.216205112|ga=0.210418634
PACKLOG|try=1|profit=4442538|weight=7398064
PACKLOG|best|profit=4442538|weight=7398064
PACKLOG|call=1654|tour_len=934|end_dist=20479709
PACKLOG|try=0|th=0.380777303|de=0.355173652|ga=0.264049046
PACKLOG|try=0|profit=4402638|weight=7310657
PACKLOG|try=1|th=0.188702525|de=0.326138153|ga=0.485159322
PACKLOG|try=1|profit=4294709|weight=7552729
PACKLOG|best|profit=4402638|weight=7310657
PACKLOG|call=1655|tour_len=839|end_dist=18169839
PACKLOG|try=0|th=0.301235136|de=0.428391879|ga=0.270372985
PACKLOG|try=0|profit=4176408|weight=7786808
PACKLOG|try=1|th=0.090721666|de=0.217540703|ga=0.691737631
PACKLOG|try=1|profit=4133825|weight=7855059
PACKLOG|best|profit=4176408|weight=7786808
PACKLOG|call=1656|tour_len=930|end_dist=19787772
PACKLOG|try=0|th=0.118427775|de=0.402543533|ga=0.479028692
PACKLOG|try=0|profit=4270976|weight=7736479
PACKLOG|try=1|th=0.550862594|de=0.154198260|ga=0.294939146
PACKLOG|try=1|profit=4443019|weight=7452318
PACKLOG|best|profit=4443019|weight=7452318
PACKLOG|call=1657|tour_len=930|end_dist=19787772
PACKLOG|try=0|th=0.353435919|de=0.098480119|ga=0.548083962
PACKLOG|try=0|profit=4405471|weight=7632159
PACKLOG|try=1|th=0.030649840|de=0.125683880|ga=0.843666280
PACKLOG|try=1|profit=4069472|weight=7993599
PACKLOG|best|profit=4405471|weight=7632159
PACKLOG|call=1658|tour_len=934|end_dist=20263942
PACKLOG|try=0|th=0.196880421|de=0.420907459|ga=0.382212120
PACKLOG|try=0|profit=4357984|weight=7562703
PACKLOG|try=1|th=0.384832803|de=0.447668832|ga=0.167498365
PACKLOG|try=1|profit=4422573|weight=7296553
PACKLOG|best|profit=4422573|weight=7296553
PACKLOG|call=1659|tour_len=920|end_dist=19564133
PACKLOG|try=0|th=0.705229891|de=0.051854705|ga=0.242915404
PACKLOG|try=0|profit=4422634|weight=7457350
PACKLOG|try=1|th=0.239156141|de=0.717654355|ga=0.043189504
PACKLOG|try=1|profit=4416597|weight=7384965
PACKLOG|best|profit=4422634|weight=7457350
PACKLOG|call=1660|tour_len=839|end_dist=18187173
PACKLOG|try=0|th=0.606244822|de=0.347138855|ga=0.046616323
PACKLOG|try=0|profit=4175550|weight=7687315
PACKLOG|try=1|th=0.388030225|de=0.470375411|ga=0.141594364
PACKLOG|try=1|profit=4177406|weight=7732522
PACKLOG|best|profit=4177406|weight=7732522
PACKLOG|call=1661|tour_len=930|end_dist=19787772
PACKLOG|try=0|th=0.504320811|de=0.420090491|ga=0.075588698
PACKLOG|try=0|profit=4431514|weight=7279510
PACKLOG|try=1|th=0.082399705|de=0.289068114|ga=0.628532181
PACKLOG|try=1|profit=4162115|weight=7840904
PACKLOG|best|profit=4431514|weight=7279510
PACKLOG|call=1662|tour_len=933|end_dist=19903408
PACKLOG|try=0|th=0.371463461|de=0.351735194|ga=0.276801345
PACKLOG|try=0|profit=4439357|weight=7484475
PACKLOG|try=1|th=0.405689143|de=0.201275884|ga=0.393034973
PACKLOG|try=1|profit=4431354|weight=7538737
PACKLOG|best|profit=4439357|weight=7484475
PACKLOG|call=1663|tour_len=933|end_dist=19903408
PACKLOG|try=0|th=0.153195896|de=0.436451640|ga=0.410352464
PACKLOG|try=0|profit=4339350|weight=7681292
PACKLOG|try=1|th=0.563473486|de=0.357238354|ga=0.079288160
PACKLOG|try=1|profit=4429241|weight=7232311
PACKLOG|best|profit=4429241|weight=7232311
PACKLOG|call=1664|tour_len=930|end_dist=19767679
PACKLOG|try=0|th=0.281335997|de=0.462968550|ga=0.255695452
PACKLOG|try=0|profit=4436114|weight=7564871
PACKLOG|try=1|th=0.675876729|de=0.032714834|ga=0.291408438
PACKLOG|try=1|profit=4445456|weight=7431234
PACKLOG|best|profit=4445456|weight=7431234
PACKLOG|call=1665|tour_len=933|end_dist=19842243
PACKLOG|try=0|th=0.418925641|de=0.161114837|ga=0.419959523
PACKLOG|try=0|profit=4443313|weight=7602010
PACKLOG|try=1|th=0.380392736|de=0.368918109|ga=0.250689155
PACKLOG|try=1|profit=4454698|weight=7514560
PACKLOG|best|profit=4454698|weight=7514560
PACKLOG|call=1666|tour_len=930|end_dist=19787772
PACKLOG|try=0|th=0.500822650|de=0.012360014|ga=0.486817336
PACKLOG|try=0|profit=4431790|weight=7563877
PACKLOG|try=1|th=0.406167786|de=0.271972236|ga=0.321859978
PACKLOG|try=1|profit=4438492|weight=7524701
PACKLOG|best|profit=4438492|weight=7524701
PACKLOG|call=1667|tour_len=872|end_dist=18837532
PACKLOG|try=0|th=0.230881440|de=0.635764398|ga=0.133354162
PACKLOG|try=0|profit=4295156|weight=7620025
PACKLOG|try=1|th=0.486622318|de=0.405592804|ga=0.107784878
PACKLOG|try=1|profit=4293441|weight=7535651
PACKLOG|best|profit=4295156|weight=7620025
PACKLOG|call=1668|tour_len=918|end_dist=19493070
PACKLOG|try=0|th=0.316465821|de=0.674701169|ga=0.008833010
PACKLOG|try=0|profit=4408016|weight=7304611
PACKLOG|try=1|th=0.493773712|de=0.433138562|ga=0.073087726
PACKLOG|try=1|profit=4421179|weight=7390996
PACKLOG|best|profit=4421179|weight=7390996
PACKLOG|call=1669|tour_len=294|end_dist=4311068
PACKLOG|try=0|th=0.115943571|de=0.427413508|ga=0.456642921
PACKLOG|try=0|profit=1475416|weight=2932979
PACKLOG|try=1|th=0.054518997|de=0.388038001|ga=0.557443002
PACKLOG|try=1|profit=1475416|weight=2932979
PACKLOG|best|profit=1475416|weight=2932979
PACKLOG|call=1670|tour_len=933|end_dist=19884453
PACKLOG|try=0|th=0.478844318|de=0.442474075|ga=0.078681607
PACKLOG|try=0|profit=4432965|weight=7257435
PACKLOG|try=1|th=0.046718759|de=0.087198358|ga=0.866082883
PACKLOG|try=1|profit=4083416|weight=7971509
PACKLOG|best|profit=4432965|weight=7257435
PACKLOG|call=1671|tour_len=839|end_dist=18184291
PACKLOG|try=0|th=0.513268200|de=0.236549811|ga=0.250181989
PACKLOG|try=0|profit=4177905|weight=7754640
PACKLOG|try=1|th=0.488166083|de=0.205907879|ga=0.305926039
PACKLOG|try=1|profit=4177602|weight=7766696
PACKLOG|best|profit=4177905|weight=7754640
PACKLOG|call=1672|tour_len=933|end_dist=19830384
PACKLOG|try=0|th=0.543453909|de=0.056661236|ga=0.399884855
PACKLOG|try=0|profit=4444308|weight=7498542
PACKLOG|try=1|th=0.283288592|de=0.496290339|ga=0.220421069
PACKLOG|try=1|profit=4443399|weight=7508555
PACKLOG|best|profit=4444308|weight=7498542
PACKLOG|call=1673|tour_len=930|end_dist=19787772
PACKLOG|try=0|th=0.191204610|de=0.423368180|ga=0.385427210
PACKLOG|try=0|profit=4382753|weight=7666194
PACKLOG|try=1|th=0.704231485|de=0.145551027|ga=0.150217488
PACKLOG|try=1|profit=4436346|weight=7317683
PACKLOG|best|profit=4436346|weight=7317683
PACKLOG|call=1674|tour_len=930|end_dist=19770438
PACKLOG|try=0|th=0.112278887|de=0.542294456|ga=0.345426658
PACKLOG|try=0|profit=4326374|weight=7718410
PACKLOG|try=1|th=0.052277433|de=0.077871411|ga=0.869851156
PACKLOG|try=1|profit=4091259|weight=7944443
PACKLOG|best|profit=4326374|weight=7718410
PACKLOG|call=1675|tour_len=930|end_dist=19787772
PACKLOG|try=0|th=0.278101862|de=0.132355963|ga=0.589542175
PACKLOG|try=0|profit=4378053|weight=7671248
PACKLOG|try=1|th=0.106222337|de=0.471637493|ga=0.422140171
PACKLOG|try=1|profit=4276436|weight=7734444
PACKLOG|best|profit=4378053|weight=7671248
PACKLOG|call=1676|tour_len=666|end_dist=15012741
PACKLOG|try=0|th=0.387722519|de=0.488787862|ga=0.123489618
PACKLOG|try=0|profit=3321515|weight=6669957
PACKLOG|try=1|th=0.266614453|de=0.354533868|ga=0.378851678
PACKLOG|try=1|profit=3321515|weight=6669957
PACKLOG|best|profit=3321515|weight=6669957
PACKLOG|call=1677|tour_len=930|end_dist=19787772
PACKLOG|try=0|th=0.503511989|de=0.449768873|ga=0.046719138
PACKLOG|try=0|profit=4424314|weight=7233262
PACKLOG|try=1|th=0.458447023|de=0.142669455|ga=0.398883522
PACKLOG|try=1|profit=4435251|weight=7548828
PACKLOG|best|profit=4435251|weight=7548828
PACKLOG|call=1678|tour_len=914|end_dist=19613764
PACKLOG|try=0|th=0.492599442|de=0.142341178|ga=0.365059380
PACKLOG|try=0|profit=4398440|weight=7492511
PACKLOG|try=1|th=0.113187754|de=0.359848158|ga=0.526964088
PACKLOG|try=1|profit=4229109|weight=7709358
PACKLOG|best|profit=4398440|weight=7492511
PACKLOG|call=1679|tour_len=839|end_dist=18187173
PACKLOG|try=0|th=0.360511700|de=0.121868106|ga=0.517620194
PACKLOG|try=0|profit=4172747|weight=7806909
PACKLOG|try=1|th=0.357855964|de=0.313287071|ga=0.328856965
PACKLOG|try=1|profit=4175912|weight=7782791
PACKLOG|best|profit=4175912|weight=7782791
PACKLOG|call=1680|tour_len=915|end_dist=19301166
PACKLOG|try=0|th=0.590108756|de=0.056400799|ga=0.353490445
PACKLOG|try=0|profit=4432867|weight=7638145
PACKLOG|try=1|th=0.319190244|de=0.381857261|ga=0.298952495
PACKLOG|try=1|profit=4426097|weight=7714465
PACKLOG|best|profit=4432867|weight=7638145
PACKLOG|call=1681|tour_len=933|end_dist=19884517
PACKLOG|try=0|th=0.370827344|de=0.604563904|ga=0.024608751
PACKLOG|try=0|profit=4422215|weight=7187067
PACKLOG|try=1|th=0.234548882|de=0.405266998|ga=0.360184120
PACKLOG|try=1|profit=4406028|weight=7611031
PACKLOG|best|profit=4422215|weight=7187067
PACKLOG|call=1682|tour_len=842|end_dist=18302809
PACKLOG|try=0|th=0.248373293|de=0.510138866|ga=0.241487841
PACKLOG|try=0|profit=4183755|weight=7760657
PACKLOG|try=1|th=0.410799020|de=0.363014109|ga=0.226186871
PACKLOG|try=1|profit=4185593|weight=7726522
PACKLOG|best|profit=4185593|weight=7726522
PACKLOG|call=1683|tour_len=930|end_dist=19787772
PACKLOG|try=0|th=0.149806286|de=0.480517620|ga=0.369676094
PACKLOG|try=0|profit=4356161|weight=7692306
PACKLOG|try=1|th=0.095933444|de=0.397597745|ga=0.506468810
PACKLOG|try=1|profit=4219860|weight=7763549
PACKLOG|best|profit=4356161|weight=7692306
PACKLOG|call=1684|tour_len=930|end_dist=19787772
PACKLOG|try=0|th=0.617886558|de=0.195852062|ga=0.186261380
PACKLOG|try=0|profit=4440426|weight=7362946
PACKLOG|try=1|th=0.200805427|de=0.365610087|ga=0.433584486
PACKLOG|try=1|profit=4376144|weight=7673242
PACKLOG|best|profit=4440426|weight=7362946
PACKLOG|call=1685|tour_len=930|end_dist=19816493
PACKLOG|try=0|th=0.753260209|de=0.030494738|ga=0.216245053
PACKLOG|try=0|profit=4433486|weight=7327787
PACKLOG|try=1|th=0.101066310|de=0.525605136|ga=0.373328554
PACKLOG|try=1|profit=4278201|weight=7703308
PACKLOG|best|profit=4433486|weight=7327787
PACKLOG|call=1686|tour_len=920|end_dist=19538847
PACKLOG|try=0|th=0.647063033|de=0.095518601|ga=0.257418366
PACKLOG|try=0|profit=4423635|weight=7481462
PACKLOG|try=1|th=0.539080501|de=0.281686302|ga=0.179233197
PACKLOG|try=1|profit=4422942|weight=7465375
PACKLOG|best|profit=4423635|weight=7481462
PACKLOG|call=1687|tour_len=920|end_dist=19538847
PACKLOG|try=0|th=0.011309901|de=0.424875024|ga=0.563815075
PACKLOG|try=0|profit=4044323|weight=8029703
PACKLOG|try=1|th=0.323625504|de=0.261278288|ga=0.415096207
PACKLOG|try=1|profit=4404019|weight=7661292
PACKLOG|best|profit=4404019|weight=7661292
PACKLOG|call=1688|tour_len=934|end_dist=20174484
PACKLOG|try=0|th=0.089324667|de=0.286247457|ga=0.624427877
PACKLOG|try=0|profit=4139283|weight=7754526
PACKLOG|try=1|th=0.214792162|de=0.292971170|ga=0.492236668
PACKLOG|try=1|profit=4338551|weight=7587855
PACKLOG|best|profit=4338551|weight=7587855
PACKLOG|call=1689|tour_len=930|end_dist=19770438
PACKLOG|try=0|th=0.581198289|de=0.200602564|ga=0.218199147
PACKLOG|try=0|profit=4443803|weight=7406116
PACKLOG|try=1|th=0.357254255|de=0.358526903|ga=0.284218842
PACKLOG|try=1|profit=4439405|weight=7530714
PACKLOG|best|profit=4443803|weight=7406116
PACKLOG|call=1690|tour_len=930|end_dist=19787772
PACKLOG|try=0|th=0.414684806|de=0.194130347|ga=0.391184847
PACKLOG|try=0|profit=4432949|weight=7558853
PACKLOG|try=1|th=0.255026689|de=0.035210145|ga=0.709763167
PACKLOG|try=1|profit=4339077|weight=7706414
PACKLOG|best|profit=4432949|weight=7558853
PACKLOG|call=1691|tour_len=933|end_dist=19802848
PACKLOG|try=0|th=0.471425754|de=0.213823893|ga=0.314750353
PACKLOG|try=0|profit=4446491|weight=7484453
PACKLOG|try=1|th=0.358651585|de=0.296760506|ga=0.344587908
PACKLOG|try=1|profit=4437544|weight=7557831
PACKLOG|best|profit=4446491|weight=7484453
PACKLOG|call=1692|tour_len=933|end_dist=19843584
PACKLOG|try=0|th=0.286690798|de=0.590575605|ga=0.122733597
PACKLOG|try=0|profit=4447042|weight=7404063
PACKLOG|try=1|th=0.018078789|de=0.497953485|ga=0.483967726
PACKLOG|try=1|profit=4072424|weight=8001578
PACKLOG|best|profit=4447042|weight=7404063
PACKLOG|call=1693|tour_len=930|end_dist=19936252
PACKLOG|try=0|th=0.280451007|de=0.178693624|ga=0.540855369
PACKLOG|try=0|profit=4375796|weight=7628071
PACKLOG|try=1|th=0.501629719|de=0.255026184|ga=0.243344097
PACKLOG|try=1|profit=4433615|weight=7398045
PACKLOG|best|profit=4433615|weight=7398045
PACKLOG|call=1694|tour_len=924|end_dist=19518793
PACKLOG|try=0|th=0.005942589|de=0.504020498|ga=0.490036913
PACKLOG|try=0|profit=4052367|weight=8062827
PACKLOG|try=1|th=0.462166489|de=0.429753103|ga=0.108080408
PACKLOG|try=1|profit=4438014|weight=7418135
PACKLOG|best|profit=4438014|weight=7418135
PACKLOG|call=1695|tour_len=918|end_dist=19527755
PACKLOG|try=0|th=0.399720742|de=0.295750016|ga=0.304529242
PACKLOG|try=0|profit=4421358|weight=7582936
PACKLOG|try=1|th=0.661138241|de=0.309076422|ga=0.029785338
PACKLOG|try=1|profit=4404723|weight=7290582
PACKLOG|best|profit=4421358|weight=7582936
PACKLOG|call=1696|tour_len=930|end_dist=19787772
PACKLOG|try=0|th=0.212478128|de=0.309911939|ga=0.477609933
PACKLOG|try=0|profit=4371523|weight=7678264
PACKLOG|try=1|th=0.052326870|de=0.919991159|ga=0.027681971
PACKLOG|try=1|profit=4442607|weight=7452053
PACKLOG|best|profit=4442607|weight=7452053
PACKLOG|call=1697|tour_len=930|end_dist=19800326
PACKLOG|try=0|th=0.317347952|de=0.339164091|ga=0.343487958
PACKLOG|try=0|profit=4426246|weight=7577925
PACKLOG|try=1|th=0.335452265|de=0.486484692|ga=0.178063043
PACKLOG|try=1|profit=4442432|weight=7448288
PACKLOG|best|profit=4442432|weight=7448288
PACKLOG|call=1698|tour_len=930|end_dist=19787772
PACKLOG|try=0|th=0.524457651|de=0.405030990|ga=0.070511358
PACKLOG|try=0|profit=4429543|weight=7266450
PACKLOG|try=1|th=0.651518029|de=0.323368680|ga=0.025113291
PACKLOG|try=1|profit=4416792|weight=7192080
PACKLOG|best|profit=4429543|weight=7266450
PACKLOG|call=1699|tour_len=930|end_dist=19726607
PACKLOG|try=0|th=0.160264174|de=0.417595984|ga=0.422139842
PACKLOG|try=0|profit=4366623|weight=7751588
PACKLOG|try=1|th=0.142310991|de=0.551427201|ga=0.306261807
PACKLOG|try=1|profit=4392536|weight=7726469
PACKLOG|best|profit=4392536|weight=7726469
PACKLOG|call=1700|tour_len=930|end_dist=19787993
PACKLOG|try=0|th=0.560807451|de=0.323012356|ga=0.116180193
PACKLOG|try=0|profit=4435743|weight=7312661
PACKLOG|try=1|th=0.351781727|de=0.234492155|ga=0.413726118
PACKLOG|try=1|profit=4422945|weight=7593016
PACKLOG|best|profit=4435743|weight=7312661
PACKLOG|call=1701|tour_len=933|end_dist=19896383
PACKLOG|try=0|th=0.283047394|de=0.274907230|ga=0.442045377
PACKLOG|try=0|profit=4404337|weight=7611041
PACKLOG|try=1|th=0.403574754|de=0.294888782|ga=0.301536464
PACKLOG|try=1|profit=4440186|weight=7486483
PACKLOG|best|profit=4440186|weight=7486483
PACKLOG|call=1702|tour_len=927|end_dist=19702269
PACKLOG|try=0|th=0.283419897|de=0.193184917|ga=0.523395186
PACKLOG|try=0|profit=4389128|weight=7672282
PACKLOG|try=1|th=0.475823541|de=0.377101497|ga=0.147074962
PACKLOG|try=1|profit=4435224|weight=7389000
PACKLOG|best|profit=4435224|weight=7389000
PACKLOG|call=1703|tour_len=937|end_dist=20751286
PACKLOG|try=0|th=0.454792997|de=0.084761609|ga=0.460445394
PACKLOG|try=0|profit=4373049|weight=7337871
PACKLOG|try=1|th=0.420007566|de=0.045552352|ga=0.534440082
PACKLOG|try=1|profit=4359407|weight=7375988
PACKLOG|best|profit=4373049|weight=7337871
PACKLOG|call=1704|tour_len=471|end_dist=8471778
PACKLOG|try=0|th=0.494401246|de=0.408316870|ga=0.097281884
PACKLOG|try=0|profit=2335816|weight=4711162
PACKLOG|try=1|th=0.281738611|de=0.105795703|ga=0.612465686
PACKLOG|try=1|profit=2335816|weight=4711162
PACKLOG|best|profit=2335816|weight=4711162
PACKLOG|call=1705|tour_len=918|end_dist=19508826
PACKLOG|try=0|th=0.130319478|de=0.468245768|ga=0.401434754
PACKLOG|try=0|profit=4323792|weight=7761624
PACKLOG|try=1|th=0.393493983|de=0.256473068|ga=0.350032949
PACKLOG|try=1|profit=4410451|weight=7619089
PACKLOG|best|profit=4410451|weight=7619089
PACKLOG|call=1706|tour_len=930|end_dist=19782829
PACKLOG|try=0|th=0.294337791|de=0.223138590|ga=0.482523620
PACKLOG|try=0|profit=4402007|weight=7639166
PACKLOG|try=1|th=0.446233583|de=0.244712448|ga=0.309053969
PACKLOG|try=1|profit=4440889|weight=7495521
PACKLOG|best|profit=4440889|weight=7495521
PACKLOG|call=1707|tour_len=837|end_dist=17977062
PACKLOG|try=0|th=0.294278702|de=0.339465740|ga=0.366255558
PACKLOG|try=0|profit=4181989|weight=7908276
PACKLOG|try=1|th=0.387496128|de=0.263753962|ga=0.348749909
PACKLOG|try=1|profit=4183471|weight=7891213
PACKLOG|best|profit=4183471|weight=7891213
PACKLOG|call=1708|tour_len=930|end_dist=19787772
PACKLOG|try=0|th=0.038425384|de=0.478544465|ga=0.483030151
PACKLOG|try=0|profit=4109930|weight=7915234
PACKLOG|try=1|th=0.200107391|de=0.730983315|ga=0.068909293
PACKLOG|try=1|profit=4441774|weight=7383956
PACKLOG|best|profit=4441774|weight=7383956
PACKLOG|call=1709|tour_len=930|end_dist=19787772
PACKLOG|try=0|th=0.455349986|de=0.104369403|ga=0.440280611
PACKLOG|try=0|profit=4431970|weight=7563876
PACKLOG|try=1|th=0.160968355|de=0.254087375|ga=0.584944270
PACKLOG|try=1|profit=4293546|weight=7728482
PACKLOG|best|profit=4431970|weight=7563876
PACKLOG|call=1710|tour_len=933|end_dist=19903408
PACKLOG|try=0|th=0.201287861|de=0.511524253|ga=0.287187886
PACKLOG|try=0|profit=4410509|weight=7593942
PACKLOG|try=1|th=0.079350596|de=0.358006922|ga=0.562642481
PACKLOG|try=1|profit=4162587|weight=7806718
PACKLOG|best|profit=4410509|weight=7593942
PACKLOG|call=1711|tour_len=930|end_dist=19765597
PACKLOG|try=0|th=0.116816229|de=0.604893756|ga=0.278290015
PACKLOG|try=0|profit=4367156|weight=7696290
PACKLOG|try=1|th=0.564824798|de=0.277049066|ga=0.158126137
PACKLOG|try=1|profit=4442263|weight=7363916
PACKLOG|best|profit=4442263|weight=7363916
PACKLOG|call=1712|tour_len=930|end_dist=19787772
PACKLOG|try=0|th=0.430373023|de=0.385896573|ga=0.183730404
PACKLOG|try=0|profit=4443077|weight=7416153
PACKLOG|try=1|th=0.622255144|de=0.162290644|ga=0.215454212
PACKLOG|try=1|profit=4441753|weight=7383004
PACKLOG|best|profit=4443077|weight=7416153
PACKLOG|call=1713|tour_len=930|end_dist=19746788
PACKLOG|try=0|th=0.595277575|de=0.199667847|ga=0.205054579
PACKLOG|try=0|profit=4446728|weight=7407105
PACKLOG|try=1|th=0.096198951|de=0.344074729|ga=0.559726320
PACKLOG|try=1|profit=4209499|weight=7795718
PACKLOG|best|profit=4446728|weight=7407105
PACKLOG|call=1714|tour_len=930|end_dist=19787772
PACKLOG|try=0|th=0.387249321|de=0.178923976|ga=0.433826702
PACKLOG|try=0|profit=4425264|weight=7585990
PACKLOG|try=1|th=0.062615868|de=0.782622080|ga=0.154762051
PACKLOG|try=1|profit=4357863|weight=7691169
PACKLOG|best|profit=4425264|weight=7585990
PACKLOG|call=1715|tour_len=930|end_dist=19787772
PACKLOG|try=0|th=0.341845149|de=0.175563677|ga=0.482591175
PACKLOG|try=0|profit=4412816|weight=7617069
PACKLOG|try=1|th=0.534064317|de=0.443101830|ga=0.022833853
PACKLOG|try=1|profit=4418531|weight=7201126
PACKLOG|best|profit=4418531|weight=7201126
PACKLOG|call=1716|tour_len=933|end_dist=19903408
PACKLOG|try=0|th=0.343967917|de=0.209750384|ga=0.446281699
PACKLOG|try=0|profit=4417040|weight=7578905
PACKLOG|try=1|th=0.189090160|de=0.495797423|ga=0.315112418
PACKLOG|try=1|profit=4398351|weight=7616023
PACKLOG|best|profit=4417040|weight=7578905
PACKLOG|call=1717|tour_len=894|end_dist=19213341
PACKLOG|try=0|th=0.214285770|de=0.256675592|ga=0.529038638
PACKLOG|try=0|profit=4303953|weight=7716530
PACKLOG|try=1|th=0.184535080|de=0.594101438|ga=0.221363482
PACKLOG|try=1|profit=4343830|weight=7642176
PACKLOG|best|profit=4343830|weight=7642176
PACKLOG|call=1718|tour_len=936|end_dist=20015729
PACKLOG|try=0|th=0.199789570|de=0.310572390|ga=0.489638039
PACKLOG|try=0|profit=4350636|weight=7645115
PACKLOG|try=1|th=0.422422976|de=0.219823772|ga=0.357753252
PACKLOG|try=1|profit=4435692|weight=7484489
PACKLOG|best|profit=4435692|weight=7484489
PACKLOG|call=1719|tour_len=930|end_dist=19840979
PACKLOG|try=0|th=0.404079274|de=0.403494075|ga=0.192426651
PACKLOG|try=0|profit=4439791|weight=7421153
PACKLOG|try=1|th=0.377271951|de=0.470602309|ga=0.152125740
PACKLOG|try=1|profit=4439550|weight=7397050
PACKLOG|best|profit=4439791|weight=7421153
PACKLOG|call=1720|tour_len=927|end_dist=19724751
PACKLOG|try=0|th=0.280769593|de=0.133343945|ga=0.585886462
PACKLOG|try=0|profit=4378839|weight=7681326
PACKLOG|try=1|th=0.251334138|de=0.395519203|ga=0.353146659
PACKLOG|try=1|profit=4411188|weight=7630158
PACKLOG|best|profit=4411188|weight=7630158
PACKLOG|call=1721|tour_len=930|end_dist=19787772
PACKLOG|try=0|th=0.325138301|de=0.335128425|ga=0.339733274
PACKLOG|try=0|profit=4428501|weight=7576893
PACKLOG|try=1|th=0.656991128|de=0.285298337|ga=0.057710534
PACKLOG|try=1|profit=4424383|weight=7233267
PACKLOG|best|profit=4428501|weight=7576893
PACKLOG|call=1722|tour_len=932|end_dist=19875721
PACKLOG|try=0|th=0.331050207|de=0.442958045|ga=0.225991748
PACKLOG|try=0|profit=4440756|weight=7466356
PACKLOG|try=1|th=0.459966481|de=0.305756576|ga=0.234276942
PACKLOG|try=1|profit=4442751|weight=7423144
PACKLOG|best|profit=4442751|weight=7423144
PACKLOG|call=1723|tour_len=917|end_dist=19480932
PACKLOG|try=0|th=0.099040940|de=0.422510939|ga=0.478448121
PACKLOG|try=0|profit=4207572|weight=7591839
PACKLOG|try=1|th=0.073450006|de=0.181816970|ga=0.744733024
PACKLOG|try=1|profit=4083018|weight=7725407
PACKLOG|best|profit=4207572|weight=7591839
PACKLOG|call=1724|tour_len=933|end_dist=19903408
PACKLOG|try=0|th=0.102360242|de=0.583366975|ga=0.314272783
PACKLOG|try=0|profit=4315077|weight=7694270
PACKLOG|try=1|th=0.734199062|de=0.049929859|ga=0.215871079
PACKLOG|try=1|profit=4439937|weight=7323733
PACKLOG|best|profit=4439937|weight=7323733
PACKLOG|call=1725|tour_len=930|end_dist=19782829
PACKLOG|try=0|th=0.450313166|de=0.132041485|ga=0.417645350
PACKLOG|try=0|profit=4433859|weight=7555852
PACKLOG|try=1|th=0.468938253|de=0.357881266|ga=0.173180481
PACKLOG|try=1|profit=4442744|weight=7399069
PACKLOG|best|profit=4442744|weight=7399069
PACKLOG|call=1726|tour_len=930|end_dist=19787772
PACKLOG|try=0|th=0.316891883|de=0.334198746|ga=0.348909372
PACKLOG|try=0|profit=4426476|weight=7581947
PACKLOG|try=1|th=0.319851600|de=0.610023212|ga=0.070125188
PACKLOG|try=1|profit=4436557|weight=7319673
PACKLOG|best|profit=4436557|weight=7319673
PACKLOG|call=1727|tour_len=934|end_dist=20401293
PACKLOG|try=0|th=0.222219707|de=0.247462991|ga=0.530317302
PACKLOG|try=0|profit=4316784|weight=7557740
PACKLOG|try=1|th=0.295080648|de=0.455456644|ga=0.249462708
PACKLOG|try=1|profit=4402776|weight=7387024
PACKLOG|best|profit=4402776|weight=7387024
PACKLOG|call=1728|tour_len=933|end_dist=19886074
PACKLOG|try=0|th=0.099542294|de=0.253362309|ga=0.647095397
PACKLOG|try=0|profit=4178396|weight=7799721
PACKLOG|try=1|th=0.020502168|de=0.824168161|ga=0.155329671
PACKLOG|try=1|profit=4143142|weight=7809393
PACKLOG|best|profit=4178396|weight=7799721
PACKLOG|call=1729|tour_len=930|end_dist=19787772
PACKLOG|try=0|th=0.362965194|de=0.313450081|ga=0.323584726
PACKLOG|try=0|profit=4434443|weight=7551839
PACKLOG|try=1|th=0.148896564|de=0.703275999|ga=0.147827437
PACKLOG|try=1|profit=4430251|weight=7569809
PACKLOG|best|profit=4434443|weight=7551839
PACKLOG|call=1730|tour_len=933|end_dist=19897480
PACKLOG|try=0|th=0.385618083|de=0.293694558|ga=0.320687358
PACKLOG|try=0|profit=4437640|weight=7512631
PACKLOG|try=1|th=0.365553487|de=0.353487450|ga=0.280959064
PACKLOG|try=1|profit=4439642|weight=7492512
PACKLOG|best|profit=4439642|weight=7492512
PACKLOG|call=1731|tour_len=522|end_dist=9553147
PACKLOG|try=0|th=0.006814934|de=0.405933921|ga=0.587251145
PACKLOG|try=0|profit=2612624|weight=5223232
PACKLOG|try=1|th=0.523164880|de=0.254249733|ga=0.222585387
PACKLOG|try=1|profit=2612624|weight=5223232
PACKLOG|best|profit=2612624|weight=5223232
PACKLOG|call=1732|tour_len=930|end_dist=19809391
PACKLOG|try=0|th=0.242989736|de=0.391278704|ga=0.365731560
PACKLOG|try=0|profit=4406739|weight=7625094
PACKLOG|try=1|th=0.103926938|de=0.224454053|ga=0.671619009
PACKLOG|try=1|profit=4187513|weight=7811797
PACKLOG|best|profit=4406739|weight=7625094
PACKLOG|call=1733|tour_len=930|end_dist=19787772
PACKLOG|try=0|th=0.293089449|de=0.123036020|ga=0.583874530
PACKLOG|try=0|profit=4383975|weight=7665219
PACKLOG|try=1|th=0.096931303|de=0.349275453|ga=0.553793244
PACKLOG|try=1|profit=4205928|weight=7776620
PACKLOG|best|profit=4383975|weight=7665219
PACKLOG|call=1734|tour_len=930|end_dist=19781289
PACKLOG|try=0|th=0.180381618|de=0.361851129|ga=0.457767253
PACKLOG|try=0|profit=4353967|weight=7698351
PACKLOG|try=1|th=0.381900890|de=0.079934367|ga=0.538164743
PACKLOG|try=1|profit=4413249|weight=7619082
PACKLOG|best|profit=4413249|weight=7619082
PACKLOG|call=1735|tour_len=933|end_dist=19958864
PACKLOG|try=0|th=0.089484951|de=0.166887487|ga=0.743627562
PACKLOG|try=0|profit=4119263|weight=7822878
PACKLOG|try=1|th=0.581814791|de=0.009445182|ga=0.408740027
PACKLOG|try=1|profit=4432387|weight=7433233
PACKLOG|best|profit=4432387|weight=7433233
PACKLOG|call=1736|tour_len=930|end_dist=19772622
PACKLOG|try=0|th=0.483766729|de=0.475736147|ga=0.040497125
PACKLOG|try=0|profit=4425981|weight=7240295
PACKLOG|try=1|th=0.151983815|de=0.412505372|ga=0.435510813
PACKLOG|try=1|profit=4339107|weight=7716456
PACKLOG|best|profit=4425981|weight=7240295
PACKLOG|call=1737|tour_len=930|end_dist=19787772
PACKLOG|try=0|th=0.406458837|de=0.267113541|ga=0.326427622
PACKLOG|try=0|profit=4438079|weight=7525694
PACKLOG|try=1|th=0.580959486|de=0.006253914|ga=0.412786600
PACKLOG|try=1|profit=4440241|weight=7501562
PACKLOG|best|profit=4440241|weight=7501562
PACKLOG|call=1738|tour_len=930|end_dist=19787772
PACKLOG|try=0|th=0.149364094|de=0.665871486|ga=0.184764419
PACKLOG|try=0|profit=4420764|weight=7597945
PACKLOG|try=1|th=0.438351289|de=0.528675389|ga=0.032973322
PACKLOG|try=1|profit=4422022|weight=7219206
PACKLOG|best|profit=4422022|weight=7219206
PACKLOG|call=1739|tour_len=445|end_dist=7783914
PACKLOG|try=0|th=0.625373789|de=0.101026829|ga=0.273599382
PACKLOG|try=0|profit=2238826|weight=4449684
PACKLOG|try=1|th=0.387234986|de=0.126068092|ga=0.486696922
PACKLOG|try=1|profit=2238826|weight=4449684
PACKLOG|best|profit=2238826|weight=4449684
PACKLOG|call=1740|tour_len=867|end_dist=18457500
PACKLOG|try=0|th=0.243389088|de=0.138679577|ga=0.617931334
PACKLOG|try=0|profit=4280472|weight=7909328
PACKLOG|try=1|th=0.294731526|de=0.605921839|ga=0.099346636
PACKLOG|try=1|profit=4302234|weight=7769664
PACKLOG|best|profit=4302234|weight=7769664
PACKLOG|call=1741|tour_len=887|end_dist=19086380
PACKLOG|try=0|th=0.383305735|de=0.281557061|ga=0.335137205
PACKLOG|try=0|profit=4339781|weight=7624123
PACKLOG|try=1|th=0.510492739|de=0.258245864|ga=0.231261397
PACKLOG|try=1|profit=4343730|weight=7546799
PACKLOG|best|profit=4343730|weight=7546799
PACKLOG|call=1742|tour_len=930|end_dist=19787772
PACKLOG|try=0|th=0.339408535|de=0.176689430|ga=0.483902035
PACKLOG|try=0|profit=4412399|weight=7618090
PACKLOG|try=1|th=0.027737195|de=0.455687041|ga=0.516575764
PACKLOG|try=1|profit=4081635|weight=7956392
PACKLOG|best|profit=4412399|weight=7618090
PACKLOG|call=1743|tour_len=839|end_dist=18187173
PACKLOG|try=0|th=0.033954672|de=0.642776896|ga=0.323268432
PACKLOG|try=0|profit=4121583|weight=7853983
PACKLOG|try=1|th=0.606773131|de=0.378750049|ga=0.014476820
PACKLOG|try=1|profit=4174520|weight=7673248
PACKLOG|best|profit=4174520|weight=7673248
PACKLOG|call=1744|tour_len=933|end_dist=19896540
PACKLOG|try=0|th=0.298272040|de=0.546667401|ga=0.155060559
PACKLOG|try=0|profit=4443461|weight=7422107
PACKLOG|try=1|th=0.534802483|de=0.302759550|ga=0.162437967
PACKLOG|try=1|profit=4440480|weight=7328753
PACKLOG|best|profit=4443461|weight=7422107
PACKLOG|call=1745|tour_len=930|end_dist=19787772
PACKLOG|try=0|th=0.320954989|de=0.240136103|ga=0.438908908
PACKLOG|try=0|profit=4414611|weight=7612053
PACKLOG|try=1|th=0.324312603|de=0.328443360|ga=0.347244037
PACKLOG|try=1|profit=4427431|weight=7579930
PACKLOG|best|profit=4427431|weight=7579930
PACKLOG|call=1746|tour_len=920|end_dist=19594817
PACKLOG|try=0|th=0.388673814|de=0.118399736|ga=0.492926450
PACKLOG|try=0|profit=4409683|weight=7649215
PACKLOG|try=1|th=0.268951903|de=0.294108585|ga=0.436939512
PACKLOG|try=1|profit=4393951|weight=7686322
PACKLOG|best|profit=4409683|weight=7649215
PACKLOG|call=1747|tour_len=933|end_dist=19886074
PACKLOG|try=0|th=0.315819036|de=0.661006489|ga=0.023174475
PACKLOG|try=0|profit=4422982|weight=7191076
PACKLOG|try=1|th=0.069552780|de=0.485330593|ga=0.445116627
PACKLOG|try=1|profit=4180290|weight=7798652
PACKLOG|best|profit=4422982|weight=7191076
PACKLOG|call=1748|tour_len=930|end_dist=19787772
PACKLOG|try=0|th=0.174875232|de=0.396575616|ga=0.428549152
PACKLOG|try=0|profit=4358002|weight=7690304
PACKLOG|try=1|th=0.778548367|de=0.079298020|ga=0.142153613
PACKLOG|try=1|profit=4434324|weight=7301620
PACKLOG|best|profit=4434324|weight=7301620
PACKLOG|call=1749|tour_len=930|end_dist=19787772
PACKLOG|try=0|th=0.462159170|de=0.125978090|ga=0.411862741
PACKLOG|try=0|profit=4434443|weight=7551839
PACKLOG|try=1|th=0.214351410|de=0.512253216|ga=0.273395374
PACKLOG|try=1|profit=4418799|weight=7603013
PACKLOG|best|profit=4434443|weight=7551839
PACKLOG|call=1750|tour_len=933|end_dist=19894262
PACKLOG|try=0|th=0.414771347|de=0.166101761|ga=0.419126893
PACKLOG|try=0|profit=4429633|weight=7549772
PACKLOG|try=1|th=0.446713872|de=0.171885726|ga=0.381400402
PACKLOG|try=1|profit=4436671|weight=7514649
PACKLOG|best|profit=4436671|weight=7514649
PACKLOG|call=1751|tour_len=930|end_dist=19773683
PACKLOG|try=0|th=0.202846113|de=0.344525571|ga=0.452628316
PACKLOG|try=0|profit=4374053|weight=7680278
PACKLOG|try=1|th=0.386564321|de=0.420883358|ga=0.192552321
PACKLOG|try=1|profit=4444075|weight=7444256
PACKLOG|best|profit=4444075|weight=7444256
PACKLOG|call=1752|tour_len=932|end_dist=19866124
PACKLOG|try=0|th=0.275372335|de=0.313031030|ga=0.411596634
PACKLOG|try=0|profit=4409477|weight=7621071
PACKLOG|try=1|th=0.854216825|de=0.006469448|ga=0.139313727
PACKLOG|try=1|profit=4434523|weight=7273498
PACKLOG|best|profit=4434523|weight=7273498
PACKLOG|call=1753|tour_len=867|end_dist=18903007
PACKLOG|try=0|th=0.393423416|de=0.262164806|ga=0.344411777
PACKLOG|try=0|profit=4240086|weight=7482464
PACKLOG|try=1|th=0.398078017|de=0.058375302|ga=0.543546681
PACKLOG|try=1|profit=4232881|weight=7521715
PACKLOG|best|profit=4240086|weight=7482464
PACKLOG|call=1754|tour_len=933|end_dist=19903408
PACKLOG|try=0|th=0.282476050|de=0.349886029|ga=0.367637921
PACKLOG|try=0|profit=4416773|weight=7579906
PACKLOG|try=1|th=0.139671072|de=0.793859659|ga=0.066469269
PACKLOG|try=1|profit=4443327|weight=7403960
PACKLOG|best|profit=4443327|weight=7403960
PACKLOG|call=1755|tour_len=930|end_dist=19782829
PACKLOG|try=0|th=0.447949641|de=0.251905609|ga=0.300144750
PACKLOG|try=0|profit=4441296|weight=7490490
PACKLOG|try=1|th=0.579617519|de=0.182195869|ga=0.238186612
PACKLOG|try=1|profit=4443199|weight=7412137
PACKLOG|best|profit=4443199|weight=7412137
PACKLOG|call=1756|tour_len=933|end_dist=19903408
PACKLOG|try=0|th=0.283957081|de=0.377505743|ga=0.338537176
PACKLOG|try=0|profit=4421218|weight=7568870
PACKLOG|try=1|th=0.962658368|de=0.014630382|ga=0.022711250
PACKLOG|try=1|profit=4413247|weight=7143901
PACKLOG|best|profit=4421218|weight=7568870
PACKLOG|call=1757|tour_len=930|end_dist=19787772
PACKLOG|try=0|th=0.106005694|de=0.616406180|ga=0.277588126
PACKLOG|try=0|profit=4349747|weight=7699322
PACKLOG|try=1|th=0.268695706|de=0.404154248|ga=0.327150046
PACKLOG|try=1|profit=4421609|weight=7595982
PACKLOG|best|profit=4421609|weight=7595982
PACKLOG|call=1758|tour_len=930|end_dist=19787772
PACKLOG|try=0|th=0.159670264|de=0.430379096|ga=0.409950640
PACKLOG|try=0|profit=4351500|weight=7698338
PACKLOG|try=1|th=0.330055633|de=0.290612068|ga=0.379332298
PACKLOG|try=1|profit=4424161|weight=7590010
PACKLOG|best|profit=4424161|weight=7590010
PACKLOG|call=1759|tour_len=930|end_dist=20210287
PACKLOG|try=0|th=0.299180307|de=0.151599366|ga=0.549220327
PACKLOG|try=0|profit=4358259|weight=7558774
PACKLOG|try=1|th=0.014868759|de=0.518784481|ga=0.466346760
PACKLOG|try=1|profit=4039048|weight=7937270
PACKLOG|best|profit=4358259|weight=7558774
PACKLOG|call=1760|tour_len=934|end_dist=20389219
PACKLOG|try=0|th=0.393686815|de=0.368530910|ga=0.237782275
PACKLOG|try=0|profit=4411138|weight=7311639
PACKLOG|try=1|th=0.189103336|de=0.272244688|ga=0.538651976
PACKLOG|try=1|profit=4282867|weight=7584854
PACKLOG|best|profit=4411138|weight=7311639
PACKLOG|call=1761|tour_len=930|end_dist=19823893
PACKLOG|try=0|th=0.427165984|de=0.111110144|ga=0.461723872
PACKLOG|try=0|profit=4424328|weight=7571904
PACKLOG|try=1|th=0.032955839|de=0.480930210|ga=0.486113952
PACKLOG|try=1|profit=4096570|weight=7920267
PACKLOG|best|profit=4424328|weight=7571904
PACKLOG|call=1762|tour_len=842|end_dist=18303112
PACKLOG|try=0|th=0.079484927|de=0.314173086|ga=0.606341987
PACKLOG|try=0|profit=4134410|weight=7830893
PACKLOG|try=1|th=0.220396537|de=0.768118238|ga=0.011485225
PACKLOG|try=1|profit=4182793|weight=7644087
PACKLOG|best|profit=4182793|weight=7644087
PACKLOG|call=1763|tour_len=730|end_dist=16109485
PACKLOG|try=0|th=0.124909216|de=0.503577276|ga=0.371513508
PACKLOG|try=0|profit=3636921|weight=7312664
PACKLOG|try=1|th=0.094252801|de=0.804917821|ga=0.100829378
PACKLOG|try=1|profit=3636921|weight=7312664
PACKLOG|best|profit=3636921|weight=7312664
PACKLOG|call=1764|tour_len=930|end_dist=19787772
PACKLOG|try=0|th=0.378328021|de=0.140637856|ga=0.481034123
PACKLOG|try=0|profit=4418899|weight=7603052
PACKLOG|try=1|th=0.316811391|de=0.325162551|ga=0.358026058
PACKLOG|try=1|profit=4424810|weight=7588000
PACKLOG|best|profit=4424810|weight=7588000
PACKLOG|call=1765|tour_len=930|end_dist=19782829
PACKLOG|try=0|th=0.373937348|de=0.220117382|ga=0.405945269
PACKLOG|try=0|profit=4427012|weight=7581946
PACKLOG|try=1|th=0.410934351|de=0.243649150|ga=0.345416499
PACKLOG|try=1|profit=4436734|weight=7539785
PACKLOG|best|profit=4436734|weight=7539785
PACKLOG|call=1766|tour_len=930|end_dist=19831890
PACKLOG|try=0|th=0.818932021|de=0.174274249|ga=0.006793730
PACKLOG|try=0|profit=4408571|weight=7155971
PACKLOG|try=1|th=0.516660891|de=0.434706266|ga=0.048632844
PACKLOG|try=1|profit=4421432|weight=7221228
PACKLOG|best|profit=4421432|weight=7221228
PACKLOG|call=1767|tour_len=674|end_dist=14926171
PACKLOG|try=0|th=0.238679264|de=0.700173786|ga=0.061146950
PACKLOG|try=0|profit=3368032|weight=6750143
PACKLOG|try=1|th=0.418119021|de=0.272939326|ga=0.308941653
PACKLOG|try=1|profit=3368032|weight=6750143
PACKLOG|best|profit=3368032|weight=6750143
PACKLOG|call=1768|tour_len=930|end_dist=19787772
PACKLOG|try=0|th=0.235131473|de=0.692161533|ga=0.072706994
PACKLOG|try=0|profit=4440621|weight=7366897
PACKLOG|try=1|th=0.297821433|de=0.157118852|ga=0.545059715
PACKLOG|try=1|profit=4391881|weight=7656201
PACKLOG|best|profit=4440621|weight=7366897
PACKLOG|call=1769|tour_len=920|end_dist=19538847
PACKLOG|try=0|th=0.484288394|de=0.373470460|ga=0.142241147
PACKLOG|try=0|profit=4421374|weight=7439248
PACKLOG|try=1|th=0.392977491|de=0.303955435|ga=0.303067073
PACKLOG|try=1|profit=4419530|weight=7588962
PACKLOG|best|profit=4421374|weight=7439248
PACKLOG|call=1770|tour_len=930|end_dist=19766245
PACKLOG|try=0|th=0.670823896|de=0.184292193|ga=0.144883911
PACKLOG|try=0|profit=4437990|weight=7325717
PACKLOG|try=1|th=0.324755427|de=0.393930758|ga=0.281313815
PACKLOG|try=1|profit=4436681|weight=7550824
PACKLOG|best|profit=4437990|weight=7325717
PACKLOG|call=1771|tour_len=930|end_dist=19787772
PACKLOG|try=0|th=0.331711987|de=0.282804381|ga=0.385483632
PACKLOG|try=0|profit=4423809|weight=7591016
PACKLOG|try=1|th=0.177961295|de=0.447307050|ga=0.374731655
PACKLOG|try=1|profit=4378772|weight=7670206
PACKLOG|best|profit=4423809|weight=7591016
PACKLOG|call=1772|tour_len=933|end_dist=19893343
PACKLOG|try=0|th=0.411843065|de=0.191996852|ga=0.396160083
PACKLOG|try=0|profit=4433572|weight=7542760
PACKLOG|try=1|th=0.096643285|de=0.448471710|ga=0.454885005
PACKLOG|try=1|profit=4237832|weight=7739434
PACKLOG|best|profit=4433572|weight=7542760
PACKLOG|call=1773|tour_len=933|end_dist=19934405
PACKLOG|try=0|th=0.334973951|de=0.311238924|ga=0.353787125
PACKLOG|try=0|profit=4423936|weight=7539721
PACKLOG|try=1|th=0.397134125|de=0.218119514|ga=0.384746362
PACKLOG|try=1|profit=4427871|weight=7523689
PACKLOG|best|profit=4427871|weight=7523689
PACKLOG|call=1774|tour_len=930|end_dist=19787772
PACKLOG|try=0|th=0.262560701|de=0.479542285|ga=0.257897014
PACKLOG|try=0|profit=4431271|weight=7566855
PACKLOG|try=1|th=0.268091469|de=0.401327127|ga=0.330581404
PACKLOG|try=1|profit=4421114|weight=7598001
PACKLOG|best|profit=4431271|weight=7566855
PACKLOG|call=1775|tour_len=930|end_dist=19808743
PACKLOG|try=0|th=0.501362179|de=0.019961053|ga=0.478676768
PACKLOG|try=0|profit=4432107|weight=7560874
PACKLOG|try=1|th=0.436072751|de=0.147961380|ga=0.415965869
PACKLOG|try=1|profit=4431990|weight=7560859
PACKLOG|best|profit=4432107|weight=7560874
PACKLOG|call=1776|tour_len=930|end_dist=19787772
PACKLOG|try=0|th=0.219518250|de=0.364164072|ga=0.416317678
PACKLOG|try=0|profit=4390057|weight=7657184
PACKLOG|try=1|th=0.559608634|de=0.042958560|ga=0.397432806
PACKLOG|try=1|profit=4440246|weight=7503569
PACKLOG|best|profit=4440246|weight=7503569
PACKLOG|call=1777|tour_len=933|end_dist=19903408
PACKLOG|try=0|th=0.235573992|de=0.406302279|ga=0.358123729
PACKLOG|try=0|profit=4405239|weight=7604996
PACKLOG|try=1|th=0.367520173|de=0.153982358|ga=0.478497468
PACKLOG|try=1|profit=4416731|weight=7579909
PACKLOG|best|profit=4416731|weight=7579909
PACKLOG|call=1778|tour_len=930|end_dist=19787772
PACKLOG|try=0|th=0.124307039|de=0.316017576|ga=0.559675385
PACKLOG|try=0|profit=4254262|weight=7747530
PACKLOG|try=1|th=0.224472697|de=0.229800643|ga=0.545726660
PACKLOG|try=1|profit=4359476|weight=7689331
PACKLOG|best|profit=4359476|weight=7689331
PACKLOG|call=1779|tour_len=933|end_dist=19898465
PACKLOG|try=0|th=0.145384927|de=0.393646145|ga=0.460968928
PACKLOG|try=0|profit=4311657|weight=7697332
PACKLOG|try=1|th=0.320340636|de=0.070566024|ga=0.609093340
PACKLOG|try=1|profit=4385733|weight=7636096
PACKLOG|best|profit=4385733|weight=7636096
PACKLOG|call=1780|tour_len=930|end_dist=19783222
PACKLOG|try=0|th=0.518941923|de=0.029092345|ga=0.451965732
PACKLOG|try=0|profit=4435649|weight=7547826
PACKLOG|try=1|th=0.318764491|de=0.270400844|ga=0.410834665
PACKLOG|try=1|profit=4418443|weight=7606047
PACKLOG|best|profit=4435649|weight=7547826
PACKLOG|call=1781|tour_len=930|end_dist=19787772
PACKLOG|try=0|th=0.347025576|de=0.333174693|ga=0.319799731
PACKLOG|try=0|profit=4433676|weight=7555837
PACKLOG|try=1|th=0.032214799|de=0.521152018|ga=0.446633183
PACKLOG|try=1|profit=4102100|weight=7922266
PACKLOG|best|profit=4433676|weight=7555837
PACKLOG|call=1782|tour_len=933|end_dist=19916096
PACKLOG|try=0|th=0.353461932|de=0.394226767|ga=0.252311301
PACKLOG|try=0|profit=4436750|weight=7454313
PACKLOG|try=1|th=0.012684472|de=0.663772236|ga=0.323543292
PACKLOG|try=1|profit=4062566|weight=7974391
PACKLOG|best|profit=4436750|weight=7454313
PACKLOG|call=1783|tour_len=829|end_dist=18067129
PACKLOG|try=0|th=0.328470059|de=0.286762040|ga=0.384767901
PACKLOG|try=0|profit=4140966|weight=7776763
PACKLOG|try=1|th=0.311169667|de=0.204696669|ga=0.484133664
PACKLOG|try=1|profit=4139200|weight=7787794
PACKLOG|best|profit=4140966|weight=7776763
PACKLOG|call=1784|tour_len=799|end_dist=17465295
PACKLOG|try=0|th=0.658216291|de=0.298533329|ga=0.043250380
PACKLOG|try=0|profit=4004640|weight=7575926
PACKLOG|try=1|th=0.481350390|de=0.347993386|ga=0.170656224
PACKLOG|try=1|profit=4005527|weight=7607056
PACKLOG|best|profit=4005527|weight=7607056
PACKLOG|call=1785|tour_len=933|end_dist=19903408
PACKLOG|try=0|th=0.040806688|de=0.344572510|ga=0.614620802
PACKLOG|try=0|profit=4090400|weight=7923296
PACKLOG|try=1|th=0.230199087|de=0.276028017|ga=0.493772896
PACKLOG|try=1|profit=4373554|weight=7649101
PACKLOG|best|profit=4373554|weight=7649101
PACKLOG|call=1786|tour_len=920|end_dist=19538847
PACKLOG|try=0|th=0.366287677|de=0.244142118|ga=0.389570205
PACKLOG|try=0|profit=4411445|weight=7637198
PACKLOG|try=1|th=0.461609171|de=0.336799501|ga=0.201591328
PACKLOG|try=1|profit=4423910|weight=7495536
PACKLOG|best|profit=4423910|weight=7495536
PACKLOG|call=1787|tour_len=930|end_dist=19787772
PACKLOG|try=0|th=0.403212286|de=0.130521729|ga=0.466265985
PACKLOG|try=0|profit=4423982|weight=7588999
PACKLOG|try=1|th=0.443581678|de=0.363314560|ga=0.193103762
PACKLOG|try=1|profit=4443150|weight=7420163
PACKLOG|best|profit=4443150|weight=7420163
PACKLOG|call=1788|tour_len=875|end_dist=18873327
PACKLOG|try=0|th=0.483869017|de=0.413212661|ga=0.102918322
PACKLOG|try=0|profit=4301290|weight=7523656
PACKLOG|try=1|th=0.165224081|de=0.500235085|ga=0.334540834
PACKLOG|try=1|profit=4276699|weight=7735597
PACKLOG|best|profit=4301290|weight=7523656
PACKLOG|call=1789|tour_len=934|end_dist=19848520
PACKLOG|try=0|th=0.342829175|de=0.315904279|ga=0.341266546
PACKLOG|try=0|profit=4437342|weight=7553789
PACKLOG|try=1|th=0.366950264|de=0.338095239|ga=0.294954497
PACKLOG|try=1|profit=4444918|weight=7509582
PACKLOG|best|profit=4444918|weight=7509582
PACKLOG|call=1790|tour_len=936|end_dist=19998032
PACKLOG|try=0|th=0.118605560|de=0.544039233|ga=0.337355206
PACKLOG|try=0|profit=4326686|weight=7670146
PACKLOG|try=1|th=0.326297047|de=0.174490302|ga=0.499212651
PACKLOG|try=1|profit=4404790|weight=7587918
PACKLOG|best|profit=4404790|weight=7587918
PACKLOG|call=1791|tour_len=930|end_dist=19770438
PACKLOG|try=0|th=0.526576324|de=0.242489029|ga=0.230934647
PACKLOG|try=0|profit=4444311|weight=7427211
PACKLOG|try=1|th=0.416621472|de=0.449509995|ga=0.133868533
PACKLOG|try=1|profit=4442117|weight=7375981
PACKLOG|best|profit=4444311|weight=7427211
PACKLOG|call=1792|tour_len=933|end_dist=19903408
PACKLOG|try=0|th=0.353758229|de=0.349508874|ga=0.296732897
PACKLOG|try=0|profit=4436534|weight=7508607
PACKLOG|try=1|th=0.486370912|de=0.335170816|ga=0.178458273
PACKLOG|try=1|profit=4442465|weight=7364894
PACKLOG|best|profit=4442465|weight=7364894
PACKLOG|call=1793|tour_len=933|end_dist=19903408
PACKLOG|try=0|th=0.063930342|de=0.190751318|ga=0.745318341
PACKLOG|try=0|profit=4105925|weight=7896168
PACKLOG|try=1|th=0.189877469|de=0.090013752|ga=0.720108779
PACKLOG|try=1|profit=4276200|weight=7711382
PACKLOG|best|profit=4276200|weight=7711382
PACKLOG|call=1794|tour_len=930|end_dist=19787772
PACKLOG|try=0|th=0.603473161|de=0.195207838|ga=0.201319000
PACKLOG|try=0|profit=4441362|weight=7375986
PACKLOG|try=1|th=0.455026679|de=0.061798952|ga=0.483174369
PACKLOG|try=1|profit=4427874|weight=7577926
PACKLOG|best|profit=4441362|weight=7375986
PACKLOG|call=1795|tour_len=933|end_dist=19949463
PACKLOG|try=0|th=0.128922262|de=0.392057457|ga=0.479020280
PACKLOG|try=0|profit=4268122|weight=7679237
PACKLOG|try=1|th=0.690417488|de=0.028552959|ga=0.281029553
PACKLOG|try=1|profit=4435104|weight=7341785
PACKLOG|best|profit=4435104|weight=7341785
PACKLOG|call=1796|tour_len=930|end_dist=19787772
PACKLOG|try=0|th=0.380254297|de=0.112894760|ga=0.506850943
PACKLOG|try=0|profit=4415937|weight=7610069
PACKLOG|try=1|th=0.188807961|de=0.517871790|ga=0.293320248
PACKLOG|try=1|profit=4405578|weight=7632119
PACKLOG|best|profit=4415937|weight=7610069
PACKLOG|call=1797|tour_len=934|end_dist=19988761
PACKLOG|try=0|th=0.586030298|de=0.195875755|ga=0.218093946
PACKLOG|try=0|profit=4439591|weight=7341798
PACKLOG|try=1|th=0.695921838|de=0.177393194|ga=0.126684968
PACKLOG|try=1|profit=4429408|weight=7231340
PACKLOG|best|profit=4439591|weight=7341798
PACKLOG|call=1798|tour_len=933|end_dist=19903408
PACKLOG|try=0|th=0.580231206|de=0.017696929|ga=0.402071865
PACKLOG|try=0|profit=4440881|weight=7462346
PACKLOG|try=1|th=0.608450609|de=0.231567388|ga=0.159982002
PACKLOG|try=1|profit=4438555|weight=7307640
PACKLOG|best|profit=4440881|weight=7462346
PACKLOG|call=1799|tour_len=930|end_dist=19787772
PACKLOG|try=0|th=0.491415132|de=0.159004987|ga=0.349579881
PACKLOG|try=0|profit=4440205|weight=7501551
PACKLOG|try=1|th=0.019358293|de=0.271825247|ga=0.708816460
PACKLOG|try=1|profit=4065708|weight=8017701
PACKLOG|best|profit=4440205|weight=7501551
PACKLOG|call=1800|tour_len=930|end_dist=19787772
PACKLOG|try=0|th=0.482534984|de=0.307222767|ga=0.210242249
PACKLOG|try=0|profit=4443164|weight=7421179
PACKLOG|try=1|th=0.193706123|de=0.397023596|ga=0.409270282
PACKLOG|try=1|profit=4378524|weight=7671217
PACKLOG|best|profit=4443164|weight=7421179
PACKLOG|call=1801|tour_len=930|end_dist=19787772
PACKLOG|try=0|th=0.364403150|de=0.299976238|ga=0.335620612
PACKLOG|try=0|profit=4433676|weight=7555837
PACKLOG|try=1|th=0.317701974|de=0.552527161|ga=0.129770865
PACKLOG|try=1|profit=4442997|weight=7413118
PACKLOG|best|profit=4442997|weight=7413118
PACKLOG|call=1802|tour_len=930|end_dist=19787772
PACKLOG|try=0|th=0.224323978|de=0.709249119|ga=0.066426903
PACKLOG|try=0|profit=4439963|weight=7356849
PACKLOG|try=1|th=0.014059559|de=0.532900746|ga=0.453039695
PACKLOG|try=1|profit=4064174|weight=8001546
PACKLOG|best|profit=4439963|weight=7356849
PACKLOG|call=1803|tour_len=930|end_dist=19770438
PACKLOG|try=0|th=0.389628534|de=0.594607189|ga=0.015764277
PACKLOG|try=0|profit=4419368|weight=7204132
PACKLOG|try=1|th=0.203771600|de=0.471184999|ga=0.325043401
PACKLOG|try=1|profit=4404895|weight=7639166
PACKLOG|best|profit=4419368|weight=7204132
PACKLOG|call=1804|tour_len=930|end_dist=19787772
PACKLOG|try=0|th=0.397108671|de=0.385567390|ga=0.217323939
PACKLOG|try=0|profit=4442834|weight=7457315
PACKLOG|try=1|th=0.464355644|de=0.370923238|ga=0.164721118
PACKLOG|try=1|profit=4442352|weight=7396044
PACKLOG|best|profit=4442834|weight=7457315
PACKLOG|call=1805|tour_len=930|end_dist=19787772
PACKLOG|try=0|th=0.460735617|de=0.287894318|ga=0.251370066
PACKLOG|try=0|profit=4442852|weight=7454302
PACKLOG|try=1|th=0.321346021|de=0.508127046|ga=0.170526933
PACKLOG|try=1|profit=4443033|weight=7453300
PACKLOG|best|profit=4443033|weight=7453300
PACKLOG|call=1806|tour_len=332|end_dist=5326902
PACKLOG|try=0|th=0.378673216|de=0.266057634|ga=0.355269150
PACKLOG|try=0|profit=1657740|weight=3314671
PACKLOG|try=1|th=0.229135566|de=0.380270330|ga=0.390594103
PACKLOG|try=1|profit=1657740|weight=3314671
PACKLOG|best|profit=1657740|weight=3314671
PACKLOG|call=1807|tour_len=930|end_dist=19787772
PACKLOG|try=0|th=0.458062736|de=0.466769002|ga=0.075168261
PACKLOG|try=0|profit=4432857|weight=7289568
PACKLOG|try=1|th=0.385405935|de=0.352671864|ga=0.261922201
PACKLOG|try=1|profit=4440949|weight=7492490
PACKLOG|best|profit=4440949|weight=7492490
PACKLOG|call=1808|tour_len=933|end_dist=19969768
PACKLOG|try=0|th=0.502822689|de=0.199304586|ga=0.297872725
PACKLOG|try=0|profit=4440423|weight=7438222
PACKLOG|try=1|th=0.248629721|de=0.332776745|ga=0.418593534
PACKLOG|try=1|profit=4393531|weight=7615004
PACKLOG|best|profit=4440423|weight=7438222
PACKLOG|call=1809|tour_len=934|end_dist=20403210
PACKLOG|try=0|th=0.288359552|de=0.203783146|ga=0.507857302
PACKLOG|try=0|profit=4354616|weight=7513561
PACKLOG|try=1|th=0.504609829|de=0.055333374|ga=0.440056797
PACKLOG|try=1|profit=4401251|weight=7393107
PACKLOG|best|profit=4401251|weight=7393107
PACKLOG|call=1810|tour_len=933|end_dist=20508698
PACKLOG|try=0|th=0.231063766|de=0.411921968|ga=0.357014266
PACKLOG|try=0|profit=4356996|weight=7467351
PACKLOG|try=1|th=0.576998795|de=0.012972983|ga=0.410028222
PACKLOG|try=1|profit=4397849|weight=7307652
PACKLOG|best|profit=4397849|weight=7307652
PACKLOG|call=1811|tour_len=930|end_dist=19787772
PACKLOG|try=0|th=0.225901388|de=0.421309481|ga=0.352789131
PACKLOG|try=0|profit=4404598|weight=7634158
PACKLOG|try=1|th=0.324746576|de=0.502492327|ga=0.172761097
PACKLOG|try=1|profit=4443011|weight=7453300
PACKLOG|best|profit=4443011|weight=7453300
PACKLOG|call=1812|tour_len=933|end_dist=19886202
PACKLOG|try=0|th=0.352563187|de=0.186462467|ga=0.460974345
PACKLOG|try=0|profit=4417755|weight=7585947
PACKLOG|try=1|th=0.141181124|de=0.769897283|ga=0.088921593
PACKLOG|try=1|profit=4443114|weight=7454240
PACKLOG|best|profit=4443114|weight=7454240
PACKLOG|call=1813|tour_len=930|end_dist=19794676
PACKLOG|try=0|th=0.596811080|de=0.060324214|ga=0.342864706
PACKLOG|try=0|profit=4442136|weight=7462355
PACKLOG|try=1|th=0.394683340|de=0.147408617|ga=0.457908043
PACKLOG|try=1|profit=4423427|weight=7589004
PACKLOG|best|profit=4442136|weight=7462355
PACKLOG|call=1814|tour_len=918|end_dist=19473533
PACKLOG|try=0|th=0.311637733|de=0.190068631|ga=0.498293636
PACKLOG|try=0|profit=4401458|weight=7719479
PACKLOG|try=1|th=0.115142817|de=0.741925376|ga=0.142931808
PACKLOG|try=1|profit=4415431|weight=7685311
PACKLOG|best|profit=4415431|weight=7685311
PACKLOG|call=1815|tour_len=933|end_dist=19903408
PACKLOG|try=0|th=0.587266754|de=0.407747248|ga=0.004985998
PACKLOG|try=0|profit=4410287|weight=7129844
PACKLOG|try=1|th=0.478517573|de=0.255486075|ga=0.265996352
PACKLOG|try=1|profit=4442845|weight=7429164
PACKLOG|best|profit=4442845|weight=7429164
PACKLOG|call=1816|tour_len=920|end_dist=19538847
PACKLOG|try=0|th=0.312007050|de=0.367927781|ga=0.320065169
PACKLOG|try=0|profit=4412631|weight=7633161
PACKLOG|try=1|th=0.428298930|de=0.292038454|ga=0.279662616
PACKLOG|try=1|profit=4422436|weight=7550799
PACKLOG|best|profit=4422436|weight=7550799
PACKLOG|call=1817|tour_len=930|end_dist=19787772
PACKLOG|try=0|th=0.346765765|de=0.306079509|ga=0.347154725
PACKLOG|try=0|profit=4430051|weight=7571865
PACKLOG|try=1|th=0.498338488|de=0.093243072|ga=0.408418439
PACKLOG|try=1|profit=4437253|weight=7534756
PACKLOG|best|profit=4437253|weight=7534756
PACKLOG|call=1818|tour_len=929|end_dist=19765811
PACKLOG|try=0|th=0.782993214|de=0.120435988|ga=0.096570798
PACKLOG|try=0|profit=4425086|weight=7262420
PACKLOG|try=1|th=0.225548400|de=0.755801544|ga=0.018650056
PACKLOG|try=1|profit=4420735|weight=7235216
PACKLOG|best|profit=4425086|weight=7262420
PACKLOG|call=1819|tour_len=930|end_dist=19782829
PACKLOG|try=0|th=0.451270743|de=0.163355015|ga=0.385374242
PACKLOG|try=0|profit=4436071|weight=7543807
PACKLOG|try=1|th=0.032249446|de=0.450366497|ga=0.517384057
PACKLOG|try=1|profit=4090020|weight=7935339
PACKLOG|best|profit=4436071|weight=7543807
PACKLOG|call=1820|tour_len=930|end_dist=19778626
PACKLOG|try=0|th=0.565147053|de=0.291364614|ga=0.143488333
PACKLOG|try=0|profit=4438680|weight=7337792
PACKLOG|try=1|th=0.445884409|de=0.230684296|ga=0.323431295
PACKLOG|try=1|profit=4440550|weight=7510603
PACKLOG|best|profit=4440550|weight=7510603
PACKLOG|call=1821|tour_len=432|end_dist=7849933
PACKLOG|try=0|th=0.163989967|de=0.270599308|ga=0.565410725
PACKLOG|try=0|profit=2160532|weight=4319458
PACKLOG|try=1|th=0.312415262|de=0.499206660|ga=0.188378078
PACKLOG|try=1|profit=2160532|weight=4319458
PACKLOG|best|profit=2160532|weight=4319458
PACKLOG|call=1822|tour_len=930|end_dist=19730993
PACKLOG|try=0|th=0.369470307|de=0.304963289|ga=0.325566404
PACKLOG|try=0|profit=4439536|weight=7564873
PACKLOG|try=1|th=0.343026704|de=0.268057308|ga=0.388915988
PACKLOG|try=1|profit=4429758|weight=7603076
PACKLOG|best|profit=4439536|weight=7564873
PACKLOG|call=1823|tour_len=842|end_dist=18302809
PACKLOG|try=0|th=0.426591645|de=0.323397580|ga=0.250010775
PACKLOG|try=0|profit=4185524|weight=7729547
PACKLOG|try=1|th=0.259228436|de=0.440958092|ga=0.299813472
PACKLOG|try=1|profit=4182311|weight=7770724
PACKLOG|best|profit=4185524|weight=7729547
PACKLOG|call=1824|tour_len=934|end_dist=20404308
PACKLOG|try=0|th=0.274843235|de=0.145477991|ga=0.579678774
PACKLOG|try=0|profit=4335839|weight=7538626
PACKLOG|try=1|th=0.126479146|de=0.727236316|ga=0.146284538
PACKLOG|try=1|profit=4388796|weight=7444230
PACKLOG|best|profit=4388796|weight=7444230
PACKLOG|call=1825|tour_len=934|end_dist=20398894
PACKLOG|try=0|th=0.435486760|de=0.185257294|ga=0.379255946
PACKLOG|try=0|profit=4401581|weight=7395111
PACKLOG|try=1|th=0.540636233|de=0.068812856|ga=0.390550911
PACKLOG|try=1|profit=4408031|weight=7339814
PACKLOG|best|profit=4408031|weight=7339814
PACKLOG|call=1826|tour_len=930|end_dist=19763595
PACKLOG|try=0|th=0.886688087|de=0.035902822|ga=0.077409091
PACKLOG|try=0|profit=4426602|weight=7241313
PACKLOG|try=1|th=0.155031033|de=0.286041618|ga=0.558927349
PACKLOG|try=1|profit=4300183|weight=7738537
PACKLOG|best|profit=4426602|weight=7241313
PACKLOG|call=1827|tour_len=930|end_dist=19803214
PACKLOG|try=0|th=0.749403474|de=0.040837355|ga=0.209759171
PACKLOG|try=0|profit=4438844|weight=7349882
PACKLOG|try=1|th=0.339705534|de=0.438045174|ga=0.222249292
PACKLOG|try=1|profit=4440513|weight=7480423
PACKLOG|best|profit=4440513|weight=7480423
PACKLOG|call=1828|tour_len=930|end_dist=19764122
PACKLOG|try=0|th=0.171262442|de=0.533462955|ga=0.295274603
PACKLOG|try=0|profit=4401314|weight=7661253
PACKLOG|try=1|th=0.123696663|de=0.406782966|ga=0.469520371
PACKLOG|try=1|profit=4293247|weight=7743533
PACKLOG|best|profit=4401314|weight=7661253
PACKLOG|call=1829|tour_len=931|end_dist=19880195
PACKLOG|try=0|th=0.312905054|de=0.258235971|ga=0.428858976
PACKLOG|try=0|profit=4410450|weight=7588956
PACKLOG|try=1|th=0.279788408|de=0.444845699|ga=0.275365893
PACKLOG|try=1|profit=4426553|weight=7544747
PACKLOG|best|profit=4426553|weight=7544747
PACKLOG|call=1830|tour_len=930|end_dist=19787772
PACKLOG|try=0|th=0.238082295|de=0.393505685|ga=0.368412020
PACKLOG|try=0|profit=4405894|weight=7631136
PACKLOG|try=1|th=0.381073015|de=0.043636262|ga=0.575290723
PACKLOG|try=1|profit=4407675|weight=7628131
PACKLOG|best|profit=4407675|weight=7628131
PACKLOG|call=1831|tour_len=925|end_dist=19708787
PACKLOG|try=0|th=0.490513941|de=0.399005401|ga=0.110480658
PACKLOG|try=0|profit=4430741|weight=7356886
PACKLOG|try=1|th=0.345129224|de=0.052172492|ga=0.602698283
PACKLOG|try=1|profit=4393243|weight=7672315
PACKLOG|best|profit=4430741|weight=7356886
PACKLOG|call=1832|tour_len=930|end_dist=19770438
PACKLOG|try=0|th=0.488425326|de=0.157084257|ga=0.354490417
PACKLOG|try=0|profit=4441062|weight=7511611
PACKLOG|try=1|th=0.593442831|de=0.108529947|ga=0.298027223
PACKLOG|try=1|profit=4444409|weight=7448286
PACKLOG|best|profit=4444409|weight=7448286
PACKLOG|call=1833|tour_len=930|end_dist=19782121
PACKLOG|try=0|th=0.079577494|de=0.834882194|ga=0.085540312
PACKLOG|try=0|profit=4427967|weight=7582797
PACKLOG|try=1|th=0.154096203|de=0.659683858|ga=0.186219939
PACKLOG|try=1|profit=4422671|weight=7597959
PACKLOG|best|profit=4427967|weight=7582797
PACKLOG|call=1834|tour_len=845|end_dist=17885973
PACKLOG|try=0|th=0.550406119|de=0.084484750|ga=0.365109132
PACKLOG|try=0|profit=4210968|weight=7959562
PACKLOG|try=1|th=0.455717937|de=0.080192206|ga=0.464089857
PACKLOG|try=1|profit=4209511|weight=7984666
PACKLOG|best|profit=4210968|weight=7959562
PACKLOG|call=1835|tour_len=928|end_dist=19578055
PACKLOG|try=0|th=0.521070140|de=0.191791118|ga=0.287138742
PACKLOG|try=0|profit=4459023|weight=7556807
PACKLOG|try=1|th=0.197401278|de=0.437522485|ga=0.365076237
PACKLOG|try=1|profit=4412735|weight=7744588
PACKLOG|best|profit=4459023|weight=7556807
PACKLOG|call=1836|tour_len=933|end_dist=19903408
PACKLOG|try=0|th=0.214379145|de=0.340870931|ga=0.444749925
PACKLOG|try=0|profit=4376891|weight=7646110
PACKLOG|try=1|th=0.235610143|de=0.410100346|ga=0.354289511
PACKLOG|try=1|profit=4406309|weight=7602981
PACKLOG|best|profit=4406309|weight=7602981
PACKLOG|call=1837|tour_len=933|end_dist=19903408
PACKLOG|try=0|th=0.512036053|de=0.242200482|ga=0.245763465
PACKLOG|try=0|profit=4443396|weight=7403067
PACKLOG|try=1|th=0.083177893|de=0.424039179|ga=0.492782928
PACKLOG|try=1|profit=4186915|weight=7764502
PACKLOG|best|profit=4443396|weight=7403067
PACKLOG|call=1838|tour_len=930|end_dist=19787772
PACKLOG|try=0|th=0.317345850|de=0.262474491|ga=0.420179660
PACKLOG|try=0|profit=4416166|weight=7610061
PACKLOG|try=1|th=0.160625608|de=0.382618836|ga=0.456755556
PACKLOG|try=1|profit=4336455|weight=7708424
PACKLOG|best|profit=4416166|weight=7610061
PACKLOG|call=1839|tour_len=804|end_dist=18116270
PACKLOG|try=0|th=0.296283923|de=0.334635902|ga=0.369080175
PACKLOG|try=0|profit=4012076|weight=7757660
PACKLOG|try=1|th=0.164272810|de=0.778889676|ga=0.056837514
PACKLOG|try=1|profit=4012899|weight=7721440
PACKLOG|best|profit=4012899|weight=7721440
PACKLOG|call=1840|tour_len=933|end_dist=19934586
PACKLOG|try=0|th=0.246886269|de=0.434786815|ga=0.318326916
PACKLOG|try=0|profit=4415205|weight=7569846
PACKLOG|try=1|th=0.174223135|de=0.291995717|ga=0.533781147
PACKLOG|try=1|profit=4312270|weight=7687306
PACKLOG|best|profit=4415205|weight=7569846
PACKLOG|call=1841|tour_len=933|end_dist=19903408
PACKLOG|try=0|th=0.523537050|de=0.403784028|ga=0.072678921
PACKLOG|try=0|profit=4429241|weight=7232311
PACKLOG|try=1|th=0.301844149|de=0.539102058|ga=0.159053793
PACKLOG|try=1|profit=4443111|weight=7422099
PACKLOG|best|profit=4443111|weight=7422099
PACKLOG|call=1842|tour_len=930|end_dist=19787772
PACKLOG|try=0|th=0.291412957|de=0.698143025|ga=0.010444018
PACKLOG|try=0|profit=4416736|weight=7192063
PACKLOG|try=1|th=0.157711528|de=0.601632162|ga=0.240656310
PACKLOG|try=1|profit=4407338|weight=7629085
PACKLOG|best|profit=4416736|weight=7192063
PACKLOG|call=1843|tour_len=930|end_dist=19787772
PACKLOG|try=0|th=0.166703241|de=0.488584681|ga=0.344712077
PACKLOG|try=0|profit=4379996|weight=7669196
PACKLOG|try=1|th=0.308660821|de=0.298686370|ga=0.392652808
PACKLOG|try=1|profit=4418764|weight=7603037
PACKLOG|best|profit=4418764|weight=7603037
PACKLOG|call=1844|tour_len=933|end_dist=19903408
PACKLOG|try=0|th=0.396580898|de=0.298092939|ga=0.305326162
PACKLOG|try=0|profit=4438788|weight=7487484
PACKLOG|try=1|th=0.034734213|de=0.607337925|ga=0.357927862
PACKLOG|try=1|profit=4112487|weight=7870966
PACKLOG|best|profit=4438788|weight=7487484
PACKLOG|call=1845|tour_len=930|end_dist=19787772
PACKLOG|try=0|th=0.424133997|de=0.369619923|ga=0.206246080
PACKLOG|try=0|profit=4443242|weight=7436220
PACKLOG|try=1|th=0.468592906|de=0.389543891|ga=0.141863203
PACKLOG|try=1|profit=4440233|weight=7359934
PACKLOG|best|profit=4443242|weight=7436220
PACKLOG|call=1846|tour_len=933|end_dist=19903408
PACKLOG|try=0|th=0.738312388|de=0.175785468|ga=0.085902144
PACKLOG|try=0|profit=4426347|weight=7213203
PACKLOG|try=1|th=0.365005473|de=0.548645445|ga=0.086349082
PACKLOG|try=1|profit=4437215|weight=7293551
PACKLOG|best|profit=4437215|weight=7293551
PACKLOG|call=1847|tour_len=933|end_dist=19903408
PACKLOG|try=0|th=0.424949149|de=0.135041663|ga=0.440009189
PACKLOG|try=0|profit=4427875|weight=7550770
PACKLOG|try=1|th=0.400048981|de=0.453650911|ga=0.146300108
PACKLOG|try=1|profit=4442519|weight=7364886
PACKLOG|best|profit=4442519|weight=7364886
PACKLOG|call=1848|tour_len=721|end_dist=15836831
PACKLOG|try=0|th=0.482110921|de=0.006333376|ga=0.511555702
PACKLOG|try=0|profit=3594225|weight=7222253
PACKLOG|try=1|th=0.308063005|de=0.359264205|ga=0.332672790
PACKLOG|try=1|profit=3594225|weight=7222253
PACKLOG|best|profit=3594225|weight=7222253
PACKLOG|call=1849|tour_len=930|end_dist=19772622
PACKLOG|try=0|th=0.609764648|de=0.279039033|ga=0.111196319
PACKLOG|try=0|profit=4436681|weight=7311671
PACKLOG|try=1|th=0.249820503|de=0.352282367|ga=0.397897130
PACKLOG|try=1|profit=4406320|weight=7643190
PACKLOG|best|profit=4436681|weight=7311671
PACKLOG|call=1850|tour_len=930|end_dist=19787772
PACKLOG|try=0|th=0.232428987|de=0.388405090|ga=0.379165923
PACKLOG|try=0|profit=4401923|weight=7638159
PACKLOG|try=1|th=0.161145204|de=0.171693882|ga=0.667160914
PACKLOG|try=1|profit=4267579|weight=7741541
PACKLOG|best|profit=4401923|weight=7638159
PACKLOG|call=1851|tour_len=930|end_dist=19782829
PACKLOG|try=0|th=0.171588855|de=0.595349952|ga=0.233061193
PACKLOG|try=0|profit=4415021|weight=7614059
PACKLOG|try=1|th=0.743960769|de=0.158464082|ga=0.097575149
PACKLOG|try=1|profit=4429543|weight=7266470
PACKLOG|best|profit=4429543|weight=7266470
PACKLOG|call=1852|tour_len=930|end_dist=19782829
PACKLOG|try=0|th=0.151171756|de=0.638368105|ga=0.210460140
PACKLOG|try=0|profit=4413704|weight=7617047
PACKLOG|try=1|th=0.089131784|de=0.323557716|ga=0.587310500
PACKLOG|try=1|profit=4185861|weight=7813793
PACKLOG|best|profit=4413704|weight=7617047
PACKLOG|call=1853|tour_len=927|end_dist=19494608
PACKLOG|try=0|th=0.172409324|de=0.408584460|ga=0.419006215
PACKLOG|try=0|profit=4378875|weight=7756634
PACKLOG|try=1|th=0.038146259|de=0.314692230|ga=0.647161510
PACKLOG|try=1|profit=4111309|weight=7987560
PACKLOG|best|profit=4378875|weight=7756634
PACKLOG|call=1854|tour_len=929|end_dist=19759035
PACKLOG|try=0|th=0.330731680|de=0.320274648|ga=0.348993672
PACKLOG|try=0|profit=4427606|weight=7583939
PACKLOG|try=1|th=0.205052201|de=0.366942831|ga=0.428004969
PACKLOG|try=1|profit=4379062|weight=7675244
PACKLOG|best|profit=4427606|weight=7583939
PACKLOG|call=1855|tour_len=930|end_dist=19787772
PACKLOG|try=0|th=0.758594329|de=0.168437282|ga=0.072968390
PACKLOG|try=0|profit=4424958|weight=7237302
PACKLOG|try=1|th=0.581446842|de=0.189191135|ga=0.229362023
PACKLOG|try=1|profit=4442862|weight=7408122
PACKLOG|best|profit=4442862|weight=7408122
PACKLOG|call=1856|tour_len=930|end_dist=19764246
PACKLOG|try=0|th=0.277475165|de=0.155862648|ga=0.566662187
PACKLOG|try=0|profit=4396098|weight=7711434
PACKLOG|try=1|th=0.779141078|de=0.208243842|ga=0.012615080
PACKLOG|try=1|profit=4426419|weight=7233272
PACKLOG|best|profit=4426419|weight=7233272
PACKLOG|call=1857|tour_len=423|end_dist=7719885
PACKLOG|try=0|th=0.186265908|de=0.598808390|ga=0.214925701
PACKLOG|try=0|profit=2103251|weight=4229047
PACKLOG|try=1|th=0.294775456|de=0.237142670|ga=0.468081874
PACKLOG|try=1|profit=2103251|weight=4229047
PACKLOG|best|profit=2103251|weight=4229047
PACKLOG|call=1858|tour_len=930|end_dist=19787772
PACKLOG|try=0|th=0.188097038|de=0.326073423|ga=0.485829539
PACKLOG|try=0|profit=4350981|weight=7698351
PACKLOG|try=1|th=0.687745427|de=0.215256333|ga=0.096998240
PACKLOG|try=1|profit=4430171|weight=7271499
PACKLOG|best|profit=4430171|weight=7271499
PACKLOG|call=1859|tour_len=930|end_dist=19786610
PACKLOG|try=0|th=0.368736618|de=0.465387748|ga=0.165875633
PACKLOG|try=0|profit=4443286|weight=7424172
PACKLOG|try=1|th=0.349322411|de=0.276343333|ga=0.374334257
PACKLOG|try=1|profit=4427332|weight=7580940
PACKLOG|best|profit=4443286|weight=7424172
PACKLOG|call=1860|tour_len=930|end_dist=19787772
PACKLOG|try=0|th=0.168961441|de=0.246236291|ga=0.584802269
PACKLOG|try=0|profit=4304702|weight=7724481
PACKLOG|try=1|th=0.002488021|de=0.271178240|ga=0.726333738
PACKLOG|try=1|profit=4022255|weight=8035752
PACKLOG|best|profit=4304702|weight=7724481
PACKLOG|call=1861|tour_len=933|end_dist=19898465
PACKLOG|try=0|th=0.508410468|de=0.321185782|ga=0.170403750
PACKLOG|try=0|profit=4441571|weight=7343822
PACKLOG|try=1|th=0.534996113|de=0.366488903|ga=0.098514984
PACKLOG|try=1|profit=4433255|weight=7260458
PACKLOG|best|profit=4441571|weight=7343822
PACKLOG|call=1862|tour_len=933|end_dist=19903408
PACKLOG|try=0|th=0.204579849|de=0.300164266|ga=0.495255885
PACKLOG|try=0|profit=4357762|weight=7666189
PACKLOG|try=1|th=0.379270972|de=0.378003484|ga=0.242725544
PACKLOG|try=1|profit=4442037|weight=7447256
PACKLOG|best|profit=4442037|weight=7447256
PACKLOG|call=1863|tour_len=930|end_dist=19773486
PACKLOG|try=0|th=0.811161606|de=0.033444354|ga=0.155394040
PACKLOG|try=0|profit=4436372|weight=7313668
PACKLOG|try=1|th=0.621179598|de=0.125292577|ga=0.253527824
PACKLOG|try=1|profit=4444225|weight=7417172
PACKLOG|best|profit=4444225|weight=7417172
PACKLOG|call=1864|tour_len=930|end_dist=19787772
PACKLOG|try=0|th=0.206315776|de=0.695020594|ga=0.098663630
PACKLOG|try=0|profit=4443222|weight=7435192
PACKLOG|try=1|th=0.192496409|de=0.442859312|ga=0.364644280
PACKLOG|try=1|profit=4389958|weight=7658170
PACKLOG|best|profit=4443222|weight=7435192
PACKLOG|call=1865|tour_len=930|end_dist=19787772
PACKLOG|try=0|th=0.354597628|de=0.568158233|ga=0.077244139
PACKLOG|try=0|profit=4436557|weight=7319673
PACKLOG|try=1|th=0.257192970|de=0.526872247|ga=0.215934783
PACKLOG|try=1|profit=4436549|weight=7537747
PACKLOG|best|profit=4436557|weight=7319673
PACKLOG|call=1866|tour_len=927|end_dist=19700962
PACKLOG|try=0|th=0.281823101|de=0.269598633|ga=0.448578265
PACKLOG|try=0|profit=4381569|weight=7588978
PACKLOG|try=1|th=0.313607908|de=0.556569703|ga=0.129822390
PACKLOG|try=1|profit=4422606|weight=7367974
PACKLOG|best|profit=4422606|weight=7367974
PACKLOG|call=1867|tour_len=933|end_dist=19903408
PACKLOG|try=0|th=0.249748004|de=0.436415308|ga=0.313836688
PACKLOG|try=0|profit=4418900|weight=7573861
PACKLOG|try=1|th=0.381740374|de=0.121065731|ga=0.497193895
PACKLOG|try=1|profit=4416731|weight=7579909
PACKLOG|best|profit=4418900|weight=7573861
PACKLOG|call=1868|tour_len=933|end_dist=19903408
PACKLOG|try=0|th=0.337994523|de=0.516657427|ga=0.145348049
PACKLOG|try=0|profit=4443248|weight=7385965
PACKLOG|try=1|th=0.158587037|de=0.478255926|ga=0.363157037
PACKLOG|try=1|profit=4365483|weight=7658137
PACKLOG|best|profit=4443248|weight=7385965
PACKLOG|call=1869|tour_len=933|end_dist=19886074
PACKLOG|try=0|th=0.489092107|de=0.499442403|ga=0.011465490
PACKLOG|try=0|profit=4414175|weight=7147893
PACKLOG|try=1|th=0.416602522|de=0.420189690|ga=0.163207788
PACKLOG|try=1|profit=4444029|weight=7377934
PACKLOG|best|profit=4444029|weight=7377934
PACKLOG|call=1870|tour_len=931|end_dist=19833102
PACKLOG|try=0|th=0.109007941|de=0.752032036|ga=0.138960023
PACKLOG|try=0|profit=4418647|weight=7590884
PACKLOG|try=1|th=0.181138050|de=0.344022593|ga=0.474839357
PACKLOG|try=1|profit=4346744|weight=7688330
PACKLOG|best|profit=4418647|weight=7590884
PACKLOG|call=1871|tour_len=819|end_dist=18087256
PACKLOG|try=0|th=0.385999272|de=0.466942765|ga=0.147057963
PACKLOG|try=0|profit=4087742|weight=7748725
PACKLOG|try=1|th=0.192427349|de=0.447262765|ga=0.360309886
PACKLOG|try=1|profit=4084119|weight=7808969
PACKLOG|best|profit=4087742|weight=7748725
PACKLOG|call=1872|tour_len=924|end_dist=20152368
PACKLOG|try=0|th=0.398336821|de=0.322808961|ga=0.278854218
PACKLOG|try=0|profit=4393674|weight=7408123
PACKLOG|try=1|th=0.046442586|de=0.291001765|ga=0.662555649
PACKLOG|try=1|profit=4056127|weight=7849987
PACKLOG|best|profit=4393674|weight=7408123
PACKLOG|call=1873|tour_len=930|end_dist=19782829
PACKLOG|try=0|th=0.182994365|de=0.162722566|ga=0.654283070
PACKLOG|try=0|profit=4298326|weight=7727493
PACKLOG|try=1|th=0.423361845|de=0.239982426|ga=0.336655729
PACKLOG|try=1|profit=4438596|weight=7524699
PACKLOG|best|profit=4438596|weight=7524699
PACKLOG|call=1874|tour_len=839|end_dist=18187173
PACKLOG|try=0|th=0.152974017|de=0.430484111|ga=0.416541872
PACKLOG|try=0|profit=4163911|weight=7830959
PACKLOG|try=1|th=0.425363489|de=0.078003042|ga=0.496633468
PACKLOG|try=1|profit=4174487|weight=7795850
PACKLOG|best|profit=4174487|weight=7795850
PACKLOG|call=1875|tour_len=934|end_dist=20174390
PACKLOG|try=0|th=0.267586642|de=0.177690580|ga=0.554722778
PACKLOG|try=0|profit=4355118|weight=7596832
PACKLOG|try=1|th=0.373152092|de=0.600133852|ga=0.026714055
PACKLOG|try=1|profit=4405224|weight=7104725
PACKLOG|best|profit=4405224|weight=7104725
PACKLOG|call=1876|tour_len=930|end_dist=19787772
PACKLOG|try=0|th=0.210198297|de=0.613886695|ga=0.175915008
PACKLOG|try=0|profit=4436683|weight=7536715
PACKLOG|try=1|th=0.527234693|de=0.436280829|ga=0.036484478
PACKLOG|try=1|profit=4421514|weight=7216196
PACKLOG|best|profit=4436683|weight=7536715
PACKLOG|call=1877|tour_len=897|end_dist=19267352
PACKLOG|try=0|th=0.139074939|de=0.532953522|ga=0.327971539
PACKLOG|try=0|profit=4272633|weight=7567656
PACKLOG|try=1|th=0.424729546|de=0.148103842|ga=0.427166613
PACKLOG|try=1|profit=4311895|weight=7466301
PACKLOG|best|profit=4311895|weight=7466301
PACKLOG|call=1878|tour_len=930|end_dist=19787772
PACKLOG|try=0|th=0.479550813|de=0.360778679|ga=0.159670508
PACKLOG|try=0|profit=4441473|weight=7378994
PACKLOG|try=1|th=0.303570813|de=0.669696897|ga=0.026732290
PACKLOG|try=1|profit=4423593|weight=7228215
PACKLOG|best|profit=4441473|weight=7378994
PACKLOG|call=1879|tour_len=933|end_dist=19855975
PACKLOG|try=0|th=0.243795096|de=0.017850585|ga=0.738354319
PACKLOG|try=0|profit=4326419|weight=7702362
PACKLOG|try=1|th=0.402553147|de=0.348848869|ga=0.248597983
PACKLOG|try=1|profit=4445136|weight=7459313
PACKLOG|best|profit=4445136|weight=7459313
PACKLOG|call=1880|tour_len=930|end_dist=19787772
PACKLOG|try=0|th=0.019316729|de=0.686595987|ga=0.294087285
PACKLOG|try=0|profit=4092648|weight=7928196
PACKLOG|try=1|th=0.286848592|de=0.388989454|ga=0.324161954
PACKLOG|try=1|profit=4424810|weight=7588000
PACKLOG|best|profit=4424810|weight=7588000
PACKLOG|call=1881|tour_len=460|end_dist=8236079
PACKLOG|try=0|th=0.211284736|de=0.301578076|ga=0.487137189
PACKLOG|try=0|profit=2292593|weight=4600540
PACKLOG|try=1|th=0.512382637|de=0.413029243|ga=0.074588121
PACKLOG|try=1|profit=2292593|weight=4600540
PACKLOG|best|profit=2292593|weight=4600540
PACKLOG|call=1882|tour_len=930|end_dist=19782829
PACKLOG|try=0|th=0.108035462|de=0.416473604|ga=0.475490934
PACKLOG|try=0|profit=4259268|weight=7746508
PACKLOG|try=1|th=0.476562196|de=0.358872435|ga=0.164565369
PACKLOG|try=1|profit=4441990|weight=7385009
PACKLOG|best|profit=4441990|weight=7385009
PACKLOG|call=1883|tour_len=933|end_dist=19920544
PACKLOG|try=0|th=0.449581911|de=0.154801953|ga=0.395616135
PACKLOG|try=0|profit=4433935|weight=7516647
PACKLOG|try=1|th=0.377607676|de=0.312100859|ga=0.310291465
PACKLOG|try=1|profit=4436272|weight=7501560
PACKLOG|best|profit=4436272|weight=7501560
PACKLOG|call=1884|tour_len=930|end_dist=19831890
PACKLOG|try=0|th=0.510230030|de=0.110515674|ga=0.379254296
PACKLOG|try=0|profit=4436661|weight=7499549
PACKLOG|try=1|th=0.407721822|de=0.381864374|ga=0.210413804
PACKLOG|try=1|profit=4440322|weight=7437220
PACKLOG|best|profit=4440322|weight=7437220
PACKLOG|call=1885|tour_len=930|end_dist=19770438
PACKLOG|try=0|th=0.463284046|de=0.337446478|ga=0.199269476
PACKLOG|try=0|profit=4444229|weight=7423182
PACKLOG|try=1|th=0.327970470|de=0.265391895|ga=0.406637635
PACKLOG|try=1|profit=4422036|weight=7602026
PACKLOG|best|profit=4444229|weight=7423182
PACKLOG|call=1886|tour_len=933|end_dist=19903408
PACKLOG|try=0|th=0.281022561|de=0.225658650|ga=0.493318789
PACKLOG|try=0|profit=4393229|weight=7625071
PACKLOG|try=1|th=0.345548645|de=0.302647153|ga=0.351804202
PACKLOG|try=1|profit=4428710|weight=7547745
PACKLOG|best|profit=4428710|weight=7547745
PACKLOG|call=1887|tour_len=930|end_dist=19787772
PACKLOG|try=0|th=0.385042727|de=0.204158382|ga=0.410798891
PACKLOG|try=0|profit=4427511|weight=7579937
PACKLOG|try=1|th=0.499559930|de=0.349330117|ga=0.151109953
PACKLOG|try=1|profit=4440233|weight=7359934
PACKLOG|best|profit=4440233|weight=7359934
PACKLOG|call=1888|tour_len=845|end_dist=18361866
PACKLOG|try=0|th=0.148645471|de=0.343254360|ga=0.508100170
PACKLOG|try=0|profit=4170833|weight=7808834
PACKLOG|try=1|th=0.435457172|de=0.409375713|ga=0.155167114
PACKLOG|try=1|profit=4194307|weight=7691332
PACKLOG|best|profit=4194307|weight=7691332
PACKLOG|call=1889|tour_len=930|end_dist=19787772
PACKLOG|try=0|th=0.378752614|de=0.583342536|ga=0.037904850
PACKLOG|try=0|profit=4424372|weight=7233257
PACKLOG|try=1|th=0.252685985|de=0.362167632|ga=0.385146384
PACKLOG|try=1|profit=4407136|weight=7629119
PACKLOG|best|profit=4424372|weight=7233257
PACKLOG|call=1890|tour_len=930|end_dist=19808917
PACKLOG|try=0|th=0.609984703|de=0.375206722|ga=0.014808575
PACKLOG|try=0|profit=4413055|weight=7176035
PACKLOG|try=1|th=0.406208078|de=0.048783205|ga=0.545008717
PACKLOG|try=1|profit=4413450|weight=7603034
PACKLOG|best|profit=4413450|weight=7603034
PACKLOG|call=1891|tour_len=920|end_dist=19538847
PACKLOG|try=0|th=0.247265366|de=0.233856420|ga=0.518878215
PACKLOG|try=0|profit=4369622|weight=7722581
PACKLOG|try=1|th=0.577725041|de=0.284859865|ga=0.137415094
PACKLOG|try=1|profit=4419123|weight=7412099
PACKLOG|best|profit=4419123|weight=7412099
PACKLOG|call=1892|tour_len=930|end_dist=19770438
PACKLOG|try=0|th=0.197400426|de=0.208424302|ga=0.594175272
PACKLOG|try=0|profit=4329910|weight=7717462
PACKLOG|try=1|th=0.577056916|de=0.116983120|ga=0.305959964
PACKLOG|try=1|profit=4444203|weight=7452320
PACKLOG|best|profit=4444203|weight=7452320
PACKLOG|call=1893|tour_len=933|end_dist=19903408
PACKLOG|try=0|th=0.533953828|de=0.397946185|ga=0.068099986
PACKLOG|try=0|profit=4427533|weight=7220235
PACKLOG|try=1|th=0.541489591|de=0.349858531|ga=0.108651877
PACKLOG|try=1|profit=4434461|weight=7269522
PACKLOG|best|profit=4434461|weight=7269522
PACKLOG|call=1894|tour_len=927|end_dist=19742549
PACKLOG|try=0|th=0.583856784|de=0.250393411|ga=0.165749805
PACKLOG|try=0|profit=4431038|weight=7363915
PACKLOG|try=1|th=0.567514120|de=0.240862717|ga=0.191623162
PACKLOG|try=1|profit=4432872|weight=7391054
PACKLOG|best|profit=4432872|weight=7391054
PACKLOG|call=1895|tour_len=933|end_dist=19877559
PACKLOG|try=0|th=0.006293501|de=0.626207581|ga=0.367498918
PACKLOG|try=0|profit=4046550|weight=8008517
PACKLOG|try=1|th=0.405605100|de=0.314244967|ga=0.280149933
PACKLOG|try=1|profit=4442496|weight=7469358
PACKLOG|best|profit=4442496|weight=7469358
PACKLOG|call=1896|tour_len=930|end_dist=19798127
PACKLOG|try=0|th=0.161142726|de=0.804069549|ga=0.034787725
PACKLOG|try=0|profit=4435320|weight=7312593
PACKLOG|try=1|th=0.526070998|de=0.123848114|ga=0.350080888
PACKLOG|try=1|profit=4440258|weight=7484454
PACKLOG|best|profit=4440258|weight=7484454
PACKLOG|call=1897|tour_len=930|end_dist=19800326
PACKLOG|try=0|th=0.426941328|de=0.333742444|ga=0.239316228
PACKLOG|try=0|profit=4442044|weight=7459324
PACKLOG|try=1|th=0.454747713|de=0.138751263|ga=0.406501024
PACKLOG|try=1|profit=4433799|weight=7548827
PACKLOG|best|profit=4442044|weight=7459324
PACKLOG|call=1898|tour_len=930|end_dist=19619970
PACKLOG|try=0|th=0.473624453|de=0.393331120|ga=0.133044428
PACKLOG|try=0|profit=4451563|weight=7407078
PACKLOG|try=1|th=0.387617783|de=0.438257163|ga=0.174125053
PACKLOG|try=1|profit=4454632|weight=7473390
PACKLOG|best|profit=4454632|weight=7473390
PACKLOG|call=1899|tour_len=933|end_dist=19898465
PACKLOG|try=0|th=0.354404539|de=0.368924526|ga=0.276670935
PACKLOG|try=0|profit=4438879|weight=7490498
PACKLOG|try=1|th=0.465760020|de=0.493302968|ga=0.040937012
PACKLOG|try=1|profit=4424271|weight=7200127
PACKLOG|best|profit=4438879|weight=7490498
PACKLOG|call=1900|tour_len=934|end_dist=20439466
PACKLOG|try=0|th=0.484943598|de=0.117913639|ga=0.397142763
PACKLOG|try=0|profit=4399715|weight=7363947
PACKLOG|try=1|th=0.299903028|de=0.153046398|ga=0.547050573
PACKLOG|try=1|profit=4347420|weight=7506525
PACKLOG|best|profit=4399715|weight=7363947
PACKLOG|call=1901|tour_len=930|end_dist=19787772
PACKLOG|try=0|th=0.157682129|de=0.626887691|ga=0.215430180
PACKLOG|try=0|profit=4414467|weight=7612035
PACKLOG|try=1|th=0.563100026|de=0.250815736|ga=0.186084238
PACKLOG|try=1|profit=4441306|weight=7375995
PACKLOG|best|profit=4441306|weight=7375995
PACKLOG|call=1902|tour_len=908|end_dist=19129547
PACKLOG|try=0|th=0.171700478|de=0.396360253|ga=0.431939269
PACKLOG|try=0|profit=4364399|weight=7861037
PACKLOG|try=1|th=0.817851681|de=0.049044247|ga=0.133104072
PACKLOG|try=1|profit=4414047|weight=7554673
PACKLOG|best|profit=4414047|weight=7554673
PACKLOG|call=1903|tour_len=928|end_dist=19840778
PACKLOG|try=0|th=0.343682491|de=0.239679732|ga=0.416637776
PACKLOG|try=0|profit=4410195|weight=7575884
PACKLOG|try=1|th=0.337483553|de=0.251909421|ga=0.410607025
PACKLOG|try=1|profit=4409971|weight=7576888
PACKLOG|best|profit=4410195|weight=7575884
PACKLOG|call=1904|tour_len=924|end_dist=19518793
PACKLOG|try=0|th=0.310910574|de=0.423646175|ga=0.265443251
PACKLOG|try=0|profit=4435430|weight=7616097
PACKLOG|try=1|th=0.517346400|de=0.181161773|ga=0.301491826
PACKLOG|try=1|profit=4442069|weight=7539725
PACKLOG|best|profit=4442069|weight=7539725
PACKLOG|call=1905|tour_len=385|end_dist=6303399
PACKLOG|try=0|th=0.638605251|de=0.346922915|ga=0.014471834
PACKLOG|try=0|profit=1933188|weight=3847113
PACKLOG|try=1|th=0.308061350|de=0.174625854|ga=0.517312796
PACKLOG|try=1|profit=1933188|weight=3847113
PACKLOG|best|profit=1933188|weight=3847113
PACKLOG|call=1906|tour_len=930|end_dist=19787772
PACKLOG|try=0|th=0.447847868|de=0.166923973|ga=0.385228160
PACKLOG|try=0|profit=4435676|weight=7544809
PACKLOG|try=1|th=0.196107368|de=0.570959848|ga=0.232932784
PACKLOG|try=1|profit=4422483|weight=7593975
PACKLOG|best|profit=4435676|weight=7544809
PACKLOG|call=1907|tour_len=930|end_dist=19782829
PACKLOG|try=0|th=0.434482503|de=0.191299399|ga=0.374218098
PACKLOG|try=0|profit=4435730|weight=7545813
PACKLOG|try=1|th=0.404846891|de=0.559797593|ga=0.035355516
PACKLOG|try=1|profit=4424213|weight=7231240
PACKLOG|best|profit=4435730|weight=7545813
PACKLOG|call=1908|tour_len=930|end_dist=19824686
PACKLOG|try=0|th=0.074358718|de=0.597433268|ga=0.328208014
PACKLOG|try=0|profit=4252315|weight=7738429
PACKLOG|try=1|th=0.213413138|de=0.448339372|ga=0.338247490
PACKLOG|try=1|profit=4401026|weight=7626109
PACKLOG|best|profit=4401026|weight=7626109
PACKLOG|call=1909|tour_len=933|end_dist=19903408
PACKLOG|try=0|th=0.366855101|de=0.322365900|ga=0.310779000
PACKLOG|try=0|profit=4436389|weight=7510615
PACKLOG|try=1|th=0.377460591|de=0.265637801|ga=0.356901608
PACKLOG|try=1|profit=4432229|weight=7532733
PACKLOG|best|profit=4436389|weight=7510615
PACKLOG|call=1910|tour_len=962|end_dist=20755460
PACKLOG|try=0|th=0.312587505|de=0.323434913|ga=0.363977582
PACKLOG|try=0|profit=4387072|weight=7219223
PACKLOG|try=1|th=0.419333966|de=0.152222730|ga=0.428443304
PACKLOG|try=1|profit=4398042|weight=7183071
PACKLOG|best|profit=4398042|weight=7183071
PACKLOG|call=1911|tour_len=920|end_dist=19992064
PACKLOG|try=0|th=0.396050671|de=0.130654569|ga=0.473294760
PACKLOG|try=0|profit=4376643|weight=7541753
PACKLOG|try=1|th=0.611309681|de=0.342762120|ga=0.045928199
PACKLOG|try=1|profit=4374816|weight=7166999
PACKLOG|best|profit=4376643|weight=7541753
PACKLOG|call=1912|tour_len=930|end_dist=19787772
PACKLOG|try=0|th=0.463206821|de=0.417198228|ga=0.119594951
PACKLOG|try=0|profit=4438326|weight=7336785
PACKLOG|try=1|th=0.369896160|de=0.334107840|ga=0.295996000
PACKLOG|try=1|profit=4438181|weight=7526698
PACKLOG|best|profit=4438326|weight=7336785
PACKLOG|call=1913|tour_len=930|end_dist=19770438
PACKLOG|try=0|th=0.276630099|de=0.502270083|ga=0.221099818
PACKLOG|try=0|profit=4439275|weight=7530706
PACKLOG|try=1|th=0.156190733|de=0.622761987|ga=0.221047280
PACKLOG|try=1|profit=4413934|weight=7622076
PACKLOG|best|profit=4439275|weight=7530706
PACKLOG|call=1914|tour_len=934|end_dist=20398894
PACKLOG|try=0|th=0.069877939|de=0.424684099|ga=0.505437962
PACKLOG|try=0|profit=4114810|weight=7727374
PACKLOG|try=1|th=0.045812458|de=0.149713876|ga=0.804473666
PACKLOG|try=1|profit=4053053|weight=7883107
PACKLOG|best|profit=4114810|weight=7727374
PACKLOG|call=1915|tour_len=933|end_dist=19903408
PACKLOG|try=0|th=0.027266749|de=0.577898103|ga=0.394835148
PACKLOG|try=0|profit=4090724|weight=7917196
PACKLOG|try=1|th=0.551018673|de=0.356937074|ga=0.092044253
PACKLOG|try=1|profit=4431844|weight=7250407
PACKLOG|best|profit=4431844|weight=7250407
PACKLOG|call=1916|tour_len=930|end_dist=19919282
PACKLOG|try=0|th=0.123475605|de=0.425562080|ga=0.450962315
PACKLOG|try=0|profit=4271015|weight=7681234
PACKLOG|try=1|th=0.117542003|de=0.500517689|ga=0.381940309
PACKLOG|try=1|profit=4293665|weight=7672189
PACKLOG|best|profit=4293665|weight=7672189
PACKLOG|call=1917|tour_len=930|end_dist=19679583
PACKLOG|try=0|th=0.399969675|de=0.407146640|ga=0.192883686
PACKLOG|try=0|profit=4450471|weight=7469381
PACKLOG|try=1|th=0.476443057|de=0.323860910|ga=0.199696034
PACKLOG|try=1|profit=4450242|weight=7447289
PACKLOG|best|profit=4450471|weight=7469381
PACKLOG|call=1918|tour_len=545|end_dist=9936185
PACKLOG|try=0|th=0.462165821|de=0.033866393|ga=0.503967786
PACKLOG|try=0|profit=2714588|weight=5454398
PACKLOG|try=1|th=0.698976140|de=0.019247532|ga=0.281776328
PACKLOG|try=1|profit=2714588|weight=5454398
PACKLOG|best|profit=2714588|weight=5454398
PACKLOG|call=1919|tour_len=930|end_dist=19787772
PACKLOG|try=0|th=0.483886751|de=0.089900582|ga=0.426212666
PACKLOG|try=0|profit=4434891|weight=7548825
PACKLOG|try=1|th=0.449539740|de=0.171187311|ga=0.379272949
PACKLOG|try=1|profit=4436307|weight=7539787
PACKLOG|best|profit=4436307|weight=7539787
PACKLOG|call=1920|tour_len=933|end_dist=19882358
PACKLOG|try=0|th=0.435241245|de=0.449775687|ga=0.114983067
PACKLOG|try=0|profit=4440634|weight=7322725
PACKLOG|try=1|th=0.226421678|de=0.765587520|ga=0.007990802
PACKLOG|try=1|profit=4417952|weight=7167937
PACKLOG|best|profit=4440634|weight=7322725
PACKLOG|call=1921|tour_len=923|end_dist=19654483
PACKLOG|try=0|th=0.383030972|de=0.237937110|ga=0.379031918
PACKLOG|try=0|profit=4414155|weight=7603074
PACKLOG|try=1|th=0.016622827|de=0.199946999|ga=0.783430174
PACKLOG|try=1|profit=4043607|weight=8022707
PACKLOG|best|profit=4414155|weight=7603074
PACKLOG|call=1922|tour_len=930|end_dist=19787772
PACKLOG|try=0|th=0.226987320|de=0.356318983|ga=0.416693697
PACKLOG|try=0|profit=4391720|weight=7655179
PACKLOG|try=1|th=0.355671111|de=0.263962080|ga=0.380366809
PACKLOG|try=1|profit=4427395|weight=7579935
PACKLOG|best|profit=4427395|weight=7579935
PACKLOG|call=1923|tour_len=829|end_dist=17938248
PACKLOG|try=0|th=0.253144843|de=0.294412884|ga=0.452442273
PACKLOG|try=0|profit=4130228|weight=7871121
PACKLOG|try=1|th=0.377778531|de=0.518296135|ga=0.103925335
PACKLOG|try=1|profit=4134237|weight=7797850
PACKLOG|best|profit=4134237|weight=7797850
PACKLOG|call=1924|tour_len=930|end_dist=19774736
PACKLOG|try=0|th=0.297069516|de=0.321599343|ga=0.381331140
PACKLOG|try=0|profit=4419525|weight=7607073
PACKLOG|try=1|th=0.456448427|de=0.300965957|ga=0.242585616
PACKLOG|try=1|profit=4444042|weight=7456322
PACKLOG|best|profit=4444042|weight=7456322
PACKLOG|call=1925|tour_len=842|end_dist=18285475
PACKLOG|try=0|th=0.655190382|de=0.117315700|ga=0.227493918
PACKLOG|try=0|profit=4186120|weight=7706407
PACKLOG|try=1|th=0.235636666|de=0.238564867|ga=0.525798468
PACKLOG|try=1|profit=4174452|weight=7805869
PACKLOG|best|profit=4186120|weight=7706407
PACKLOG|call=1926|tour_len=934|end_dist=20624166
PACKLOG|try=0|th=0.456854648|de=0.270473208|ga=0.272672143
PACKLOG|try=0|profit=4392640|weight=7237332
PACKLOG|try=1|th=0.361262904|de=0.334817882|ga=0.303919214
PACKLOG|try=1|profit=4384850|weight=7320704
PACKLOG|best|profit=4392640|weight=7237332
PACKLOG|call=1927|tour_len=930|end_dist=19787772
PACKLOG|try=0|th=0.190509776|de=0.196250859|ga=0.613239365
PACKLOG|try=0|profit=4318944|weight=7717470
PACKLOG|try=1|th=0.042525075|de=0.874082669|ga=0.083392256
PACKLOG|try=1|profit=4384023|weight=7663993
PACKLOG|best|profit=4384023|weight=7663993
PACKLOG|call=1928|tour_len=933|end_dist=19903408
PACKLOG|try=0|th=0.208173762|de=0.362082648|ga=0.429743590
PACKLOG|try=0|profit=4377461|weight=7646106
PACKLOG|try=1|th=0.134929816|de=0.599247304|ga=0.265822880
PACKLOG|try=1|profit=4382424|weight=7640057
PACKLOG|best|profit=4382424|weight=7640057
PACKLOG|call=1929|tour_len=930|end_dist=19787772
PACKLOG|try=0|th=0.481115292|de=0.205884977|ga=0.312999731
PACKLOG|try=0|profit=4441361|weight=7483442
PACKLOG|try=1|th=0.342155042|de=0.080445007|ga=0.577399951
PACKLOG|try=1|profit=4399373|weight=7642202
PACKLOG|best|profit=4441361|weight=7483442
PACKLOG|call=1930|tour_len=930|end_dist=19782829
PACKLOG|try=0|th=0.448246989|de=0.049773196|ga=0.501979815
PACKLOG|try=0|profit=4425610|weight=7587003
PACKLOG|try=1|th=0.506725934|de=0.427243542|ga=0.066030524
PACKLOG|try=1|profit=4429465|weight=7266448
PACKLOG|best|profit=4429465|weight=7266448
PACKLOG|call=1931|tour_len=930|end_dist=19770438
PACKLOG|try=0|th=0.686497289|de=0.083298505|ga=0.230204206
PACKLOG|try=0|profit=4442618|weight=7383028
PACKLOG|try=1|th=0.202375690|de=0.638360419|ga=0.159263891
PACKLOG|try=1|profit=4439845|weight=7526646
PACKLOG|best|profit=4442618|weight=7383028
PACKLOG|call=1932|tour_len=930|end_dist=19820444
PACKLOG|try=0|th=0.432314013|de=0.281748980|ga=0.285937007
PACKLOG|try=0|profit=4437891|weight=7475412
PACKLOG|try=1|th=0.288941348|de=0.312257428|ga=0.398801224
PACKLOG|try=1|profit=4410098|weight=7599022
PACKLOG|best|profit=4437891|weight=7475412
PACKLOG|call=1933|tour_len=934|end_dist=20170169
PACKLOG|try=0|th=0.369338616|de=0.348793446|ga=0.281867938
PACKLOG|try=0|profit=4422831|weight=7416152
PACKLOG|try=1|th=0.212051751|de=0.131469273|ga=0.656478976
PACKLOG|try=1|profit=4287540|weight=7639113
PACKLOG|best|profit=4422831|weight=7416152
PACKLOG|call=1934|tour_len=820|end_dist=18171692
PACKLOG|try=0|th=0.591925973|de=0.363854986|ga=0.044219041
PACKLOG|try=0|profit=4111163|weight=7753506
PACKLOG|try=1|th=0.219817387|de=0.438030930|ga=0.342151683
PACKLOG|try=1|profit=4109636|weight=7844865
PACKLOG|best|profit=4111163|weight=7753506
PACKLOG|call=1935|tour_len=930|end_dist=19765495
PACKLOG|try=0|th=0.220978885|de=0.407613875|ga=0.371407240
PACKLOG|try=0|profit=4400961|weight=7646190
PACKLOG|try=1|th=0.214278976|de=0.168121454|ga=0.617599569
PACKLOG|try=1|profit=4337343|weight=7713456
PACKLOG|best|profit=4400961|weight=7646190
PACKLOG|call=1936|tour_len=930|end_dist=19782190
PACKLOG|try=0|th=0.307881095|de=0.317354078|ga=0.374764826
PACKLOG|try=0|profit=4422295|weight=7599017
PACKLOG|try=1|th=0.233323575|de=0.478779223|ga=0.287897202
PACKLOG|try=1|profit=4421691|weight=7599992
PACKLOG|best|profit=4422295|weight=7599017
PACKLOG|call=1937|tour_len=933|end_dist=19912809
PACKLOG|try=0|th=0.225036222|de=0.598079849|ga=0.176883930
PACKLOG|try=0|profit=4438014|weight=7495498
PACKLOG|try=1|th=0.305758929|de=0.378274336|ga=0.315966735
PACKLOG|try=1|profit=4427610|weight=7551775
PACKLOG|best|profit=4438014|weight=7495498
PACKLOG|call=1938|tour_len=930|end_dist=19787772
PACKLOG|try=0|th=0.549910724|de=0.061450732|ga=0.388638544
PACKLOG|try=0|profit=4440263|weight=7500550
PACKLOG|try=1|th=0.228963656|de=0.512003920|ga=0.259032423
PACKLOG|try=1|profit=4424765|weight=7587963
PACKLOG|best|profit=4440263|weight=7500550
PACKLOG|call=1939|tour_len=910|end_dist=19149384
PACKLOG|try=0|th=0.121792548|de=0.305473644|ga=0.572733808
PACKLOG|try=0|profit=4299444|weight=7900235
PACKLOG|try=1|th=0.523544418|de=0.385180195|ga=0.091275387
PACKLOG|try=1|profit=4416530|weight=7555730
PACKLOG|best|profit=4416530|weight=7555730
PACKLOG|call=1940|tour_len=929|end_dist=19770675
PACKLOG|try=0|th=0.792051219|de=0.087568784|ga=0.120379996
PACKLOG|try=0|profit=4428685|weight=7284569
PACKLOG|try=1|th=0.581310687|de=0.357331161|ga=0.061358153
PACKLOG|try=1|profit=4422935|weight=7245337
PACKLOG|best|profit=4428685|weight=7284569
PACKLOG|call=1941|tour_len=930|end_dist=19787772
PACKLOG|try=0|th=0.426729053|de=0.321291253|ga=0.251979694
PACKLOG|try=0|profit=4442281|weight=7468375
PACKLOG|try=1|th=0.520740544|de=0.320094483|ga=0.159164973
PACKLOG|try=1|profit=4440474|weight=7363935
PACKLOG|best|profit=4442281|weight=7468375
PACKLOG|call=1942|tour_len=920|end_dist=19531822
PACKLOG|try=0|th=0.215952366|de=0.373534248|ga=0.410513386
PACKLOG|try=0|profit=4378496|weight=7715475
PACKLOG|try=1|th=0.141018375|de=0.418028447|ga=0.440953179
PACKLOG|try=1|profit=4326653|weight=7765656
PACKLOG|best|profit=4378496|weight=7715475
PACKLOG|call=1943|tour_len=920|end_dist=19551126
PACKLOG|try=0|th=0.450515116|de=0.254627697|ga=0.294857187
PACKLOG|try=0|profit=4421903|weight=7548786
PACKLOG|try=1|th=0.093547446|de=0.384456792|ga=0.521995762
PACKLOG|try=1|profit=4223593|weight=7803783
PACKLOG|best|profit=4421903|weight=7548786
PACKLOG|call=1944|tour_len=930|end_dist=19787772
PACKLOG|try=0|th=0.269290484|de=0.326194958|ga=0.404514559
PACKLOG|try=0|profit=4407848|weight=7628108
PACKLOG|try=1|th=0.272149024|de=0.412726863|ga=0.315124113
PACKLOG|try=1|profit=4424014|weight=7588987
PACKLOG|best|profit=4424014|weight=7588987
PACKLOG|call=1945|tour_len=930|end_dist=19787772
PACKLOG|try=0|th=0.225672850|de=0.425223329|ga=0.349103822
PACKLOG|try=0|profit=4405778|weight=7631136
PACKLOG|try=1|th=0.514710562|de=0.011674899|ga=0.473614539
PACKLOG|try=1|profit=4433820|weight=7553854
PACKLOG|best|profit=4433820|weight=7553854
PACKLOG|call=1946|tour_len=920|end_dist=19538847
PACKLOG|try=0|th=0.178628167|de=0.410411121|ga=0.410960712
PACKLOG|try=0|profit=4358635|weight=7736599
PACKLOG|try=1|th=0.441216161|de=0.500835653|ga=0.057948186
PACKLOG|try=1|profit=4412164|weight=7350845
PACKLOG|best|profit=4412164|weight=7350845
PACKLOG|call=1947|tour_len=930|end_dist=19787772
PACKLOG|try=0|th=0.227964782|de=0.739039125|ga=0.032996093
PACKLOG|try=0|profit=4430627|weight=7273437
PACKLOG|try=1|th=0.588955556|de=0.038976220|ga=0.372068224
PACKLOG|try=1|profit=4441641|weight=7479421
PACKLOG|best|profit=4441641|weight=7479421
PACKLOG|call=1948|tour_len=929|end_dist=19716005
PACKLOG|try=0|th=0.287463474|de=0.335868339|ga=0.376668187
PACKLOG|try=0|profit=4420630|weight=7624114
PACKLOG|try=1|th=0.306246490|de=0.259565021|ga=0.434188489
PACKLOG|try=1|profit=4415670|weight=7635145
PACKLOG|best|profit=4420630|weight=7624114
PACKLOG|call=1949|tour_len=925|end_dist=19523584
PACKLOG|try=0|th=0.398565517|de=0.372303090|ga=0.229131393
PACKLOG|try=0|profit=4445303|weight=7533694
PACKLOG|try=1|th=0.032680939|de=0.501292701|ga=0.466026360
PACKLOG|try=1|profit=4119466|weight=7962427
PACKLOG|best|profit=4445303|weight=7533694
PACKLOG|call=1950|tour_len=930|end_dist=19787772
PACKLOG|try=0|th=0.520850942|de=0.306788023|ga=0.172361034
PACKLOG|try=0|profit=4441473|weight=7378994
PACKLOG|try=1|th=0.283591286|de=0.489486606|ga=0.226922108
PACKLOG|try=1|profit=4438181|weight=7526698
PACKLOG|best|profit=4441473|weight=7378994
PACKLOG|call=1951|tour_len=930|end_dist=19787772
PACKLOG|try=0|th=0.283929252|de=0.369824516|ga=0.346246232
PACKLOG|try=0|profit=4421415|weight=7595987
PACKLOG|try=1|th=0.063415853|de=0.522422595|ga=0.414161553
PACKLOG|try=1|profit=4180790|weight=7800670
PACKLOG|best|profit=4421415|weight=7595987
PACKLOG|call=1952|tour_len=930|end_dist=19721728
PACKLOG|try=0|th=0.138656061|de=0.370350347|ga=0.490993592
PACKLOG|try=0|profit=4318068|weight=7767659
PACKLOG|try=1|th=0.467549247|de=0.047426913|ga=0.485023839
PACKLOG|try=1|profit=4440065|weight=7614084
PACKLOG|best|profit=4440065|weight=7614084
PACKLOG|call=1953|tour_len=930|end_dist=19772622
PACKLOG|try=0|th=0.204157449|de=0.408369567|ga=0.387472984
PACKLOG|try=0|profit=4392308|weight=7666224
PACKLOG|try=1|th=0.223849910|de=0.016097396|ga=0.760052694
PACKLOG|try=1|profit=4312405|weight=7730518
PACKLOG|best|profit=4392308|weight=7666224
PACKLOG|call=1954|tour_len=930|end_dist=19787772
PACKLOG|try=0|th=0.414239246|de=0.411341506|ga=0.174419247
PACKLOG|try=0|profit=4443110|weight=7416139
PACKLOG|try=1|th=0.569086629|de=0.412353294|ga=0.018560077
PACKLOG|try=1|profit=4417015|weight=7193085
PACKLOG|best|profit=4443110|weight=7416139
PACKLOG|call=1955|tour_len=930|end_dist=19787772
PACKLOG|try=0|th=0.445899688|de=0.183532187|ga=0.370568125
PACKLOG|try=0|profit=4436952|weight=7536751
PACKLOG|try=1|th=0.298996673|de=0.314852268|ga=0.386151059
PACKLOG|try=1|profit=4417883|weight=7606047
PACKLOG|best|profit=4436952|weight=7536751
PACKLOG|call=1956|tour_len=930|end_dist=19787772
PACKLOG|try=0|th=0.163605652|de=0.559408542|ga=0.276985807
PACKLOG|try=0|profit=4398602|weight=7643169
PACKLOG|try=1|th=0.284492111|de=0.335100861|ga=0.380407028
PACKLOG|try=1|profit=4415597|weight=7610052
PACKLOG|best|profit=4415597|weight=7610052
PACKLOG|call=1957|tour_len=933|end_dist=19879305
PACKLOG|try=0|th=0.027105887|de=0.684742963|ga=0.288151150
PACKLOG|try=0|profit=4116900|weight=7899061
PACKLOG|try=1|th=0.493426496|de=0.290118475|ga=0.216455029
PACKLOG|try=1|profit=4445291|weight=7396029
PACKLOG|best|profit=4445291|weight=7396029
PACKLOG|call=1958|tour_len=936|end_dist=20028445
PACKLOG|try=0|th=0.237586633|de=0.562433024|ga=0.199980343
PACKLOG|try=0|profit=4435307|weight=7482457
PACKLOG|try=1|th=0.062822622|de=0.392139297|ga=0.545038081
PACKLOG|try=1|profit=4118311|weight=7842907
PACKLOG|best|profit=4435307|weight=7482457
PACKLOG|call=1959|tour_len=857|end_dist=18627629
PACKLOG|try=0|th=0.294953180|de=0.359030554|ga=0.346016266
PACKLOG|try=0|profit=4233628|weight=7682354
PACKLOG|try=1|th=0.286852723|de=0.141930836|ga=0.571216441
PACKLOG|try=1|profit=4221564|weight=7722520
PACKLOG|best|profit=4233628|weight=7682354
PACKLOG|call=1960|tour_len=964|end_dist=20867369
PACKLOG|try=0|th=0.502290486|de=0.492304502|ga=0.005405011
PACKLOG|try=0|profit=4336172|weight=6569317
PACKLOG|try=1|th=0.511440941|de=0.182074938|ga=0.306484120
PACKLOG|try=1|profit=4396797|weight=6986220
PACKLOG|best|profit=4396797|weight=6986220
PACKLOG|call=1961|tour_len=930|end_dist=19810191
PACKLOG|try=0|th=0.508259081|de=0.120465930|ga=0.371274988
PACKLOG|try=0|profit=4438453|weight=7500556
PACKLOG|try=1|th=0.028378502|de=0.770480722|ga=0.201140776
PACKLOG|try=1|profit=4158575|weight=7794449
PACKLOG|best|profit=4438453|weight=7500556
PACKLOG|call=1962|tour_len=933|end_dist=19886202
PACKLOG|try=0|th=0.137461198|de=0.392422362|ga=0.470116440
PACKLOG|try=0|profit=4298711|weight=7708361
PACKLOG|try=1|th=0.480656734|de=0.226267325|ga=0.293075941
PACKLOG|try=1|profit=4443261|weight=7451284
PACKLOG|best|profit=4443261|weight=7451284
PACKLOG|call=1963|tour_len=836|end_dist=18016496
PACKLOG|try=0|th=0.455011692|de=0.411509156|ga=0.133479151
PACKLOG|try=0|profit=4167427|weight=7775746
PACKLOG|try=1|th=0.161984343|de=0.747712045|ga=0.090303612
PACKLOG|try=1|profit=4167428|weight=7803844
PACKLOG|best|profit=4167428|weight=7803844
PACKLOG|call=1964|tour_len=930|end_dist=19787772
PACKLOG|try=0|th=0.145576433|de=0.457569445|ga=0.396854122
PACKLOG|try=0|profit=4343738|weight=7703368
PACKLOG|try=1|th=0.254109350|de=0.455419700|ga=0.290470950
PACKLOG|try=1|profit=4424465|weight=7587976
PACKLOG|best|profit=4424465|weight=7587976
PACKLOG|call=1965|tour_len=933|end_dist=19903408
PACKLOG|try=0|th=0.460419609|de=0.434802115|ga=0.104778275
PACKLOG|try=0|profit=4437006|weight=7292548
PACKLOG|try=1|th=0.313990039|de=0.468485952|ga=0.217524009
PACKLOG|try=1|profit=4440985|weight=7462328
PACKLOG|best|profit=4440985|weight=7462328
PACKLOG|call=1966|tour_len=866|end_dist=18523650
PACKLOG|try=0|th=0.349203514|de=0.312259115|ga=0.338537371
PACKLOG|try=0|profit=4288636|weight=7770784
PACKLOG|try=1|th=0.462574318|de=0.503243208|ga=0.034182473
PACKLOG|try=1|profit=4287995|weight=7625120
PACKLOG|best|profit=4288636|weight=7770784
PACKLOG|call=1967|tour_len=930|end_dist=19787772
PACKLOG|try=0|th=0.469765729|de=0.119240019|ga=0.410994252
PACKLOG|try=0|profit=4434978|weight=7548826
PACKLOG|try=1|th=0.346213809|de=0.194517548|ga=0.459268644
PACKLOG|try=1|profit=4416094|weight=7610065
PACKLOG|best|profit=4434978|weight=7548826
PACKLOG|call=1968|tour_len=933|end_dist=19882358
PACKLOG|try=0|th=0.095495543|de=0.391188459|ga=0.513315998
PACKLOG|try=0|profit=4211725|weight=7760567
PACKLOG|try=1|th=0.352059417|de=0.239050648|ga=0.408889935
PACKLOG|try=1|profit=4424507|weight=7571913
PACKLOG|best|profit=4424507|weight=7571913
PACKLOG|call=1969|tour_len=933|end_dist=19903408
PACKLOG|try=0|th=0.510932578|de=0.362408015|ga=0.126659407
PACKLOG|try=0|profit=4437636|weight=7297608
PACKLOG|try=1|th=0.311166035|de=0.490213589|ga=0.198620376
PACKLOG|try=1|profit=4442101|weight=7448252
PACKLOG|best|profit=4442101|weight=7448252
PACKLOG|call=1970|tour_len=934|end_dist=20161924
PACKLOG|try=0|th=0.454246473|de=0.153035889|ga=0.392717638
PACKLOG|try=0|profit=4419554|weight=7449339
PACKLOG|try=1|th=0.407612122|de=0.272509683|ga=0.319878194
PACKLOG|try=1|profit=4422391|weight=7425216
PACKLOG|best|profit=4422391|weight=7425216
PACKLOG|call=1971|tour_len=930|end_dist=20011202
PACKLOG|try=0|th=0.397548889|de=0.143093379|ga=0.459357733
PACKLOG|try=0|profit=4406413|weight=7541743
PACKLOG|try=1|th=0.541414487|de=0.165954214|ga=0.292631299
PACKLOG|try=1|profit=4426345|weight=7400051
PACKLOG|best|profit=4426345|weight=7400051
PACKLOG|call=1972|tour_len=934|end_dist=20396350
PACKLOG|try=0|th=0.587493790|de=0.088247358|ga=0.324258853
PACKLOG|try=0|profit=4411454|weight=7290552
PACKLOG|try=1|th=0.456325036|de=0.281064796|ga=0.262610168
PACKLOG|try=1|profit=4411244|weight=7296613
PACKLOG|best|profit=4411454|weight=7290552
PACKLOG|call=1973|tour_len=930|end_dist=19808917
PACKLOG|try=0|th=0.078241617|de=0.621631092|ga=0.300127291
PACKLOG|try=0|profit=4280866|weight=7725380
PACKLOG|try=1|th=0.313720874|de=0.401278536|ga=0.285000589
PACKLOG|try=1|profit=4432093|weight=7545792
PACKLOG|best|profit=4432093|weight=7545792
PACKLOG|call=1974|tour_len=930|end_dist=19787772
PACKLOG|try=0|th=0.484207705|de=0.469024098|ga=0.046768197
PACKLOG|try=0|profit=4424266|weight=7232257
PACKLOG|try=1|th=0.145527527|de=0.191287993|ga=0.663184480
PACKLOG|try=1|profit=4252320|weight=7748543
PACKLOG|best|profit=4424266|weight=7232257
PACKLOG|call=1975|tour_len=933|end_dist=20333898
PACKLOG|try=0|th=0.510164756|de=0.418769222|ga=0.071066022
PACKLOG|try=0|profit=4395111|weight=7086661
PACKLOG|try=1|th=0.539649188|de=0.355261044|ga=0.105089768
PACKLOG|try=1|profit=4401907|weight=7132877
PACKLOG|best|profit=4401907|weight=7132877
PACKLOG|call=1976|tour_len=930|end_dist=19770438
PACKLOG|try=0|th=0.278418950|de=0.329852907|ga=0.391728142
PACKLOG|try=0|profit=4414164|weight=7621081
PACKLOG|try=1|th=0.493329073|de=0.328371867|ga=0.178299060
PACKLOG|try=1|profit=4443602|weight=7402077
PACKLOG|best|profit=4443602|weight=7402077
PACKLOG|call=1977|tour_len=930|end_dist=19787772
PACKLOG|try=0|th=0.299865178|de=0.657046601|ga=0.043088220
PACKLOG|try=0|profit=4430318|weight=7271448
PACKLOG|try=1|th=0.347360419|de=0.579580329|ga=0.073059253
PACKLOG|try=1|profit=4436032|weight=7315641
PACKLOG|best|profit=4436032|weight=7315641
PACKLOG|call=1978|tour_len=930|end_dist=19777722
PACKLOG|try=0|th=0.410273659|de=0.446858261|ga=0.142868081
PACKLOG|try=0|profit=4442498|weight=7388016
PACKLOG|try=1|th=0.350722413|de=0.425105957|ga=0.224171630
PACKLOG|try=1|profit=4442122|weight=7485443
PACKLOG|best|profit=4442498|weight=7388016
PACKLOG|call=1979|tour_len=930|end_dist=19782829
PACKLOG|try=0|th=0.272677452|de=0.465828755|ga=0.261493793
PACKLOG|try=0|profit=4432483|weight=7563841
PACKLOG|try=1|th=0.318668088|de=0.036604614|ga=0.644727298
PACKLOG|try=1|profit=4382522|weight=7668233
PACKLOG|best|profit=4432483|weight=7563841
PACKLOG|call=1980|tour_len=930|end_dist=19787772
PACKLOG|try=0|th=0.042915547|de=0.512828557|ga=0.444255895
PACKLOG|try=0|profit=4119355|weight=7881040
PACKLOG|try=1|th=0.506452777|de=0.066087477|ga=0.427459746
PACKLOG|try=1|profit=4436270|weight=7540804
PACKLOG|best|profit=4436270|weight=7540804
PACKLOG|call=1981|tour_len=930|end_dist=19782829
PACKLOG|try=0|th=0.325230623|de=0.100898481|ga=0.573870896
PACKLOG|try=0|profit=4396050|weight=7649214
PACKLOG|try=1|th=0.360392376|de=0.313664885|ga=0.325942739
PACKLOG|try=1|profit=4434191|weight=7554848
PACKLOG|best|profit=4434191|weight=7554848
PACKLOG|call=1982|tour_len=925|end_dist=19523584
PACKLOG|try=0|th=0.223052265|de=0.442387443|ga=0.334560293
PACKLOG|try=0|profit=4413732|weight=7688355
PACKLOG|try=1|th=0.272133656|de=0.440108898|ga=0.287757446
PACKLOG|try=1|profit=4432550|weight=7640221
PACKLOG|best|profit=4432550|weight=7640221
PACKLOG|call=1983|tour_len=930|end_dist=19787772
PACKLOG|try=0|th=0.546942284|de=0.217315528|ga=0.235742189
PACKLOG|try=0|profit=4443105|weight=7418170
PACKLOG|try=1|th=0.396242979|de=0.153727805|ga=0.450029217
PACKLOG|try=1|profit=4424549|weight=7589008
PACKLOG|best|profit=4443105|weight=7418170
PACKLOG|call=1984|tour_len=930|end_dist=19778626
PACKLOG|try=0|th=0.526619420|de=0.076341131|ga=0.397039449
PACKLOG|try=0|profit=4439977|weight=7515633
PACKLOG|try=1|th=0.441100277|de=0.308576761|ga=0.250322962
PACKLOG|try=1|profit=4443227|weight=7467376
PACKLOG|best|profit=4443227|weight=7467376
PACKLOG|call=1985|tour_len=930|end_dist=19787406
PACKLOG|try=0|th=0.170081647|de=0.508915890|ga=0.321002463
PACKLOG|try=0|profit=4390019|weight=7658159
PACKLOG|try=1|th=0.289998711|de=0.185852803|ga=0.524148487
PACKLOG|try=1|profit=4393013|weight=7653209
PACKLOG|best|profit=4393013|weight=7653209
PACKLOG|call=1986|tour_len=934|end_dist=20398894
PACKLOG|try=0|th=0.095243556|de=0.466394571|ga=0.438361872
PACKLOG|try=0|profit=4186559|weight=7636956
PACKLOG|try=1|th=0.432752135|de=0.019532838|ga=0.547715027
PACKLOG|try=1|profit=4383617|weight=7459404
PACKLOG|best|profit=4383617|weight=7459404
PACKLOG|call=1987|tour_len=837|end_dist=17966612
PACKLOG|try=0|th=0.342041314|de=0.420358617|ga=0.237600068
PACKLOG|try=0|profit=4184458|weight=7887188
PACKLOG|try=1|th=0.363823056|de=0.180206787|ga=0.455970156
PACKLOG|try=1|profit=4182452|weight=7913304
PACKLOG|best|profit=4184458|weight=7887188
PACKLOG|call=1988|tour_len=934|end_dist=20401293
PACKLOG|try=0|th=0.094409905|de=0.307024139|ga=0.598565956
PACKLOG|try=0|profit=4135075|weight=7700241
PACKLOG|try=1|th=0.357959873|de=0.251496811|ga=0.390543316
PACKLOG|try=1|profit=4391433|weight=7438245
PACKLOG|best|profit=4391433|weight=7438245
PACKLOG|call=1989|tour_len=930|end_dist=19787772
PACKLOG|try=0|th=0.603044176|de=0.075778915|ga=0.321176909
PACKLOG|try=0|profit=4443019|weight=7452318
PACKLOG|try=1|th=0.390504629|de=0.146633904|ga=0.462861467
PACKLOG|try=1|profit=4422977|weight=7593014
PACKLOG|best|profit=4443019|weight=7452318
PACKLOG|call=1990|tour_len=925|end_dist=22296522
PACKLOG|try=0|th=0.500844845|de=0.041721546|ga=0.457433608
PACKLOG|try=0|profit=3980734|weight=6109228
PACKLOG|try=1|th=0.207833166|de=0.186111004|ga=0.606055830
PACKLOG|try=1|profit=3805424|weight=6417503
PACKLOG|best|profit=3980734|weight=6109228
PACKLOG|call=1991|tour_len=933|end_dist=19919645
PACKLOG|try=0|th=0.226831838|de=0.557316083|ga=0.215852079
PACKLOG|try=0|profit=4431094|weight=7530691
PACKLOG|try=1|th=0.246221861|de=0.195001958|ga=0.558776181
PACKLOG|try=1|profit=4366317|weight=7654157
PACKLOG|best|profit=4431094|weight=7530691
PACKLOG|call=1992|tour_len=934|end_dist=20468328
PACKLOG|try=0|th=0.506723990|de=0.427046849|ga=0.066229161
PACKLOG|try=0|profit=4386967|weight=7043436
PACKLOG|try=1|th=0.047967157|de=0.893701072|ga=0.058331771
PACKLOG|try=1|profit=4379293|weight=7436968
PACKLOG|best|profit=4386967|weight=7043436
PACKLOG|call=1993|tour_len=933|end_dist=19894262
PACKLOG|try=0|th=0.312904303|de=0.568028882|ga=0.119066815
PACKLOG|try=0|profit=4443342|weight=7370905
PACKLOG|try=1|th=0.736737246|de=0.247258663|ga=0.016004091
PACKLOG|try=1|profit=4413359|weight=7143886
PACKLOG|best|profit=4443342|weight=7370905
PACKLOG|call=1994|tour_len=936|end_dist=20034577
PACKLOG|try=0|th=0.196517056|de=0.758946653|ga=0.044536292
PACKLOG|try=0|profit=4436854|weight=7232281
PACKLOG|try=1|th=0.326761914|de=0.398803126|ga=0.274434960
PACKLOG|try=1|profit=4436949|weight=7464385
PACKLOG|best|profit=4436949|weight=7464385
PACKLOG|call=1995|tour_len=937|end_dist=20525494
PACKLOG|try=0|th=0.490575224|de=0.180126999|ga=0.329297777
PACKLOG|try=0|profit=4407029|weight=7297585
PACKLOG|try=1|th=0.314957831|de=0.309237712|ga=0.375804457
PACKLOG|try=1|profit=4383169|weight=7426220
PACKLOG|best|profit=4407029|weight=7297585
PACKLOG|call=1996|tour_len=887|end_dist=19131370
PACKLOG|try=0|th=0.387459418|de=0.240575407|ga=0.371965175
PACKLOG|try=0|profit=4333372|weight=7607075
PACKLOG|try=1|th=0.525830011|de=0.294952767|ga=0.179217222
PACKLOG|try=1|profit=4338550|weight=7485520
PACKLOG|best|profit=4338550|weight=7485520
PACKLOG|call=1997|tour_len=936|end_dist=20112160
PACKLOG|try=0|th=0.302513283|de=0.459971203|ga=0.237515513
PACKLOG|try=0|profit=4429393|weight=7406108
PACKLOG|try=1|th=0.590085586|de=0.351668324|ga=0.058246090
PACKLOG|try=1|profit=4413223|weight=7098737
PACKLOG|best|profit=4429393|weight=7406108
PACKLOG|call=1998|tour_len=930|end_dist=19787772
PACKLOG|try=0|th=0.119414306|de=0.179147205|ga=0.701438490
PACKLOG|try=0|profit=4199149|weight=7779657
PACKLOG|try=1|th=0.371482498|de=0.200272525|ga=0.428244977
PACKLOG|try=1|profit=4424066|weight=7590020
PACKLOG|best|profit=4424066|weight=7590020
PACKLOG|call=1999|tour_len=933|end_dist=19884453
PACKLOG|try=0|th=0.225002045|de=0.446595204|ga=0.328402752
PACKLOG|try=0|profit=4409867|weight=7604010
PACKLOG|try=1|th=0.594420067|de=0.363621396|ga=0.041958537
PACKLOG|try=1|profit=4422469|weight=7191124
PACKLOG|best|profit=4422469|weight=7191124
PACKLOG|call=2000|tour_len=940|end_dist=20098058
PACKLOG|try=0|th=0.079442144|de=0.804980817|ga=0.115577038
PACKLOG|try=0|profit=4408111|weight=7553664
PACKLOG|try=1|th=0.368539143|de=0.335214593|ga=0.296246264
PACKLOG|try=1|profit=4439797|weight=7443287
PACKLOG|best|profit=4439797|weight=7443287
PACKLOG|call=2001|tour_len=930|end_dist=19793714
PACKLOG|try=0|th=0.532181374|de=0.403278727|ga=0.064539899
PACKLOG|try=0|profit=4427240|weight=7251375
PACKLOG|try=1|th=0.398059717|de=0.360482697|ga=0.241457586
PACKLOG|try=1|profit=4441899|weight=7472388
PACKLOG|best|profit=4441899|weight=7472388
PACKLOG|call=2002|tour_len=928|end_dist=19578055
PACKLOG|try=0|th=0.257476026|de=0.032410423|ga=0.710113551
PACKLOG|try=0|profit=4369126|weight=7788774
PACKLOG|try=1|th=0.281911639|de=0.184230136|ga=0.533858226
PACKLOG|try=1|profit=4411398|weight=7745607
PACKLOG|best|profit=4411398|weight=7745607
PACKLOG|call=2003|tour_len=928|end_dist=19578055
PACKLOG|try=0|th=0.320011841|de=0.137320056|ga=0.542668103
PACKLOG|try=0|profit=4420557|weight=7731529
PACKLOG|try=1|th=0.399175383|de=0.180902994|ga=0.419921624
PACKLOG|try=1|profit=4446187|weight=7669324
PACKLOG|best|profit=4446187|weight=7669324
PACKLOG|call=2004|tour_len=933|end_dist=19842243
PACKLOG|try=0|th=0.406676542|de=0.506098108|ga=0.087225350
PACKLOG|try=0|profit=4450256|weight=7345773
PACKLOG|try=1|th=0.642837213|de=0.285124851|ga=0.072037936
PACKLOG|try=1|profit=4440273|weight=7272441
PACKLOG|best|profit=4450256|weight=7345773
PACKLOG|call=2005|tour_len=928|end_dist=19578055
PACKLOG|try=0|th=0.427265204|de=0.127621098|ga=0.445113698
PACKLOG|try=0|profit=4446506|weight=7669335
PACKLOG|try=1|th=0.537535524|de=0.064887727|ga=0.397576749
PACKLOG|try=1|profit=4455233|weight=7617095
PACKLOG|best|profit=4455233|weight=7617095
PACKLOG|call=2006|tour_len=928|end_dist=19578055
PACKLOG|try=0|th=0.386758079|de=0.274444146|ga=0.338797774
PACKLOG|try=0|profit=4451659|weight=7648211
PACKLOG|try=1|th=0.355076138|de=0.256312823|ga=0.388611040
PACKLOG|try=1|profit=4444818|weight=7674342
PACKLOG|best|profit=4451659|weight=7648211
PACKLOG|call=2007|tour_len=928|end_dist=19578055
PACKLOG|try=0|th=0.448730281|de=0.343847669|ga=0.207422049
PACKLOG|try=0|profit=4459446|weight=7531696
PACKLOG|try=1|th=0.139320468|de=0.256772368|ga=0.603907164
PACKLOG|try=1|profit=4293032|weight=7824894
PACKLOG|best|profit=4459446|weight=7531696
PACKLOG|call=2008|tour_len=928|end_dist=19578055
PACKLOG|try=0|th=0.115374343|de=0.421450919|ga=0.463174738
PACKLOG|try=0|profit=4308749|weight=7818916
PACKLOG|try=1|th=0.091084399|de=0.154479075|ga=0.754436527
PACKLOG|try=1|profit=4181057|weight=7910244
PACKLOG|best|profit=4308749|weight=7818916
PACKLOG|call=2009|tour_len=927|end_dist=19509501
PACKLOG|try=0|th=0.363323378|de=0.326511873|ga=0.310164749
PACKLOG|try=0|profit=4454705|weight=7663263
PACKLOG|try=1|th=0.379802091|de=0.397211896|ga=0.222986013
PACKLOG|try=1|profit=4461359|weight=7584902
PACKLOG|best|profit=4461359|weight=7584902
PACKLOG|call=2010|tour_len=928|end_dist=19578055
PACKLOG|try=0|th=0.453361984|de=0.448875256|ga=0.097762760
PACKLOG|try=0|profit=4453137|weight=7423132
PACKLOG|try=1|th=0.134296325|de=0.391188055|ga=0.474515620
PACKLOG|try=1|profit=4335004|weight=7808859
PACKLOG|best|profit=4453137|weight=7423132
PACKLOG|call=2011|tour_len=933|end_dist=19842243
PACKLOG|try=0|th=0.048150168|de=0.095680379|ga=0.856169453
PACKLOG|try=0|profit=4097600|weight=7975543
PACKLOG|try=1|th=0.112827252|de=0.338618827|ga=0.548553920
PACKLOG|try=1|profit=4252404|weight=7786644
PACKLOG|best|profit=4252404|weight=7786644
PACKLOG|call=2012|tour_len=928|end_dist=19578055
PACKLOG|try=0|th=0.329994232|de=0.268165396|ga=0.401840372
PACKLOG|try=0|profit=4439898|weight=7690410
PACKLOG|try=1|th=0.588477832|de=0.291236904|ga=0.120285265
PACKLOG|try=1|profit=4452681|weight=7420132
PACKLOG|best|profit=4452681|weight=7420132
PACKLOG|call=2013|tour_len=928|end_dist=19578055
PACKLOG|try=0|th=0.367520624|de=0.018932617|ga=0.613546759
PACKLOG|try=0|profit=4421225|weight=7729524
PACKLOG|try=1|th=0.413810523|de=0.175509285|ga=0.410680191
PACKLOG|try=1|profit=4448052|weight=7664307
PACKLOG|best|profit=4448052|weight=7664307
PACKLOG|call=2014|tour_len=928|end_dist=19578055
PACKLOG|try=0|th=0.421352683|de=0.348021974|ga=0.230625343
PACKLOG|try=0|profit=4459062|weight=7556803
PACKLOG|try=1|th=0.461359580|de=0.465381888|ga=0.073258532
PACKLOG|try=1|profit=4450116|weight=7398037
PACKLOG|best|profit=4459062|weight=7556803
PACKLOG|call=2015|tour_len=928|end_dist=19640771
PACKLOG|try=0|th=0.283015414|de=0.680862857|ga=0.036121729
PACKLOG|try=0|profit=4443735|weight=7360867
PACKLOG|try=1|th=0.282842521|de=0.315866691|ga=0.401290788
PACKLOG|try=1|profit=4427255|weight=7696401
PACKLOG|best|profit=4443735|weight=7360867
PACKLOG|call=2016|tour_len=928|end_dist=19578055
PACKLOG|try=0|th=0.367463364|de=0.338045890|ga=0.294490746
PACKLOG|try=0|profit=4453377|weight=7636165
PACKLOG|try=1|th=0.278862337|de=0.586053155|ga=0.135084508
PACKLOG|try=1|profit=4459408|weight=7539717
PACKLOG|best|profit=4459408|weight=7539717
PACKLOG|call=2017|tour_len=928|end_dist=19578055
PACKLOG|try=0|th=0.042085920|de=0.619059713|ga=0.338854367
PACKLOG|try=0|profit=4184374|weight=7902080
PACKLOG|try=1|th=0.302147309|de=0.566684548|ga=0.131168144
PACKLOG|try=1|profit=4459345|weight=7522622
PACKLOG|best|profit=4459345|weight=7522622
PACKLOG|call=2018|tour_len=928|end_dist=19578055
PACKLOG|try=0|th=0.415676708|de=0.150500823|ga=0.433822469
PACKLOG|try=0|profit=4446506|weight=7669335
PACKLOG|try=1|th=0.259629854|de=0.728256120|ga=0.012114026
PACKLOG|try=1|profit=4439133|weight=7324711
PACKLOG|best|profit=4446506|weight=7669335
PACKLOG|call=2019|tour_len=928|end_dist=19578055
PACKLOG|try=0|th=0.120559761|de=0.657942838|ga=0.221497401
PACKLOG|try=0|profit=4414091|weight=7742538
PACKLOG|try=1|th=0.191873566|de=0.404200351|ga=0.403926083
PACKLOG|try=1|profit=4401705|weight=7757646
PACKLOG|best|profit=4414091|weight=7742538
PACKLOG|call=2020|tour_len=928|end_dist=19578055
PACKLOG|try=0|th=0.483011630|de=0.081557358|ga=0.435431011
PACKLOG|try=0|profit=4450849|weight=7650242
PACKLOG|try=1|th=0.225723365|de=0.672440804|ga=0.101835831
PACKLOG|try=1|profit=4459431|weight=7527638
PACKLOG|best|profit=4459431|weight=7527638
PACKLOG|call=2021|tour_len=928|end_dist=19578055
PACKLOG|try=0|th=0.065807326|de=0.480950055|ga=0.453242620
PACKLOG|try=0|profit=4205816|weight=7869976
PACKLOG|try=1|th=0.115018387|de=0.718159764|ga=0.166821849
PACKLOG|try=1|profit=4428994|weight=7715386
PACKLOG|best|profit=4428994|weight=7715386
PACKLOG|call=2022|tour_len=925|end_dist=19462419
PACKLOG|try=0|th=0.184137242|de=0.371408278|ga=0.444454481
PACKLOG|try=0|profit=4389423|weight=7797888
PACKLOG|try=1|th=0.600966194|de=0.089120744|ga=0.309913062
PACKLOG|try=1|profit=4457911|weight=7574914
PACKLOG|best|profit=4457911|weight=7574914
PACKLOG|call=2023|tour_len=928|end_dist=19578055
PACKLOG|try=0|th=0.475427457|de=0.027746181|ga=0.496826362
PACKLOG|try=0|profit=4446506|weight=7669335
PACKLOG|try=1|th=0.048031038|de=0.185195697|ga=0.766773265
PACKLOG|try=1|profit=4122155|weight=7998647
PACKLOG|best|profit=4446506|weight=7669335
PACKLOG|call=2024|tour_len=928|end_dist=19578055
PACKLOG|try=0|th=0.417854350|de=0.418889588|ga=0.163256062
PACKLOG|try=0|profit=4459156|weight=7508557
PACKLOG|try=1|th=0.422958684|de=0.236102993|ga=0.340938323
PACKLOG|try=1|profit=4453230|weight=7636161
PACKLOG|best|profit=4459156|weight=7508557
PACKLOG|call=2025|tour_len=930|end_dist=19625166
PACKLOG|try=0|th=0.463836540|de=0.239338260|ga=0.296825200
PACKLOG|try=0|profit=4461545|weight=7567809
PACKLOG|try=1|th=0.415473039|de=0.099668141|ga=0.484858819
PACKLOG|try=1|profit=4444921|weight=7674311
PACKLOG|best|profit=4461545|weight=7567809
PACKLOG|call=2026|tour_len=928|end_dist=19578055
PACKLOG|try=0|th=0.368441987|de=0.584232978|ga=0.047325035
PACKLOG|try=0|profit=4447913|weight=7380962
PACKLOG|try=1|th=0.248253096|de=0.283362974|ga=0.468383930
PACKLOG|try=1|profit=4411398|weight=7745607
PACKLOG|best|profit=4447913|weight=7380962
PACKLOG|call=2027|tour_len=928|end_dist=19578055
PACKLOG|try=0|th=0.013956425|de=0.333826379|ga=0.652217196
PACKLOG|try=0|profit=4076678|weight=8074919
PACKLOG|try=1|th=0.058139445|de=0.378060971|ga=0.563799584
PACKLOG|try=1|profit=4162449|weight=7934322
PACKLOG|best|profit=4162449|weight=7934322
PACKLOG|call=2028|tour_len=928|end_dist=19578055
PACKLOG|try=0|th=0.285197759|de=0.431321607|ga=0.283480634
PACKLOG|try=0|profit=4448013|weight=7664300
PACKLOG|try=1|th=0.181372010|de=0.231934389|ga=0.586693601
PACKLOG|try=1|profit=4348309|weight=7802858
PACKLOG|best|profit=4448013|weight=7664300
PACKLOG|call=2029|tour_len=928|end_dist=19578055
PACKLOG|try=0|th=0.459029651|de=0.452122404|ga=0.088847944
PACKLOG|try=0|profit=4452255|weight=7416087
PACKLOG|try=1|th=0.352603635|de=0.196226516|ga=0.451169849
PACKLOG|try=1|profit=4436946|weight=7698415
PACKLOG|best|profit=4452255|weight=7416087
PACKLOG|call=2030|tour_len=928|end_dist=19578055
PACKLOG|try=0|th=0.168729578|de=0.233238172|ga=0.598032250
PACKLOG|try=0|profit=4334004|weight=7808898
PACKLOG|try=1|th=0.526193450|de=0.028375278|ga=0.445431271
PACKLOG|try=1|profit=4452027|weight=7645202
PACKLOG|best|profit=4452027|weight=7645202
PACKLOG|call=2031|tour_len=928|end_dist=19578055
PACKLOG|try=0|th=0.493844341|de=0.356490782|ga=0.149664876
PACKLOG|try=0|profit=4457567|weight=7477378
PACKLOG|try=1|th=0.654637751|de=0.333428774|ga=0.011933476
PACKLOG|try=1|profit=4435638|weight=7306682
PACKLOG|best|profit=4457567|weight=7477378
PACKLOG|call=2032|tour_len=933|end_dist=19842243
PACKLOG|try=0|th=0.391080817|de=0.256847240|ga=0.352071943
PACKLOG|try=0|profit=4447255|weight=7584921
PACKLOG|try=1|th=0.443102956|de=0.207798054|ga=0.349098990
PACKLOG|try=1|profit=4451531|weight=7556804
PACKLOG|best|profit=4451531|weight=7556804
PACKLOG|call=2033|tour_len=933|end_dist=19842243
PACKLOG|try=0|th=0.480395209|de=0.047797642|ga=0.471807149
PACKLOG|try=0|profit=4444563|weight=7597993
PACKLOG|try=1|th=0.421428557|de=0.557923798|ga=0.020647645
PACKLOG|try=1|profit=4433413|weight=7233253
PACKLOG|best|profit=4444563|weight=7597993
PACKLOG|call=2034|tour_len=928|end_dist=19578055
PACKLOG|try=0|th=0.391178750|de=0.376822475|ga=0.231998775
PACKLOG|try=0|profit=4458560|weight=7570841
PACKLOG|try=1|th=0.410587730|de=0.190404577|ga=0.399007693
PACKLOG|try=1|profit=4448602|weight=7662304
PACKLOG|best|profit=4458560|weight=7570841
PACKLOG|call=2035|tour_len=928|end_dist=19578055
PACKLOG|try=0|th=0.588844135|de=0.219549340|ga=0.191606526
PACKLOG|try=0|profit=4458075|weight=7486429
PACKLOG|try=1|th=0.511395771|de=0.238647039|ga=0.249957190
PACKLOG|try=1|profit=4459369|weight=7537713
PACKLOG|best|profit=4459369|weight=7537713
PACKLOG|call=2036|tour_len=925|end_dist=19462419
PACKLOG|try=0|th=0.054255735|de=0.555766143|ga=0.389978122
PACKLOG|try=0|profit=4207607|weight=7889064
PACKLOG|try=1|th=0.292364362|de=0.341518407|ga=0.366117231
PACKLOG|try=1|profit=4438135|weight=7720520
PACKLOG|best|profit=4438135|weight=7720520
PACKLOG|call=2037|tour_len=928|end_dist=19578055
PACKLOG|try=0|th=0.052749143|de=0.791947425|ga=0.155303432
PACKLOG|try=0|profit=4360902|weight=7793649
PACKLOG|try=1|th=0.128158355|de=0.443330625|ga=0.428511020
PACKLOG|try=1|profit=4343333|weight=7804846
PACKLOG|best|profit=4360902|weight=7793649
PACKLOG|call=2038|tour_len=928|end_dist=19578055
PACKLOG|try=0|th=0.386506705|de=0.223603247|ga=0.389890048
PACKLOG|try=0|profit=4447331|weight=7666331
PACKLOG|try=1|th=0.293953755|de=0.289346591|ga=0.416699654
PACKLOG|try=1|profit=4431251|weight=7711431
PACKLOG|best|profit=4447331|weight=7666331
PACKLOG|call=2039|tour_len=928|end_dist=19578055
PACKLOG|try=0|th=0.452886454|de=0.144823467|ga=0.402290078
PACKLOG|try=0|profit=4451319|weight=7650219
PACKLOG|try=1|th=0.272652735|de=0.261790442|ga=0.465556823
PACKLOG|try=1|profit=4420097|weight=7732525
PACKLOG|best|profit=4451319|weight=7650219
PACKLOG|call=2040|tour_len=928|end_dist=19578055
PACKLOG|try=0|th=0.326173767|de=0.255647032|ga=0.418179201
PACKLOG|try=0|profit=4436934|weight=7698416
PACKLOG|try=1|th=0.334622690|de=0.284385535|ga=0.380991775
PACKLOG|try=1|profit=4443159|weight=7680361
PACKLOG|best|profit=4443159|weight=7680361
PACKLOG|call=2041|tour_len=933|end_dist=19842243
PACKLOG|try=0|th=0.405901255|de=0.214211790|ga=0.379886955
PACKLOG|try=0|profit=4446209|weight=7590934
PACKLOG|try=1|th=0.305346568|de=0.261687367|ga=0.432966065
PACKLOG|try=1|profit=4425101|weight=7651182
PACKLOG|best|profit=4446209|weight=7590934
PACKLOG|call=2042|tour_len=928|end_dist=19578055
PACKLOG|try=0|th=0.479730669|de=0.353834733|ga=0.166434599
PACKLOG|try=0|profit=4458670|weight=7495480
PACKLOG|try=1|th=0.039779535|de=0.493409541|ga=0.466810925
PACKLOG|try=1|profit=4138693|weight=7953409
PACKLOG|best|profit=4458670|weight=7495480
PACKLOG|call=2043|tour_len=928|end_dist=19578055
PACKLOG|try=0|th=0.153312509|de=0.432163781|ga=0.414523710
PACKLOG|try=0|profit=4371998|weight=7786720
PACKLOG|try=1|th=0.023520708|de=0.733214574|ga=0.243264718
PACKLOG|try=1|profit=4152007|weight=7938168
PACKLOG|best|profit=4371998|weight=7786720
PACKLOG|call=2044|tour_len=928|end_dist=19578055
PACKLOG|try=0|th=0.394991184|de=0.019729495|ga=0.585279322
PACKLOG|try=0|profit=4427544|weight=7719480
PACKLOG|try=1|th=0.151399000|de=0.368450412|ga=0.480150589
PACKLOG|try=1|profit=4350141|weight=7801839
PACKLOG|best|profit=4427544|weight=7719480
PACKLOG|call=2045|tour_len=928|end_dist=19578055
PACKLOG|try=0|th=0.750845448|de=0.216749272|ga=0.032405280
PACKLOG|try=0|profit=4438863|weight=7323734
PACKLOG|try=1|th=0.360725508|de=0.285872913|ga=0.353401579
PACKLOG|try=1|profit=4448447|weight=7663314
PACKLOG|best|profit=4448447|weight=7663314
PACKLOG|call=2046|tour_len=925|end_dist=19462419
PACKLOG|try=0|th=0.383454339|de=0.409096921|ga=0.207448740
PACKLOG|try=0|profit=4457730|weight=7586951
PACKLOG|try=1|th=0.174692286|de=0.217484535|ga=0.607823179
PACKLOG|try=1|profit=4342876|weight=7827983
PACKLOG|best|profit=4457730|weight=7586951
PACKLOG|call=2047|tour_len=928|end_dist=19578055
PACKLOG|try=0|th=0.489078129|de=0.049662788|ga=0.461259083
PACKLOG|try=0|profit=4449583|weight=7658286
PACKLOG|try=1|th=0.516120719|de=0.004300120|ga=0.479579161
PACKLOG|try=1|profit=4450016|weight=7655264
PACKLOG|best|profit=4450016|weight=7655264
PACKLOG|call=2048|tour_len=928|end_dist=19639220
PACKLOG|try=0|th=0.571375242|de=0.339338962|ga=0.089285797
PACKLOG|try=0|profit=4436190|weight=7331761
PACKLOG|try=1|th=0.166550096|de=0.523842392|ga=0.309607512
PACKLOG|try=1|profit=4397776|weight=7690338
PACKLOG|best|profit=4436190|weight=7331761
PACKLOG|call=2049|tour_len=928|end_dist=19578055
PACKLOG|try=0|th=0.498806393|de=0.315948028|ga=0.185245579
PACKLOG|try=0|profit=4459014|weight=7503517
PACKLOG|try=1|th=0.381321976|de=0.462593839|ga=0.156084186
PACKLOG|try=1|profit=4459255|weight=7514585
PACKLOG|best|profit=4459255|weight=7514585
PACKLOG|call=2050|tour_len=928|end_dist=19578055
PACKLOG|try=0|th=0.298236103|de=0.523806098|ga=0.177957799
PACKLOG|try=0|profit=4458560|weight=7570841
PACKLOG|try=1|th=0.471688727|de=0.215386183|ga=0.312925091
PACKLOG|try=1|profit=4457360|weight=7589956
PACKLOG|best|profit=4458560|weight=7570841
PACKLOG|call=2051|tour_len=928|end_dist=19578055
PACKLOG|try=0|th=0.331372182|de=0.173879891|ga=0.494747927
PACKLOG|try=0|profit=4427103|weight=7719485
PACKLOG|try=1|th=0.525510925|de=0.203005593|ga=0.271483482
PACKLOG|try=1|profit=4459209|weight=7544743
PACKLOG|best|profit=4459209|weight=7544743
PACKLOG|call=2052|tour_len=928|end_dist=19578055
PACKLOG|try=0|th=0.653977141|de=0.026083281|ga=0.319939578
PACKLOG|try=0|profit=4459393|weight=7537726
PACKLOG|try=1|th=0.317894103|de=0.421947911|ga=0.260157986
PACKLOG|try=1|profit=4452887|weight=7638154
PACKLOG|best|profit=4459393|weight=7537726
PACKLOG|call=2053|tour_len=925|end_dist=19462419
PACKLOG|try=0|th=0.402904277|de=0.032718950|ga=0.564376773
PACKLOG|try=0|profit=4431992|weight=7734560
PACKLOG|try=1|th=0.064687311|de=0.028715739|ga=0.906596950
PACKLOG|try=1|profit=4140414|weight=7995687
PACKLOG|best|profit=4431992|weight=7734560
PACKLOG|call=2054|tour_len=925|end_dist=19462419
PACKLOG|try=0|th=0.576663619|de=0.227778153|ga=0.195558228
PACKLOG|try=0|profit=4457287|weight=7525618
PACKLOG|try=1|th=0.328659987|de=0.425812634|ga=0.245527378
PACKLOG|try=1|profit=4453726|weight=7648233
PACKLOG|best|profit=4457287|weight=7525618
PACKLOG|call=2055|tour_len=928|end_dist=19578055
PACKLOG|try=0|th=0.334323458|de=0.368654780|ga=0.297021762
PACKLOG|try=0|profit=4451299|weight=7649219
PACKLOG|try=1|th=0.005826428|de=0.217415466|ga=0.776758106
PACKLOG|try=1|profit=4058192|weight=8095012
PACKLOG|best|profit=4451299|weight=7649219
PACKLOG|call=2056|tour_len=869|end_dist=18630892
PACKLOG|try=0|th=0.362887262|de=0.184667953|ga=0.452444785
PACKLOG|try=0|profit=4290403|weight=7777773
PACKLOG|try=1|th=0.090394146|de=0.535123368|ga=0.374482486
PACKLOG|try=1|profit=4242500|weight=7850994
PACKLOG|best|profit=4290403|weight=7777773
PACKLOG|call=2057|tour_len=933|end_dist=19842243
PACKLOG|try=0|th=0.464863149|de=0.164266880|ga=0.370869971
PACKLOG|try=0|profit=4451293|weight=7560826
PACKLOG|try=1|th=0.116625048|de=0.470089388|ga=0.413285564
PACKLOG|try=1|profit=4313693|weight=7757592
PACKLOG|best|profit=4451293|weight=7560826
PACKLOG|call=2058|tour_len=928|end_dist=19578055
PACKLOG|try=0|th=0.040414207|de=0.505728968|ga=0.453856825
PACKLOG|try=0|profit=4144132|weight=7952388
PACKLOG|try=1|th=0.102935308|de=0.744281711|ga=0.152782981
PACKLOG|try=1|profit=4427326|weight=7719401
PACKLOG|best|profit=4427326|weight=7719401
PACKLOG|call=2059|tour_len=928|end_dist=19578055
PACKLOG|try=0|th=0.368598985|de=0.512153111|ga=0.119247905
PACKLOG|try=0|profit=4458095|weight=7485411
PACKLOG|try=1|th=0.434884496|de=0.339788621|ga=0.225326883
PACKLOG|try=1|profit=4459209|weight=7544743
PACKLOG|best|profit=4459209|weight=7544743
PACKLOG|call=2060|tour_len=928|end_dist=19578055
PACKLOG|try=0|th=0.157921651|de=0.618544213|ga=0.223534136
PACKLOG|try=0|profit=4431215|weight=7711402
PACKLOG|try=1|th=0.509585637|de=0.343799757|ga=0.146614606
PACKLOG|try=1|profit=4456750|weight=7465338
PACKLOG|best|profit=4456750|weight=7465338
PACKLOG|call=2061|tour_len=928|end_dist=19578055
PACKLOG|try=0|th=0.270981539|de=0.378342533|ga=0.350675928
PACKLOG|try=0|profit=4436323|weight=7701407
PACKLOG|try=1|th=0.122447836|de=0.531293168|ga=0.346258996
PACKLOG|try=1|profit=4366158|weight=7790754
PACKLOG|best|profit=4436323|weight=7701407
PACKLOG|call=2062|tour_len=933|end_dist=19842243
PACKLOG|try=0|th=0.178829607|de=0.452330660|ga=0.368839734
PACKLOG|try=0|profit=4394512|weight=7698327
PACKLOG|try=1|th=0.265045664|de=0.389536618|ga=0.345417718
PACKLOG|try=1|profit=4429768|weight=7640144
PACKLOG|best|profit=4429768|weight=7640144
PACKLOG|call=2063|tour_len=928|end_dist=19578055
PACKLOG|try=0|th=0.154089938|de=0.730096831|ga=0.115813231
PACKLOG|try=0|profit=4454767|weight=7620039
PACKLOG|try=1|th=0.642073681|de=0.021873625|ga=0.336052694
PACKLOG|try=1|profit=4459185|weight=7547772
PACKLOG|best|profit=4459185|weight=7547772
PACKLOG|call=2064|tour_len=928|end_dist=19578055
PACKLOG|try=0|th=0.254330098|de=0.344332930|ga=0.401336972
PACKLOG|try=0|profit=4423395|weight=7727509
PACKLOG|try=1|th=0.140771596|de=0.438496670|ga=0.420731734
PACKLOG|try=1|profit=4358965|weight=7796781
PACKLOG|best|profit=4423395|weight=7727509
PACKLOG|call=2065|tour_len=928|end_dist=19578055
PACKLOG|try=0|th=0.132768891|de=0.400889573|ga=0.466341536
PACKLOG|try=0|profit=4336022|weight=7807851
PACKLOG|try=1|th=0.709519001|de=0.259824649|ga=0.030656350
PACKLOG|try=1|profit=4439042|weight=7324738
PACKLOG|best|profit=4439042|weight=7324738
PACKLOG|call=2066|tour_len=928|end_dist=19578055
PACKLOG|try=0|th=0.299950973|de=0.374930175|ga=0.325118852
PACKLOG|try=0|profit=4444925|weight=7674335
PACKLOG|try=1|th=0.171703037|de=0.370955514|ga=0.457341449
PACKLOG|try=1|profit=4374026|weight=7785746
PACKLOG|best|profit=4444925|weight=7674335
PACKLOG|call=2067|tour_len=928|end_dist=19578055
PACKLOG|try=0|th=0.143272427|de=0.459721823|ga=0.397005750
PACKLOG|try=0|profit=4368117|weight=7789749
PACKLOG|try=1|th=0.122569444|de=0.697466359|ga=0.179964197
PACKLOG|try=1|profit=4428046|weight=7717409
PACKLOG|best|profit=4428046|weight=7717409
PACKLOG|call=2068|tour_len=928|end_dist=19578055
PACKLOG|try=0|th=0.460524391|de=0.246951354|ga=0.292524255
PACKLOG|try=0|profit=4458007|weight=7577882
PACKLOG|try=1|th=0.162854665|de=0.623440587|ga=0.213704748
PACKLOG|try=1|profit=4435512|weight=7702391
PACKLOG|best|profit=4458007|weight=7577882
PACKLOG|call=2069|tour_len=925|end_dist=19462419
PACKLOG|try=0|th=0.175578265|de=0.281271661|ga=0.543150074
PACKLOG|try=0|profit=4360251|weight=7819921
PACKLOG|try=1|th=0.539990089|de=0.134594466|ga=0.325415445
PACKLOG|try=1|profit=4457089|weight=7602017
PACKLOG|best|profit=4457089|weight=7602017
PACKLOG|call=2070|tour_len=928|end_dist=19578055
PACKLOG|try=0|th=0.180635468|de=0.472370696|ga=0.346993835
PACKLOG|try=0|profit=4410171|weight=7747604
PACKLOG|try=1|th=0.469705510|de=0.352467784|ga=0.177826707
PACKLOG|try=1|profit=4459014|weight=7505524
PACKLOG|best|profit=4459014|weight=7505524
PACKLOG|call=2071|tour_len=928|end_dist=19578055
PACKLOG|try=0|th=0.357514867|de=0.366479766|ga=0.276005368
PACKLOG|try=0|profit=4454165|weight=7626119
PACKLOG|try=1|th=0.294455538|de=0.503071725|ga=0.202472737
PACKLOG|try=1|profit=4456787|weight=7597974
PACKLOG|best|profit=4456787|weight=7597974
PACKLOG|call=2072|tour_len=605|end_dist=11507404
PACKLOG|try=0|th=0.322044012|de=0.416825698|ga=0.261130290
PACKLOG|try=0|profit=3027909|weight=6056971
PACKLOG|try=1|th=0.326392787|de=0.370178135|ga=0.303429077
PACKLOG|try=1|profit=3027909|weight=6056971
PACKLOG|best|profit=3027909|weight=6056971
PACKLOG|call=2073|tour_len=933|end_dist=19842243
PACKLOG|try=0|th=0.430188141|de=0.206633343|ga=0.363178517
PACKLOG|try=0|profit=4449317|weight=7573901
PACKLOG|try=1|th=0.404463738|de=0.334888246|ga=0.260648017
PACKLOG|try=1|profit=4454867|weight=7512554
PACKLOG|best|profit=4454867|weight=7512554
PACKLOG|call=2074|tour_len=928|end_dist=19578055
PACKLOG|try=0|th=0.115613566|de=0.622323016|ga=0.262063419
PACKLOG|try=0|profit=4393102|weight=7768699
PACKLOG|try=1|th=0.192742169|de=0.052774482|ga=0.754483348
PACKLOG|try=1|profit=4313184|weight=7816983
PACKLOG|best|profit=4393102|weight=7768699
PACKLOG|call=2075|tour_len=928|end_dist=19578055
PACKLOG|try=0|th=0.367012284|de=0.225211385|ga=0.407776332
PACKLOG|try=0|profit=4444196|weight=7677343
PACKLOG|try=1|th=0.587485242|de=0.305363989|ga=0.107150769
PACKLOG|try=1|profit=4451483|weight=7409069
PACKLOG|best|profit=4451483|weight=7409069
PACKLOG|call=2076|tour_len=928|end_dist=19578055
PACKLOG|try=0|th=0.512354182|de=0.091710904|ga=0.395934915
PACKLOG|try=0|profit=4454161|weight=7625125
PACKLOG|try=1|th=0.405905614|de=0.432664069|ga=0.161430317
PACKLOG|try=1|profit=4459145|weight=7509558
PACKLOG|best|profit=4459145|weight=7509558
PACKLOG|call=2077|tour_len=925|end_dist=19447269
PACKLOG|try=0|th=0.685133207|de=0.030198142|ga=0.284668651
PACKLOG|try=0|profit=4459807|weight=7555793
PACKLOG|try=1|th=0.296546914|de=0.326651835|ga=0.376801250
PACKLOG|try=1|profit=4439614|weight=7730558
PACKLOG|best|profit=4459807|weight=7555793
PACKLOG|call=2078|tour_len=928|end_dist=19578055
PACKLOG|try=0|th=0.183940466|de=0.391188307|ga=0.424871227
PACKLOG|try=0|profit=4390784|weight=7770743
PACKLOG|try=1|th=0.056446041|de=0.363010515|ga=0.580543444
PACKLOG|try=1|profit=4154893|weight=7942368
PACKLOG|best|profit=4390784|weight=7770743
PACKLOG|call=2079|tour_len=928|end_dist=19578055
PACKLOG|try=0|th=0.563404230|de=0.435709829|ga=0.000885941
PACKLOG|try=0|profit=4432778|weight=7292610
PACKLOG|try=1|th=0.144283418|de=0.444906811|ga=0.410809770
PACKLOG|try=1|profit=4365839|weight=7792759
PACKLOG|best|profit=4432778|weight=7292610
PACKLOG|call=2080|tour_len=928|end_dist=19578055
PACKLOG|try=0|th=0.302389251|de=0.400692489|ga=0.296918260
PACKLOG|try=0|profit=4448218|weight=7663306
PACKLOG|try=1|th=0.170371571|de=0.152024453|ga=0.677603977
PACKLOG|try=1|profit=4310401|weight=7817953
PACKLOG|best|profit=4448218|weight=7663306
PACKLOG|call=2081|tour_len=928|end_dist=19578055
PACKLOG|try=0|th=0.406617387|de=0.265918711|ga=0.327463903
PACKLOG|try=0|profit=4453238|weight=7636152
PACKLOG|try=1|th=0.592242394|de=0.202113801|ga=0.205643805
PACKLOG|try=1|profit=4458670|weight=7495480
PACKLOG|best|profit=4458670|weight=7495480
PACKLOG|call=2082|tour_len=925|end_dist=19462419
PACKLOG|try=0|th=0.442783788|de=0.372780930|ga=0.184435281
PACKLOG|try=0|profit=4457997|weight=7549750
PACKLOG|try=1|th=0.210518837|de=0.409099534|ga=0.380381628
PACKLOG|try=1|profit=4416122|weight=7763680
PACKLOG|best|profit=4457997|weight=7549750
PACKLOG|call=2083|tour_len=928|end_dist=19578055
PACKLOG|try=0|th=0.441873149|de=0.203760505|ga=0.354366346
PACKLOG|try=0|profit=4453326|weight=7636168
PACKLOG|try=1|th=0.431036716|de=0.167883201|ga=0.401080083
PACKLOG|try=1|profit=4450016|weight=7655264
PACKLOG|best|profit=4453326|weight=7636168
PACKLOG|call=2084|tour_len=933|end_dist=19886361
PACKLOG|try=0|th=0.281684425|de=0.346397551|ga=0.371918024
PACKLOG|try=0|profit=4425762|weight=7632121
PACKLOG|try=1|th=0.365466486|de=0.163624332|ga=0.470909182
PACKLOG|try=1|profit=4427752|weight=7628112
PACKLOG|best|profit=4427752|weight=7628112
PACKLOG|call=2085|tour_len=928|end_dist=19578055
PACKLOG|try=0|th=0.271060431|de=0.277322416|ga=0.451617152
PACKLOG|try=0|profit=4421212|weight=7729511
PACKLOG|try=1|th=0.183978043|de=0.321136338|ga=0.494885619
PACKLOG|try=1|profit=4372736|weight=7786741
PACKLOG|best|profit=4421212|weight=7729511
PACKLOG|call=2086|tour_len=925|end_dist=19462419
PACKLOG|try=0|th=0.044594215|de=0.596946085|ga=0.358459700
PACKLOG|try=0|profit=4197002|weight=7920186
PACKLOG|try=1|th=0.386124273|de=0.325188268|ga=0.288687459
PACKLOG|try=1|profit=4453813|weight=7648241
PACKLOG|best|profit=4453813|weight=7648241
PACKLOG|call=2087|tour_len=873|end_dist=18621538
PACKLOG|try=0|th=0.561552628|de=0.260690494|ga=0.177756878
PACKLOG|try=0|profit=4314876|weight=7716523
PACKLOG|try=1|th=0.489074300|de=0.440316647|ga=0.070609053
PACKLOG|try=1|profit=4311464|weight=7654233
PACKLOG|best|profit=4314876|weight=7716523
PACKLOG|call=2088|tour_len=928|end_dist=19578055
PACKLOG|try=0|th=0.175058783|de=0.322233687|ga=0.502707530
PACKLOG|try=0|profit=4364732|weight=7793773
PACKLOG|try=1|th=0.242174307|de=0.218982312|ga=0.538843382
PACKLOG|try=1|profit=4394952|weight=7766729
PACKLOG|best|profit=4394952|weight=7766729
PACKLOG|call=2089|tour_len=925|end_dist=19462419
PACKLOG|try=0|th=0.081855065|de=0.446651277|ga=0.471493658
PACKLOG|try=0|profit=4251545|weight=7864045
PACKLOG|try=1|th=0.169512484|de=0.731096405|ga=0.099391111
PACKLOG|try=1|profit=4457285|weight=7596947
PACKLOG|best|profit=4457285|weight=7596947
PACKLOG|call=2090|tour_len=928|end_dist=19573112
PACKLOG|try=0|th=0.705841492|de=0.033162421|ga=0.260996088
PACKLOG|try=0|profit=4459168|weight=7504538
PACKLOG|try=1|th=0.493105364|de=0.388524065|ga=0.118370571
PACKLOG|try=1|profit=4455121|weight=7443213
PACKLOG|best|profit=4459168|weight=7504538
PACKLOG|call=2091|tour_len=928|end_dist=19578055
PACKLOG|try=0|th=0.374534652|de=0.332208886|ga=0.293256462
PACKLOG|try=0|profit=4453875|weight=7630126
PACKLOG|try=1|th=0.438165325|de=0.251620462|ga=0.310214213
PACKLOG|try=1|profit=4456183|weight=7607042
PACKLOG|best|profit=4456183|weight=7607042
PACKLOG|call=2092|tour_len=928|end_dist=19578055
PACKLOG|try=0|th=0.596054659|de=0.134310012|ga=0.269635329
PACKLOG|try=0|profit=4459491|weight=7532707
PACKLOG|try=1|th=0.628855780|de=0.186382985|ga=0.184761235
PACKLOG|try=1|profit=4457143|weight=7471357
PACKLOG|best|profit=4459491|weight=7532707
PACKLOG|call=2093|tour_len=928|end_dist=19578055
PACKLOG|try=0|th=0.161895608|de=0.252620741|ga=0.585483651
PACKLOG|try=0|profit=4330268|weight=7809896
PACKLOG|try=1|th=0.024994186|de=0.454450323|ga=0.520555490
PACKLOG|try=1|profit=4101382|weight=8015662
PACKLOG|best|profit=4330268|weight=7809896
PACKLOG|call=2094|tour_len=928|end_dist=19578055
PACKLOG|try=0|th=0.427034062|de=0.163594633|ga=0.409371305
PACKLOG|try=0|profit=4449115|weight=7660306
PACKLOG|try=1|th=0.372471698|de=0.324134845|ga=0.303393457
PACKLOG|try=1|profit=4452921|weight=7638167
PACKLOG|best|profit=4452921|weight=7638167
PACKLOG|call=2095|tour_len=928|end_dist=19578055
PACKLOG|try=0|th=0.642976116|de=0.042403012|ga=0.314620871
PACKLOG|try=0|profit=4459393|weight=7537726
PACKLOG|try=1|th=0.408295108|de=0.079793494|ga=0.511911398
PACKLOG|try=1|profit=4438286|weight=7695418
PACKLOG|best|profit=4459393|weight=7537726
PACKLOG|call=2096|tour_len=928|end_dist=19578055
PACKLOG|try=0|th=0.115860816|de=0.584156611|ga=0.299982573
PACKLOG|try=0|profit=4377349|weight=7782724
PACKLOG|try=1|th=0.374645945|de=0.362188602|ga=0.263165453
PACKLOG|try=1|profit=4456407|weight=7603007
PACKLOG|best|profit=4456407|weight=7603007
PACKLOG|call=2097|tour_len=928|end_dist=19578055
PACKLOG|try=0|th=0.454626544|de=0.095670579|ga=0.449702877
PACKLOG|try=0|profit=4448248|weight=7663310
PACKLOG|try=1|th=0.112901751|de=0.086118389|ga=0.800979860
PACKLOG|try=1|profit=4203541|weight=7880094
PACKLOG|best|profit=4448248|weight=7663310
PACKLOG|call=2098|tour_len=928|end_dist=19639220
PACKLOG|try=0|th=0.708579405|de=0.255882834|ga=0.035537761
PACKLOG|try=0|profit=4425130|weight=7260449
PACKLOG|try=1|th=0.392631383|de=0.264722217|ga=0.342646400
PACKLOG|try=1|profit=4439254|weight=7587001
PACKLOG|best|profit=4439254|weight=7587001
PACKLOG|call=2099|tour_len=933|end_dist=19903408
PACKLOG|try=0|th=0.034310152|de=0.588192906|ga=0.377496942
PACKLOG|try=0|profit=4114074|weight=7895070
PACKLOG|try=1|th=0.385977543|de=0.350247796|ga=0.263774661
PACKLOG|try=1|profit=4441042|weight=7461327
PACKLOG|best|profit=4441042|weight=7461327
PACKLOG|call=2100|tour_len=911|end_dist=19091148
PACKLOG|try=0|th=0.053720926|de=0.666403473|ga=0.279875601
PACKLOG|try=0|profit=4295352|weight=7925226
PACKLOG|try=1|th=0.572481219|de=0.399384376|ga=0.028134406
PACKLOG|try=1|profit=4422681|weight=7524553
PACKLOG|best|profit=4422681|weight=7524553
PACKLOG|call=2101|tour_len=933|end_dist=19842243
PACKLOG|try=0|th=0.733355481|de=0.237760811|ga=0.028883709
PACKLOG|try=0|profit=4432400|weight=7228239
PACKLOG|try=1|th=0.177440355|de=0.430678649|ga=0.391880996
PACKLOG|try=1|profit=4386312|weight=7708368
PACKLOG|best|profit=4432400|weight=7228239
PACKLOG|call=2102|tour_len=928|end_dist=19578055
PACKLOG|try=0|th=0.528964485|de=0.111852287|ga=0.359183228
PACKLOG|try=0|profit=4457095|weight=7593978
PACKLOG|try=1|th=0.253352362|de=0.144315962|ga=0.602331675
PACKLOG|try=1|profit=4387738|weight=7773765
PACKLOG|best|profit=4457095|weight=7593978
PACKLOG|call=2103|tour_len=928|end_dist=19578055
PACKLOG|try=0|th=0.247293476|de=0.740500243|ga=0.012206280
PACKLOG|try=0|profit=4439222|weight=7324703
PACKLOG|try=1|th=0.228233290|de=0.311783483|ga=0.459983226
PACKLOG|try=1|profit=4406925|weight=7751646
PACKLOG|best|profit=4439222|weight=7324703
PACKLOG|call=2104|tour_len=928|end_dist=19578055
PACKLOG|try=0|th=0.368434603|de=0.127610923|ga=0.503954474
PACKLOG|try=0|profit=4433246|weight=7706438
PACKLOG|try=1|th=0.004857051|de=0.158130243|ga=0.837012706
PACKLOG|try=1|profit=4054528|weight=8099039
PACKLOG|best|profit=4433246|weight=7706438
PACKLOG|call=2105|tour_len=928|end_dist=19578055
PACKLOG|try=0|th=0.348291704|de=0.432500196|ga=0.219208100
PACKLOG|try=0|profit=4458138|weight=7576877
PACKLOG|try=1|th=0.220873358|de=0.392929309|ga=0.386197333
PACKLOG|try=1|profit=4418141|weight=7736538
PACKLOG|best|profit=4458138|weight=7576877
PACKLOG|call=2106|tour_len=928|end_dist=19578055
PACKLOG|try=0|th=0.562489796|de=0.281680152|ga=0.155830052
PACKLOG|try=0|profit=4456323|weight=7459306
PACKLOG|try=1|th=0.187912744|de=0.437381262|ga=0.374705994
PACKLOG|try=1|profit=4407308|weight=7751648
PACKLOG|best|profit=4456323|weight=7459306
PACKLOG|call=2107|tour_len=928|end_dist=19578055
PACKLOG|try=0|th=0.108065332|de=0.361895155|ga=0.530039513
PACKLOG|try=0|profit=4272566|weight=7833923
PACKLOG|try=1|th=0.343233839|de=0.593073246|ga=0.063692915
PACKLOG|try=1|profit=4451680|weight=7410052
PACKLOG|best|profit=4451680|weight=7410052
PACKLOG|call=2108|tour_len=928|end_dist=19578055
PACKLOG|try=0|th=0.070686895|de=0.526804780|ga=0.402508325
PACKLOG|try=0|profit=4243840|weight=7847915
PACKLOG|try=1|th=0.342183331|de=0.354110901|ga=0.303705768
PACKLOG|try=1|profit=4451299|weight=7649219
PACKLOG|best|profit=4451299|weight=7649219
PACKLOG|call=2109|tour_len=928|end_dist=19578055
PACKLOG|try=0|th=0.050528566|de=0.941390957|ga=0.008080477
PACKLOG|try=0|profit=4449999|weight=7400754
PACKLOG|try=1|th=0.048535947|de=0.910304145|ga=0.041159908
PACKLOG|try=1|profit=4451950|weight=7642970
PACKLOG|best|profit=4451950|weight=7642970
PACKLOG|call=2110|tour_len=928|end_dist=19578055
PACKLOG|try=0|th=0.402749184|de=0.365403081|ga=0.231847736
PACKLOG|try=0|profit=4458751|weight=7566828
PACKLOG|try=1|th=0.515236991|de=0.020335761|ga=0.464427249
PACKLOG|try=1|profit=4450849|weight=7650242
PACKLOG|best|profit=4458751|weight=7566828
PACKLOG|call=2111|tour_len=928|end_dist=19578055
PACKLOG|try=0|th=0.393759746|de=0.255503337|ga=0.350736916
PACKLOG|try=0|profit=4451181|weight=7649220
PACKLOG|try=1|th=0.289376395|de=0.209206630|ga=0.501416976
PACKLOG|try=1|profit=4418527|weight=7735541
PACKLOG|best|profit=4451181|weight=7649220
PACKLOG|call=2112|tour_len=928|end_dist=19578055
PACKLOG|try=0|th=0.252035872|de=0.100303361|ga=0.647660767
PACKLOG|try=0|profit=4379071|weight=7781775
PACKLOG|try=1|th=0.441475157|de=0.430109367|ga=0.128415476
PACKLOG|try=1|profit=4457049|weight=7469351
PACKLOG|best|profit=4457049|weight=7469351
PACKLOG|call=2113|tour_len=933|end_dist=19842243
PACKLOG|try=0|th=0.037477388|de=0.308938837|ga=0.653583775
PACKLOG|try=0|profit=4101715|weight=7978531
PACKLOG|try=1|th=0.135796861|de=0.467069231|ga=0.397133908
PACKLOG|try=1|profit=4345876|weight=7742547
PACKLOG|best|profit=4345876|weight=7742547
PACKLOG|call=2114|tour_len=928|end_dist=19578055
PACKLOG|try=0|th=0.268084057|de=0.391439700|ga=0.340476243
PACKLOG|try=0|profit=4437430|weight=7697399
PACKLOG|try=1|th=0.194553340|de=0.320675580|ga=0.484771081
PACKLOG|try=1|profit=4381714|weight=7779768
PACKLOG|best|profit=4437430|weight=7697399
PACKLOG|call=2115|tour_len=928|end_dist=19578055
PACKLOG|try=0|th=0.235470667|de=0.295861809|ga=0.468667524
PACKLOG|try=0|profit=4407308|weight=7751648
PACKLOG|try=1|th=0.193727865|de=0.293966714|ga=0.512305420
PACKLOG|try=1|profit=4374975|weight=7784751
PACKLOG|best|profit=4407308|weight=7751648
PACKLOG|call=2116|tour_len=902|end_dist=18891259
PACKLOG|try=0|th=0.593885032|de=0.156973601|ga=0.249141367
PACKLOG|try=0|profit=4401609|weight=7706450
PACKLOG|try=1|th=0.418184407|de=0.276935191|ga=0.304880402
PACKLOG|try=1|profit=4399260|weight=7787799
PACKLOG|best|profit=4401609|weight=7706450
PACKLOG|call=2117|tour_len=928|end_dist=19578055
PACKLOG|try=0|th=0.660944695|de=0.168040012|ga=0.171015293
PACKLOG|try=0|profit=4455663|weight=7451262
PACKLOG|try=1|th=0.252520747|de=0.599627022|ga=0.147852230
PACKLOG|try=1|profit=4458627|weight=7567808
PACKLOG|best|profit=4458627|weight=7567808
PACKLOG|call=2118|tour_len=928|end_dist=19578055
PACKLOG|try=0|th=0.313716684|de=0.238371256|ga=0.447912060
PACKLOG|try=0|profit=4430669|weight=7712450
PACKLOG|try=1|th=0.196133724|de=0.191359765|ga=0.612506511
PACKLOG|try=1|profit=4353416|weight=7799811
PACKLOG|best|profit=4430669|weight=7712450
PACKLOG|call=2119|tour_len=928|end_dist=19578055
PACKLOG|try=0|th=0.311468192|de=0.338449154|ga=0.350082654
PACKLOG|try=0|profit=4443916|weight=7678342
PACKLOG|try=1|th=0.585155400|de=0.034655617|ga=0.380188982
PACKLOG|try=1|profit=4457670|weight=7582912
PACKLOG|best|profit=4457670|weight=7582912
PACKLOG|call=2120|tour_len=928|end_dist=19578055
PACKLOG|try=0|th=0.049486731|de=0.278598306|ga=0.671914964
PACKLOG|try=0|profit=4137617|weight=7986588
PACKLOG|try=1|th=0.140874428|de=0.440202652|ga=0.418922920
PACKLOG|try=1|profit=4359518|weight=7796779
PACKLOG|best|profit=4359518|weight=7796779
PACKLOG|call=2121|tour_len=928|end_dist=19578055
PACKLOG|try=0|th=0.208836364|de=0.349919189|ga=0.441244447
PACKLOG|try=0|profit=4401070|weight=7758660
PACKLOG|try=1|th=0.285306035|de=0.193961617|ga=0.520732348
PACKLOG|try=1|profit=4414152|weight=7741588
PACKLOG|best|profit=4414152|weight=7741588
PACKLOG|call=2122|tour_len=928|end_dist=19578055
PACKLOG|try=0|th=0.294185383|de=0.360737239|ga=0.345077378
PACKLOG|try=0|profit=4441517|weight=7684379
PACKLOG|try=1|th=0.357600331|de=0.518202911|ga=0.124196758
PACKLOG|try=1|profit=4458695|weight=7497476
PACKLOG|best|profit=4458695|weight=7497476
PACKLOG|call=2123|tour_len=928|end_dist=19578055
PACKLOG|try=0|th=0.066594228|de=0.724644856|ga=0.208760916
PACKLOG|try=0|profit=4353396|weight=7799734
PACKLOG|try=1|th=0.033230705|de=0.269779416|ga=0.696989879
PACKLOG|try=1|profit=4103566|weight=8019725
PACKLOG|best|profit=4353396|weight=7799734
PACKLOG|call=2124|tour_len=925|end_dist=19462419
PACKLOG|try=0|th=0.115675424|de=0.024157516|ga=0.860167060
PACKLOG|try=0|profit=4203121|weight=7898209
PACKLOG|try=1|th=0.441782373|de=0.234584319|ga=0.323633308
PACKLOG|try=1|profit=4454348|weight=7643217
PACKLOG|best|profit=4454348|weight=7643217
PACKLOG|call=2125|tour_len=928|end_dist=19578055
PACKLOG|try=0|th=0.014690153|de=0.820636946|ga=0.164672901
PACKLOG|try=0|profit=4137618|weight=7929975
PACKLOG|try=1|th=0.732967450|de=0.228138808|ga=0.038893742
PACKLOG|try=1|profit=4439631|weight=7327754
PACKLOG|best|profit=4439631|weight=7327754
PACKLOG|call=2126|tour_len=928|end_dist=19578055
PACKLOG|try=0|th=0.146526354|de=0.423921822|ga=0.429551824
PACKLOG|try=0|profit=4362374|weight=7794770
PACKLOG|try=1|th=0.152360586|de=0.324237445|ga=0.523401969
PACKLOG|try=1|profit=4339971|weight=7806856
PACKLOG|best|profit=4362374|weight=7794770
PACKLOG|call=2127|tour_len=928|end_dist=19578055
PACKLOG|try=0|th=0.226678013|de=0.367921043|ga=0.405400944
PACKLOG|try=0|profit=4415867|weight=7739553
PACKLOG|try=1|th=0.328594277|de=0.498945563|ga=0.172460160
PACKLOG|try=1|profit=4459218|weight=7548761
PACKLOG|best|profit=4459218|weight=7548761
PACKLOG|call=2128|tour_len=933|end_dist=19842243
PACKLOG|try=0|th=0.356470810|de=0.298060610|ga=0.345468580
PACKLOG|try=0|profit=4445254|weight=7594963
PACKLOG|try=1|th=0.524845064|de=0.208445797|ga=0.266709139
PACKLOG|try=1|profit=4456850|weight=7469374
PACKLOG|best|profit=4456850|weight=7469374
PACKLOG|call=2129|tour_len=933|end_dist=19842243
PACKLOG|try=0|th=0.307034706|de=0.528852898|ga=0.164112397
PACKLOG|try=0|profit=4456557|weight=7474393
PACKLOG|try=1|th=0.313251508|de=0.578603568|ga=0.108144924
PACKLOG|try=1|profit=4455643|weight=7413084
PACKLOG|best|profit=4456557|weight=7474393
PACKLOG|call=2130|tour_len=928|end_dist=19578055
PACKLOG|try=0|th=0.005941340|de=0.230171910|ga=0.763886751
PACKLOG|try=0|profit=4060988|weight=8095008
PACKLOG|try=1|th=0.496087147|de=0.388990639|ga=0.114922214
PACKLOG|try=1|profit=4454594|weight=7439206
PACKLOG|best|profit=4454594|weight=7439206
PACKLOG|call=2131|tour_len=928|end_dist=19578055
PACKLOG|try=0|th=0.311963802|de=0.572095273|ga=0.115940925
PACKLOG|try=0|profit=4458891|weight=7500489
PACKLOG|try=1|th=0.417140341|de=0.504847420|ga=0.078012239
PACKLOG|try=1|profit=4451914|weight=7413083
PACKLOG|best|profit=4458891|weight=7500489
PACKLOG|call=2132|tour_len=928|end_dist=19578055
PACKLOG|try=0|th=0.095969811|de=0.319715331|ga=0.584314857
PACKLOG|try=0|profit=4226965|weight=7851959
PACKLOG|try=1|th=0.197679570|de=0.165278600|ga=0.637041829
PACKLOG|try=1|profit=4348309|weight=7802858
PACKLOG|best|profit=4348309|weight=7802858
PACKLOG|call=2133|tour_len=928|end_dist=19578055
PACKLOG|try=0|th=0.260491132|de=0.536769426|ga=0.202739441
PACKLOG|try=0|profit=4453970|weight=7628114
PACKLOG|try=1|th=0.346702677|de=0.395399027|ga=0.257898295
PACKLOG|try=1|profit=4455063|weight=7617062
PACKLOG|best|profit=4455063|weight=7617062
PACKLOG|call=2134|tour_len=928|end_dist=19578055
PACKLOG|try=0|th=0.155355994|de=0.375709511|ga=0.468934495
PACKLOG|try=0|profit=4357462|weight=7797781
PACKLOG|try=1|th=0.154148263|de=0.615423086|ga=0.230428651
PACKLOG|try=1|profit=4427053|weight=7719435
PACKLOG|best|profit=4427053|weight=7719435
PACKLOG|call=2135|tour_len=928|end_dist=19578055
PACKLOG|try=0|th=0.366818045|de=0.389661635|ga=0.243520319
PACKLOG|try=0|profit=4457366|weight=7588943
PACKLOG|try=1|th=0.425352690|de=0.499880105|ga=0.074767205
PACKLOG|try=1|profit=4451326|weight=7408055
PACKLOG|best|profit=4457366|weight=7588943
PACKLOG|call=2136|tour_len=928|end_dist=19578055
PACKLOG|try=0|th=0.302011881|de=0.637778890|ga=0.060209228
PACKLOG|try=0|profit=4452265|weight=7416080
PACKLOG|try=1|th=0.376953525|de=0.194929057|ga=0.428117418
PACKLOG|try=1|profit=4443321|weight=7679348
PACKLOG|best|profit=4452265|weight=7416080
PACKLOG|call=2137|tour_len=928|end_dist=19578055
PACKLOG|try=0|th=0.130531477|de=0.381129972|ga=0.488338551
PACKLOG|try=0|profit=4321547|weight=7813915
PACKLOG|try=1|th=0.178386523|de=0.256516585|ga=0.565096892
PACKLOG|try=1|profit=4350141|weight=7801839
PACKLOG|best|profit=4350141|weight=7801839
PACKLOG|call=2138|tour_len=930|end_dist=19726607
PACKLOG|try=0|th=0.037528212|de=0.256599398|ga=0.705872390
PACKLOG|try=0|profit=4098941|weight=7990599
PACKLOG|try=1|th=0.373230001|de=0.200822447|ga=0.425947553
PACKLOG|try=1|profit=4438724|weight=7643170
PACKLOG|best|profit=4438724|weight=7643170
PACKLOG|call=2139|tour_len=886|end_dist=19063179
PACKLOG|try=0|th=0.008277089|de=0.449126100|ga=0.542596811
PACKLOG|try=0|profit=4017309|weight=7954402
PACKLOG|try=1|th=0.216243324|de=0.329379565|ga=0.454377111
PACKLOG|try=1|profit=4310445|weight=7745640
PACKLOG|best|profit=4310445|weight=7745640
PACKLOG|call=2140|tour_len=928|end_dist=19578055
PACKLOG|try=0|th=0.172465779|de=0.560170930|ga=0.267363290
PACKLOG|try=0|profit=4424369|weight=7724470
PACKLOG|try=1|th=0.374180300|de=0.512698110|ga=0.113121589
PACKLOG|try=1|profit=4457383|weight=7474358
PACKLOG|best|profit=4457383|weight=7474358
PACKLOG|call=2141|tour_len=928|end_dist=19578055
PACKLOG|try=0|th=0.334757482|de=0.354965401|ga=0.310277117
PACKLOG|try=0|profit=4450173|weight=7653252
PACKLOG|try=1|th=0.698631360|de=0.299639715|ga=0.001728925
PACKLOG|try=1|profit=4432680|weight=7292619
PACKLOG|best|profit=4450173|weight=7653252
PACKLOG|call=2142|tour_len=928|end_dist=19582632
PACKLOG|try=0|th=0.224352994|de=0.345662206|ga=0.429984800
PACKLOG|try=0|profit=4409697|weight=7746618
PACKLOG|try=1|th=0.366837030|de=0.341635813|ga=0.291527157
PACKLOG|try=1|profit=4453079|weight=7633144
PACKLOG|best|profit=4453079|weight=7633144
PACKLOG|call=2143|tour_len=928|end_dist=19578055
PACKLOG|try=0|th=0.653927487|de=0.198982193|ga=0.147090320
PACKLOG|try=0|profit=4454021|weight=7432183
PACKLOG|try=1|th=0.355446511|de=0.074627945|ga=0.569925544
PACKLOG|try=1|profit=4422873|weight=7727511
PACKLOG|best|profit=4454021|weight=7432183
PACKLOG|call=2144|tour_len=928|end_dist=19578055
PACKLOG|try=0|th=0.403130522|de=0.470028313|ga=0.126841165
PACKLOG|try=0|profit=4457776|weight=7480400
PACKLOG|try=1|th=0.359608118|de=0.383442467|ga=0.256949415
PACKLOG|try=1|profit=4456103|weight=7608039
PACKLOG|best|profit=4457776|weight=7480400
PACKLOG|call=2145|tour_len=928|end_dist=19578055
PACKLOG|try=0|th=0.546578415|de=0.050125289|ga=0.403296296
PACKLOG|try=0|profit=4455324|weight=7616072
PACKLOG|try=1|th=0.492926752|de=0.444857792|ga=0.062215456
PACKLOG|try=1|profit=4447952|weight=7380968
PACKLOG|best|profit=4455324|weight=7616072
PACKLOG|call=2146|tour_len=925|end_dist=19429359
PACKLOG|try=0|th=0.356257483|de=0.369376009|ga=0.274366508
PACKLOG|try=0|profit=4457503|weight=7670338
PACKLOG|try=1|th=0.252071171|de=0.261258287|ga=0.486670542
PACKLOG|try=1|profit=4416400|weight=7787805
PACKLOG|best|profit=4457503|weight=7670338
PACKLOG|call=2147|tour_len=928|end_dist=19578055
PACKLOG|try=0|th=0.335349888|de=0.396811941|ga=0.267838171
PACKLOG|try=0|profit=4453477|weight=7635146
PACKLOG|try=1|th=0.250067848|de=0.576699885|ga=0.173232267
PACKLOG|try=1|profit=4456635|weight=7599976
PACKLOG|best|profit=4456635|weight=7599976
PACKLOG|call=2148|tour_len=928|end_dist=19578055
PACKLOG|try=0|th=0.484786000|de=0.322593162|ga=0.192620838
PACKLOG|try=0|profit=4459148|weight=7509565
PACKLOG|try=1|th=0.491811758|de=0.315000677|ga=0.193187565
PACKLOG|try=1|profit=4459114|weight=7508556
PACKLOG|best|profit=4459148|weight=7509565
PACKLOG|call=2149|tour_len=933|end_dist=19842243
PACKLOG|try=0|th=0.247691505|de=0.361296723|ga=0.391011772
PACKLOG|try=0|profit=4417159|weight=7666255
PACKLOG|try=1|th=0.145930133|de=0.407527193|ga=0.446542674
PACKLOG|try=1|profit=4340529|weight=7745570
PACKLOG|best|profit=4417159|weight=7666255
PACKLOG|call=2150|tour_len=928|end_dist=19578055
PACKLOG|try=0|th=0.539198833|de=0.016844591|ga=0.443956577
PACKLOG|try=0|profit=4452669|weight=7640191
PACKLOG|try=1|th=0.439628250|de=0.422156946|ga=0.138214803
PACKLOG|try=1|profit=4457776|weight=7480400
PACKLOG|best|profit=4457776|weight=7480400
PACKLOG|call=2151|tour_len=928|end_dist=19578055
PACKLOG|try=0|th=0.202599278|de=0.675766804|ga=0.121633917
PACKLOG|try=0|profit=4458488|weight=7570820
PACKLOG|try=1|th=0.311208189|de=0.336904873|ga=0.351886937
PACKLOG|try=1|profit=4443692|weight=7678340
PACKLOG|best|profit=4458488|weight=7570820
PACKLOG|call=2152|tour_len=928|end_dist=19578055
PACKLOG|try=0|th=0.427676819|de=0.160297470|ga=0.412025711
PACKLOG|try=0|profit=4448931|weight=7660303
PACKLOG|try=1|th=0.470055858|de=0.414027065|ga=0.115917076
PACKLOG|try=1|profit=4455208|weight=7445221
PACKLOG|best|profit=4455208|weight=7445221
PACKLOG|call=2153|tour_len=928|end_dist=19578055
PACKLOG|try=0|th=0.243195372|de=0.099598616|ga=0.657206012
PACKLOG|try=0|profit=4372174|weight=7786755
PACKLOG|try=1|th=0.368720388|de=0.391878404|ga=0.239401208
PACKLOG|try=1|profit=4457716|weight=7581900
PACKLOG|best|profit=4457716|weight=7581900
PACKLOG|call=2154|tour_len=928|end_dist=19578055
PACKLOG|try=0|th=0.528765954|de=0.313180372|ga=0.158053674
PACKLOG|try=0|profit=4457216|weight=7471351
PACKLOG|try=1|th=0.375873619|de=0.228669799|ga=0.395456582
PACKLOG|try=1|profit=4446187|weight=7669324
PACKLOG|best|profit=4457216|weight=7471351
PACKLOG|call=2155|tour_len=930|end_dist=19625166
PACKLOG|try=0|th=0.396964193|de=0.431698965|ga=0.171336843
PACKLOG|try=0|profit=4463104|weight=7507554
PACKLOG|try=1|th=0.308581787|de=0.387097340|ga=0.304320873
PACKLOG|try=1|profit=4451314|weight=7654265
PACKLOG|best|profit=4463104|weight=7507554
PACKLOG|call=2156|tour_len=933|end_dist=19842243
PACKLOG|try=0|th=0.296018181|de=0.491250213|ga=0.212731606
PACKLOG|try=0|profit=4453362|weight=7536686
PACKLOG|try=1|th=0.358537784|de=0.254148081|ga=0.387314135
PACKLOG|try=1|profit=4440557|weight=7610049
PACKLOG|best|profit=4453362|weight=7536686
PACKLOG|call=2157|tour_len=928|end_dist=19578055
PACKLOG|try=0|th=0.327427199|de=0.472571790|ga=0.200001011
PACKLOG|try=0|profit=4458438|weight=7571849
PACKLOG|try=1|th=0.603453693|de=0.068462208|ga=0.328084100
PACKLOG|try=1|profit=4459057|weight=7555810
PACKLOG|best|profit=4459057|weight=7555810
PACKLOG|call=2158|tour_len=928|end_dist=19578055
PACKLOG|try=0|th=0.471747236|de=0.243049864|ga=0.285202900
PACKLOG|try=0|profit=4458470|weight=7571858
PACKLOG|try=1|th=0.174742537|de=0.438034659|ga=0.387222803
PACKLOG|try=1|profit=4395135|weight=7766717
PACKLOG|best|profit=4458470|weight=7571858
PACKLOG|call=2159|tour_len=925|end_dist=19462419
PACKLOG|try=0|th=0.230468390|de=0.593618319|ga=0.175913290
PACKLOG|try=0|profit=4453483|weight=7651227
PACKLOG|try=1|th=0.484241790|de=0.345278565|ga=0.170479646
PACKLOG|try=1|profit=4457461|weight=7530627
PACKLOG|best|profit=4457461|weight=7530627
PACKLOG|call=2160|tour_len=928|end_dist=19578055
PACKLOG|try=0|th=0.487141618|de=0.182610625|ga=0.330247756
PACKLOG|try=0|profit=4457079|weight=7594981
PACKLOG|try=1|th=0.301926039|de=0.343826007|ga=0.354247954
PACKLOG|try=1|profit=4441517|weight=7684379
PACKLOG|best|profit=4457079|weight=7594981
PACKLOG|call=2161|tour_len=933|end_dist=19842243
PACKLOG|try=0|th=0.427638538|de=0.571450641|ga=0.000910821
PACKLOG|try=0|profit=4424311|weight=7189088
PACKLOG|try=1|th=0.422463762|de=0.357061121|ga=0.220475117
PACKLOG|try=1|profit=4456741|weight=7473399
PACKLOG|best|profit=4456741|weight=7473399
PACKLOG|call=2162|tour_len=931|end_dist=19646258
PACKLOG|try=0|th=0.297874683|de=0.404544432|ga=0.297580885
PACKLOG|try=0|profit=4451146|weight=7650227
PACKLOG|try=1|th=0.158902934|de=0.333309057|ga=0.507788009
PACKLOG|try=1|profit=4348942|weight=7789756
PACKLOG|best|profit=4451146|weight=7650227
PACKLOG|call=2163|tour_len=928|end_dist=19578055
PACKLOG|try=0|th=0.313595503|de=0.465182729|ga=0.221221768
PACKLOG|try=0|profit=4456212|weight=7607026
PACKLOG|try=1|th=0.125165358|de=0.664240282|ga=0.210594361
PACKLOG|try=1|profit=4420882|weight=7731484
PACKLOG|best|profit=4456212|weight=7607026
PACKLOG|call=2164|tour_len=933|end_dist=19842243
PACKLOG|try=0|th=0.233562329|de=0.334887577|ga=0.431550093
PACKLOG|try=0|profit=4405733|weight=7685295
PACKLOG|try=1|th=0.729327617|de=0.174736871|ga=0.095935512
PACKLOG|try=1|profit=4443364|weight=7292566
PACKLOG|best|profit=4443364|weight=7292566
PACKLOG|call=2165|tour_len=928|end_dist=19578055
PACKLOG|try=0|th=0.079544162|de=0.696204169|ga=0.224251669
PACKLOG|try=0|profit=4366256|weight=7790693
PACKLOG|try=1|th=0.063867857|de=0.508863753|ga=0.427268390
PACKLOG|try=1|profit=4210895|weight=7865955
PACKLOG|best|profit=4366256|weight=7790693
PACKLOG|call=2166|tour_len=928|end_dist=19578055
PACKLOG|try=0|th=0.119880115|de=0.521805207|ga=0.358314678
PACKLOG|try=0|profit=4359158|weight=7796775
PACKLOG|try=1|th=0.315116225|de=0.157942628|ga=0.526941147
PACKLOG|try=1|profit=4421106|weight=7729519
PACKLOG|best|profit=4421106|weight=7729519
PACKLOG|call=2167|tour_len=928|end_dist=19578055
PACKLOG|try=0|th=0.285925278|de=0.147995004|ga=0.566079717
PACKLOG|try=0|profit=4407531|weight=7750648
PACKLOG|try=1|th=0.450347968|de=0.332957799|ga=0.216694234
PACKLOG|try=1|profit=4459407|weight=7536714
PACKLOG|best|profit=4459407|weight=7536714
PACKLOG|call=2168|tour_len=928|end_dist=19578055
PACKLOG|try=0|th=0.032917080|de=0.629888183|ga=0.337194737
PACKLOG|try=0|profit=4154223|weight=7937243
PACKLOG|try=1|th=0.363774449|de=0.032931578|ga=0.603293973
PACKLOG|try=1|profit=4421498|weight=7730539
PACKLOG|best|profit=4421498|weight=7730539
PACKLOG|call=2169|tour_len=928|end_dist=19578055
PACKLOG|try=0|th=0.362742941|de=0.180004134|ga=0.457252924
PACKLOG|try=0|profit=4437778|weight=7696405
PACKLOG|try=1|th=0.240181668|de=0.324157833|ga=0.435660498
PACKLOG|try=1|profit=4414973|weight=7741571
PACKLOG|best|profit=4437778|weight=7696405
PACKLOG|call=2170|tour_len=925|end_dist=19462419
PACKLOG|try=0|th=0.179006736|de=0.706648501|ga=0.114344763
PACKLOG|try=0|profit=4456714|weight=7609012
PACKLOG|try=1|th=0.173101692|de=0.270281032|ga=0.556617276
PACKLOG|try=1|profit=4353924|weight=7822939
PACKLOG|best|profit=4456714|weight=7609012
PACKLOG|call=2171|tour_len=928|end_dist=19578055
PACKLOG|try=0|th=0.198488718|de=0.058450155|ga=0.743061127
PACKLOG|try=0|profit=4321608|weight=7813945
PACKLOG|try=1|th=0.356581366|de=0.136953631|ga=0.506465002
PACKLOG|try=1|profit=4431003|weight=7711448
PACKLOG|best|profit=4431003|weight=7711448
PACKLOG|call=2172|tour_len=925|end_dist=19462419
PACKLOG|try=0|th=0.239265209|de=0.427541173|ga=0.333193618
PACKLOG|try=0|profit=4432438|weight=7733539
PACKLOG|try=1|th=0.419446391|de=0.177160749|ga=0.403392860
PACKLOG|try=1|profit=4448273|weight=7686407
PACKLOG|best|profit=4448273|weight=7686407
PACKLOG|call=2173|tour_len=928|end_dist=19578055
PACKLOG|try=0|th=0.414873326|de=0.198783983|ga=0.386342691
PACKLOG|try=0|profit=4450016|weight=7655264
PACKLOG|try=1|th=0.218952671|de=0.528288344|ga=0.252758985
PACKLOG|try=1|profit=4442784|weight=7681342
PACKLOG|best|profit=4450016|weight=7655264
PACKLOG|call=2174|tour_len=933|end_dist=19834606
PACKLOG|try=0|th=0.136924597|de=0.117439700|ga=0.745635703
PACKLOG|try=0|profit=4231634|weight=7804768
PACKLOG|try=1|th=0.353252365|de=0.553517586|ga=0.093230049
PACKLOG|try=1|profit=4453843|weight=7374914
PACKLOG|best|profit=4453843|weight=7374914
PACKLOG|call=2175|tour_len=925|end_dist=19462419
PACKLOG|try=0|th=0.427481169|de=0.324590640|ga=0.247928191
PACKLOG|try=0|profit=4457345|weight=7596985
PACKLOG|try=1|th=0.554808627|de=0.338597634|ga=0.106593738
PACKLOG|try=1|profit=4451585|weight=7453291
PACKLOG|best|profit=4457345|weight=7596985
PACKLOG|call=2176|tour_len=933|end_dist=19842243
PACKLOG|try=0|th=0.182679672|de=0.694312995|ga=0.123007333
PACKLOG|try=0|profit=4454469|weight=7516532
PACKLOG|try=1|th=0.780558055|de=0.140844742|ga=0.078597203
PACKLOG|try=1|profit=4439273|weight=7265412
PACKLOG|best|profit=4454469|weight=7516532
PACKLOG|call=2177|tour_len=928|end_dist=19578055
PACKLOG|try=0|th=0.613676662|de=0.129564636|ga=0.256758703
PACKLOG|try=0|profit=4459292|weight=7517619
PACKLOG|try=1|th=0.050273714|de=0.100955079|ga=0.848771207
PACKLOG|try=1|profit=4116711|weight=8000645
PACKLOG|best|profit=4459292|weight=7517619
PACKLOG|call=2178|tour_len=925|end_dist=19462419
PACKLOG|try=0|th=0.044717863|de=0.660121774|ga=0.295160363
PACKLOG|try=0|profit=4224921|weight=7879958
PACKLOG|try=1|th=0.269870718|de=0.165608859|ga=0.564520423
PACKLOG|try=1|profit=4404857|weight=7779807
PACKLOG|best|profit=4404857|weight=7779807
PACKLOG|call=2179|tour_len=934|end_dist=20098184
PACKLOG|try=0|th=0.544203701|de=0.389494951|ga=0.066301348
PACKLOG|try=0|profit=4430501|weight=7220225
PACKLOG|try=1|th=0.652696409|de=0.113691586|ga=0.233612005
PACKLOG|try=1|profit=4445228|weight=7358848
PACKLOG|best|profit=4445228|weight=7358848
PACKLOG|call=2180|tour_len=928|end_dist=19578055
PACKLOG|try=0|th=0.184851658|de=0.231009015|ga=0.584139327
PACKLOG|try=0|profit=4350679|weight=7801849
PACKLOG|try=1|th=0.432271099|de=0.401742522|ga=0.165986380
PACKLOG|try=1|profit=4459014|weight=7505524
PACKLOG|best|profit=4459014|weight=7505524
PACKLOG|call=2181|tour_len=928|end_dist=19578055
PACKLOG|try=0|th=0.056070746|de=0.474987963|ga=0.468941291
PACKLOG|try=0|profit=4181370|weight=7912194
PACKLOG|try=1|th=0.389985999|de=0.181577405|ga=0.428436596
PACKLOG|try=1|profit=4444704|weight=7675345
PACKLOG|best|profit=4444704|weight=7675345
PACKLOG|call=2182|tour_len=928|end_dist=19578055
PACKLOG|try=0|th=0.365767468|de=0.307088789|ga=0.327143742
PACKLOG|try=0|profit=4451181|weight=7649220
PACKLOG|try=1|th=0.378884512|de=0.391626899|ga=0.229488589
PACKLOG|try=1|profit=4458503|weight=7570843
PACKLOG|best|profit=4458503|weight=7570843
PACKLOG|call=2183|tour_len=928|end_dist=19578055
PACKLOG|try=0|th=0.033942395|de=0.569701646|ga=0.396355959
PACKLOG|try=0|profit=4141412|weight=7956396
PACKLOG|try=1|th=0.127565712|de=0.192447890|ga=0.679986397
PACKLOG|try=1|profit=4256688|weight=7840956
PACKLOG|best|profit=4256688|weight=7840956
PACKLOG|call=2184|tour_len=928|end_dist=19578055
PACKLOG|try=0|th=0.527965525|de=0.091207820|ga=0.380826654
PACKLOG|try=0|profit=4455841|weight=7611070
PACKLOG|try=1|th=0.491257113|de=0.221863688|ga=0.286879198
PACKLOG|try=1|profit=4458714|weight=7567841
PACKLOG|best|profit=4458714|weight=7567841
PACKLOG|call=2185|tour_len=928|end_dist=19578055
PACKLOG|try=0|th=0.483529931|de=0.391807777|ga=0.124662292
PACKLOG|try=0|profit=4455691|weight=7452245
PACKLOG|try=1|th=0.382095737|de=0.208547800|ga=0.409356463
PACKLOG|try=1|profit=4445419|weight=7672336
PACKLOG|best|profit=4455691|weight=7452245
PACKLOG|call=2186|tour_len=928|end_dist=19578055
PACKLOG|try=0|th=0.333923246|de=0.325953188|ga=0.340123566
PACKLOG|try=0|profit=4447185|weight=7666323
PACKLOG|try=1|th=0.407309816|de=0.269788675|ga=0.322901509
PACKLOG|try=1|profit=4453508|weight=7634144
PACKLOG|best|profit=4453508|weight=7634144
PACKLOG|call=2187|tour_len=928|end_dist=19578055
PACKLOG|try=0|th=0.398455390|de=0.321748263|ga=0.279796347
PACKLOG|try=0|profit=4456454|weight=7602007
PACKLOG|try=1|th=0.389655268|de=0.108906805|ga=0.501437928
PACKLOG|try=1|profit=4436677|weight=7699413
PACKLOG|best|profit=4456454|weight=7602007
PACKLOG|call=2188|tour_len=928|end_dist=19578055
PACKLOG|try=0|th=0.393478535|de=0.436458421|ga=0.170063044
PACKLOG|try=0|profit=4459384|weight=7523639
PACKLOG|try=1|th=0.293232058|de=0.493273385|ga=0.213494557
PACKLOG|try=1|profit=4455652|weight=7613042
PACKLOG|best|profit=4459384|weight=7523639
PACKLOG|call=2189|tour_len=928|end_dist=19578055
PACKLOG|try=0|th=0.414319572|de=0.408714888|ga=0.176965540
PACKLOG|try=0|profit=4459259|weight=7518622
PACKLOG|try=1|th=0.362351075|de=0.470450164|ga=0.167198761
PACKLOG|try=1|profit=4459454|weight=7532693
PACKLOG|best|profit=4459454|weight=7532693
PACKLOG|call=2190|tour_len=933|end_dist=19842243
PACKLOG|try=0|th=0.241867727|de=0.647365915|ga=0.110766359
PACKLOG|try=0|profit=4456807|weight=7451261
PACKLOG|try=1|th=0.833496460|de=0.027227179|ga=0.139276361
PACKLOG|try=1|profit=4447137|weight=7318670
PACKLOG|best|profit=4456807|weight=7451261
PACKLOG|call=2191|tour_len=928|end_dist=19578055
PACKLOG|try=0|th=0.323007915|de=0.621403327|ga=0.055588758
PACKLOG|try=0|profit=4450942|weight=7405025
PACKLOG|try=1|th=0.135737675|de=0.130557495|ga=0.733704829
PACKLOG|try=1|profit=4252704|weight=7841965
PACKLOG|best|profit=4450942|weight=7405025
PACKLOG|call=2192|tour_len=933|end_dist=19842243
PACKLOG|try=0|th=0.261827983|de=0.370019545|ga=0.368152472
PACKLOG|try=0|profit=4425352|weight=7651185
PACKLOG|try=1|th=0.329937332|de=0.243902315|ga=0.426160353
PACKLOG|try=1|profit=4430578|weight=7639167
PACKLOG|best|profit=4430578|weight=7639167
PACKLOG|call=2193|tour_len=933|end_dist=19842243
PACKLOG|try=0|th=0.279688944|de=0.375082528|ga=0.345228528
PACKLOG|try=0|profit=4433613|weight=7630107
PACKLOG|try=1|th=0.247117934|de=0.712381501|ga=0.040500565
PACKLOG|try=1|profit=4447247|weight=7320616
PACKLOG|best|profit=4447247|weight=7320616
PACKLOG|call=2194|tour_len=928|end_dist=19578055
PACKLOG|try=0|th=0.329111776|de=0.524650063|ga=0.146238162
PACKLOG|try=0|profit=4459398|weight=7524632
PACKLOG|try=1|th=0.459803346|de=0.123105799|ga=0.417090854
PACKLOG|try=1|profit=4450687|weight=7651253
PACKLOG|best|profit=4459398|weight=7524632
PACKLOG|call=2195|tour_len=928|end_dist=19578055
PACKLOG|try=0|th=0.154831758|de=0.367030565|ga=0.478137678
PACKLOG|try=0|profit=4354584|weight=7799805
PACKLOG|try=1|th=0.207237826|de=0.632352824|ga=0.160409349
PACKLOG|try=1|profit=4453981|weight=7627094
PACKLOG|best|profit=4453981|weight=7627094
PACKLOG|call=2196|tour_len=933|end_dist=19842243
PACKLOG|try=0|th=0.551559892|de=0.113377820|ga=0.335062288
PACKLOG|try=0|profit=4455500|weight=7503512
PACKLOG|try=1|th=0.453127645|de=0.136906796|ga=0.409965560
PACKLOG|try=1|profit=4447131|weight=7586932
PACKLOG|best|profit=4455500|weight=7503512
PACKLOG|call=2197|tour_len=925|end_dist=19462419
PACKLOG|try=0|th=0.086923423|de=0.819393988|ga=0.093682588
PACKLOG|try=0|profit=4444883|weight=7698348
PACKLOG|try=1|th=0.459685701|de=0.047847928|ga=0.492466371
PACKLOG|try=1|profit=4445328|weight=7696440
PACKLOG|best|profit=4445328|weight=7696440
PACKLOG|call=2198|tour_len=933|end_dist=19842243
PACKLOG|try=0|th=0.353834293|de=0.423802750|ga=0.222362957
PACKLOG|try=0|profit=4455073|weight=7509538
PACKLOG|try=1|th=0.441493251|de=0.195385841|ga=0.363120908
PACKLOG|try=1|profit=4450520|weight=7566872
PACKLOG|best|profit=4455073|weight=7509538
PACKLOG|call=2199|tour_len=928|end_dist=19578055
PACKLOG|try=0|th=0.131173476|de=0.436432011|ga=0.432394513
PACKLOG|try=0|profit=4345632|weight=7803841
PACKLOG|try=1|th=0.769027086|de=0.229548203|ga=0.001424711
PACKLOG|try=1|profit=4432680|weight=7292619
PACKLOG|best|profit=4432680|weight=7292619
PACKLOG|call=2200|tour_len=933|end_dist=19842243
PACKLOG|try=0|th=0.316660747|de=0.405570215|ga=0.277769039
PACKLOG|try=0|profit=4448089|weight=7582929
PACKLOG|try=1|th=0.284125976|de=0.340213683|ga=0.375660342
PACKLOG|try=1|profit=4428906|weight=7643159
PACKLOG|best|profit=4448089|weight=7582929
PACKLOG|call=2201|tour_len=928|end_dist=19578055
PACKLOG|try=0|th=0.280123583|de=0.496120881|ga=0.223755535
PACKLOG|try=0|profit=4453526|weight=7634140
PACKLOG|try=1|th=0.154499418|de=0.364288809|ga=0.481211773
PACKLOG|try=1|profit=4354053|weight=7799803
PACKLOG|best|profit=4453526|weight=7634140
PACKLOG|call=2202|tour_len=928|end_dist=19578055
PACKLOG|try=0|th=0.200044357|de=0.262938296|ga=0.537017347
PACKLOG|try=0|profit=4373543|weight=7785745
PACKLOG|try=1|th=0.433306201|de=0.514101518|ga=0.052592280
PACKLOG|try=1|profit=4446799|weight=7372946
PACKLOG|best|profit=4446799|weight=7372946
PACKLOG|call=2203|tour_len=928|end_dist=19578055
PACKLOG|try=0|th=0.345540046|de=0.294051602|ga=0.360408352
PACKLOG|try=0|profit=4446506|weight=7669335
PACKLOG|try=1|th=0.018212361|de=0.961028064|ga=0.020759576
PACKLOG|try=1|profit=4437526|weight=7683698
PACKLOG|best|profit=4446506|weight=7669335
PACKLOG|call=2204|tour_len=928|end_dist=19578055
PACKLOG|try=0|th=0.265075777|de=0.724861628|ga=0.010062596
PACKLOG|try=0|profit=4438064|weight=7318686
PACKLOG|try=1|th=0.210129194|de=0.403536639|ga=0.386334167
PACKLOG|try=1|profit=4413216|weight=7743584
PACKLOG|best|profit=4438064|weight=7318686
PACKLOG|call=2205|tour_len=925|end_dist=19462419
PACKLOG|try=0|th=0.300555383|de=0.201515194|ga=0.497929424
PACKLOG|try=0|profit=4422246|weight=7753627
PACKLOG|try=1|th=0.378247680|de=0.185635960|ga=0.436116359
PACKLOG|try=1|profit=4442225|weight=7707506
PACKLOG|best|profit=4442225|weight=7707506
PACKLOG|call=2206|tour_len=925|end_dist=19462419
PACKLOG|try=0|th=0.246593277|de=0.302356698|ga=0.451050025
PACKLOG|try=0|profit=4415423|weight=7765704
PACKLOG|try=1|th=0.235242073|de=0.255545339|ga=0.509212588
PACKLOG|try=1|profit=4400917|weight=7784845
PACKLOG|best|profit=4415423|weight=7765704
PACKLOG|call=2207|tour_len=928|end_dist=19578055
PACKLOG|try=0|th=0.810070303|de=0.064358895|ga=0.125570801
PACKLOG|try=0|profit=4450057|weight=7397036
PACKLOG|try=1|th=0.028960454|de=0.480879400|ga=0.490160146
PACKLOG|try=1|profit=4116096|weight=8001563
PACKLOG|best|profit=4450057|weight=7397036
PACKLOG|call=2208|tour_len=928|end_dist=19578055
PACKLOG|try=0|th=0.217904381|de=0.428360779|ga=0.353734840
PACKLOG|try=0|profit=4422283|weight=7728490
PACKLOG|try=1|th=0.383285792|de=0.362519105|ga=0.254195102
PACKLOG|try=1|profit=4457366|weight=7588943
PACKLOG|best|profit=4457366|weight=7588943
PACKLOG|call=2209|tour_len=928|end_dist=19578055
PACKLOG|try=0|th=0.367388002|de=0.088576838|ga=0.544035160
PACKLOG|try=0|profit=4427544|weight=7719480
PACKLOG|try=1|th=0.412070251|de=0.211828066|ga=0.376101683
PACKLOG|try=1|profit=4450408|weight=7653259
PACKLOG|best|profit=4450408|weight=7653259
PACKLOG|call=2210|tour_len=928|end_dist=19578055
PACKLOG|try=0|th=0.543806348|de=0.174789699|ga=0.281403954
PACKLOG|try=0|profit=4459209|weight=7544743
PACKLOG|try=1|th=0.210322128|de=0.469663599|ga=0.320014273
PACKLOG|try=1|profit=4425934|weight=7721473
PACKLOG|best|profit=4459209|weight=7544743
PACKLOG|call=2211|tour_len=928|end_dist=19578055
PACKLOG|try=0|th=0.451090751|de=0.122916416|ga=0.425992832
PACKLOG|try=0|profit=4449583|weight=7658286
PACKLOG|try=1|th=0.082255551|de=0.316179686|ga=0.601564763
PACKLOG|try=1|profit=4203583|weight=7897163
PACKLOG|best|profit=4449583|weight=7658286
PACKLOG|call=2212|tour_len=928|end_dist=19578055
PACKLOG|try=0|th=0.707190962|de=0.124457474|ga=0.168351564
PACKLOG|try=0|profit=4454632|weight=7439201
PACKLOG|try=1|th=0.048773076|de=0.382545264|ga=0.568681660
PACKLOG|try=1|profit=4138341|weight=7953431
PACKLOG|best|profit=4454632|weight=7439201
PACKLOG|call=2213|tour_len=928|end_dist=19578055
PACKLOG|try=0|th=0.390660289|de=0.591434311|ga=0.017905401
PACKLOG|try=0|profit=4438959|weight=7323716
PACKLOG|try=1|th=0.141586860|de=0.675156269|ga=0.183256871
PACKLOG|try=1|profit=4436076|weight=7700371
PACKLOG|best|profit=4438959|weight=7323716
PACKLOG|call=2214|tour_len=928|end_dist=19578055
PACKLOG|try=0|th=0.434595543|de=0.196804814|ga=0.368599643
PACKLOG|try=0|profit=4451981|weight=7645199
PACKLOG|try=1|th=0.255006474|de=0.191584429|ga=0.553409097
PACKLOG|try=1|profit=4397641|weight=7762695
PACKLOG|best|profit=4451981|weight=7645199
PACKLOG|call=2215|tour_len=928|end_dist=19578055
PACKLOG|try=0|th=0.393365903|de=0.267238740|ga=0.339395356
PACKLOG|try=0|profit=4451803|weight=7647213
PACKLOG|try=1|th=0.267835738|de=0.354075785|ga=0.378088478
PACKLOG|try=1|profit=4431474|weight=7711434
PACKLOG|best|profit=4451803|weight=7647213
PACKLOG|call=2216|tour_len=928|end_dist=19639220
PACKLOG|try=0|th=0.527380243|de=0.258604143|ga=0.214015614
PACKLOG|try=0|profit=4446545|weight=7455349
PACKLOG|try=1|th=0.516060570|de=0.199649519|ga=0.284289911
PACKLOG|try=1|profit=4446426|weight=7499557
PACKLOG|best|profit=4446545|weight=7455349
PACKLOG|call=2217|tour_len=930|end_dist=19625137
PACKLOG|try=0|th=0.532399438|de=0.061652161|ga=0.405948400
PACKLOG|try=0|profit=4458336|weight=7612074
PACKLOG|try=1|th=0.140547241|de=0.571026204|ga=0.288426555
PACKLOG|try=1|profit=4406157|weight=7746555
PACKLOG|best|profit=4458336|weight=7612074
PACKLOG|call=2218|tour_len=928|end_dist=19578055
PACKLOG|try=0|th=0.063432910|de=0.433783173|ga=0.502783918
PACKLOG|try=0|profit=4188803|weight=7902152
PACKLOG|try=1|th=0.035680419|de=0.460070276|ga=0.504249305
PACKLOG|try=1|profit=4135779|weight=7992578
PACKLOG|best|profit=4188803|weight=7902152
PACKLOG|call=2219|tour_len=928|end_dist=19639220
PACKLOG|try=0|th=0.261429698|de=0.463258007|ga=0.275312295
PACKLOG|try=0|profit=4433117|weight=7614080
PACKLOG|try=1|th=0.247728515|de=0.584591389|ga=0.167680096
PACKLOG|try=1|profit=4444256|weight=7535682
PACKLOG|best|profit=4444256|weight=7535682
PACKLOG|call=2220|tour_len=925|end_dist=19462419
PACKLOG|try=0|th=0.419922254|de=0.021946719|ga=0.558131027
PACKLOG|try=0|profit=4434851|weight=7727545
PACKLOG|try=1|th=0.441117562|de=0.229556522|ga=0.329325916
PACKLOG|try=1|profit=4453936|weight=7647245
PACKLOG|best|profit=4453936|weight=7647245
PACKLOG|call=2221|tour_len=928|end_dist=19578055
PACKLOG|try=0|th=0.027875809|de=0.351500163|ga=0.620624028
PACKLOG|try=0|profit=4102263|weight=8027750
PACKLOG|try=1|th=0.107389689|de=0.400257564|ga=0.492352748
PACKLOG|try=1|profit=4283465|weight=7830894
PACKLOG|best|profit=4283465|weight=7830894
PACKLOG|call=2222|tour_len=928|end_dist=19569962
PACKLOG|try=0|th=0.369175769|de=0.116591092|ga=0.514233139
PACKLOG|try=0|profit=4434192|weight=7708453
PACKLOG|try=1|th=0.628283961|de=0.333346286|ga=0.038369752
PACKLOG|try=1|profit=4441072|weight=7334778
PACKLOG|best|profit=4441072|weight=7334778
PACKLOG|call=2223|tour_len=928|end_dist=19578055
PACKLOG|try=0|th=0.240956811|de=0.390963851|ga=0.368079338
PACKLOG|try=0|profit=4425729|weight=7721478
PACKLOG|try=1|th=0.312967875|de=0.181384247|ga=0.505647878
PACKLOG|try=1|profit=4422341|weight=7728512
PACKLOG|best|profit=4425729|weight=7721478
PACKLOG|call=2224|tour_len=933|end_dist=19823245
PACKLOG|try=0|th=0.542614685|de=0.045800801|ga=0.411584515
PACKLOG|try=0|profit=4453652|weight=7554811
PACKLOG|try=1|th=0.461196807|de=0.273140397|ga=0.265662796
PACKLOG|try=1|profit=4457252|weight=7499499
PACKLOG|best|profit=4457252|weight=7499499
PACKLOG|call=2225|tour_len=928|end_dist=19578055
PACKLOG|try=0|th=0.360761487|de=0.318139894|ga=0.321098620
PACKLOG|try=0|profit=4451181|weight=7649220
PACKLOG|try=1|th=0.614371716|de=0.214628303|ga=0.170999981
PACKLOG|try=1|profit=4456420|weight=7461308
PACKLOG|best|profit=4456420|weight=7461308
PACKLOG|call=2226|tour_len=933|end_dist=19842243
PACKLOG|try=0|th=0.172407193|de=0.306612914|ga=0.520979893
PACKLOG|try=0|profit=4341589|weight=7744584
PACKLOG|try=1|th=0.342573339|de=0.189926337|ga=0.467500324
PACKLOG|try=1|profit=4427113|weight=7647178
PACKLOG|best|profit=4427113|weight=7647178
PACKLOG|call=2227|tour_len=928|end_dist=19578055
PACKLOG|try=0|th=0.144975909|de=0.759865369|ga=0.095158723
PACKLOG|try=0|profit=4457464|weight=7584825
PACKLOG|try=1|th=0.273620193|de=0.624265862|ga=0.102113945
PACKLOG|try=1|profit=4458981|weight=7503493
PACKLOG|best|profit=4458981|weight=7503493
PACKLOG|call=2228|tour_len=928|end_dist=19578055
PACKLOG|try=0|th=0.036231131|de=0.743929705|ga=0.219839164
PACKLOG|try=0|profit=4227972|weight=7850777
PACKLOG|try=1|th=0.009076392|de=0.520072215|ga=0.470851393
PACKLOG|try=1|profit=4073245|weight=8075887
PACKLOG|best|profit=4227972|weight=7850777
PACKLOG|call=2229|tour_len=954|end_dist=20544204
PACKLOG|try=0|th=0.113972552|de=0.263248955|ga=0.622778492
PACKLOG|try=0|profit=4098356|weight=7606988
PACKLOG|try=1|th=0.394131308|de=0.406985219|ga=0.198883473
PACKLOG|try=1|profit=4418331|weight=7082618
PACKLOG|best|profit=4418331|weight=7082618
PACKLOG|call=2230|tour_len=928|end_dist=19578055
PACKLOG|try=0|th=0.554987446|de=0.179882870|ga=0.265129683
PACKLOG|try=0|profit=4459358|weight=7532686
PACKLOG|try=1|th=0.297009964|de=0.267397397|ga=0.435592639
PACKLOG|try=1|profit=4428277|weight=7717467
PACKLOG|best|profit=4459358|weight=7532686
PACKLOG|call=2231|tour_len=928|end_dist=19578055
PACKLOG|try=0|th=0.599826653|de=0.367641992|ga=0.032531355
PACKLOG|try=0|profit=4440167|weight=7330751
PACKLOG|try=1|th=0.404050768|de=0.013081652|ga=0.582867581
PACKLOG|try=1|profit=4429925|weight=7714471
PACKLOG|best|profit=4440167|weight=7330751
PACKLOG|call=2232|tour_len=928|end_dist=19578055
PACKLOG|try=0|th=0.344249857|de=0.648967173|ga=0.006782970
PACKLOG|try=0|profit=4435613|weight=7306662
PACKLOG|try=1|th=0.641551472|de=0.013481845|ga=0.344966683
PACKLOG|try=1|profit=4459130|weight=7553789
PACKLOG|best|profit=4459130|weight=7553789
PACKLOG|call=2233|tour_len=930|end_dist=19631046
PACKLOG|try=0|th=0.022415602|de=0.581087511|ga=0.396496887
PACKLOG|try=0|profit=4113088|weight=8006540
PACKLOG|try=1|th=0.040605251|de=0.524101534|ga=0.435293215
PACKLOG|try=1|profit=4148197|weight=7943315
PACKLOG|best|profit=4148197|weight=7943315
PACKLOG|call=2234|tour_len=925|end_dist=19462419
PACKLOG|try=0|th=0.223370637|de=0.453801044|ga=0.322828319
PACKLOG|try=0|profit=4430087|weight=7738554
PACKLOG|try=1|th=0.393349035|de=0.364736103|ga=0.241914863
PACKLOG|try=1|profit=4457017|weight=7604011
PACKLOG|best|profit=4457017|weight=7604011
PACKLOG|call=2235|tour_len=928|end_dist=19578055
PACKLOG|try=0|th=0.001534412|de=0.436842826|ga=0.561622762
PACKLOG|try=0|profit=4050573|weight=8100035
PACKLOG|try=1|th=0.099191021|de=0.369942823|ga=0.530866156
PACKLOG|try=1|profit=4254982|weight=7840926
PACKLOG|best|profit=4254982|weight=7840926
PACKLOG|call=2236|tour_len=689|end_dist=15131484
PACKLOG|try=0|th=0.645139352|de=0.095567503|ga=0.259293146
PACKLOG|try=0|profit=3438789|weight=6900815
PACKLOG|try=1|th=0.546692427|de=0.255258398|ga=0.198049176
PACKLOG|try=1|profit=3438789|weight=6900815
PACKLOG|best|profit=3438789|weight=6900815
PACKLOG|call=2237|tour_len=928|end_dist=19578055
PACKLOG|try=0|th=0.501087023|de=0.115184114|ga=0.383728864
PACKLOG|try=0|profit=4454280|weight=7625129
PACKLOG|try=1|th=0.377938492|de=0.336169340|ga=0.285892168
PACKLOG|try=1|profit=4454560|weight=7623103
PACKLOG|best|profit=4454560|weight=7623103
PACKLOG|call=2238|tour_len=400|end_dist=6376874
PACKLOG|try=0|th=0.885607970|de=0.010762219|ga=0.103629810
PACKLOG|try=0|profit=1992624|weight=3997833
PACKLOG|try=1|th=0.506337072|de=0.210326334|ga=0.283336594
PACKLOG|try=1|profit=1992624|weight=3997833
PACKLOG|best|profit=1992624|weight=3997833
PACKLOG|call=2239|tour_len=933|end_dist=19842243
PACKLOG|try=0|th=0.179081939|de=0.300133563|ga=0.520784499
PACKLOG|try=0|profit=4347242|weight=7741568
PACKLOG|try=1|th=0.375969762|de=0.174779757|ga=0.449250481
PACKLOG|try=1|profit=4435318|weight=7625111
PACKLOG|best|profit=4435318|weight=7625111
PACKLOG|call=2240|tour_len=928|end_dist=19578055
PACKLOG|try=0|th=0.101239866|de=0.543727378|ga=0.355032756
PACKLOG|try=0|profit=4336708|weight=7807824
PACKLOG|try=1|th=0.318768490|de=0.362508909|ga=0.318722601
PACKLOG|try=1|profit=4447916|weight=7664306
PACKLOG|best|profit=4447916|weight=7664306
PACKLOG|call=2241|tour_len=933|end_dist=19842243
PACKLOG|try=0|th=0.425116089|de=0.454075809|ga=0.120808102
PACKLOG|try=0|profit=4453365|weight=7378955
PACKLOG|try=1|th=0.421729372|de=0.566261340|ga=0.012009288
PACKLOG|try=1|profit=4430411|weight=7218189
PACKLOG|best|profit=4453365|weight=7378955
PACKLOG|call=2242|tour_len=928|end_dist=19578055
PACKLOG|try=0|th=0.188503947|de=0.527952210|ga=0.283543843
PACKLOG|try=0|profit=4426550|weight=7720451
PACKLOG|try=1|th=0.507404459|de=0.312172149|ga=0.180423392
PACKLOG|try=1|profit=4458832|weight=7499502
PACKLOG|best|profit=4458832|weight=7499502
PACKLOG|call=2243|tour_len=928|end_dist=19639220
PACKLOG|try=0|th=0.392523691|de=0.270382566|ga=0.337093743
PACKLOG|try=0|profit=4439535|weight=7584987
PACKLOG|try=1|th=0.091215279|de=0.392082884|ga=0.516701837
PACKLOG|try=1|profit=4217379|weight=7797699
PACKLOG|best|profit=4439535|weight=7584987
PACKLOG|call=2244|tour_len=928|end_dist=19578055
PACKLOG|try=0|th=0.151006897|de=0.694760822|ga=0.154232280
PACKLOG|try=0|profit=4447089|weight=7667272
PACKLOG|try=1|th=0.335244770|de=0.389900843|ga=0.274854387
PACKLOG|try=1|profit=4452921|weight=7638167
PACKLOG|best|profit=4452921|weight=7638167
PACKLOG|call=2245|tour_len=928|end_dist=19578055
PACKLOG|try=0|th=0.482897327|de=0.160686852|ga=0.356415821
PACKLOG|try=0|profit=4455324|weight=7616072
PACKLOG|try=1|th=0.466034330|de=0.466775905|ga=0.067189765
PACKLOG|try=1|profit=4448737|weight=7386991
PACKLOG|best|profit=4455324|weight=7616072
PACKLOG|call=2246|tour_len=928|end_dist=19578055
PACKLOG|try=0|th=0.320495026|de=0.334694219|ga=0.344810755
PACKLOG|try=0|profit=4445303|weight=7672322
PACKLOG|try=1|th=0.698809947|de=0.259053898|ga=0.042136155
PACKLOG|try=1|profit=4440536|weight=7332755
PACKLOG|best|profit=4445303|weight=7672322
PACKLOG|call=2247|tour_len=928|end_dist=19578055
PACKLOG|try=0|th=0.177595880|de=0.418196258|ga=0.404207861
PACKLOG|try=0|profit=4392759|weight=7768720
PACKLOG|try=1|th=0.547327946|de=0.280559576|ga=0.172112477
PACKLOG|try=1|profit=4457909|weight=7482416
PACKLOG|best|profit=4457909|weight=7482416
PACKLOG|call=2248|tour_len=928|end_dist=19578055
PACKLOG|try=0|th=0.268507539|de=0.342133766|ga=0.389358695
PACKLOG|try=0|profit=4428986|weight=7715459
PACKLOG|try=1|th=0.019414434|de=0.584796484|ga=0.395789081
PACKLOG|try=1|profit=4104126|weight=8014599
PACKLOG|best|profit=4428986|weight=7715459
PACKLOG|call=2249|tour_len=933|end_dist=19842243
PACKLOG|try=0|th=0.346480462|de=0.282480493|ga=0.371039045
PACKLOG|try=0|profit=4440857|weight=7609046
PACKLOG|try=1|th=0.308028931|de=0.305067569|ga=0.386903500
PACKLOG|try=1|profit=4432371|weight=7635157
PACKLOG|best|profit=4440857|weight=7609046
PACKLOG|call=2250|tour_len=928|end_dist=19578055
PACKLOG|try=0|th=0.644142856|de=0.322576355|ga=0.033280789
PACKLOG|try=0|profit=4439290|weight=7325736
PACKLOG|try=1|th=0.329958647|de=0.334406461|ga=0.335634892
PACKLOG|try=1|profit=4447185|weight=7666323
PACKLOG|best|profit=4447185|weight=7666323
PACKLOG|call=2251|tour_len=928|end_dist=19578055
PACKLOG|try=0|th=0.585772954|de=0.058687181|ga=0.355539864
PACKLOG|try=0|profit=4458470|weight=7571858
PACKLOG|try=1|th=0.307142332|de=0.166736140|ga=0.526121529
PACKLOG|try=1|profit=4419700|weight=7732535
PACKLOG|best|profit=4458470|weight=7571858
PACKLOG|call=2252|tour_len=928|end_dist=19578055
PACKLOG|try=0|th=0.013910622|de=0.592971439|ga=0.393117939
PACKLOG|try=0|profit=4085046|weight=8031673
PACKLOG|try=1|th=0.335517660|de=0.551901466|ga=0.112580874
PACKLOG|try=1|profit=4458507|weight=7492445
PACKLOG|best|profit=4458507|weight=7492445
PACKLOG|call=2253|tour_len=925|end_dist=19462419
PACKLOG|try=0|th=0.445865606|de=0.519834953|ga=0.034299441
PACKLOG|try=0|profit=4441451|weight=7377983
PACKLOG|try=1|th=0.393971090|de=0.413433338|ga=0.192595573
PACKLOG|try=1|profit=4458042|weight=7567860
PACKLOG|best|profit=4458042|weight=7567860
PACKLOG|call=2254|tour_len=928|end_dist=19578055
PACKLOG|try=0|th=0.198475420|de=0.189084739|ga=0.612439841
PACKLOG|try=0|profit=4355016|weight=7798797
PACKLOG|try=1|th=0.268482825|de=0.355647324|ga=0.375869851
PACKLOG|try=1|profit=4432117|weight=7708418
PACKLOG|best|profit=4432117|weight=7708418
PACKLOG|call=2255|tour_len=928|end_dist=19578055
PACKLOG|try=0|th=0.483658131|de=0.308496115|ga=0.207845754
PACKLOG|try=0|profit=4459301|weight=7520636
PACKLOG|try=1|th=0.041966575|de=0.565065157|ga=0.392968268
PACKLOG|try=1|profit=4163472|weight=7925222
PACKLOG|best|profit=4459301|weight=7520636
PACKLOG|call=2256|tour_len=928|end_dist=19578055
PACKLOG|try=0|th=0.236300262|de=0.438492843|ga=0.325206895
PACKLOG|try=0|profit=4432933|weight=7707416
PACKLOG|try=1|th=0.261709981|de=0.412062048|ga=0.326227971
PACKLOG|try=1|profit=4438521|weight=7693379
PACKLOG|best|profit=4438521|weight=7693379
PACKLOG|call=2257|tour_len=928|end_dist=19578055
PACKLOG|try=0|th=0.522845306|de=0.016712443|ga=0.460442251
PACKLOG|try=0|profit=4451487|weight=7649218
PACKLOG|try=1|th=0.204628756|de=0.435970496|ga=0.359400748
PACKLOG|try=1|profit=4417457|weight=7737538
PACKLOG|best|profit=4451487|weight=7649218
PACKLOG|call=2258|tour_len=928|end_dist=19578055
PACKLOG|try=0|th=0.676070326|de=0.062548460|ga=0.261381214
PACKLOG|try=0|profit=4459181|weight=7509563
PACKLOG|try=1|th=0.454623919|de=0.386482352|ga=0.158893729
PACKLOG|try=1|profit=4458637|weight=7496476
PACKLOG|best|profit=4459181|weight=7509563
PACKLOG|call=2259|tour_len=928|end_dist=19578055
PACKLOG|try=0|th=0.136525039|de=0.324126263|ga=0.539348698
PACKLOG|try=0|profit=4310916|weight=7817933
PACKLOG|try=1|th=0.067506025|de=0.070590689|ga=0.861903286
PACKLOG|try=1|profit=4139083|weight=7976593
PACKLOG|best|profit=4310916|weight=7817933
PACKLOG|call=2260|tour_len=928|end_dist=19578055
PACKLOG|try=0|th=0.410793034|de=0.060100724|ga=0.529106242
PACKLOG|try=0|profit=4436677|weight=7699413
PACKLOG|try=1|th=0.491406207|de=0.409040641|ga=0.099553152
PACKLOG|try=1|profit=4452670|weight=7419123
PACKLOG|best|profit=4452670|weight=7419123
PACKLOG|call=2261|tour_len=925|end_dist=19462419
PACKLOG|try=0|th=0.532199226|de=0.100676572|ga=0.367124201
PACKLOG|try=0|profit=4455735|weight=7627164
PACKLOG|try=1|th=0.125156216|de=0.389083317|ga=0.485760467
PACKLOG|try=1|profit=4323997|weight=7836009
PACKLOG|best|profit=4455735|weight=7627164
PACKLOG|call=2262|tour_len=933|end_dist=19842243
PACKLOG|try=0|th=0.422090545|de=0.337085780|ga=0.240823675
PACKLOG|try=0|profit=4456041|weight=7490449
PACKLOG|try=1|th=0.320065646|de=0.337889850|ga=0.342044504
PACKLOG|try=1|profit=4440857|weight=7609046
PACKLOG|best|profit=4456041|weight=7490449
PACKLOG|call=2263|tour_len=928|end_dist=19578055
PACKLOG|try=0|th=0.455901040|de=0.317262890|ga=0.226836069
PACKLOG|try=0|profit=4459377|weight=7539725
PACKLOG|try=1|th=0.320713917|de=0.091635982|ga=0.587650100
PACKLOG|try=1|profit=4413795|weight=7742603
PACKLOG|best|profit=4459377|weight=7539725
PACKLOG|call=2264|tour_len=928|end_dist=19578055
PACKLOG|try=0|th=0.380109819|de=0.431682904|ga=0.188207277
PACKLOG|try=0|profit=4459359|weight=7538711
PACKLOG|try=1|th=0.503443800|de=0.235017691|ga=0.261538509
PACKLOG|try=1|profit=4459209|weight=7544743
PACKLOG|best|profit=4459359|weight=7538711
PACKLOG|call=2265|tour_len=928|end_dist=19578055
PACKLOG|try=0|th=0.121122021|de=0.379360859|ga=0.499517120
PACKLOG|try=0|profit=4303081|weight=7820905
PACKLOG|try=1|th=0.614152959|de=0.110208160|ga=0.275638882
PACKLOG|try=1|profit=4459436|weight=7528678
PACKLOG|best|profit=4459436|weight=7528678
PACKLOG|call=2266|tour_len=928|end_dist=19578055
PACKLOG|try=0|th=0.191740106|de=0.323633321|ga=0.484626574
PACKLOG|try=0|profit=4380472|weight=7780756
PACKLOG|try=1|th=0.035175506|de=0.508546274|ga=0.456278220
PACKLOG|try=1|profit=4141575|weight=7986556
PACKLOG|best|profit=4380472|weight=7780756
PACKLOG|call=2267|tour_len=928|end_dist=19578055
PACKLOG|try=0|th=0.497368295|de=0.429393453|ga=0.073238253
PACKLOG|try=0|profit=4449171|weight=7390016
PACKLOG|try=1|th=0.372930884|de=0.304414025|ga=0.322655092
PACKLOG|try=1|profit=4451746|weight=7647205
PACKLOG|best|profit=4451746|weight=7647205
PACKLOG|call=2268|tour_len=930|end_dist=19625137
PACKLOG|try=0|th=0.371254507|de=0.449468297|ga=0.179277196
PACKLOG|try=0|profit=4463243|weight=7526654
PACKLOG|try=1|th=0.592570776|de=0.064345802|ga=0.343083421
PACKLOG|try=1|profit=4462504|weight=7554775
PACKLOG|best|profit=4463243|weight=7526654
PACKLOG|call=2269|tour_len=928|end_dist=19578055
PACKLOG|try=0|th=0.304186576|de=0.382882549|ga=0.312930875
PACKLOG|try=0|profit=4446701|weight=7668327
PACKLOG|try=1|th=0.523243156|de=0.427343075|ga=0.049413769
PACKLOG|try=1|profit=4443504|weight=7350866
PACKLOG|best|profit=4446701|weight=7668327
PACKLOG|call=2270|tour_len=928|end_dist=19578055
PACKLOG|try=0|th=0.709638291|de=0.184396475|ga=0.105965234
PACKLOG|try=0|profit=4449200|weight=7390007
PACKLOG|try=1|th=0.240921776|de=0.403068042|ga=0.356010183
PACKLOG|try=1|profit=4427837|weight=7718461
PACKLOG|best|profit=4449200|weight=7390007
PACKLOG|call=2271|tour_len=928|end_dist=19571030
PACKLOG|try=0|th=0.250728188|de=0.218648773|ga=0.530623039
PACKLOG|try=0|profit=4402122|weight=7761687
PACKLOG|try=1|th=0.400111390|de=0.374464434|ga=0.225424176
PACKLOG|try=1|profit=4459642|weight=7567837
PACKLOG|best|profit=4459642|weight=7567837
PACKLOG|call=2272|tour_len=928|end_dist=19578055
PACKLOG|try=0|th=0.524282453|de=0.158012764|ga=0.317704784
PACKLOG|try=0|profit=4458470|weight=7571858
PACKLOG|try=1|th=0.256478468|de=0.295617251|ga=0.447904281
PACKLOG|try=1|profit=4418380|weight=7735539
PACKLOG|best|profit=4458470|weight=7571858
PACKLOG|call=2273|tour_len=933|end_dist=19842243
PACKLOG|try=0|th=0.373163596|de=0.382510658|ga=0.244325745
PACKLOG|try=0|profit=4454731|weight=7512547
PACKLOG|try=1|th=0.624509005|de=0.052287238|ga=0.323203757
PACKLOG|try=1|profit=4456727|weight=7472402
PACKLOG|best|profit=4456727|weight=7472402
PACKLOG|call=2274|tour_len=928|end_dist=19578055
PACKLOG|try=0|th=0.203933756|de=0.668703539|ga=0.127362706
PACKLOG|try=0|profit=4458265|weight=7574824
PACKLOG|try=1|th=0.472486582|de=0.312530489|ga=0.214982929
PACKLOG|try=1|profit=4459541|weight=7536726
PACKLOG|best|profit=4459541|weight=7536726
PACKLOG|call=2275|tour_len=928|end_dist=19578055
PACKLOG|try=0|th=0.758072209|de=0.108625558|ga=0.133302233
PACKLOG|try=0|profit=4451295|weight=7407073
PACKLOG|try=1|th=0.261956222|de=0.634617662|ga=0.103426116
PACKLOG|try=1|profit=4459167|weight=7509539
PACKLOG|best|profit=4459167|weight=7509539
PACKLOG|call=2276|tour_len=928|end_dist=19578055
PACKLOG|try=0|th=0.283289451|de=0.551438925|ga=0.165271624
PACKLOG|try=0|profit=4458662|weight=7567834
PACKLOG|try=1|th=0.549068551|de=0.127739933|ga=0.323191516
PACKLOG|try=1|profit=4458618|weight=7568844
PACKLOG|best|profit=4458662|weight=7567834
PACKLOG|call=2277|tour_len=928|end_dist=19578055
PACKLOG|try=0|th=0.383679109|de=0.230162163|ga=0.386158728
PACKLOG|try=0|profit=4447331|weight=7666331
PACKLOG|try=1|th=0.383225558|de=0.398728668|ga=0.218045774
PACKLOG|try=1|profit=4458822|weight=7563811
PACKLOG|best|profit=4458822|weight=7563811
PACKLOG|call=2278|tour_len=928|end_dist=19578055
PACKLOG|try=0|th=0.493634825|de=0.140794654|ga=0.365570521
PACKLOG|try=0|profit=4455233|weight=7617095
PACKLOG|try=1|th=0.061616539|de=0.387680295|ga=0.550703165
PACKLOG|try=1|profit=4172389|weight=7924301
PACKLOG|best|profit=4455233|weight=7617095
PACKLOG|call=2279|tour_len=925|end_dist=19462419
PACKLOG|try=0|th=0.431344970|de=0.337874861|ga=0.230780170
PACKLOG|try=0|profit=4457725|weight=7583936
PACKLOG|try=1|th=0.363952830|de=0.027742138|ga=0.608305032
PACKLOG|try=1|profit=4421909|weight=7753635
PACKLOG|best|profit=4457725|weight=7583936
PACKLOG|call=2280|tour_len=928|end_dist=19578055
PACKLOG|try=0|th=0.220989851|de=0.469302548|ga=0.309707602
PACKLOG|try=0|profit=4431841|weight=7710424
PACKLOG|try=1|th=0.625524862|de=0.305912568|ga=0.068562570
PACKLOG|try=1|profit=4445672|weight=7365942
PACKLOG|best|profit=4445672|weight=7365942
PACKLOG|call=2281|tour_len=933|end_dist=19842243
PACKLOG|try=0|th=0.497668701|de=0.233800109|ga=0.268531190
PACKLOG|try=0|profit=4456486|weight=7475402
PACKLOG|try=1|th=0.419019414|de=0.104975454|ga=0.476005132
PACKLOG|try=1|profit=4437931|weight=7618094
PACKLOG|best|profit=4456486|weight=7475402
PACKLOG|call=2282|tour_len=928|end_dist=19578055
PACKLOG|try=0|th=0.419951871|de=0.327372923|ga=0.252675206
PACKLOG|try=0|profit=4458503|weight=7570843
PACKLOG|try=1|th=0.126884630|de=0.387614910|ga=0.485500460
PACKLOG|try=1|profit=4317800|weight=7814931
PACKLOG|best|profit=4458503|weight=7570843
PACKLOG|call=2283|tour_len=928|end_dist=19578055
PACKLOG|try=0|th=0.218551690|de=0.396489971|ga=0.384958338
PACKLOG|try=0|profit=4417271|weight=7737543
PACKLOG|try=1|th=0.255696348|de=0.405414540|ga=0.338889112
PACKLOG|try=1|profit=4434726|weight=7704414
PACKLOG|best|profit=4434726|weight=7704414
PACKLOG|call=2284|tour_len=928|end_dist=19578055
PACKLOG|try=0|th=0.092711812|de=0.547124139|ga=0.360164049
PACKLOG|try=0|profit=4314126|weight=7816889
PACKLOG|try=1|th=0.502164653|de=0.133327899|ga=0.364507449
PACKLOG|try=1|profit=4455671|weight=7612062
PACKLOG|best|profit=4455671|weight=7612062
PACKLOG|call=2285|tour_len=928|end_dist=19578055
PACKLOG|try=0|th=0.291357527|de=0.317309470|ga=0.391333003
PACKLOG|try=0|profit=4434121|weight=7705419
PACKLOG|try=1|th=0.426001823|de=0.198736785|ga=0.375261392
PACKLOG|try=1|profit=4451448|weight=7649222
PACKLOG|best|profit=4451448|weight=7649222
PACKLOG|call=2286|tour_len=933|end_dist=19842243
PACKLOG|try=0|th=0.623408772|de=0.074771986|ga=0.301819242
PACKLOG|try=0|profit=4456858|weight=7460317
PACKLOG|try=1|th=0.671135673|de=0.180451779|ga=0.148412548
PACKLOG|try=1|profit=4450289|weight=7345786
PACKLOG|best|profit=4456858|weight=7460317
PACKLOG|call=2287|tour_len=928|end_dist=19578055
PACKLOG|try=0|th=0.239476726|de=0.375615465|ga=0.384907809
PACKLOG|try=0|profit=4422542|weight=7728501
PACKLOG|try=1|th=0.182052929|de=0.448246961|ga=0.369700110
PACKLOG|try=1|profit=4405685|weight=7752640
PACKLOG|best|profit=4422542|weight=7728501
PACKLOG|call=2288|tour_len=928|end_dist=19578055
PACKLOG|try=0|th=0.191526591|de=0.493409939|ga=0.315063471
PACKLOG|try=0|profit=4422098|weight=7728490
PACKLOG|try=1|th=0.210031215|de=0.384982387|ga=0.404986398
PACKLOG|try=1|profit=4409576|weight=7748618
PACKLOG|best|profit=4422098|weight=7728490
PACKLOG|call=2289|tour_len=928|end_dist=19578055
PACKLOG|try=0|th=0.142872694|de=0.443219510|ga=0.413907796
PACKLOG|try=0|profit=4363878|weight=7793757
PACKLOG|try=1|th=0.190026380|de=0.246700490|ga=0.563273130
PACKLOG|try=1|profit=4360722|weight=7795798
PACKLOG|best|profit=4363878|weight=7793757
PACKLOG|call=2290|tour_len=928|end_dist=19578055
PACKLOG|try=0|th=0.504882919|de=0.387783605|ga=0.107333476
PACKLOG|try=0|profit=4453212|weight=7425144
PACKLOG|try=1|th=0.334278470|de=0.165708048|ga=0.500013481
PACKLOG|try=1|profit=4427103|weight=7719485
PACKLOG|best|profit=4453212|weight=7425144
PACKLOG|call=2291|tour_len=933|end_dist=19827957
PACKLOG|try=0|th=0.269792066|de=0.121211685|ga=0.608996249
PACKLOG|try=0|profit=4384289|weight=7717431
PACKLOG|try=1|th=0.504989814|de=0.416008870|ga=0.079001316
PACKLOG|try=1|profit=4447976|weight=7321646
PACKLOG|best|profit=4447976|weight=7321646
PACKLOG|call=2292|tour_len=928|end_dist=19578055
PACKLOG|try=0|th=0.229601898|de=0.496763688|ga=0.273634415
PACKLOG|try=0|profit=4441165|weight=7685354
PACKLOG|try=1|th=0.057667658|de=0.481277835|ga=0.461054507
PACKLOG|try=1|profit=4187079|weight=7902158
PACKLOG|best|profit=4441165|weight=7685354
PACKLOG|call=2293|tour_len=928|end_dist=19578055
PACKLOG|try=0|th=0.048278365|de=0.356330067|ga=0.595391568
PACKLOG|try=0|profit=4135232|weight=7960472
PACKLOG|try=1|th=0.209046957|de=0.645652569|ga=0.145300473
PACKLOG|try=1|profit=4456533|weight=7600962
PACKLOG|best|profit=4456533|weight=7600962
PACKLOG|call=2294|tour_len=928|end_dist=19578055
PACKLOG|try=0|th=0.628262095|de=0.302589996|ga=0.069147909
PACKLOG|try=0|profit=4445366|weight=7362912
PACKLOG|try=1|th=0.459832053|de=0.306151085|ga=0.234016862
PACKLOG|try=1|profit=4459276|weight=7544740
PACKLOG|best|profit=4459276|weight=7544740
PACKLOG|call=2295|tour_len=928|end_dist=19578055
PACKLOG|try=0|th=0.484065932|de=0.301224248|ga=0.214709820
PACKLOG|try=0|profit=4459400|weight=7524653
PACKLOG|try=1|th=0.273657600|de=0.311884929|ga=0.414457472
PACKLOG|try=1|profit=4426041|weight=7721479
PACKLOG|best|profit=4459400|weight=7524653
PACKLOG|call=2296|tour_len=928|end_dist=19578055
PACKLOG|try=0|th=0.221905447|de=0.416615857|ga=0.361478697
PACKLOG|try=0|profit=4422216|weight=7728499
PACKLOG|try=1|th=0.208970554|de=0.732448624|ga=0.058580822
PACKLOG|try=1|profit=4456408|weight=7460263
PACKLOG|best|profit=4456408|weight=7460263
PACKLOG|call=2297|tour_len=925|end_dist=19462419
PACKLOG|try=0|th=0.797832654|de=0.049663475|ga=0.152503871
PACKLOG|try=0|profit=4451360|weight=7450287
PACKLOG|try=1|th=0.291452393|de=0.352993363|ga=0.355554244
PACKLOG|try=1|profit=4439726|weight=7714489
PACKLOG|best|profit=4451360|weight=7450287
PACKLOG|call=2298|tour_len=928|end_dist=19578055
PACKLOG|try=0|th=0.244693760|de=0.532011122|ga=0.223295118
PACKLOG|try=0|profit=4450511|weight=7653232
PACKLOG|try=1|th=0.524269636|de=0.255606474|ga=0.220123890
PACKLOG|try=1|profit=4459275|weight=7517613
PACKLOG|best|profit=4459275|weight=7517613
PACKLOG|call=2299|tour_len=925|end_dist=19462419
PACKLOG|try=0|th=0.354608646|de=0.233443646|ga=0.411947709
PACKLOG|try=0|profit=4441866|weight=7708506
PACKLOG|try=1|th=0.255233963|de=0.455580148|ga=0.289185889
PACKLOG|try=1|profit=4442428|weight=7706475
PACKLOG|best|profit=4442428|weight=7706475
PACKLOG|call=2300|tour_len=928|end_dist=19578055
PACKLOG|try=0|th=0.241508966|de=0.072698737|ga=0.685792297
PACKLOG|try=0|profit=4366251|weight=7792787
PACKLOG|try=1|th=0.153955881|de=0.157594460|ga=0.688449659
PACKLOG|try=1|profit=4287763|weight=7829941
PACKLOG|best|profit=4366251|weight=7792787
PACKLOG|call=2301|tour_len=928|end_dist=19578055
PACKLOG|try=0|th=0.508244679|de=0.335098866|ga=0.156656455
PACKLOG|try=0|profit=4457750|weight=7480400
PACKLOG|try=1|th=0.394165077|de=0.000783493|ga=0.605051430
PACKLOG|try=1|profit=4425514|weight=7722496
PACKLOG|best|profit=4457750|weight=7480400
PACKLOG|call=2302|tour_len=928|end_dist=19578055
PACKLOG|try=0|th=0.191066122|de=0.442237926|ga=0.366695951
PACKLOG|try=0|profit=4410171|weight=7747604
PACKLOG|try=1|th=0.472973647|de=0.413925064|ga=0.113101290
PACKLOG|try=1|profit=4454797|weight=7440199
PACKLOG|best|profit=4454797|weight=7440199
PACKLOG|call=2303|tour_len=928|end_dist=19578055
PACKLOG|try=0|th=0.418298919|de=0.188685086|ga=0.393015995
PACKLOG|try=0|profit=4449707|weight=7657283
PACKLOG|try=1|th=0.211806571|de=0.090431274|ga=0.697762155
PACKLOG|try=1|profit=4345693|weight=7803882
PACKLOG|best|profit=4449707|weight=7657283
PACKLOG|call=2304|tour_len=692|end_dist=15236648
PACKLOG|try=0|th=0.561597725|de=0.011636077|ga=0.426766198
PACKLOG|try=0|profit=3452179|weight=6931109
PACKLOG|try=1|th=0.268881710|de=0.545925642|ga=0.185192648
PACKLOG|try=1|profit=3452179|weight=6931109
PACKLOG|best|profit=3452179|weight=6931109
PACKLOG|call=2305|tour_len=928|end_dist=19578055
PACKLOG|try=0|th=0.200657885|de=0.464168356|ga=0.335173759
PACKLOG|try=0|profit=4421132|weight=7730505
PACKLOG|try=1|th=0.536066734|de=0.005547195|ga=0.458386072
PACKLOG|try=1|profit=4451981|weight=7645199
PACKLOG|best|profit=4451981|weight=7645199
PACKLOG|call=2306|tour_len=928|end_dist=19578055
PACKLOG|try=0|th=0.135426485|de=0.446592708|ga=0.417980807
PACKLOG|try=0|profit=4354883|weight=7798794
PACKLOG|try=1|th=0.101976738|de=0.494473418|ga=0.403549844
PACKLOG|try=1|profit=4310711|weight=7817901
PACKLOG|best|profit=4354883|weight=7798794
PACKLOG|call=2307|tour_len=928|end_dist=19578055
PACKLOG|try=0|th=0.388098560|de=0.263725905|ga=0.348175535
PACKLOG|try=0|profit=4451112|weight=7650223
PACKLOG|try=1|th=0.383955389|de=0.111460390|ga=0.504584221
PACKLOG|try=1|profit=4435546|weight=7702430
PACKLOG|best|profit=4451112|weight=7650223
PACKLOG|call=2308|tour_len=928|end_dist=19578055
PACKLOG|try=0|th=0.389443217|de=0.363890998|ga=0.246665785
PACKLOG|try=0|profit=4458007|weight=7577882
PACKLOG|try=1|th=0.346621505|de=0.159001606|ga=0.494376889
PACKLOG|try=1|profit=4430587|weight=7713462
PACKLOG|best|profit=4458007|weight=7577882
PACKLOG|call=2309|tour_len=928|end_dist=19578055
PACKLOG|try=0|th=0.466441564|de=0.401152350|ga=0.132406087
PACKLOG|try=0|profit=4456823|weight=7466330
PACKLOG|try=1|th=0.017645600|de=0.534312202|ga=0.448042198
PACKLOG|try=1|profit=4092512|weight=8030696
PACKLOG|best|profit=4456823|weight=7466330
PACKLOG|call=2310|tour_len=928|end_dist=19578055
PACKLOG|try=0|th=0.731661346|de=0.244848798|ga=0.023489856
PACKLOG|try=0|profit=4436709|weight=7311698
PACKLOG|try=1|th=0.174530050|de=0.601346644|ga=0.224123306
PACKLOG|try=1|profit=4436614|weight=7700392
PACKLOG|best|profit=4436709|weight=7311698
PACKLOG|call=2311|tour_len=933|end_dist=19842243
PACKLOG|try=0|th=0.433108225|de=0.487164430|ga=0.079727344
PACKLOG|try=0|profit=4448539|weight=7330701
PACKLOG|try=1|th=0.029712662|de=0.640719897|ga=0.329567441
PACKLOG|try=1|profit=4126994|weight=7919155
PACKLOG|best|profit=4448539|weight=7330701
PACKLOG|call=2312|tour_len=928|end_dist=19578055
PACKLOG|try=0|th=0.002880173|de=0.625314107|ga=0.371805720
PACKLOG|try=0|profit=4061212|weight=8093931
PACKLOG|try=1|th=0.280455634|de=0.009022044|ga=0.710522322
PACKLOG|try=1|profit=4380535|weight=7780783
PACKLOG|best|profit=4380535|weight=7780783
PACKLOG|call=2313|tour_len=928|end_dist=19578055
PACKLOG|try=0|th=0.448563936|de=0.209325125|ga=0.342110939
PACKLOG|try=0|profit=4454288|weight=7626122
PACKLOG|try=1|th=0.207516125|de=0.703824135|ga=0.088659740
PACKLOG|try=1|profit=4459325|weight=7519570
PACKLOG|best|profit=4459325|weight=7519570
PACKLOG|call=2314|tour_len=928|end_dist=19578055
PACKLOG|try=0|th=0.001034765|de=0.511814695|ga=0.487150540
PACKLOG|try=0|profit=4049920|weight=8099013
PACKLOG|try=1|th=0.000305824|de=0.203193820|ga=0.796500356
PACKLOG|try=1|profit=4048850|weight=8106091
PACKLOG|best|profit=4049920|weight=8099013
PACKLOG|call=2315|tour_len=928|end_dist=19578055
PACKLOG|try=0|th=0.140914061|de=0.132596486|ga=0.726489452
PACKLOG|try=0|profit=4264485|weight=7836966
PACKLOG|try=1|th=0.161536185|de=0.353963626|ga=0.484500189
PACKLOG|try=1|profit=4358965|weight=7796781
PACKLOG|best|profit=4358965|weight=7796781
PACKLOG|call=2316|tour_len=928|end_dist=19578055
PACKLOG|try=0|th=0.349588507|de=0.191705523|ga=0.458705970
PACKLOG|try=0|profit=4435545|weight=7702424
PACKLOG|try=1|th=0.403139192|de=0.581463762|ga=0.015397046
PACKLOG|try=1|profit=4438390|weight=7320722
PACKLOG|best|profit=4438390|weight=7320722
PACKLOG|call=2317|tour_len=928|end_dist=19578055
PACKLOG|try=0|th=0.312897955|de=0.479006656|ga=0.208095390
PACKLOG|try=0|profit=4457372|weight=7588936
PACKLOG|try=1|th=0.350708538|de=0.090546120|ga=0.558745342
PACKLOG|try=1|profit=4423038|weight=7727516
PACKLOG|best|profit=4457372|weight=7588936
PACKLOG|call=2318|tour_len=928|end_dist=19578055
PACKLOG|try=0|th=0.351324392|de=0.383782428|ga=0.264893180
PACKLOG|try=0|profit=4454730|weight=7622085
PACKLOG|try=1|th=0.091510899|de=0.284108712|ga=0.624380388
PACKLOG|try=1|profit=4206862|weight=7868028
PACKLOG|best|profit=4454730|weight=7622085
PACKLOG|call=2319|tour_len=928|end_dist=19578055
PACKLOG|try=0|th=0.328162857|de=0.279643585|ga=0.392193558
PACKLOG|try=0|profit=4441186|weight=7685382
PACKLOG|try=1|th=0.324797416|de=0.466006134|ga=0.209196450
PACKLOG|try=1|profit=4457745|weight=7581892
PACKLOG|best|profit=4457745|weight=7581892
PACKLOG|call=2320|tour_len=928|end_dist=19578055
PACKLOG|try=0|th=0.247666935|de=0.271490251|ga=0.480842814
PACKLOG|try=0|profit=4409326|weight=7748623
PACKLOG|try=1|th=0.325190991|de=0.269587951|ga=0.405221058
PACKLOG|try=1|profit=4438718|weight=7693414
PACKLOG|best|profit=4438718|weight=7693414
PACKLOG|call=2321|tour_len=928|end_dist=19578055
PACKLOG|try=0|th=0.385215728|de=0.032738361|ga=0.582045911
PACKLOG|try=0|profit=4425953|weight=7721484
PACKLOG|try=1|th=0.083589729|de=0.328693664|ga=0.587716607
PACKLOG|try=1|profit=4205184|weight=7879060
PACKLOG|best|profit=4425953|weight=7721484
PACKLOG|call=2322|tour_len=928|end_dist=19578055
PACKLOG|try=0|th=0.318828498|de=0.347814784|ga=0.333356718
PACKLOG|try=0|profit=4446307|weight=7669324
PACKLOG|try=1|th=0.434966142|de=0.021931254|ga=0.543102603
PACKLOG|try=1|profit=4438836|weight=7693428
PACKLOG|best|profit=4446307|weight=7669324
PACKLOG|call=2323|tour_len=928|end_dist=19578055
PACKLOG|try=0|th=0.345923198|de=0.430293570|ga=0.223783232
PACKLOG|try=0|profit=4457716|weight=7581900
PACKLOG|try=1|th=0.674774409|de=0.115594040|ga=0.209631550
PACKLOG|try=1|profit=4457857|weight=7481411
PACKLOG|best|profit=4457857|weight=7481411
PACKLOG|call=2324|tour_len=928|end_dist=19578055
PACKLOG|try=0|th=0.184158608|de=0.451267028|ga=0.364574365
PACKLOG|try=0|profit=4407710|weight=7750635
PACKLOG|try=1|th=0.014801080|de=0.493208669|ga=0.491990251
PACKLOG|try=1|profit=4090468|weight=8061848
PACKLOG|best|profit=4407710|weight=7750635
PACKLOG|call=2325|tour_len=928|end_dist=19578055
PACKLOG|try=0|th=0.198754788|de=0.192587370|ga=0.608657841
PACKLOG|try=0|profit=4355709|weight=7798805
PACKLOG|try=1|th=0.013173586|de=0.484074428|ga=0.502751985
PACKLOG|try=1|profit=4084327|weight=8066856
PACKLOG|best|profit=4355709|weight=7798805
PACKLOG|call=2326|tour_len=928|end_dist=19578055
PACKLOG|try=0|th=0.492688177|de=0.005201320|ga=0.502110503
PACKLOG|try=0|profit=4447205|weight=7666328
PACKLOG|try=1|th=0.339285435|de=0.006654651|ga=0.654059914
PACKLOG|try=1|profit=4409904|weight=7748636
PACKLOG|best|profit=4447205|weight=7666328
PACKLOG|call=2327|tour_len=925|end_dist=19462419
PACKLOG|try=0|th=0.423675060|de=0.345113100|ga=0.231211841
PACKLOG|try=0|profit=4457739|weight=7590961
PACKLOG|try=1|th=0.597559422|de=0.385074924|ga=0.017365654
PACKLOG|try=1|profit=4436985|weight=7351857
PACKLOG|best|profit=4457739|weight=7590961
PACKLOG|call=2328|tour_len=928|end_dist=19578055
PACKLOG|try=0|th=0.516011813|de=0.104485882|ga=0.379502305
PACKLOG|try=0|profit=4455402|weight=7616083
PACKLOG|try=1|th=0.417637552|de=0.088327413|ga=0.494035035
PACKLOG|try=1|profit=4441419|weight=7684389
PACKLOG|best|profit=4455402|weight=7616083
PACKLOG|call=2329|tour_len=928|end_dist=19578055
PACKLOG|try=0|th=0.415686905|de=0.383861488|ga=0.200451608
PACKLOG|try=0|profit=4459384|weight=7535696
PACKLOG|try=1|th=0.551209345|de=0.131158111|ga=0.317632544
PACKLOG|try=1|profit=4458703|weight=7563832
PACKLOG|best|profit=4459384|weight=7535696
PACKLOG|call=2330|tour_len=933|end_dist=19842243
PACKLOG|try=0|th=0.326026604|de=0.323860919|ga=0.350112476
PACKLOG|try=0|profit=4440857|weight=7609046
PACKLOG|try=1|th=0.890314639|de=0.054355826|ga=0.055329535
PACKLOG|try=1|profit=4435217|weight=7242326
PACKLOG|best|profit=4440857|weight=7609046
PACKLOG|call=2331|tour_len=928|end_dist=19578055
PACKLOG|try=0|th=0.267543990|de=0.230261379|ga=0.502194631
PACKLOG|try=0|profit=4411925|weight=7745617
PACKLOG|try=1|th=0.258766006|de=0.314915909|ga=0.426318085
PACKLOG|try=1|profit=4421879|weight=7728514
PACKLOG|best|profit=4421879|weight=7728514
PACKLOG|call=2332|tour_len=928|end_dist=19578055
PACKLOG|try=0|th=0.264840111|de=0.240997528|ga=0.494162360
PACKLOG|try=0|profit=4412271|weight=7744609
PACKLOG|try=1|th=0.086087770|de=0.240415970|ga=0.673496260
PACKLOG|try=1|profit=4192034|weight=7901166
PACKLOG|best|profit=4412271|weight=7744609
PACKLOG|call=2333|tour_len=928|end_dist=19639220
PACKLOG|try=0|th=0.530808822|de=0.064995455|ga=0.404195723
PACKLOG|try=0|profit=4442472|weight=7559864
PACKLOG|try=1|th=0.392577076|de=0.178660892|ga=0.428762032
PACKLOG|try=1|profit=4431474|weight=7618120
PACKLOG|best|profit=4442472|weight=7559864
PACKLOG|call=2334|tour_len=928|end_dist=19578055
PACKLOG|try=0|th=0.376411930|de=0.031193835|ga=0.592394235
PACKLOG|try=0|profit=4423690|weight=7726521
PACKLOG|try=1|th=0.188636469|de=0.329274796|ga=0.482088735
PACKLOG|try=1|profit=4379535|weight=7780765
PACKLOG|best|profit=4423690|weight=7726521
PACKLOG|call=2335|tour_len=933|end_dist=19842243
PACKLOG|try=0|th=0.217712627|de=0.721778642|ga=0.060508731
PACKLOG|try=0|profit=4453186|weight=7376901
PACKLOG|try=1|th=0.233841239|de=0.531860126|ga=0.234298634
PACKLOG|try=1|profit=4443169|weight=7601970
PACKLOG|best|profit=4453186|weight=7376901
PACKLOG|call=2336|tour_len=933|end_dist=19842243
PACKLOG|try=0|th=0.374149333|de=0.379142622|ga=0.246708045
PACKLOG|try=0|profit=4454698|weight=7514560
PACKLOG|try=1|th=0.007975319|de=0.019432592|ga=0.972592089
PACKLOG|try=1|profit=4050692|weight=8061902
PACKLOG|best|profit=4454698|weight=7514560
PACKLOG|call=2337|tour_len=928|end_dist=19578055
PACKLOG|try=0|th=0.467641857|de=0.404268145|ga=0.128089999
PACKLOG|try=0|profit=4456323|weight=7459306
PACKLOG|try=1|th=0.111571885|de=0.357816580|ga=0.530611536
PACKLOG|try=1|profit=4278354|weight=7831905
PACKLOG|best|profit=4456323|weight=7459306
PACKLOG|call=2338|tour_len=928|end_dist=19578055
PACKLOG|try=0|th=0.141714265|de=0.419633275|ga=0.438652460
PACKLOG|try=0|profit=4354584|weight=7799805
PACKLOG|try=1|th=0.425894785|de=0.133953109|ga=0.440152106
PACKLOG|try=1|profit=4446704|weight=7668331
PACKLOG|best|profit=4446704|weight=7668331
PACKLOG|call=2339|tour_len=925|end_dist=19462419
PACKLOG|try=0|th=0.444887993|de=0.259110623|ga=0.296001384
PACKLOG|try=0|profit=4456187|weight=7619110
PACKLOG|try=1|th=0.981703499|de=0.012443970|ga=0.005852531
PACKLOG|try=1|profit=4434782|weight=7339820
PACKLOG|best|profit=4456187|weight=7619110
PACKLOG|call=2340|tour_len=928|end_dist=19578055
PACKLOG|try=0|th=0.407264299|de=0.366120076|ga=0.226615626
PACKLOG|try=0|profit=4458978|weight=7560804
PACKLOG|try=1|th=0.160501325|de=0.525285656|ga=0.314213019
PACKLOG|try=1|profit=4408679|weight=7749617
PACKLOG|best|profit=4458978|weight=7560804
PACKLOG|call=2341|tour_len=928|end_dist=19578055
PACKLOG|try=0|th=0.320080456|de=0.377186152|ga=0.302733391
PACKLOG|try=0|profit=4449583|weight=7658286
PACKLOG|try=1|th=0.517014889|de=0.364479699|ga=0.118505412
PACKLOG|try=1|profit=4454348|weight=7436186
PACKLOG|best|profit=4454348|weight=7436186
PACKLOG|call=2342|tour_len=928|end_dist=19578055
PACKLOG|try=0|th=0.115142501|de=0.083190707|ga=0.801666791
PACKLOG|try=0|profit=4203837|weight=7873056
PACKLOG|try=1|th=0.638049037|de=0.190374097|ga=0.171576866
PACKLOG|try=1|profit=4456056|weight=7456295
PACKLOG|best|profit=4456056|weight=7456295
PACKLOG|call=2343|tour_len=928|end_dist=19578055
PACKLOG|try=0|th=0.318218621|de=0.486346288|ga=0.195435091
PACKLOG|try=0|profit=4458408|weight=7572848
PACKLOG|try=1|th=0.132869036|de=0.626333395|ga=0.240797569
PACKLOG|try=1|profit=4415044|weight=7740521
PACKLOG|best|profit=4458408|weight=7572848
PACKLOG|call=2344|tour_len=928|end_dist=19578055
PACKLOG|try=0|th=0.383783351|de=0.208310107|ga=0.407906542
PACKLOG|try=0|profit=4445791|weight=7671329
PACKLOG|try=1|th=0.339320216|de=0.434149626|ga=0.226530158
PACKLOG|try=1|profit=4457281|weight=7591954
PACKLOG|best|profit=4457281|weight=7591954
PACKLOG|call=2345|tour_len=925|end_dist=19462419
PACKLOG|try=0|th=0.277332459|de=0.337936571|ga=0.384730971
PACKLOG|try=0|profit=4432928|weight=7732541
PACKLOG|try=1|th=0.532549691|de=0.217272486|ga=0.250177823
PACKLOG|try=1|profit=4458057|weight=7560823
PACKLOG|best|profit=4458057|weight=7560823
PACKLOG|call=2346|tour_len=928|end_dist=19578055
PACKLOG|try=0|th=0.526393232|de=0.259317822|ga=0.214288946
PACKLOG|try=0|profit=4459222|weight=7512584
PACKLOG|try=1|th=0.184262589|de=0.794199290|ga=0.021538121
PACKLOG|try=1|profit=4446410|weight=7369877
PACKLOG|best|profit=4459222|weight=7512584
PACKLOG|call=2347|tour_len=928|end_dist=19578055
PACKLOG|try=0|th=0.427302101|de=0.222230147|ga=0.350467752
PACKLOG|try=0|profit=4452788|weight=7639176
PACKLOG|try=1|th=0.102286562|de=0.380031747|ga=0.517681691
PACKLOG|try=1|profit=4267355|weight=7836944
PACKLOG|best|profit=4452788|weight=7639176
PACKLOG|call=2348|tour_len=928|end_dist=19578055
PACKLOG|try=0|th=0.166816552|de=0.341071859|ga=0.492111589
PACKLOG|try=0|profit=4362031|weight=7794777
PACKLOG|try=1|th=0.315529947|de=0.212093357|ga=0.472376696
PACKLOG|try=1|profit=4427103|weight=7719485
PACKLOG|best|profit=4427103|weight=7719485
PACKLOG|call=2349|tour_len=928|end_dist=19578055
PACKLOG|try=0|th=0.370804321|de=0.505309428|ga=0.123886251
PACKLOG|try=0|profit=4458530|weight=7493458
PACKLOG|try=1|th=0.445369842|de=0.309490096|ga=0.245140062
PACKLOG|try=1|profit=4459023|weight=7556807
PACKLOG|best|profit=4459023|weight=7556807
PACKLOG|call=2350|tour_len=928|end_dist=19578055
PACKLOG|try=0|th=0.349159379|de=0.438620206|ga=0.212220415
PACKLOG|try=0|profit=4458438|weight=7571849
PACKLOG|try=1|th=0.172811078|de=0.434743736|ga=0.392445186
PACKLOG|try=1|profit=4392759|weight=7768720
PACKLOG|best|profit=4458438|weight=7571849
PACKLOG|call=2351|tour_len=928|end_dist=19578055
PACKLOG|try=0|th=0.360412764|de=0.385660763|ga=0.253926474
PACKLOG|try=0|profit=4456296|weight=7604014
PACKLOG|try=1|th=0.188590164|de=0.272475804|ga=0.538934031
PACKLOG|try=1|profit=4365440|weight=7792778
PACKLOG|best|profit=4456296|weight=7604014
PACKLOG|call=2352|tour_len=928|end_dist=19578055
PACKLOG|try=0|th=0.414314631|de=0.541737672|ga=0.043947697
PACKLOG|try=0|profit=4445217|weight=7361901
PACKLOG|try=1|th=0.755316391|de=0.055890193|ga=0.188793416
PACKLOG|try=1|profit=4455407|weight=7448260
PACKLOG|best|profit=4455407|weight=7448260
PACKLOG|call=2353|tour_len=928|end_dist=19578055
PACKLOG|try=0|th=0.294595784|de=0.551328291|ga=0.154075925
PACKLOG|try=0|profit=4459198|weight=7546734
PACKLOG|try=1|th=0.085950932|de=0.559240611|ga=0.354808456
PACKLOG|try=1|profit=4302936|weight=7820850
PACKLOG|best|profit=4459198|weight=7546734
PACKLOG|call=2354|tour_len=928|end_dist=19578055
PACKLOG|try=0|th=0.268688212|de=0.222698303|ga=0.508613485
PACKLOG|try=0|profit=4411398|weight=7745607
PACKLOG|try=1|th=0.466865414|de=0.188389300|ga=0.344745286
PACKLOG|try=1|profit=4455321|weight=7616066
PACKLOG|best|profit=4455321|weight=7616066
PACKLOG|call=2355|tour_len=933|end_dist=19842243
PACKLOG|try=0|th=0.484294233|de=0.034997493|ga=0.480708274
PACKLOG|try=0|profit=4443933|weight=7600011
PACKLOG|try=1|th=0.123705115|de=0.332051549|ga=0.544243336
PACKLOG|try=1|profit=4270949|weight=7778646
PACKLOG|best|profit=4443933|weight=7600011
PACKLOG|call=2356|tour_len=928|end_dist=19578055
PACKLOG|try=0|th=0.168763624|de=0.182982756|ga=0.648253620
PACKLOG|try=0|profit=4316353|weight=7815958
PACKLOG|try=1|th=0.315200995|de=0.279750557|ga=0.405048448
PACKLOG|try=1|profit=4436934|weight=7698416
PACKLOG|best|profit=4436934|weight=7698416
PACKLOG|call=2357|tour_len=933|end_dist=19842243
PACKLOG|try=0|th=0.311185595|de=0.337521987|ga=0.351292417
PACKLOG|try=0|profit=4438372|weight=7617082
PACKLOG|try=1|th=0.211332810|de=0.144046123|ga=0.644621067
PACKLOG|try=1|profit=4340946|weight=7745597
PACKLOG|best|profit=4438372|weight=7617082
PACKLOG|call=2358|tour_len=933|end_dist=19842243
PACKLOG|try=0|th=0.469739136|de=0.288082277|ga=0.242178587
PACKLOG|try=0|profit=4456750|weight=7471392
PACKLOG|try=1|th=0.436677994|de=0.151383448|ga=0.411938558
PACKLOG|try=1|profit=4446065|weight=7589937
PACKLOG|best|profit=4456750|weight=7471392
PACKLOG|call=2359|tour_len=928|end_dist=19578055
PACKLOG|try=0|th=0.209477024|de=0.004518196|ga=0.786004780
PACKLOG|try=0|profit=4320375|weight=7814961
PACKLOG|try=1|th=0.097432004|de=0.864780361|ga=0.037787634
PACKLOG|try=1|profit=4459010|weight=7507457
PACKLOG|best|profit=4459010|weight=7507457
PACKLOG|call=2360|tour_len=893|end_dist=19004190
PACKLOG|try=0|th=0.295144588|de=0.108226539|ga=0.596628873
PACKLOG|try=0|profit=4340425|weight=7801924
PACKLOG|try=1|th=0.020308771|de=0.588871782|ga=0.390819447
PACKLOG|try=1|profit=4095397|weight=7951366
PACKLOG|best|profit=4340425|weight=7801924
PACKLOG|call=2361|tour_len=928|end_dist=19578055
PACKLOG|try=0|th=0.535591879|de=0.061289056|ga=0.403119065
PACKLOG|try=0|profit=4454836|weight=7620104
PACKLOG|try=1|th=0.118072591|de=0.770358670|ga=0.111568739
PACKLOG|try=1|profit=4449702|weight=7657213
PACKLOG|best|profit=4454836|weight=7620104
PACKLOG|call=2362|tour_len=928|end_dist=19578055
PACKLOG|try=0|th=0.216049302|de=0.487701375|ga=0.296249323
PACKLOG|try=0|profit=4433107|weight=7707417
PACKLOG|try=1|th=0.317792436|de=0.234783444|ga=0.447424120
PACKLOG|try=1|profit=4431664|weight=7710437
PACKLOG|best|profit=4433107|weight=7707417
PACKLOG|call=2363|tour_len=928|end_dist=19578055
PACKLOG|try=0|th=0.241286550|de=0.602423991|ga=0.156289460
PACKLOG|try=0|profit=4457750|weight=7581882
PACKLOG|try=1|th=0.656805119|de=0.085384698|ga=0.257810183
PACKLOG|try=1|profit=4459162|weight=7509569
PACKLOG|best|profit=4459162|weight=7509569
PACKLOG|call=2364|tour_len=928|end_dist=19578055
PACKLOG|try=0|th=0.251760417|de=0.178611374|ga=0.569628208
PACKLOG|try=0|profit=4392930|weight=7768738
PACKLOG|try=1|th=0.431675712|de=0.276102560|ga=0.292221728
PACKLOG|try=1|profit=4457079|weight=7594981
PACKLOG|best|profit=4457079|weight=7594981
PACKLOG|call=2365|tour_len=928|end_dist=19639220
PACKLOG|try=0|th=0.019407185|de=0.855193446|ga=0.125399369
PACKLOG|try=0|profit=4188321|weight=7809355
PACKLOG|try=1|th=0.224808355|de=0.408367675|ga=0.366823969
PACKLOG|try=1|profit=4406981|weight=7674291
PACKLOG|best|profit=4406981|weight=7674291
PACKLOG|call=2366|tour_len=928|end_dist=19578055
PACKLOG|try=0|th=0.426945661|de=0.347788369|ga=0.225265969
PACKLOG|try=0|profit=4459191|weight=7549766
PACKLOG|try=1|th=0.569228578|de=0.186753455|ga=0.244017967
PACKLOG|try=1|profit=4459279|weight=7519632
PACKLOG|best|profit=4459279|weight=7519632
PACKLOG|call=2367|tour_len=928|end_dist=19578055
PACKLOG|try=0|th=0.455449524|de=0.284329002|ga=0.260221473
PACKLOG|try=0|profit=4458803|weight=7563826
PACKLOG|try=1|th=0.271119884|de=0.286935932|ga=0.441944184
PACKLOG|try=1|profit=4422192|weight=7728512
PACKLOG|best|profit=4458803|weight=7563826
PACKLOG|call=2368|tour_len=932|end_dist=19817878
PACKLOG|try=0|th=0.351860694|de=0.247163593|ga=0.400975713
PACKLOG|try=0|profit=4440117|weight=7643145
PACKLOG|try=1|th=0.349939177|de=0.329063984|ga=0.320996838
PACKLOG|try=1|profit=4449319|weight=7610994
PACKLOG|best|profit=4449319|weight=7610994
PACKLOG|call=2369|tour_len=928|end_dist=19578055
PACKLOG|try=0|th=0.164741607|de=0.397070161|ga=0.438188232
PACKLOG|try=0|profit=4374153|weight=7785746
PACKLOG|try=1|th=0.441849736|de=0.320217293|ga=0.237932971
PACKLOG|try=1|profit=4459130|weight=7553789
PACKLOG|best|profit=4459130|weight=7553789
PACKLOG|call=2370|tour_len=692|end_dist=15236648
PACKLOG|try=0|th=0.411432394|de=0.333900005|ga=0.254667601
PACKLOG|try=0|profit=3452179|weight=6931109
PACKLOG|try=1|th=0.119914586|de=0.502425114|ga=0.377660301
PACKLOG|try=1|profit=3452179|weight=6931109
PACKLOG|best|profit=3452179|weight=6931109
PACKLOG|call=2371|tour_len=928|end_dist=19578055
PACKLOG|try=0|th=0.541227460|de=0.111580192|ga=0.347192348
PACKLOG|try=0|profit=4457851|weight=7579893
PACKLOG|try=1|th=0.247300492|de=0.249901127|ga=0.502798381
PACKLOG|try=1|profit=4406102|weight=7752661
PACKLOG|best|profit=4457851|weight=7579893
PACKLOG|call=2372|tour_len=928|end_dist=19578055
PACKLOG|try=0|th=0.282615229|de=0.321472380|ga=0.395912391
PACKLOG|try=0|profit=4432117|weight=7708418
PACKLOG|try=1|th=0.436469238|de=0.119909139|ga=0.443621623
PACKLOG|try=1|profit=4447205|weight=7666328
PACKLOG|best|profit=4447205|weight=7666328
PACKLOG|call=2373|tour_len=928|end_dist=19578055
PACKLOG|try=0|th=0.380382184|de=0.374796512|ga=0.244821304
PACKLOG|try=0|profit=4457777|weight=7580891
PACKLOG|try=1|th=0.782604295|de=0.088683814|ga=0.128711891
PACKLOG|try=1|profit=4450586|weight=7402069
PACKLOG|best|profit=4457777|weight=7580891
PACKLOG|call=2374|tour_len=930|end_dist=19726607
PACKLOG|try=0|th=0.387707079|de=0.037551711|ga=0.574741211
PACKLOG|try=0|profit=4422609|weight=7683341
PACKLOG|try=1|th=0.277977264|de=0.228391947|ga=0.493630789
PACKLOG|try=1|profit=4410871|weight=7704413
PACKLOG|best|profit=4422609|weight=7683341
PACKLOG|call=2375|tour_len=933|end_dist=19842243
PACKLOG|try=0|th=0.332246019|de=0.256538109|ga=0.411215872
PACKLOG|try=0|profit=4433371|weight=7631121
PACKLOG|try=1|th=0.239860675|de=0.370823686|ga=0.389315639
PACKLOG|try=1|profit=4414985|weight=7670275
PACKLOG|best|profit=4433371|weight=7631121
PACKLOG|call=2376|tour_len=928|end_dist=19578055
PACKLOG|try=0|th=0.214034173|de=0.402933169|ga=0.383032657
PACKLOG|try=0|profit=4415867|weight=7739553
PACKLOG|try=1|th=0.140253779|de=0.698900490|ga=0.160845731
PACKLOG|try=1|profit=4442757|weight=7681314
PACKLOG|best|profit=4442757|weight=7681314
PACKLOG|call=2377|tour_len=928|end_dist=19578055
PACKLOG|try=0|th=0.478881225|de=0.283340922|ga=0.237777853
PACKLOG|try=0|profit=4459377|weight=7539725
PACKLOG|try=1|th=0.452559912|de=0.423744679|ga=0.123695409
PACKLOG|try=1|profit=4456323|weight=7459306
PACKLOG|best|profit=4459377|weight=7539725
PACKLOG|call=2378|tour_len=928|end_dist=19578055
PACKLOG|try=0|th=0.098156957|de=0.607475060|ga=0.294367983
PACKLOG|try=0|profit=4359033|weight=7796756
PACKLOG|try=1|th=0.082604366|de=0.460127586|ga=0.457268048
PACKLOG|try=1|profit=4251098|weight=7841925
PACKLOG|best|profit=4359033|weight=7796756
PACKLOG|call=2379|tour_len=925|end_dist=19462419
PACKLOG|try=0|th=0.330623594|de=0.528902863|ga=0.140473542
PACKLOG|try=0|profit=4458065|weight=7552770
PACKLOG|try=1|th=0.310552546|de=0.322872591|ga=0.366574863
PACKLOG|try=1|profit=4441308|weight=7709497
PACKLOG|best|profit=4458065|weight=7552770
PACKLOG|call=2380|tour_len=925|end_dist=19462419
PACKLOG|try=0|th=0.277339665|de=0.200269304|ga=0.522391031
PACKLOG|try=0|profit=4412999|weight=7769719
PACKLOG|try=1|th=0.287850435|de=0.394201277|ga=0.317948288
PACKLOG|try=1|profit=4443872|weight=7702468
PACKLOG|best|profit=4443872|weight=7702468
PACKLOG|call=2381|tour_len=928|end_dist=19578055
PACKLOG|try=0|th=0.071749124|de=0.513081212|ga=0.415169664
PACKLOG|try=0|profit=4237245|weight=7848901
PACKLOG|try=1|th=0.333555909|de=0.259279823|ga=0.407164268
PACKLOG|try=1|profit=4439683|weight=7691418
PACKLOG|best|profit=4439683|weight=7691418
PACKLOG|call=2382|tour_len=928|end_dist=19578055
PACKLOG|try=0|th=0.483007202|de=0.261074073|ga=0.255918725
PACKLOG|try=0|profit=4459154|weight=7551784
PACKLOG|try=1|th=0.712515859|de=0.042822295|ga=0.244661847
PACKLOG|try=1|profit=4458670|weight=7495480
PACKLOG|best|profit=4459154|weight=7551784
PACKLOG|call=2383|tour_len=928|end_dist=19578055
PACKLOG|try=0|th=0.331105978|de=0.494044575|ga=0.174849446
PACKLOG|try=0|profit=4459172|weight=7548746
PACKLOG|try=1|th=0.427401916|de=0.195745326|ga=0.376852758
PACKLOG|try=1|profit=4451448|weight=7649222
PACKLOG|best|profit=4459172|weight=7548746
PACKLOG|call=2384|tour_len=933|end_dist=19842243
PACKLOG|try=0|th=0.291028881|de=0.498009042|ga=0.210962077
PACKLOG|try=0|profit=4453341|weight=7536692
PACKLOG|try=1|th=0.238747066|de=0.397667937|ga=0.363584996
PACKLOG|try=1|profit=4419769|weight=7662237
PACKLOG|best|profit=4453341|weight=7536692
PACKLOG|call=2385|tour_len=928|end_dist=19578055
PACKLOG|try=0|th=0.339020528|de=0.079038989|ga=0.581940483
PACKLOG|try=0|profit=4419700|weight=7732535
PACKLOG|try=1|th=0.191087218|de=0.373733750|ga=0.435179032
PACKLOG|try=1|profit=4392684|weight=7768722
PACKLOG|best|profit=4419700|weight=7732535
PACKLOG|call=2386|tour_len=928|end_dist=19578055
PACKLOG|try=0|th=0.900053924|de=0.061424016|ga=0.038522059
PACKLOG|try=0|profit=4438679|weight=7322732
PACKLOG|try=1|th=0.633405812|de=0.294409617|ga=0.072184571
PACKLOG|try=1|profit=4446194|weight=7368950
PACKLOG|best|profit=4446194|weight=7368950
PACKLOG|call=2387|tour_len=925|end_dist=19462419
PACKLOG|try=0|th=0.356732522|de=0.207956343|ga=0.435311135
PACKLOG|try=0|profit=4439666|weight=7715510
PACKLOG|try=1|th=0.105432366|de=0.704959578|ga=0.189608056
PACKLOG|try=1|profit=4416575|weight=7763621
PACKLOG|best|profit=4439666|weight=7715510
PACKLOG|call=2388|tour_len=928|end_dist=19578055
PACKLOG|try=0|th=0.491274276|de=0.330077005|ga=0.178648720
PACKLOG|try=0|profit=4458868|weight=7501495
PACKLOG|try=1|th=0.352652684|de=0.262651484|ga=0.384695832
PACKLOG|try=1|profit=4444818|weight=7674342
PACKLOG|best|profit=4458868|weight=7501495
PACKLOG|call=2389|tour_len=928|end_dist=19578055
PACKLOG|try=0|th=0.145707636|de=0.492533570|ga=0.361758794
PACKLOG|try=0|profit=4382164|weight=7778747
PACKLOG|try=1|th=0.247242618|de=0.323514503|ga=0.429242878
PACKLOG|try=1|profit=4418571|weight=7735539
PACKLOG|best|profit=4418571|weight=7735539
PACKLOG|call=2390|tour_len=911|end_dist=19169745
PACKLOG|try=0|th=0.230010569|de=0.375737488|ga=0.394251942
PACKLOG|try=0|profit=4402228|weight=7822992
PACKLOG|try=1|th=0.396830986|de=0.497954828|ga=0.105214186
PACKLOG|try=1|profit=4428553|weight=7594902
PACKLOG|best|profit=4428553|weight=7594902
PACKLOG|call=2391|tour_len=928|end_dist=19578055
PACKLOG|try=0|th=0.188250725|de=0.364559647|ga=0.447189628
PACKLOG|try=0|profit=4387807|weight=7773742
PACKLOG|try=1|th=0.311632181|de=0.126168077|ga=0.562199742
PACKLOG|try=1|profit=4415121|weight=7740580
PACKLOG|best|profit=4415121|weight=7740580
PACKLOG|call=2392|tour_len=928|end_dist=19578055
PACKLOG|try=0|th=0.184988956|de=0.385826233|ga=0.429184811
PACKLOG|try=0|profit=4390425|weight=7770753
PACKLOG|try=1|th=0.443086157|de=0.240955339|ga=0.315958504
PACKLOG|try=1|profit=4456103|weight=7608039
PACKLOG|best|profit=4456103|weight=7608039
PACKLOG|call=2393|tour_len=933|end_dist=19842243
PACKLOG|try=0|th=0.363441679|de=0.192451116|ga=0.444107205
PACKLOG|try=0|profit=4434492|weight=7628125
PACKLOG|try=1|th=0.178583280|de=0.365655464|ga=0.455761256
PACKLOG|try=1|profit=4365507|weight=7729472
PACKLOG|best|profit=4434492|weight=7628125
PACKLOG|call=2394|tour_len=928|end_dist=19578055
PACKLOG|try=0|th=0.125362708|de=0.291981797|ga=0.582655495
PACKLOG|try=0|profit=4280323|weight=7831909
PACKLOG|try=1|th=0.369201425|de=0.282910748|ga=0.347887827
PACKLOG|try=1|profit=4449583|weight=7658286
PACKLOG|best|profit=4449583|weight=7658286
PACKLOG|call=2395|tour_len=928|end_dist=19578055
PACKLOG|try=0|th=0.196041643|de=0.600156008|ga=0.203802349
PACKLOG|try=0|profit=4446384|weight=7669311
PACKLOG|try=1|th=0.385464988|de=0.336665865|ga=0.277869147
PACKLOG|try=1|profit=4455777|weight=7613048
PACKLOG|best|profit=4455777|weight=7613048
PACKLOG|call=2396|tour_len=928|end_dist=19578055
PACKLOG|try=0|th=0.197657340|de=0.370241211|ga=0.432101449
PACKLOG|try=0|profit=4396907|weight=7763691
PACKLOG|try=1|th=0.392253561|de=0.405380226|ga=0.202366214
PACKLOG|try=1|profit=4459209|weight=7544743
PACKLOG|best|profit=4459209|weight=7544743
PACKLOG|call=2397|tour_len=933|end_dist=19842243
PACKLOG|try=0|th=0.010348283|de=0.426189085|ga=0.563462632
PACKLOG|try=0|profit=4067642|weight=8048772
PACKLOG|try=1|th=0.222299415|de=0.460250343|ga=0.317450241
PACKLOG|try=1|profit=4424816|weight=7653178
PACKLOG|best|profit=4424816|weight=7653178
PACKLOG|call=2398|tour_len=820|end_dist=17078504
PACKLOG|try=0|th=0.121201100|de=0.305855292|ga=0.572943607
PACKLOG|try=0|profit=4107827|weight=8216736
PACKLOG|try=1|th=0.255217561|de=0.459552934|ga=0.285229505
PACKLOG|try=1|profit=4107827|weight=8216736
PACKLOG|best|profit=4107827|weight=8216736
PACKLOG|call=2399|tour_len=933|end_dist=19842243
PACKLOG|try=0|th=0.107645810|de=0.565966868|ga=0.326387322
PACKLOG|try=0|profit=4340808|weight=7745542
PACKLOG|try=1|th=0.249305307|de=0.453124320|ga=0.297570372
PACKLOG|try=1|profit=4435604|weight=7625093
PACKLOG|best|profit=4435604|weight=7625093
PACKLOG|call=2400|tour_len=928|end_dist=19578055
PACKLOG|try=0|th=0.463828405|de=0.162687552|ga=0.373484043
PACKLOG|try=0|profit=4453251|weight=7636164
PACKLOG|try=1|th=0.436843427|de=0.185896330|ga=0.377260244
PACKLOG|try=1|profit=4451803|weight=7647213
PACKLOG|best|profit=4453251|weight=7636164
PACKLOG|call=2401|tour_len=928|end_dist=19578055
PACKLOG|try=0|th=0.449789368|de=0.190342565|ga=0.359868067
PACKLOG|try=0|profit=4453440|weight=7635158
PACKLOG|try=1|th=0.598801740|de=0.098782126|ga=0.302416134
PACKLOG|try=1|profit=4459277|weight=7541740
PACKLOG|best|profit=4459277|weight=7541740
PACKLOG|call=2402|tour_len=928|end_dist=19578055
PACKLOG|try=0|th=0.644818231|de=0.122386083|ga=0.232795686
PACKLOG|try=0|profit=4458814|weight=7499503
PACKLOG|try=1|th=0.222423926|de=0.121168491|ga=0.656407583
PACKLOG|try=1|profit=4361015|weight=7795801
PACKLOG|best|profit=4458814|weight=7499503
PACKLOG|call=2403|tour_len=928|end_dist=19578055
PACKLOG|try=0|th=0.020230003|de=0.566589956|ga=0.413180041
PACKLOG|try=0|profit=4104126|weight=8014599
PACKLOG|try=1|th=0.365995401|de=0.224329839|ga=0.409674760
PACKLOG|try=1|profit=4443916|weight=7678342
PACKLOG|best|profit=4443916|weight=7678342
PACKLOG|call=2404|tour_len=928|end_dist=19578055
PACKLOG|try=0|th=0.233874559|de=0.368225932|ga=0.397899509
PACKLOG|try=0|profit=4420174|weight=7732523
PACKLOG|try=1|th=0.048320261|de=0.411696034|ga=0.539983705
PACKLOG|try=1|profit=4145354|weight=7952416
PACKLOG|best|profit=4420174|weight=7732523
PACKLOG|call=2405|tour_len=928|end_dist=19578055
PACKLOG|try=0|th=0.494761045|de=0.142231573|ga=0.363007383
PACKLOG|try=0|profit=4455575|weight=7614071
PACKLOG|try=1|th=0.007725651|de=0.289702276|ga=0.702572073
PACKLOG|try=1|profit=4067903|weight=8093996
PACKLOG|best|profit=4455575|weight=7614071
PACKLOG|call=2406|tour_len=930|end_dist=19625137
PACKLOG|try=0|th=0.335662024|de=0.445491949|ga=0.218846027
PACKLOG|try=0|profit=4461275|weight=7571825
PACKLOG|try=1|th=0.446534554|de=0.411001935|ga=0.142463511
PACKLOG|try=1|profit=4461555|weight=7466309
PACKLOG|best|profit=4461555|weight=7466309
PACKLOG|call=2407|tour_len=928|end_dist=19578055
PACKLOG|try=0|th=0.126230181|de=0.575871610|ga=0.297898209
PACKLOG|try=0|profit=4387898|weight=7773725
PACKLOG|try=1|th=0.203054313|de=0.484046862|ga=0.312898825
PACKLOG|try=1|profit=4425355|weight=7722477
PACKLOG|best|profit=4425355|weight=7722477
PACKLOG|call=2408|tour_len=933|end_dist=19842243
PACKLOG|try=0|th=0.212337211|de=0.382243932|ga=0.405418856
PACKLOG|try=0|profit=4402009|weight=7690299
PACKLOG|try=1|th=0.258470513|de=0.279668967|ga=0.461860520
PACKLOG|try=1|profit=4408215|weight=7681313
PACKLOG|best|profit=4408215|weight=7681313
PACKLOG|call=2409|tour_len=928|end_dist=19578055
PACKLOG|try=0|th=0.318433367|de=0.552434165|ga=0.129132469
PACKLOG|try=0|profit=4459193|weight=7511556
PACKLOG|try=1|th=0.298181372|de=0.127504301|ga=0.574314327
PACKLOG|try=1|profit=4409904|weight=7748636
PACKLOG|best|profit=4459193|weight=7511556
PACKLOG|call=2410|tour_len=928|end_dist=19578055
PACKLOG|try=0|th=0.152617082|de=0.480758213|ga=0.366624706
PACKLOG|try=0|profit=4386266|weight=7775744
PACKLOG|try=1|th=0.315192682|de=0.040744762|ga=0.644062556
PACKLOG|try=1|profit=4405780|weight=7753670
PACKLOG|best|profit=4405780|weight=7753670
PACKLOG|call=2411|tour_len=928|end_dist=19578055
PACKLOG|try=0|th=0.257196428|de=0.657712601|ga=0.085090971
PACKLOG|try=0|profit=4458229|weight=7489413
PACKLOG|try=1|th=0.075795864|de=0.463774379|ga=0.460429757
PACKLOG|try=1|profit=4229500|weight=7854925
PACKLOG|best|profit=4458229|weight=7489413
PACKLOG|call=2412|tour_len=930|end_dist=19726607
PACKLOG|try=0|th=0.334192504|de=0.537613547|ga=0.128193949
PACKLOG|try=0|profit=4455825|weight=7460315
PACKLOG|try=1|th=0.440091905|de=0.362230685|ga=0.197677410
PACKLOG|try=1|profit=4456396|weight=7484440
PACKLOG|best|profit=4456396|weight=7484440
PACKLOG|call=2413|tour_len=928|end_dist=19578055
PACKLOG|try=0|th=0.359940609|de=0.478143639|ga=0.161915751
PACKLOG|try=0|profit=4459437|weight=7528666
PACKLOG|try=1|th=0.546025166|de=0.171130252|ga=0.282844582
PACKLOG|try=1|profit=4459209|weight=7544743
PACKLOG|best|profit=4459437|weight=7528666
PACKLOG|call=2414|tour_len=928|end_dist=19578055
PACKLOG|try=0|th=0.369573952|de=0.494074636|ga=0.136351411
PACKLOG|try=0|profit=4458891|weight=7500489
PACKLOG|try=1|th=0.203750982|de=0.613779860|ga=0.182469158
PACKLOG|try=1|profit=4451089|weight=7650206
PACKLOG|best|profit=4458891|weight=7500489
PACKLOG|call=2415|tour_len=933|end_dist=19842243
PACKLOG|try=0|th=0.182623878|de=0.576499762|ga=0.240876360
PACKLOG|try=0|profit=4428698|weight=7643139
PACKLOG|try=1|th=0.315044694|de=0.259899681|ga=0.425055625
PACKLOG|try=1|profit=4427234|weight=7647170
PACKLOG|best|profit=4428698|weight=7643139
PACKLOG|call=2416|tour_len=928|end_dist=19578055
PACKLOG|try=0|th=0.312730286|de=0.508089321|ga=0.179180393
PACKLOG|try=0|profit=4458796|weight=7565822
PACKLOG|try=1|th=0.315965258|de=0.125536971|ga=0.558497771
PACKLOG|try=1|profit=4416992|weight=7737568
PACKLOG|best|profit=4458796|weight=7565822
PACKLOG|call=2417|tour_len=928|end_dist=19578055
PACKLOG|try=0|th=0.253250724|de=0.241146585|ga=0.505602691
PACKLOG|try=0|profit=4407308|weight=7751648
PACKLOG|try=1|th=0.630900876|de=0.260643913|ga=0.108455211
PACKLOG|try=1|profit=4451031|weight=7406059
PACKLOG|best|profit=4451031|weight=7406059
PACKLOG|call=2418|tour_len=928|end_dist=19578055
PACKLOG|try=0|th=0.151509556|de=0.420055021|ga=0.428435423
PACKLOG|try=0|profit=4365765|weight=7790757
PACKLOG|try=1|th=0.108959627|de=0.334256379|ga=0.556783993
PACKLOG|try=1|profit=4265706|weight=7836949
PACKLOG|best|profit=4365765|weight=7790757
PACKLOG|call=2419|tour_len=928|end_dist=19578055
PACKLOG|try=0|th=0.660533031|de=0.321816920|ga=0.017650049
PACKLOG|try=0|profit=4436484|weight=7310698
PACKLOG|try=1|th=0.011275798|de=0.300693270|ga=0.688030932
PACKLOG|try=1|profit=4072392|weight=8093995
PACKLOG|best|profit=4436484|weight=7310698
PACKLOG|call=2420|tour_len=928|end_dist=19578055
PACKLOG|try=0|th=0.303359123|de=0.212178482|ga=0.484462395
PACKLOG|try=0|profit=4422873|weight=7727511
PACKLOG|try=1|th=0.296417464|de=0.387606891|ga=0.315975645
PACKLOG|try=1|profit=4445765|weight=7670314
PACKLOG|best|profit=4445765|weight=7670314
PACKLOG|call=2421|tour_len=928|end_dist=19578055
PACKLOG|try=0|th=0.342071985|de=0.283614300|ga=0.374313715
PACKLOG|try=0|profit=4444818|weight=7674342
PACKLOG|try=1|th=0.714313801|de=0.039288907|ga=0.246397292
PACKLOG|try=1|profit=4458627|weight=7495484
PACKLOG|best|profit=4458627|weight=7495484
PACKLOG|call=2422|tour_len=928|end_dist=19578055
PACKLOG|try=0|th=0.003961336|de=0.515690920|ga=0.480347744
PACKLOG|try=0|profit=4062053|weight=8093948
PACKLOG|try=1|th=0.366288909|de=0.229652694|ga=0.404058397
PACKLOG|try=1|profit=4444485|weight=7675338
PACKLOG|best|profit=4444485|weight=7675338
PACKLOG|call=2423|tour_len=925|end_dist=19462419
PACKLOG|try=0|th=0.195341377|de=0.346136362|ga=0.458522261
PACKLOG|try=0|profit=4392228|weight=7794865
PACKLOG|try=1|th=0.161410508|de=0.470680317|ga=0.367909175
PACKLOG|try=1|profit=4395231|weight=7791845
PACKLOG|best|profit=4395231|weight=7791845
PACKLOG|call=2424|tour_len=837|end_dist=18038621
PACKLOG|try=0|th=0.421033900|de=0.538257598|ga=0.040708502
PACKLOG|try=0|profit=4170715|weight=7743568
PACKLOG|try=1|th=0.466593140|de=0.090998381|ga=0.442408479
PACKLOG|try=1|profit=4170469|weight=7822941
PACKLOG|best|profit=4170715|weight=7743568
PACKLOG|call=2425|tour_len=933|end_dist=19842243
PACKLOG|try=0|th=0.512439503|de=0.296430365|ga=0.191130132
PACKLOG|try=0|profit=4456228|weight=7426179
PACKLOG|try=1|th=0.195810252|de=0.091048783|ga=0.713140965
PACKLOG|try=1|profit=4309022|weight=7758621
PACKLOG|best|profit=4456228|weight=7426179
PACKLOG|call=2426|tour_len=925|end_dist=19462419
PACKLOG|try=0|th=0.559390894|de=0.100162289|ga=0.340446817
PACKLOG|try=0|profit=4457089|weight=7602017
PACKLOG|try=1|th=0.156585878|de=0.272937671|ga=0.570476450
PACKLOG|try=1|profit=4336413|weight=7831006
PACKLOG|best|profit=4457089|weight=7602017
PACKLOG|call=2427|tour_len=928|end_dist=19578055
PACKLOG|try=0|th=0.657257095|de=0.091535670|ga=0.251207234
PACKLOG|try=0|profit=4459120|weight=7506542
PACKLOG|try=1|th=0.503088107|de=0.353085424|ga=0.143826469
PACKLOG|try=1|profit=4456823|weight=7466330
PACKLOG|best|profit=4459120|weight=7506542
PACKLOG|call=2428|tour_len=928|end_dist=19578055
PACKLOG|try=0|th=0.119736101|de=0.380185993|ga=0.500077907
PACKLOG|try=0|profit=4300829|weight=7820894
PACKLOG|try=1|th=0.742021766|de=0.209711888|ga=0.048266345
PACKLOG|try=1|profit=4440839|weight=7334777
PACKLOG|best|profit=4440839|weight=7334777
PACKLOG|call=2429|tour_len=925|end_dist=19445085
PACKLOG|try=0|th=0.013818560|de=0.526426907|ga=0.459754533
PACKLOG|try=0|profit=4085367|weight=8052800
PACKLOG|try=1|th=0.278616530|de=0.193791993|ga=0.527591478
PACKLOG|try=1|profit=4413937|weight=7773747
PACKLOG|best|profit=4413937|weight=7773747
PACKLOG|call=2430|tour_len=928|end_dist=19578055
PACKLOG|try=0|th=0.007318043|de=0.056418483|ga=0.936263474
PACKLOG|try=0|profit=4061462|weight=8095036
PACKLOG|try=1|th=0.464603774|de=0.422153151|ga=0.113243075
PACKLOG|try=1|profit=4455019|weight=7443215
PACKLOG|best|profit=4455019|weight=7443215
PACKLOG|call=2431|tour_len=928|end_dist=19578055
PACKLOG|try=0|th=0.150067245|de=0.447607802|ga=0.402324953
PACKLOG|try=0|profit=4372514|weight=7786724
PACKLOG|try=1|th=0.515732262|de=0.060896099|ga=0.423371638
PACKLOG|try=1|profit=4452742|weight=7640188
PACKLOG|best|profit=4452742|weight=7640188
PACKLOG|call=2432|tour_len=928|end_dist=19578055
PACKLOG|try=0|th=0.280915786|de=0.266289880|ga=0.452794334
PACKLOG|try=0|profit=4422423|weight=7728504
PACKLOG|try=1|th=0.287611501|de=0.352490705|ga=0.359897793
PACKLOG|try=1|profit=4438227|weight=7695397
PACKLOG|best|profit=4438227|weight=7695397
PACKLOG|call=2433|tour_len=956|end_dist=20396616
PACKLOG|try=0|th=0.296143817|de=0.179076864|ga=0.524779319
PACKLOG|try=0|profit=4372932|weight=7460309
PACKLOG|try=1|th=0.340941239|de=0.186848083|ga=0.472210678
PACKLOG|try=1|profit=4405799|weight=7411137
PACKLOG|best|profit=4405799|weight=7411137
PACKLOG|call=2434|tour_len=928|end_dist=19578055
PACKLOG|try=0|th=0.539488759|de=0.309359992|ga=0.151151249
PACKLOG|try=0|profit=4456450|weight=7461304
PACKLOG|try=1|th=0.418863476|de=0.378441411|ga=0.202695114
PACKLOG|try=1|profit=4459403|weight=7538707
PACKLOG|best|profit=4459403|weight=7538707
PACKLOG|call=2435|tour_len=928|end_dist=19578055
PACKLOG|try=0|th=0.278152851|de=0.246629238|ga=0.475217911
PACKLOG|try=0|profit=4419868|weight=7732529
PACKLOG|try=1|th=0.426672098|de=0.233526452|ga=0.339801449
PACKLOG|try=1|profit=4453448|weight=7635153
PACKLOG|best|profit=4453448|weight=7635153
PACKLOG|call=2436|tour_len=928|end_dist=19578055
PACKLOG|try=0|th=0.519767915|de=0.415116792|ga=0.065115293
PACKLOG|try=0|profit=4447394|weight=7376956
PACKLOG|try=1|th=0.629513929|de=0.308224080|ga=0.062261992
PACKLOG|try=1|profit=4444348|weight=7356891
PACKLOG|best|profit=4447394|weight=7376956
PACKLOG|call=2437|tour_len=928|end_dist=19578055
PACKLOG|try=0|th=0.322297714|de=0.336982445|ga=0.340719840
PACKLOG|try=0|profit=4445965|weight=7670326
PACKLOG|try=1|th=0.387149684|de=0.127796161|ga=0.485054155
PACKLOG|try=1|profit=4438286|weight=7695418
PACKLOG|best|profit=4445965|weight=7670326
PACKLOG|call=2438|tour_len=928|end_dist=19578055
PACKLOG|try=0|th=0.322526596|de=0.514322335|ga=0.163151069
PACKLOG|try=0|profit=4459320|weight=7541718
PACKLOG|try=1|th=0.117498704|de=0.485013694|ga=0.397487602
PACKLOG|try=1|profit=4341603|weight=7805855
PACKLOG|best|profit=4459320|weight=7541718
PACKLOG|call=2439|tour_len=928|end_dist=19578055
PACKLOG|try=0|th=0.144553925|de=0.566676403|ga=0.288769672
PACKLOG|try=0|profit=4407308|weight=7751629
PACKLOG|try=1|th=0.200844327|de=0.513777005|ga=0.285378668
PACKLOG|try=1|profit=4430928|weight=7712419
PACKLOG|best|profit=4430928|weight=7712419
PACKLOG|call=2440|tour_len=928|end_dist=19578055
PACKLOG|try=0|th=0.100266269|de=0.538182693|ga=0.361551038
PACKLOG|try=0|profit=4330446|weight=7809824
PACKLOG|try=1|th=0.423835895|de=0.400637974|ga=0.175526131
PACKLOG|try=1|profit=4459237|weight=7514588
PACKLOG|best|profit=4459237|weight=7514588
PACKLOG|call=2441|tour_len=933|end_dist=19842243
PACKLOG|try=0|th=0.123356979|de=0.331933103|ga=0.544709918
PACKLOG|try=0|profit=4270607|weight=7778644
PACKLOG|try=1|th=0.334225415|de=0.304509322|ga=0.361265263
PACKLOG|try=1|profit=4440288|weight=7610039
PACKLOG|best|profit=4440288|weight=7610039
PACKLOG|call=2442|tour_len=928|end_dist=19578055
PACKLOG|try=0|th=0.235871253|de=0.477775895|ga=0.286352852
PACKLOG|try=0|profit=4439826|weight=7690391
PACKLOG|try=1|th=0.036522777|de=0.391668467|ga=0.571808757
PACKLOG|try=1|profit=4121858|weight=7994584
PACKLOG|best|profit=4439826|weight=7690391
PACKLOG|call=2443|tour_len=928|end_dist=19578055
PACKLOG|try=0|th=0.050013494|de=0.689751060|ga=0.260235446
PACKLOG|try=0|profit=4261337|weight=7839843
PACKLOG|try=1|th=0.322014633|de=0.086032344|ga=0.591953022
PACKLOG|try=1|profit=4412727|weight=7744609
PACKLOG|best|profit=4412727|weight=7744609
PACKLOG|call=2444|tour_len=928|end_dist=19578055
PACKLOG|try=0|th=0.342805587|de=0.186095130|ga=0.471099283
PACKLOG|try=0|profit=4433130|weight=7706427
PACKLOG|try=1|th=0.257400028|de=0.531224475|ga=0.211375497
PACKLOG|try=1|profit=4452773|weight=7639155
PACKLOG|best|profit=4452773|weight=7639155
PACKLOG|call=2445|tour_len=925|end_dist=19462419
PACKLOG|try=0|th=0.038445209|de=0.192948061|ga=0.768606730
PACKLOG|try=0|profit=4115232|weight=8025750
PACKLOG|try=1|th=0.455068551|de=0.497402564|ga=0.047528884
PACKLOG|try=1|profit=4444932|weight=7400060
PACKLOG|best|profit=4444932|weight=7400060
PACKLOG|call=2446|tour_len=928|end_dist=19578055
PACKLOG|try=0|th=0.178639553|de=0.529676901|ga=0.291683547
PACKLOG|try=0|profit=4422349|weight=7728478
PACKLOG|try=1|th=0.492321587|de=0.087879178|ga=0.419799235
PACKLOG|try=1|profit=4451981|weight=7645199
PACKLOG|best|profit=4451981|weight=7645199
PACKLOG|call=2447|tour_len=928|end_dist=19578055
PACKLOG|try=0|th=0.170524914|de=0.028759855|ga=0.800715230
PACKLOG|try=0|profit=4279769|weight=7831928
PACKLOG|try=1|th=0.621195516|de=0.026172233|ga=0.352632250
PACKLOG|try=1|profit=4458840|weight=7563839
PACKLOG|best|profit=4458840|weight=7563839
PACKLOG|call=2448|tour_len=928|end_dist=19578055
PACKLOG|try=0|th=0.293853343|de=0.566131591|ga=0.140015066
PACKLOG|try=0|profit=4459366|weight=7533674
PACKLOG|try=1|th=0.246282785|de=0.331274954|ga=0.422442261
PACKLOG|try=1|profit=4419746|weight=7733520
PACKLOG|best|profit=4459366|weight=7533674
PACKLOG|call=2449|tour_len=928|end_dist=19578055
PACKLOG|try=0|th=0.661449233|de=0.098817211|ga=0.239733556
PACKLOG|try=0|profit=4458824|weight=7500501
PACKLOG|try=1|th=0.314340452|de=0.346289595|ga=0.339369954
PACKLOG|try=1|profit=4444925|weight=7674335
PACKLOG|best|profit=4458824|weight=7500501
PACKLOG|call=2450|tour_len=928|end_dist=19578055
PACKLOG|try=0|th=0.064786260|de=0.211709051|ga=0.723504689
PACKLOG|try=0|profit=4141426|weight=7947446
PACKLOG|try=1|th=0.345846699|de=0.465861867|ga=0.188291434
PACKLOG|try=1|profit=4459039|weight=7552780
PACKLOG|best|profit=4459039|weight=7552780
PACKLOG|call=2451|tour_len=933|end_dist=19842243
PACKLOG|try=0|th=0.096521635|de=0.387871768|ga=0.515606597
PACKLOG|try=0|profit=4231643|weight=7794668
PACKLOG|try=1|th=0.268252687|de=0.132667028|ga=0.599080285
PACKLOG|try=1|profit=4384236|weight=7711402
PACKLOG|best|profit=4384236|weight=7711402
PACKLOG|call=2452|tour_len=928|end_dist=19578055
PACKLOG|try=0|th=0.203310336|de=0.455268632|ga=0.341421032
PACKLOG|try=0|profit=4421132|weight=7730505
PACKLOG|try=1|th=0.520571267|de=0.412262123|ga=0.067166610
PACKLOG|try=1|profit=4447952|weight=7380968
PACKLOG|best|profit=4447952|weight=7380968
PACKLOG|call=2453|tour_len=928|end_dist=19578055
PACKLOG|try=0|th=0.442576714|de=0.159286541|ga=0.398136745
PACKLOG|try=0|profit=4451035|weight=7651232
PACKLOG|try=1|th=0.676024796|de=0.031995944|ga=0.291979260
PACKLOG|try=1|profit=4459303|weight=7520646
PACKLOG|best|profit=4459303|weight=7520646
PACKLOG|call=2454|tour_len=928|end_dist=19578055
PACKLOG|try=0|th=0.084338948|de=0.558642866|ga=0.357018186
PACKLOG|try=0|profit=4297531|weight=7822849
PACKLOG|try=1|th=0.002019551|de=0.327290698|ga=0.670689751
PACKLOG|try=1|profit=4050763|weight=8100040
PACKLOG|best|profit=4297531|weight=7822849
PACKLOG|call=2455|tour_len=928|end_dist=19578055
PACKLOG|try=0|th=0.902108887|de=0.018081227|ga=0.079809885
PACKLOG|try=0|profit=4442812|weight=7346849
PACKLOG|try=1|th=0.100678548|de=0.418370373|ga=0.480951079
PACKLOG|try=1|profit=4276414|weight=7832887
PACKLOG|best|profit=4442812|weight=7346849
PACKLOG|call=2456|tour_len=933|end_dist=19842243
PACKLOG|try=0|th=0.039296000|de=0.603845962|ga=0.356858038
PACKLOG|try=0|profit=4146608|weight=7894050
PACKLOG|try=1|th=0.379133080|de=0.028468825|ga=0.592398096
PACKLOG|try=1|profit=4417798|weight=7664263
PACKLOG|best|profit=4417798|weight=7664263
PACKLOG|call=2457|tour_len=928|end_dist=19578055
PACKLOG|try=0|th=0.392556947|de=0.307886628|ga=0.299556426
PACKLOG|try=0|profit=4454288|weight=7626122
PACKLOG|try=1|th=0.304076854|de=0.184328982|ga=0.511594164
PACKLOG|try=1|profit=4420826|weight=7730520
PACKLOG|best|profit=4454288|weight=7626122
PACKLOG|call=2458|tour_len=928|end_dist=19578055
PACKLOG|try=0|th=0.695303832|de=0.075278263|ga=0.229417905
PACKLOG|try=0|profit=4458371|weight=7491460
PACKLOG|try=1|th=0.370355313|de=0.579135469|ga=0.050509218
PACKLOG|try=1|profit=4448364|weight=7383960
PACKLOG|best|profit=4458371|weight=7491460
PACKLOG|call=2459|tour_len=928|end_dist=19578055
PACKLOG|try=0|th=0.211134690|de=0.566564129|ga=0.222301182
PACKLOG|try=0|profit=4445863|weight=7670309
PACKLOG|try=1|th=0.561492818|de=0.393514471|ga=0.044992710
PACKLOG|try=1|profit=4441728|weight=7340803
PACKLOG|best|profit=4445863|weight=7670309
PACKLOG|call=2460|tour_len=933|end_dist=19842243
PACKLOG|try=0|th=0.075984299|de=0.054103340|ga=0.869912360
PACKLOG|try=0|profit=4132080|weight=7938368
PACKLOG|try=1|th=0.249180520|de=0.112675869|ga=0.638143611
PACKLOG|try=1|profit=4365248|weight=7729487
PACKLOG|best|profit=4365248|weight=7729487
PACKLOG|call=2461|tour_len=933|end_dist=19842243
PACKLOG|try=0|th=0.176540193|de=0.136439269|ga=0.687020538
PACKLOG|try=0|profit=4293792|weight=7764624
PACKLOG|try=1|th=0.425874889|de=0.272942731|ga=0.301182380
PACKLOG|try=1|profit=4453551|weight=7532679
PACKLOG|best|profit=4453551|weight=7532679
PACKLOG|call=2462|tour_len=928|end_dist=19578055
PACKLOG|try=0|th=0.356107614|de=0.345602579|ga=0.298289807
PACKLOG|try=0|profit=4452228|weight=7643186
PACKLOG|try=1|th=0.401542406|de=0.356725888|ga=0.241731706
PACKLOG|try=1|profit=4458503|weight=7570843
PACKLOG|best|profit=4458503|weight=7570843
PACKLOG|call=2463|tour_len=930|end_dist=19726607
PACKLOG|try=0|th=0.496289765|de=0.057861891|ga=0.445848344
PACKLOG|try=0|profit=4447114|weight=7613068
PACKLOG|try=1|th=0.022411442|de=0.494823053|ga=0.482765505
PACKLOG|try=1|profit=4090268|weight=8001582
PACKLOG|best|profit=4447114|weight=7613068
PACKLOG|call=2464|tour_len=933|end_dist=19842243
PACKLOG|try=0|th=0.365766303|de=0.300239549|ga=0.333994149
PACKLOG|try=0|profit=4446993|weight=7585916
PACKLOG|try=1|th=0.191062849|de=0.314811435|ga=0.494125716
PACKLOG|try=1|profit=4363992|weight=7730491
PACKLOG|best|profit=4446993|weight=7585916
PACKLOG|call=2465|tour_len=928|end_dist=19578055
PACKLOG|try=0|th=0.238401060|de=0.234823623|ga=0.526775317
PACKLOG|try=0|profit=4395236|weight=7766730
PACKLOG|try=1|th=0.511612968|de=0.225038248|ga=0.263348785
PACKLOG|try=1|profit=4459209|weight=7544743
PACKLOG|best|profit=4459209|weight=7544743
PACKLOG|call=2466|tour_len=928|end_dist=19578055
PACKLOG|try=0|th=0.521920987|de=0.449864914|ga=0.028214099
PACKLOG|try=0|profit=4440552|weight=7333755
PACKLOG|try=1|th=0.444703652|de=0.261068756|ga=0.294227592
PACKLOG|try=1|profit=4457497|weight=7586941
PACKLOG|best|profit=4457497|weight=7586941
PACKLOG|call=2467|tour_len=925|end_dist=19462419
PACKLOG|try=0|th=0.280273202|de=0.198682547|ga=0.521044251
PACKLOG|try=0|profit=4414337|weight=7766721
PACKLOG|try=1|th=0.199722804|de=0.721740943|ga=0.078536253
PACKLOG|try=1|profit=4457874|weight=7542692
PACKLOG|best|profit=4457874|weight=7542692
PACKLOG|call=2468|tour_len=928|end_dist=19578055
PACKLOG|try=0|th=0.411493663|de=0.155846735|ga=0.432659602
PACKLOG|try=0|profit=4446187|weight=7669324
PACKLOG|try=1|th=0.343184715|de=0.419269865|ga=0.237545420
PACKLOG|try=1|profit=4456691|weight=7598977
PACKLOG|best|profit=4456691|weight=7598977
PACKLOG|call=2469|tour_len=928|end_dist=19578055
PACKLOG|try=0|th=0.396953736|de=0.381051037|ga=0.221995227
PACKLOG|try=0|profit=4458943|weight=7561820
PACKLOG|try=1|th=0.534181650|de=0.348696613|ga=0.117121737
PACKLOG|try=1|profit=4453350|weight=7426146
PACKLOG|best|profit=4458943|weight=7561820
PACKLOG|call=2470|tour_len=925|end_dist=19462419
PACKLOG|try=0|th=0.337531710|de=0.013263257|ga=0.649205033
PACKLOG|try=0|profit=4411711|weight=7770739
PACKLOG|try=1|th=0.548894127|de=0.408864450|ga=0.042241422
PACKLOG|try=1|profit=4441666|weight=7378987
PACKLOG|best|profit=4441666|weight=7378987
PACKLOG|call=2471|tour_len=925|end_dist=19462419
PACKLOG|try=0|th=0.475948315|de=0.243972834|ga=0.280078850
PACKLOG|try=0|profit=4457264|weight=7599005
PACKLOG|try=1|th=0.459367863|de=0.214472205|ga=0.326159932
PACKLOG|try=1|profit=4455138|weight=7636198
PACKLOG|best|profit=4457264|weight=7599005
PACKLOG|call=2472|tour_len=928|end_dist=19578055
PACKLOG|try=0|th=0.689231103|de=0.050552430|ga=0.260216467
PACKLOG|try=0|profit=4459016|weight=7505530
PACKLOG|try=1|th=0.094505137|de=0.439312631|ga=0.466182232
PACKLOG|try=1|profit=4271803|weight=7833916
PACKLOG|best|profit=4459016|weight=7505530
PACKLOG|call=2473|tour_len=928|end_dist=19578055
PACKLOG|try=0|th=0.275041894|de=0.508933663|ga=0.216024443
PACKLOG|try=0|profit=4453680|weight=7631125
PACKLOG|try=1|th=0.513439334|de=0.171748185|ga=0.314812481
PACKLOG|try=1|profit=4458411|weight=7572873
PACKLOG|best|profit=4458411|weight=7572873
PACKLOG|call=2474|tour_len=928|end_dist=19578055
PACKLOG|try=0|th=0.522571326|de=0.290035046|ga=0.187393627
PACKLOG|try=0|profit=4458832|weight=7499502
PACKLOG|try=1|th=0.273264712|de=0.576713391|ga=0.150021897
PACKLOG|try=1|profit=4459024|weight=7557802
PACKLOG|best|profit=4459024|weight=7557802
PACKLOG|call=2475|tour_len=933|end_dist=19842243
PACKLOG|try=0|th=0.010852379|de=0.705011478|ga=0.284136143
PACKLOG|try=0|profit=4083935|weight=8022555
PACKLOG|try=1|th=0.466019735|de=0.412917107|ga=0.121063158
PACKLOG|try=1|profit=4452182|weight=7364877
PACKLOG|best|profit=4452182|weight=7364877
PACKLOG|call=2476|tour_len=928|end_dist=19578055
PACKLOG|try=0|th=0.355180250|de=0.341496220|ga=0.303323529
PACKLOG|try=0|profit=4451981|weight=7645199
PACKLOG|try=1|th=0.473041098|de=0.053356045|ga=0.473602857
PACKLOG|try=1|profit=4447590|weight=7666341
PACKLOG|best|profit=4451981|weight=7645199
PACKLOG|call=2477|tour_len=928|end_dist=19578055
PACKLOG|try=0|th=0.020019559|de=0.461616986|ga=0.518363455
PACKLOG|try=0|profit=4092636|weight=8030718
PACKLOG|try=1|th=0.338554978|de=0.467371090|ga=0.194073932
PACKLOG|try=1|profit=4458751|weight=7566828
PACKLOG|best|profit=4458751|weight=7566828
PACKLOG|call=2478|tour_len=928|end_dist=19578055
PACKLOG|try=0|th=0.055736898|de=0.446357376|ga=0.497905726
PACKLOG|try=0|profit=4172891|weight=7924278
PACKLOG|try=1|th=0.162433485|de=0.553851483|ga=0.283715032
PACKLOG|try=1|profit=4417769|weight=7736500
PACKLOG|best|profit=4417769|weight=7736500
PACKLOG|call=2479|tour_len=928|end_dist=19578055
PACKLOG|try=0|th=0.083275979|de=0.687480096|ga=0.229243925
PACKLOG|try=0|profit=4369622|weight=7788690
PACKLOG|try=1|th=0.019154410|de=0.708999900|ga=0.271845690
PACKLOG|try=1|profit=4129677|weight=7987426
PACKLOG|best|profit=4369622|weight=7788690
PACKLOG|call=2480|tour_len=928|end_dist=19578055
PACKLOG|try=0|th=0.018177839|de=0.616820433|ga=0.365001728
PACKLOG|try=0|profit=4105015|weight=8014573
PACKLOG|try=1|th=0.259243879|de=0.092408755|ga=0.648347367
PACKLOG|try=1|profit=4381720|weight=7779781
PACKLOG|best|profit=4381720|weight=7779781
PACKLOG|call=2481|tour_len=928|end_dist=19578055
PACKLOG|try=0|th=0.384683248|de=0.073521054|ga=0.541795699
PACKLOG|try=0|profit=4431610|weight=7710453
PACKLOG|try=1|th=0.516031445|de=0.343751684|ga=0.140216871
PACKLOG|try=1|profit=4456295|weight=7459298
PACKLOG|best|profit=4456295|weight=7459298
PACKLOG|call=2482|tour_len=933|end_dist=19887945
PACKLOG|try=0|th=0.163480817|de=0.611390521|ga=0.225128662
PACKLOG|try=0|profit=4423422|weight=7638107
PACKLOG|try=1|th=0.367367163|de=0.236410909|ga=0.396221928
PACKLOG|try=1|profit=4437588|weight=7599992
PACKLOG|best|profit=4437588|weight=7599992
PACKLOG|call=2483|tour_len=928|end_dist=19578055
PACKLOG|try=0|th=0.355466111|de=0.225656577|ga=0.418877312
PACKLOG|try=0|profit=4441419|weight=7684389
PACKLOG|try=1|th=0.013531768|de=0.431070249|ga=0.555397983
PACKLOG|try=1|profit=4082366|weight=8069887
PACKLOG|best|profit=4441419|weight=7684389
PACKLOG|call=2484|tour_len=928|end_dist=19578055
PACKLOG|try=0|th=0.696437010|de=0.222465920|ga=0.081097070
PACKLOG|try=0|profit=4446490|weight=7370958
PACKLOG|try=1|th=0.058051143|de=0.577098168|ga=0.364850690
PACKLOG|try=1|profit=4223927|weight=7858931
PACKLOG|best|profit=4446490|weight=7370958
PACKLOG|call=2485|tour_len=928|end_dist=19578055
PACKLOG|try=0|th=0.397778283|de=0.311918925|ga=0.290302792
PACKLOG|try=0|profit=4455661|weight=7613057
PACKLOG|try=1|th=0.177187140|de=0.379778673|ga=0.443034187
PACKLOG|try=1|profit=4381251|weight=7779755
PACKLOG|best|profit=4455661|weight=7613057
PACKLOG|call=2486|tour_len=928|end_dist=19578055
PACKLOG|try=0|th=0.234350576|de=0.751473168|ga=0.014176257
PACKLOG|try=0|profit=4440628|weight=7334735
PACKLOG|try=1|th=0.563759031|de=0.274651157|ga=0.161589812
PACKLOG|try=1|profit=4456826|weight=7466340
PACKLOG|best|profit=4456826|weight=7466340
PACKLOG|call=2487|tour_len=928|end_dist=19578055
PACKLOG|try=0|th=0.381689576|de=0.261243370|ga=0.357067054
PACKLOG|try=0|profit=4450016|weight=7655264
PACKLOG|try=1|th=0.424812986|de=0.177854203|ga=0.397332811
PACKLOG|try=1|profit=4449867|weight=7655276
PACKLOG|best|profit=4450016|weight=7655264
PACKLOG|call=2488|tour_len=924|end_dist=19436560
PACKLOG|try=0|th=0.677869026|de=0.299514391|ga=0.022616583
PACKLOG|try=0|profit=4434354|weight=7370950
PACKLOG|try=1|th=0.523813785|de=0.282528325|ga=0.193657890
PACKLOG|try=1|profit=4453938|weight=7548765
PACKLOG|best|profit=4453938|weight=7548765
PACKLOG|call=2489|tour_len=933|end_dist=19842243
PACKLOG|try=0|th=0.113390082|de=0.481697877|ga=0.404912041
PACKLOG|try=0|profit=4312357|weight=7757577
PACKLOG|try=1|th=0.300972357|de=0.326499225|ga=0.372528418
PACKLOG|try=1|profit=4433424|weight=7631113
PACKLOG|best|profit=4433424|weight=7631113
PACKLOG|call=2490|tour_len=928|end_dist=19578055
PACKLOG|try=0|th=0.388997442|de=0.347436742|ga=0.263565816
PACKLOG|try=0|profit=4457046|weight=7592953
PACKLOG|try=1|th=0.461033671|de=0.519310159|ga=0.019656170
PACKLOG|try=1|profit=4438634|weight=7321726
PACKLOG|best|profit=4457046|weight=7592953
PACKLOG|call=2491|tour_len=928|end_dist=19578055
PACKLOG|try=0|th=0.607852245|de=0.273733293|ga=0.118414462
PACKLOG|try=0|profit=4452302|weight=7417115
PACKLOG|try=1|th=0.230721430|de=0.390817454|ga=0.378461116
PACKLOG|try=1|profit=4422088|weight=7728502
PACKLOG|best|profit=4452302|weight=7417115
PACKLOG|call=2492|tour_len=928|end_dist=19578055
PACKLOG|try=0|th=0.392611989|de=0.227464621|ga=0.379923390
PACKLOG|try=0|profit=4448801|weight=7661298
PACKLOG|try=1|th=0.190622412|de=0.678947753|ga=0.130429834
PACKLOG|try=1|profit=4456757|weight=7596936
PACKLOG|best|profit=4456757|weight=7596936
PACKLOG|call=2493|tour_len=928|end_dist=19578055
PACKLOG|try=0|th=0.272610239|de=0.562788053|ga=0.164601708
PACKLOG|try=0|profit=4458560|weight=7570841
PACKLOG|try=1|th=0.292907027|de=0.023184157|ga=0.683908816
PACKLOG|try=1|profit=4389637|weight=7771776
PACKLOG|best|profit=4458560|weight=7570841
PACKLOG|call=2494|tour_len=928|end_dist=19578055
PACKLOG|try=0|th=0.109190291|de=0.402456716|ga=0.488352994
PACKLOG|try=0|profit=4287210|weight=7825865
PACKLOG|try=1|th=0.057043226|de=0.914359455|ga=0.028597319
PACKLOG|try=1|profit=4459006|weight=7540515
PACKLOG|best|profit=4459006|weight=7540515
PACKLOG|call=2495|tour_len=928|end_dist=19578055
PACKLOG|try=0|th=0.205553038|de=0.434794742|ga=0.359652221
PACKLOG|try=0|profit=4418141|weight=7736538
PACKLOG|try=1|th=0.551763921|de=0.339146073|ga=0.109090006
PACKLOG|try=1|profit=4452406|weight=7417108
PACKLOG|best|profit=4452406|weight=7417108
PACKLOG|call=2496|tour_len=925|end_dist=19462419
PACKLOG|try=0|th=0.184926502|de=0.577859149|ga=0.237214349
PACKLOG|try=0|profit=4436796|weight=7723501
PACKLOG|try=1|th=0.045639515|de=0.284741791|ga=0.669618694
PACKLOG|try=1|profit=4136320|weight=8004671
PACKLOG|best|profit=4436796|weight=7723501
PACKLOG|call=2497|tour_len=928|end_dist=19578055
PACKLOG|try=0|th=0.756925536|de=0.086635227|ga=0.156439236
PACKLOG|try=0|profit=4452813|weight=7421140
PACKLOG|try=1|th=0.489627556|de=0.151746788|ga=0.358625656
PACKLOG|try=1|profit=4455574|weight=7614062
PACKLOG|best|profit=4455574|weight=7614062
PACKLOG|call=2498|tour_len=928|end_dist=19578055
PACKLOG|try=0|th=0.206259084|de=0.412696444|ga=0.381044472
PACKLOG|try=0|profit=4412735|weight=7744588
PACKLOG|try=1|th=0.304847962|de=0.440014388|ga=0.255137651
PACKLOG|try=1|profit=4452295|weight=7643180
PACKLOG|best|profit=4452295|weight=7643180
PACKLOG|call=2499|tour_len=928|end_dist=19578055
PACKLOG|try=0|th=0.425498790|de=0.569903680|ga=0.004597530
PACKLOG|try=0|profit=4433942|weight=7298630
PACKLOG|try=1|th=0.371557711|de=0.434948792|ga=0.193493497
PACKLOG|try=1|profit=4459195|weight=7545743
PACKLOG|best|profit=4459195|weight=7545743
PACKLOG|call=2500|tour_len=928|end_dist=19578055
PACKLOG|try=0|th=0.353322401|de=0.068387642|ga=0.578289957
PACKLOG|try=0|profit=4422064|weight=7728513
PACKLOG|try=1|th=0.145826201|de=0.541354015|ga=0.312819784
PACKLOG|try=1|profit=4399852|weight=7760654
PACKLOG|best|profit=4422064|weight=7728513
PACKLOG|call=2501|tour_len=928|end_dist=19578055
PACKLOG|try=0|th=0.552132721|de=0.443034170|ga=0.004833108
PACKLOG|try=0|profit=4433772|weight=7297635
PACKLOG|try=1|th=0.425845163|de=0.204932163|ga=0.369222674
PACKLOG|try=1|profit=4451746|weight=7647205
PACKLOG|best|profit=4451746|weight=7647205
PACKLOG|call=2502|tour_len=930|end_dist=19625166
PACKLOG|try=0|th=0.499315770|de=0.124192869|ga=0.376491362
PACKLOG|try=0|profit=4458530|weight=7609048
PACKLOG|try=1|th=0.356580261|de=0.401436116|ga=0.241983623
PACKLOG|try=1|profit=4460662|weight=7580875
PACKLOG|best|profit=4460662|weight=7580875
PACKLOG|call=2503|tour_len=930|end_dist=19625166
PACKLOG|try=0|th=0.492727258|de=0.304158714|ga=0.203114028
PACKLOG|try=0|profit=4463064|weight=7501530
PACKLOG|try=1|th=0.292624904|de=0.508130923|ga=0.199244172
PACKLOG|try=1|profit=4460538|weight=7584885
PACKLOG|best|profit=4463064|weight=7501530
PACKLOG|call=2504|tour_len=930|end_dist=19625166
PACKLOG|try=0|th=0.300529734|de=0.521535961|ga=0.177934305
PACKLOG|try=0|profit=4462306|weight=7557777
PACKLOG|try=1|th=0.282492458|de=0.227436645|ga=0.490070896
PACKLOG|try=1|profit=4420639|weight=7726499
PACKLOG|best|profit=4462306|weight=7557777
PACKLOG|call=2505|tour_len=930|end_dist=19625137
PACKLOG|try=0|th=0.452996380|de=0.070042956|ga=0.476960664
PACKLOG|try=0|profit=4449769|weight=7659284
PACKLOG|try=1|th=0.600636764|de=0.245769288|ga=0.153593947
PACKLOG|try=1|profit=4459261|weight=7435181
PACKLOG|best|profit=4459261|weight=7435181
PACKLOG|call=2506|tour_len=930|end_dist=19625166
PACKLOG|try=0|th=0.064393142|de=0.716103149|ga=0.219503709
PACKLOG|try=0|profit=4337897|weight=7799703
PACKLOG|try=1|th=0.529179583|de=0.450600710|ga=0.020219706
PACKLOG|try=1|profit=4440496|weight=7298606
PACKLOG|best|profit=4440496|weight=7298606
PACKLOG|call=2507|tour_len=930|end_dist=19625166
PACKLOG|try=0|th=0.472948515|de=0.297369534|ga=0.229681951
PACKLOG|try=0|profit=4463218|weight=7526659
PACKLOG|try=1|th=0.541026267|de=0.062044987|ga=0.396928746
PACKLOG|try=1|profit=4458977|weight=7604021
PACKLOG|best|profit=4463218|weight=7526659
PACKLOG|call=2508|tour_len=930|end_dist=19625166
PACKLOG|try=0|th=0.584855659|de=0.367554623|ga=0.047589718
PACKLOG|try=0|profit=4445347|weight=7325710
PACKLOG|try=1|th=0.221564025|de=0.372113489|ga=0.406322486
PACKLOG|try=1|profit=4416298|weight=7733533
PACKLOG|best|profit=4445347|weight=7325710
PACKLOG|call=2509|tour_len=930|end_dist=19625137
PACKLOG|try=0|th=0.426318856|de=0.243441433|ga=0.330239711
PACKLOG|try=0|profit=4457885|weight=7617096
PACKLOG|try=1|th=0.498456655|de=0.472210903|ga=0.029332442
PACKLOG|try=1|profit=4443727|weight=7316671
PACKLOG|best|profit=4457885|weight=7617096
PACKLOG|call=2510|tour_len=930|end_dist=19625166
PACKLOG|try=0|th=0.418460028|de=0.459538194|ga=0.122001778
PACKLOG|try=0|profit=4460619|weight=7452271
PACKLOG|try=1|th=0.286976547|de=0.411761233|ga=0.301262220
PACKLOG|try=1|profit=4449677|weight=7659272
PACKLOG|best|profit=4460619|weight=7452271
PACKLOG|call=2511|tour_len=930|end_dist=19625166
PACKLOG|try=0|th=0.287009052|de=0.460586704|ga=0.252404244
PACKLOG|try=0|profit=4454932|weight=7637155
PACKLOG|try=1|th=0.478786987|de=0.508099639|ga=0.013113374
PACKLOG|try=1|profit=4439780|weight=7295572
PACKLOG|best|profit=4454932|weight=7637155
PACKLOG|call=2512|tour_len=928|end_dist=19578055
PACKLOG|try=0|th=0.182913470|de=0.233327072|ga=0.583759458
PACKLOG|try=0|profit=4349260|weight=7801847
PACKLOG|try=1|th=0.140025370|de=0.440295423|ga=0.419679207
PACKLOG|try=1|profit=4358965|weight=7796781
PACKLOG|best|profit=4358965|weight=7796781
PACKLOG|call=2513|tour_len=930|end_dist=19625166
PACKLOG|try=0|th=0.553896396|de=0.403085970|ga=0.043017634
PACKLOG|try=0|profit=4445692|weight=7328733
PACKLOG|try=1|th=0.028962468|de=0.487824707|ga=0.483212825
PACKLOG|try=1|profit=4118432|weight=8000569
PACKLOG|best|profit=4445692|weight=7328733
PACKLOG|call=2514|tour_len=928|end_dist=19578055
PACKLOG|try=0|th=0.164276138|de=0.795876578|ga=0.039847285
PACKLOG|try=0|profit=4454852|weight=7442115
PACKLOG|try=1|th=0.351254160|de=0.366023099|ga=0.282722741
PACKLOG|try=1|profit=4453209|weight=7636157
PACKLOG|best|profit=4454852|weight=7442115
PACKLOG|call=2515|tour_len=930|end_dist=19625166
PACKLOG|try=0|th=0.599820940|de=0.036148260|ga=0.364030800
PACKLOG|try=0|profit=4462057|weight=7560802
PACKLOG|try=1|th=0.535729359|de=0.369565457|ga=0.094705184
PACKLOG|try=1|profit=4454811|weight=7391972
PACKLOG|best|profit=4462057|weight=7560802
PACKLOG|call=2516|tour_len=930|end_dist=19625166
PACKLOG|try=0|th=0.580832681|de=0.220737893|ga=0.198429426
PACKLOG|try=0|profit=4462284|weight=7480392
PACKLOG|try=1|th=0.165198627|de=0.829500071|ga=0.005301302
PACKLOG|try=1|profit=4440067|weight=7296502
PACKLOG|best|profit=4462284|weight=7480392
PACKLOG|call=2517|tour_len=930|end_dist=19625137
PACKLOG|try=0|th=0.431121062|de=0.300606310|ga=0.268272628
PACKLOG|try=0|profit=4461857|weight=7565808
PACKLOG|try=1|th=0.697611702|de=0.280002818|ga=0.022385480
PACKLOG|try=1|profit=4440518|weight=7299604
PACKLOG|best|profit=4461857|weight=7565808
PACKLOG|call=2518|tour_len=930|end_dist=19625166
PACKLOG|try=0|th=0.339181754|de=0.183893540|ga=0.476924705
PACKLOG|try=0|profit=4434713|weight=7700414
PACKLOG|try=1|th=0.446306318|de=0.412410684|ga=0.141282998
PACKLOG|try=1|profit=4461472|weight=7464298
PACKLOG|best|profit=4461472|weight=7464298
PACKLOG|call=2519|tour_len=930|end_dist=19625166
PACKLOG|try=0|th=0.539161033|de=0.005855465|ga=0.454983503
PACKLOG|try=0|profit=4456070|weight=7630141
PACKLOG|try=1|th=0.487665067|de=0.115587140|ga=0.396747793
PACKLOG|try=1|profit=4456917|weight=7626132
PACKLOG|best|profit=4456917|weight=7626132
PACKLOG|call=2520|tour_len=930|end_dist=19625166
PACKLOG|try=0|th=0.638025259|de=0.289579211|ga=0.072395530
PACKLOG|try=0|profit=4448973|weight=7348823
PACKLOG|try=1|th=0.211801855|de=0.398770023|ga=0.389428121
PACKLOG|try=1|profit=4416298|weight=7733533
PACKLOG|best|profit=4448973|weight=7348823
PACKLOG|call=2521|tour_len=930|end_dist=19625166
PACKLOG|try=0|th=0.136949257|de=0.487084296|ga=0.375966447
PACKLOG|try=0|profit=4370023|weight=7780681
PACKLOG|try=1|th=0.573426876|de=0.205543865|ga=0.221029259
PACKLOG|try=1|profit=4462862|weight=7493472
PACKLOG|best|profit=4462862|weight=7493472
PACKLOG|call=2522|tour_len=930|end_dist=19625166
PACKLOG|try=0|th=0.695789928|de=0.240585500|ga=0.063624572
PACKLOG|try=0|profit=4446829|weight=7335766
PACKLOG|try=1|th=0.155084922|de=0.583128851|ga=0.261786227
PACKLOG|try=1|profit=4422851|weight=7722435
PACKLOG|best|profit=4446829|weight=7335766
PACKLOG|call=2523|tour_len=930|end_dist=19625166
PACKLOG|try=0|th=0.377745461|de=0.289192656|ga=0.333061883
PACKLOG|try=0|profit=4454932|weight=7637155
PACKLOG|try=1|th=0.871121392|de=0.014956590|ga=0.113922018
PACKLOG|try=1|profit=4451154|weight=7363901
PACKLOG|best|profit=4454932|weight=7637155
PACKLOG|call=2524|tour_len=930|end_dist=19625166
PACKLOG|try=0|th=0.316795060|de=0.109296761|ga=0.573908179
PACKLOG|try=0|profit=4417368|weight=7732540
PACKLOG|try=1|th=0.555341720|de=0.278415024|ga=0.166243256
PACKLOG|try=1|profit=4460917|weight=7457315
PACKLOG|best|profit=4460917|weight=7457315
PACKLOG|call=2525|tour_len=928|end_dist=19578055
PACKLOG|try=0|th=0.200474565|de=0.590530382|ga=0.208995052
PACKLOG|try=0|profit=4446242|weight=7670318
PACKLOG|try=1|th=0.379054850|de=0.462634307|ga=0.158310842
PACKLOG|try=1|profit=4459269|weight=7516597
PACKLOG|best|profit=4459269|weight=7516597
PACKLOG|call=2526|tour_len=930|end_dist=19625166
PACKLOG|try=0|th=0.390706538|de=0.411840466|ga=0.197452997
PACKLOG|try=0|profit=4463081|weight=7527639
PACKLOG|try=1|th=0.379882761|de=0.104865596|ga=0.515251644
PACKLOG|try=1|profit=4436299|weight=7698402
PACKLOG|best|profit=4463081|weight=7527639
PACKLOG|call=2527|tour_len=930|end_dist=19625166
PACKLOG|try=0|th=0.671160604|de=0.096977120|ga=0.231862276
PACKLOG|try=0|profit=4462374|weight=7481395
PACKLOG|try=1|th=0.535851113|de=0.290056904|ga=0.174091983
PACKLOG|try=1|profit=4461766|weight=7471347
PACKLOG|best|profit=4462374|weight=7481395
PACKLOG|call=2528|tour_len=930|end_dist=19625166
PACKLOG|try=0|th=0.599274062|de=0.209684931|ga=0.191041007
PACKLOG|try=0|profit=4461632|weight=7468334
PACKLOG|try=1|th=0.288868198|de=0.354274257|ga=0.356857545
PACKLOG|try=1|profit=4441960|weight=7682329
PACKLOG|best|profit=4461632|weight=7468334
PACKLOG|call=2529|tour_len=930|end_dist=19625137
PACKLOG|try=0|th=0.268635197|de=0.402531377|ga=0.328833426
PACKLOG|try=0|profit=4442427|weight=7681323
PACKLOG|try=1|th=0.080406360|de=0.498660132|ga=0.420933507
PACKLOG|try=1|profit=4257387|weight=7833857
PACKLOG|best|profit=4442427|weight=7681323
PACKLOG|call=2530|tour_len=930|end_dist=19625166
PACKLOG|try=0|th=0.446402932|de=0.138417858|ga=0.415179210
PACKLOG|try=0|profit=4453862|weight=7642196
PACKLOG|try=1|th=0.542109611|de=0.179871180|ga=0.278019210
PACKLOG|try=1|profit=4463033|weight=7531675
PACKLOG|best|profit=4463033|weight=7531675
PACKLOG|call=2531|tour_len=930|end_dist=19625166
PACKLOG|try=0|th=0.194548786|de=0.407870530|ga=0.397580684
PACKLOG|try=0|profit=4407146|weight=7744568
PACKLOG|try=1|th=0.649752979|de=0.261217307|ga=0.089029714
PACKLOG|try=1|profit=4451884|weight=7369919
PACKLOG|best|profit=4451884|weight=7369919
PACKLOG|call=2532|tour_len=930|end_dist=19625166
PACKLOG|try=0|th=0.605669171|de=0.375323712|ga=0.019007117
PACKLOG|try=0|profit=4440117|weight=7296586
PACKLOG|try=1|th=0.198238852|de=0.523208357|ga=0.278552792
PACKLOG|try=1|profit=4434743|weight=7699383
PACKLOG|best|profit=4440117|weight=7296586
PACKLOG|call=2533|tour_len=930|end_dist=19625166
PACKLOG|try=0|th=0.142922136|de=0.311286370|ga=0.545791494
PACKLOG|try=0|profit=4315662|weight=7807886
PACKLOG|try=1|th=0.405966335|de=0.353882891|ga=0.240150774
PACKLOG|try=1|profit=4462329|weight=7557783
PACKLOG|best|profit=4462329|weight=7557783
PACKLOG|call=2534|tour_len=930|end_dist=19625166
PACKLOG|try=0|th=0.608454660|de=0.275788916|ga=0.115756424
PACKLOG|try=0|profit=4455484|weight=7397995
PACKLOG|try=1|th=0.329567280|de=0.611680655|ga=0.058752065
PACKLOG|try=1|profit=4454950|weight=7392957
PACKLOG|best|profit=4455484|weight=7397995
PACKLOG|call=2535|tour_len=930|end_dist=19625137
PACKLOG|try=0|th=0.369610486|de=0.066299678|ga=0.564089836
PACKLOG|try=0|profit=4428347|weight=7712429
PACKLOG|try=1|th=0.119170291|de=0.534834895|ga=0.345994813
PACKLOG|try=1|profit=4362845|weight=7786702
PACKLOG|best|profit=4428347|weight=7712429
PACKLOG|call=2536|tour_len=930|end_dist=19625166
PACKLOG|try=0|th=0.404692507|de=0.200304717|ga=0.395002777
PACKLOG|try=0|profit=4451665|weight=7652265
PACKLOG|try=1|th=0.295078053|de=0.346797938|ga=0.358124008
PACKLOG|try=1|profit=4443171|weight=7679321
PACKLOG|best|profit=4451665|weight=7652265
PACKLOG|call=2537|tour_len=930|end_dist=19625166
PACKLOG|try=0|th=0.375522125|de=0.338865958|ga=0.285611917
PACKLOG|try=0|profit=4458386|weight=7612061
PACKLOG|try=1|th=0.301081818|de=0.393766334|ga=0.305151847
PACKLOG|try=1|profit=4450348|weight=7657274
PACKLOG|best|profit=4458386|weight=7612061
PACKLOG|call=2538|tour_len=930|end_dist=19625166
PACKLOG|try=0|th=0.489836644|de=0.367585892|ga=0.142577464
PACKLOG|try=0|profit=4460721|weight=7454289
PACKLOG|try=1|th=0.497168653|de=0.227684179|ga=0.275147167
PACKLOG|try=1|profit=4462755|weight=7543731
PACKLOG|best|profit=4462755|weight=7543731
PACKLOG|call=2539|tour_len=930|end_dist=19625166
PACKLOG|try=0|th=0.188963631|de=0.271505702|ga=0.539530666
PACKLOG|try=0|profit=4365005|weight=7785728
PACKLOG|try=1|th=0.452850408|de=0.199736501|ga=0.347413091
PACKLOG|try=1|profit=4458157|weight=7613077
PACKLOG|best|profit=4458157|weight=7613077
PACKLOG|call=2540|tour_len=928|end_dist=19578055
PACKLOG|try=0|th=0.136714097|de=0.571864175|ga=0.291421728
PACKLOG|try=0|profit=4400604|weight=7758639
PACKLOG|try=1|th=0.133104738|de=0.418003817|ga=0.448891445
PACKLOG|try=1|profit=4341878|weight=7805866
PACKLOG|best|profit=4400604|weight=7758639
PACKLOG|call=2541|tour_len=928|end_dist=19578055
PACKLOG|try=0|th=0.097609946|de=0.313028720|ga=0.589361334
PACKLOG|try=0|profit=4228132|weight=7851962
PACKLOG|try=1|th=0.531398068|de=0.011127495|ga=0.457474436
PACKLOG|try=1|profit=4451831|weight=7646203
PACKLOG|best|profit=4451831|weight=7646203
PACKLOG|call=2542|tour_len=930|end_dist=19625166
PACKLOG|try=0|th=0.517409656|de=0.419814267|ga=0.062776077
PACKLOG|try=0|profit=4449686|weight=7354852
PACKLOG|try=1|th=0.214288914|de=0.354051928|ga=0.431659158
PACKLOG|try=1|profit=4408196|weight=7744569
PACKLOG|best|profit=4449686|weight=7354852
PACKLOG|call=2543|tour_len=930|end_dist=19625137
PACKLOG|try=0|th=0.253100400|de=0.549700317|ga=0.197199283
PACKLOG|try=0|profit=4457847|weight=7615074
PACKLOG|try=1|th=0.499297217|de=0.329113171|ga=0.171589612
PACKLOG|try=1|profit=4462362|weight=7481397
PACKLOG|best|profit=4462362|weight=7481397
PACKLOG|call=2544|tour_len=933|end_dist=19842243
PACKLOG|try=0|th=0.111069514|de=0.574585440|ga=0.314345046
PACKLOG|try=0|profit=4350985|weight=7739515
PACKLOG|try=1|th=0.360105595|de=0.527773476|ga=0.112120928
PACKLOG|try=1|profit=4454495|weight=7394011
PACKLOG|best|profit=4454495|weight=7394011
PACKLOG|call=2545|tour_len=928|end_dist=19578055
PACKLOG|try=0|th=0.073879303|de=0.705204807|ga=0.220915890
PACKLOG|try=0|profit=4358949|weight=7794703
PACKLOG|try=1|th=0.448657475|de=0.359813512|ga=0.191529014
PACKLOG|try=1|profit=4459248|weight=7517625
PACKLOG|best|profit=4459248|weight=7517625
PACKLOG|call=2546|tour_len=930|end_dist=19625166
PACKLOG|try=0|th=0.195718292|de=0.105165980|ga=0.699115728
PACKLOG|try=0|profit=4332204|weight=7801858
PACKLOG|try=1|th=0.256891726|de=0.281727697|ga=0.461380577
PACKLOG|try=1|profit=4418106|weight=7731526
PACKLOG|best|profit=4418106|weight=7731526
PACKLOG|call=2547|tour_len=930|end_dist=19625166
PACKLOG|try=0|th=0.343942715|de=0.427962158|ga=0.228095127
PACKLOG|try=0|profit=4460968|weight=7575849
PACKLOG|try=1|th=0.610586198|de=0.154912913|ga=0.234500888
PACKLOG|try=1|profit=4462862|weight=7493472
PACKLOG|best|profit=4462862|weight=7493472
PACKLOG|call=2548|tour_len=930|end_dist=19625137
PACKLOG|try=0|th=0.301617637|de=0.004873326|ga=0.693509037
PACKLOG|try=0|profit=4392479|weight=7762685
PACKLOG|try=1|th=0.063503003|de=0.425049552|ga=0.511447445
PACKLOG|try=1|profit=4182751|weight=7902148
PACKLOG|best|profit=4392479|weight=7762685
PACKLOG|call=2549|tour_len=930|end_dist=19625166
PACKLOG|try=0|th=0.184748592|de=0.512053278|ga=0.303198130
PACKLOG|try=0|profit=4424768|weight=7719447
PACKLOG|try=1|th=0.582114408|de=0.100850646|ga=0.317034946
PACKLOG|try=1|profit=4462832|weight=7542723
PACKLOG|best|profit=4462832|weight=7542723
PACKLOG|call=2550|tour_len=930|end_dist=19625166
PACKLOG|try=0|th=0.406842841|de=0.358103142|ga=0.235054017
PACKLOG|try=0|profit=4462478|weight=7553764
PACKLOG|try=1|th=0.257995992|de=0.384723305|ga=0.357280703
PACKLOG|try=1|profit=4435466|weight=7699399
PACKLOG|best|profit=4462478|weight=7553764
PACKLOG|call=2551|tour_len=930|end_dist=19625137
PACKLOG|try=0|th=0.417759967|de=0.237544136|ga=0.344695897
PACKLOG|try=0|profit=4456845|weight=7625123
PACKLOG|try=1|th=0.449238853|de=0.254091244|ga=0.296669903
PACKLOG|try=1|profit=4461023|weight=7576860
PACKLOG|best|profit=4461023|weight=7576860
PACKLOG|call=2552|tour_len=930|end_dist=19625166
PACKLOG|try=0|th=0.406549818|de=0.331289996|ga=0.262160186
PACKLOG|try=0|profit=4461413|weight=7569816
PACKLOG|try=1|th=0.405688148|de=0.218236244|ga=0.376075607
PACKLOG|try=1|profit=4453862|weight=7642196
PACKLOG|best|profit=4461413|weight=7569816
PACKLOG|call=2553|tour_len=930|end_dist=19625166
PACKLOG|try=0|th=0.474588622|de=0.029548800|ga=0.495862578
PACKLOG|try=0|profit=4449855|weight=7658272
PACKLOG|try=1|th=0.088732753|de=0.889964057|ga=0.021303190
PACKLOG|try=1|profit=4458343|weight=7425951
PACKLOG|best|profit=4458343|weight=7425951
PACKLOG|call=2554|tour_len=930|end_dist=19625166
PACKLOG|try=0|th=0.090943652|de=0.316032983|ga=0.593023364
PACKLOG|try=0|profit=4214505|weight=7858979
PACKLOG|try=1|th=0.346227053|de=0.523582251|ga=0.130190695
PACKLOG|try=1|profit=4462707|weight=7490444
PACKLOG|best|profit=4462707|weight=7490444
PACKLOG|call=2555|tour_len=930|end_dist=19625166
PACKLOG|try=0|th=0.228534820|de=0.427450508|ga=0.344014672
PACKLOG|try=0|profit=4429151|weight=7711427
PACKLOG|try=1|th=0.398834548|de=0.278281588|ga=0.322883864
PACKLOG|try=1|profit=4456917|weight=7626132
PACKLOG|best|profit=4456917|weight=7626132
PACKLOG|call=2556|tour_len=930|end_dist=19625166
PACKLOG|try=0|th=0.389427677|de=0.210951106|ga=0.399621217
PACKLOG|try=0|profit=4450162|weight=7657274
PACKLOG|try=1|th=0.040150231|de=0.451137440|ga=0.508712329
PACKLOG|try=1|profit=4142561|weight=7980528
PACKLOG|best|profit=4450162|weight=7657274
PACKLOG|call=2557|tour_len=930|end_dist=19625166
PACKLOG|try=0|th=0.428587050|de=0.460901731|ga=0.110511219
PACKLOG|try=0|profit=4459286|weight=7435169
PACKLOG|try=1|th=0.310360564|de=0.362785306|ga=0.326854130
PACKLOG|try=1|profit=4449677|weight=7659272
PACKLOG|best|profit=4459286|weight=7435169
PACKLOG|call=2558|tour_len=930|end_dist=19625166
PACKLOG|try=0|th=0.209630808|de=0.523846142|ga=0.266523050
PACKLOG|try=0|profit=4440178|weight=7687322
PACKLOG|try=1|th=0.466081838|de=0.289643836|ga=0.244274326
PACKLOG|try=1|profit=4462988|weight=7533685
PACKLOG|best|profit=4462988|weight=7533685
PACKLOG|call=2559|tour_len=930|end_dist=19625166
PACKLOG|try=0|th=0.346628673|de=0.634102422|ga=0.019268905
PACKLOG|try=0|profit=4442685|weight=7309627
PACKLOG|try=1|th=0.323724519|de=0.624107330|ga=0.052168151
PACKLOG|try=1|profit=4453535|weight=7380923
PACKLOG|best|profit=4453535|weight=7380923
PACKLOG|call=2560|tour_len=930|end_dist=19625166
PACKLOG|try=0|th=0.706083239|de=0.048479652|ga=0.245437109
PACKLOG|try=0|profit=4462315|weight=7479398
PACKLOG|try=1|th=0.167752456|de=0.411612802|ga=0.420634742
PACKLOG|try=1|profit=4382709|weight=7771699
PACKLOG|best|profit=4462315|weight=7479398
PACKLOG|call=2561|tour_len=930|end_dist=19625166
PACKLOG|try=0|th=0.152396516|de=0.592455255|ga=0.255148230
PACKLOG|try=0|profit=4423548|weight=7721432
PACKLOG|try=1|th=0.427651994|de=0.010976119|ga=0.561371887
PACKLOG|try=1|profit=4438278|weight=7692386
PACKLOG|best|profit=4438278|weight=7692386
PACKLOG|call=2562|tour_len=930|end_dist=19625166
PACKLOG|try=0|th=0.522362125|de=0.438374780|ga=0.039263095
PACKLOG|try=0|profit=4445101|weight=7324704
PACKLOG|try=1|th=0.533747958|de=0.054130513|ga=0.412121529
PACKLOG|try=1|profit=4457945|weight=7615096
PACKLOG|best|profit=4457945|weight=7615096
PACKLOG|call=2563|tour_len=930|end_dist=19625166
PACKLOG|try=0|th=0.410699172|de=0.381365309|ga=0.207935519
PACKLOG|try=0|profit=4463081|weight=7527639
PACKLOG|try=1|th=0.142731551|de=0.464904870|ga=0.392363579
PACKLOG|try=1|profit=4370023|weight=7780681
PACKLOG|best|profit=4463081|weight=7527639
PACKLOG|call=2564|tour_len=930|end_dist=19625166
PACKLOG|try=0|th=0.274249602|de=0.204750100|ga=0.521000299
PACKLOG|try=0|profit=4413350|weight=7738571
PACKLOG|try=1|th=0.098363998|de=0.604478167|ga=0.297157836
PACKLOG|try=1|profit=4357784|weight=7789715
PACKLOG|best|profit=4413350|weight=7738571
PACKLOG|call=2565|tour_len=930|end_dist=19625166
PACKLOG|try=0|th=0.247557258|de=0.367907261|ga=0.384535481
PACKLOG|try=0|profit=4427334|weight=7714422
PACKLOG|try=1|th=0.360985144|de=0.457831681|ga=0.181183176
PACKLOG|try=1|profit=4463081|weight=7527639
PACKLOG|best|profit=4463081|weight=7527639
PACKLOG|call=2566|tour_len=930|end_dist=19625166
PACKLOG|try=0|th=0.422671215|de=0.214456102|ga=0.362872684
PACKLOG|try=0|profit=4455442|weight=7636155
PACKLOG|try=1|th=0.051415703|de=0.518066025|ga=0.430518272
PACKLOG|try=1|profit=4178931|weight=7908149
PACKLOG|best|profit=4455442|weight=7636155
PACKLOG|call=2567|tour_len=930|end_dist=19625166
PACKLOG|try=0|th=0.312807351|de=0.158402783|ga=0.528789866
PACKLOG|try=0|profit=4423225|weight=7722501
PACKLOG|try=1|th=0.323773478|de=0.260655167|ga=0.415571355
PACKLOG|try=1|profit=4439606|weight=7690371
PACKLOG|best|profit=4439606|weight=7690371
PACKLOG|call=2568|tour_len=930|end_dist=19625137
PACKLOG|try=0|th=0.217540672|de=0.612379267|ga=0.170080061
PACKLOG|try=0|profit=4457669|weight=7616067
PACKLOG|try=1|th=0.467947836|de=0.167534163|ga=0.364518001
PACKLOG|try=1|profit=4457757|weight=7615091
PACKLOG|best|profit=4457757|weight=7615091
PACKLOG|call=2569|tour_len=930|end_dist=19625137
PACKLOG|try=0|th=0.558398397|de=0.433566018|ga=0.008035586
PACKLOG|try=0|profit=4436396|weight=7278489
PACKLOG|try=1|th=0.732456424|de=0.058332362|ga=0.209211214
PACKLOG|try=1|profit=4460344|weight=7449274
PACKLOG|best|profit=4460344|weight=7449274
PACKLOG|call=2570|tour_len=930|end_dist=19625166
PACKLOG|try=0|th=0.287699319|de=0.288599721|ga=0.423700959
PACKLOG|try=0|profit=4430464|weight=7709446
PACKLOG|try=1|th=0.312226917|de=0.471939451|ga=0.215833632
PACKLOG|try=1|profit=4460389|weight=7586896
PACKLOG|best|profit=4460389|weight=7586896
PACKLOG|call=2571|tour_len=930|end_dist=19625166
PACKLOG|try=0|th=0.347318971|de=0.593498703|ga=0.059182326
PACKLOG|try=0|profit=4454404|weight=7388957
PACKLOG|try=1|th=0.613535189|de=0.038174580|ga=0.348290231
PACKLOG|try=1|profit=4462644|weight=7551778
PACKLOG|best|profit=4462644|weight=7551778
PACKLOG|call=2572|tour_len=930|end_dist=19625166
PACKLOG|try=0|th=0.602274658|de=0.225353997|ga=0.172371344
PACKLOG|try=0|profit=4460465|weight=7451278
PACKLOG|try=1|th=0.557314382|de=0.269406319|ga=0.173279299
PACKLOG|try=1|profit=4461145|weight=7460298
PACKLOG|best|profit=4461145|weight=7460298
PACKLOG|call=2573|tour_len=930|end_dist=19625166
PACKLOG|try=0|th=0.180426940|de=0.360291069|ga=0.459281991
PACKLOG|try=0|profit=4380811|weight=7772712
PACKLOG|try=1|th=0.443085384|de=0.301869200|ga=0.255045417
PACKLOG|try=1|profit=4462497|weight=7553770
PACKLOG|best|profit=4462497|weight=7553770
PACKLOG|call=2574|tour_len=930|end_dist=19625166
PACKLOG|try=0|th=0.409846248|de=0.354890227|ga=0.235263525
PACKLOG|try=0|profit=4462500|weight=7550753
PACKLOG|try=1|th=0.496156322|de=0.128847796|ga=0.374995882
PACKLOG|try=1|profit=4458506|weight=7609043
PACKLOG|best|profit=4462500|weight=7550753
PACKLOG|call=2575|tour_len=930|end_dist=19625166
PACKLOG|try=0|th=0.459697512|de=0.060025292|ga=0.480277196
PACKLOG|try=0|profit=4449855|weight=7658272
PACKLOG|try=1|th=0.372215049|de=0.338826927|ga=0.288958024
PACKLOG|try=1|profit=4457840|weight=7615081
PACKLOG|best|profit=4457840|weight=7615081
PACKLOG|call=2576|tour_len=930|end_dist=19625166
PACKLOG|try=0|th=0.094087014|de=0.826828814|ga=0.079084173
PACKLOG|try=0|profit=4455901|weight=7632050
PACKLOG|try=1|th=0.282358336|de=0.317918489|ga=0.399723175
PACKLOG|try=1|profit=4434488|weight=7701412
PACKLOG|best|profit=4455901|weight=7632050
PACKLOG|call=2577|tour_len=930|end_dist=19625166
PACKLOG|try=0|th=0.195643541|de=0.453844618|ga=0.350511841
PACKLOG|try=0|profit=4418356|weight=7730502
PACKLOG|try=1|th=0.292138846|de=0.400620399|ga=0.307240755
PACKLOG|try=1|profit=4449677|weight=7659272
PACKLOG|best|profit=4449677|weight=7659272
PACKLOG|call=2578|tour_len=930|end_dist=19625166
PACKLOG|try=0|th=0.289812359|de=0.168027123|ga=0.542160519
PACKLOG|try=0|profit=4414670|weight=7735560
PACKLOG|try=1|th=0.554841964|de=0.062697755|ga=0.382460281
PACKLOG|try=1|profit=4460362|weight=7587935
PACKLOG|best|profit=4460362|weight=7587935
PACKLOG|call=2579|tour_len=928|end_dist=19578055
PACKLOG|try=0|th=0.682081614|de=0.278413058|ga=0.039505327
PACKLOG|try=0|profit=4440167|weight=7330751
PACKLOG|try=1|th=0.197742362|de=0.667839843|ga=0.134417795
PACKLOG|try=1|profit=4456877|weight=7594933
PACKLOG|best|profit=4456877|weight=7594933
PACKLOG|call=2580|tour_len=930|end_dist=19625166
PACKLOG|try=0|th=0.024379718|de=0.723513830|ga=0.252106452
PACKLOG|try=0|profit=4149451|weight=7933145
PACKLOG|try=1|th=0.384075664|de=0.407122374|ga=0.208801962
PACKLOG|try=1|profit=4462795|weight=7540704
PACKLOG|best|profit=4462795|weight=7540704
PACKLOG|call=2581|tour_len=930|end_dist=19625166
PACKLOG|try=0|th=0.063048850|de=0.709831739|ga=0.227119410
PACKLOG|try=0|profit=4329072|weight=7802680
PACKLOG|try=1|th=0.389179614|de=0.241734885|ga=0.369085501
PACKLOG|try=1|profit=4452883|weight=7646236
PACKLOG|best|profit=4452883|weight=7646236
PACKLOG|call=2582|tour_len=930|end_dist=19625137
PACKLOG|try=0|th=0.388637353|de=0.255436160|ga=0.355926487
PACKLOG|try=0|profit=4454188|weight=7642193
PACKLOG|try=1|th=0.230152614|de=0.066254367|ga=0.703593019
PACKLOG|try=1|profit=4355369|weight=7790765
PACKLOG|best|profit=4454188|weight=7642193
PACKLOG|call=2583|tour_len=930|end_dist=19625137
PACKLOG|try=0|th=0.524213068|de=0.066937524|ga=0.408849408
PACKLOG|try=0|profit=4457790|weight=7615088
PACKLOG|try=1|th=0.415420317|de=0.203071504|ga=0.381508179
PACKLOG|try=1|profit=4454043|weight=7642190
PACKLOG|best|profit=4457790|weight=7615088
PACKLOG|call=2584|tour_len=930|end_dist=19625166
PACKLOG|try=0|th=0.201538498|de=0.501395426|ga=0.297066076
PACKLOG|try=0|profit=4430445|weight=7709409
PACKLOG|try=1|th=0.270371707|de=0.266970550|ga=0.462657743
PACKLOG|try=1|profit=4422125|weight=7723481
PACKLOG|best|profit=4430445|weight=7709409
PACKLOG|call=2585|tour_len=930|end_dist=19625166
PACKLOG|try=0|th=0.119736959|de=0.242289041|ga=0.637974000
PACKLOG|try=0|profit=4253928|weight=7833908
PACKLOG|try=1|th=0.063985330|de=0.585605687|ga=0.350408983
PACKLOG|try=1|profit=4248645|weight=7837824
PACKLOG|best|profit=4253928|weight=7833908
PACKLOG|call=2586|tour_len=930|end_dist=19625137
PACKLOG|try=0|th=0.068043634|de=0.295622908|ga=0.636333457
PACKLOG|try=0|profit=4164963|weight=7927294
PACKLOG|try=1|th=0.232329936|de=0.223549438|ga=0.544120626
PACKLOG|try=1|profit=4391393|weight=7762686
PACKLOG|best|profit=4391393|weight=7762686
PACKLOG|call=2587|tour_len=930|end_dist=19625166
PACKLOG|try=0|th=0.244238819|de=0.116955732|ga=0.638805449
PACKLOG|try=0|profit=4377685|weight=7775728
PACKLOG|try=1|th=0.223759215|de=0.495824483|ga=0.280416302
PACKLOG|try=1|profit=4441096|weight=7684326
PACKLOG|best|profit=4441096|weight=7684326
PACKLOG|call=2588|tour_len=930|end_dist=19625166
PACKLOG|try=0|th=0.416618271|de=0.018719084|ga=0.564662645
PACKLOG|try=0|profit=4436432|weight=7697401
PACKLOG|try=1|th=0.715309523|de=0.253366786|ga=0.031323691
PACKLOG|try=1|profit=4441526|weight=7304637
PACKLOG|best|profit=4441526|weight=7304637
PACKLOG|call=2589|tour_len=930|end_dist=19625166
PACKLOG|try=0|th=0.284934723|de=0.491428544|ga=0.223636733
PACKLOG|try=0|profit=4457676|weight=7617075
PACKLOG|try=1|th=0.316539051|de=0.502604118|ga=0.180856832
PACKLOG|try=1|profit=4462562|weight=7551757
PACKLOG|best|profit=4462562|weight=7551757
PACKLOG|call=2590|tour_len=930|end_dist=19625166
PACKLOG|try=0|th=0.467767426|de=0.277385927|ga=0.254846647
PACKLOG|try=0|profit=4462813|weight=7542725
PACKLOG|try=1|th=0.553455844|de=0.281799291|ga=0.164744866
PACKLOG|try=1|profit=4460917|weight=7457315
PACKLOG|best|profit=4462813|weight=7542725
PACKLOG|call=2591|tour_len=930|end_dist=19625166
PACKLOG|try=0|th=0.352138697|de=0.450484285|ga=0.197377017
PACKLOG|try=0|profit=4462717|weight=7549753
PACKLOG|try=1|th=0.240507067|de=0.176480691|ga=0.583012242
PACKLOG|try=1|profit=4387062|weight=7767701
PACKLOG|best|profit=4462717|weight=7549753
PACKLOG|call=2592|tour_len=928|end_dist=19578055
PACKLOG|try=0|th=0.093597269|de=0.491770830|ga=0.414631900
PACKLOG|try=0|profit=4288876|weight=7825841
PACKLOG|try=1|th=0.060814558|de=0.301051697|ga=0.638133745
PACKLOG|try=1|profit=4153200|weight=7942377
PACKLOG|best|profit=4288876|weight=7825841
PACKLOG|call=2593|tour_len=930|end_dist=19625137
PACKLOG|try=0|th=0.072392466|de=0.366645250|ga=0.560962284
PACKLOG|try=0|profit=4190491|weight=7894122
PACKLOG|try=1|th=0.687692829|de=0.091974042|ga=0.220333129
PACKLOG|try=1|profit=4461583|weight=7466329
PACKLOG|best|profit=4461583|weight=7466329
PACKLOG|call=2594|tour_len=928|end_dist=19578055
PACKLOG|try=0|th=0.404090129|de=0.248027004|ga=0.347882867
PACKLOG|try=0|profit=4451851|weight=7646201
PACKLOG|try=1|th=0.244766023|de=0.011640869|ga=0.743593108
PACKLOG|try=1|profit=4356338|weight=7797803
PACKLOG|best|profit=4451851|weight=7646201
PACKLOG|call=2595|tour_len=930|end_dist=19625137
PACKLOG|try=0|th=0.508350589|de=0.472704528|ga=0.018944883
PACKLOG|try=0|profit=4440242|weight=7297585
PACKLOG|try=1|th=0.322498268|de=0.362626379|ga=0.314875353
PACKLOG|try=1|profit=4451665|weight=7652265
PACKLOG|best|profit=4451665|weight=7652265
PACKLOG|call=2596|tour_len=930|end_dist=19625166
PACKLOG|try=0|th=0.330941448|de=0.001916691|ga=0.667141861
PACKLOG|try=0|profit=4407961|weight=7744592
PACKLOG|try=1|th=0.044098921|de=0.466566114|ga=0.489334965
PACKLOG|try=1|profit=4143251|weight=7946351
PACKLOG|best|profit=4407961|weight=7744592
PACKLOG|call=2597|tour_len=930|end_dist=19625166
PACKLOG|try=0|th=0.287028617|de=0.382461214|ga=0.330510170
PACKLOG|try=0|profit=4445465|weight=7673296
PACKLOG|try=1|th=0.266618765|de=0.525894499|ga=0.207486736
PACKLOG|try=1|profit=4457844|weight=7617087
PACKLOG|best|profit=4457844|weight=7617087
PACKLOG|call=2598|tour_len=930|end_dist=19625166
PACKLOG|try=0|th=0.006752825|de=0.689623570|ga=0.303623605
PACKLOG|try=0|profit=4078294|weight=8065786
PACKLOG|try=1|th=0.147225573|de=0.542564250|ga=0.310210176
PACKLOG|try=1|profit=4403403|weight=7749573
PACKLOG|best|profit=4403403|weight=7749573
PACKLOG|call=2599|tour_len=930|end_dist=19625166
PACKLOG|try=0|th=0.190508440|de=0.574317636|ga=0.235173924
PACKLOG|try=0|profit=4442124|weight=7682310
PACKLOG|try=1|th=0.215776440|de=0.134086265|ga=0.650137295
PACKLOG|try=1|profit=4357354|weight=7789761
PACKLOG|best|profit=4442124|weight=7682310
PACKLOG|call=2600|tour_len=930|end_dist=19625166
PACKLOG|try=0|th=0.226510970|de=0.555623943|ga=0.217865087
PACKLOG|try=0|profit=4452443|weight=7648226
PACKLOG|try=1|th=0.562844951|de=0.125654151|ga=0.311500897
PACKLOG|try=1|profit=4462759|weight=7544735
PACKLOG|best|profit=4462759|weight=7544735
PACKLOG|call=2601|tour_len=930|end_dist=19625166
PACKLOG|try=0|th=0.131239604|de=0.300334426|ga=0.568425970
PACKLOG|try=0|profit=4290448|weight=7817858
PACKLOG|try=1|th=0.642539147|de=0.070091960|ga=0.287368893
PACKLOG|try=1|profit=4463192|weight=7514594
PACKLOG|best|profit=4463192|weight=7514594
PACKLOG|call=2602|tour_len=930|end_dist=19625166
PACKLOG|try=0|th=0.182359823|de=0.555799835|ga=0.261840342
PACKLOG|try=0|profit=4432860|weight=7704360
PACKLOG|try=1|th=0.617296995|de=0.011417200|ga=0.371285805
PACKLOG|try=1|profit=4462138|weight=7560794
PACKLOG|best|profit=4462138|weight=7560794
PACKLOG|call=2603|tour_len=930|end_dist=19625166
PACKLOG|try=0|th=0.343414512|de=0.428946691|ga=0.227638797
PACKLOG|try=0|profit=4460968|weight=7575849
PACKLOG|try=1|th=0.079816789|de=0.340371537|ga=0.579811674
PACKLOG|try=1|profit=4204456|weight=7891098
PACKLOG|best|profit=4460968|weight=7575849
PACKLOG|call=2604|tour_len=930|end_dist=19625137
PACKLOG|try=0|th=0.129537549|de=0.330514694|ga=0.539947757
PACKLOG|try=0|profit=4298271|weight=7813849
PACKLOG|try=1|th=0.288459234|de=0.423448847|ga=0.288091919
PACKLOG|try=1|profit=4450774|weight=7655266
PACKLOG|best|profit=4450774|weight=7655266
PACKLOG|call=2605|tour_len=930|end_dist=19625166
PACKLOG|try=0|th=0.182993923|de=0.713645090|ga=0.103360987
PACKLOG|try=0|profit=4462701|weight=7550702
PACKLOG|try=1|th=0.396934241|de=0.201586572|ga=0.401479186
PACKLOG|try=1|profit=4450465|weight=7657280
PACKLOG|best|profit=4462701|weight=7550702
PACKLOG|call=2606|tour_len=930|end_dist=19625166
PACKLOG|try=0|th=0.452580460|de=0.149332856|ga=0.398086684
PACKLOG|try=0|profit=4454924|weight=7637163
PACKLOG|try=1|th=0.318420912|de=0.333108608|ga=0.348470480
PACKLOG|try=1|profit=4448336|weight=7664278
PACKLOG|best|profit=4454924|weight=7637163
PACKLOG|call=2607|tour_len=930|end_dist=19625137
PACKLOG|try=0|th=0.278276816|de=0.151775072|ga=0.569948112
PACKLOG|try=0|profit=4406539|weight=7745597
PACKLOG|try=1|th=0.025934229|de=0.765052552|ga=0.209013219
PACKLOG|try=1|profit=4178516|weight=7895904
PACKLOG|best|profit=4406539|weight=7745597
PACKLOG|call=2608|tour_len=930|end_dist=19625137
PACKLOG|try=0|th=0.276189516|de=0.496762996|ga=0.227047488
PACKLOG|try=0|profit=4456756|weight=7626114
PACKLOG|try=1|th=0.315556396|de=0.437082935|ga=0.247360669
PACKLOG|try=1|profit=4457677|weight=7618089
PACKLOG|best|profit=4457677|weight=7618089
PACKLOG|call=2609|tour_len=930|end_dist=19625166
PACKLOG|try=0|th=0.509190985|de=0.140188946|ga=0.350620069
PACKLOG|try=0|profit=4460426|weight=7585913
PACKLOG|try=1|th=0.028643350|de=0.324233403|ga=0.647123248
PACKLOG|try=1|profit=4101999|weight=8027738
PACKLOG|best|profit=4460426|weight=7585913
PACKLOG|call=2610|tour_len=930|end_dist=19625166
PACKLOG|try=0|th=0.000005429|de=0.091249770|ga=0.908744800
PACKLOG|try=0|profit=4047227|weight=8103052
PACKLOG|try=1|th=0.004215922|de=0.434094610|ga=0.561689468
PACKLOG|try=1|profit=4060944|weight=8092992
PACKLOG|best|profit=4060944|weight=8092992
PACKLOG|call=2611|tour_len=930|end_dist=19625166
PACKLOG|try=0|th=0.150846554|de=0.442161108|ga=0.406992338
PACKLOG|try=0|profit=4372484|weight=7778693
PACKLOG|try=1|th=0.459528269|de=0.238827885|ga=0.301643847
PACKLOG|try=1|profit=4461178|weight=7572843
PACKLOG|best|profit=4461178|weight=7572843
PACKLOG|call=2612|tour_len=930|end_dist=19625166
PACKLOG|try=0|th=0.674087754|de=0.001212322|ga=0.324699924
PACKLOG|try=0|profit=4463210|weight=7524671
PACKLOG|try=1|th=0.424724989|de=0.308272013|ga=0.267002998
PACKLOG|try=1|profit=4461857|weight=7565808
PACKLOG|best|profit=4463210|weight=7524671
PACKLOG|call=2613|tour_len=930|end_dist=19625166
PACKLOG|try=0|th=0.134978471|de=0.799583804|ga=0.065437725
PACKLOG|try=0|profit=4463127|weight=7523565
PACKLOG|try=1|th=0.373892904|de=0.019274105|ga=0.606832991
PACKLOG|try=1|profit=4424919|weight=7719464
PACKLOG|best|profit=4463127|weight=7523565
PACKLOG|call=2614|tour_len=930|end_dist=19625166
PACKLOG|try=0|th=0.089789660|de=0.502429618|ga=0.407780723
PACKLOG|try=0|profit=4283745|weight=7822829
PACKLOG|try=1|th=0.369535892|de=0.430749643|ga=0.199714465
PACKLOG|try=1|profit=4462823|weight=7539704
PACKLOG|best|profit=4462823|weight=7539704
PACKLOG|call=2615|tour_len=930|end_dist=19625166
PACKLOG|try=0|th=0.007336172|de=0.593825369|ga=0.398838459
PACKLOG|try=0|profit=4077619|weight=8087917
PACKLOG|try=1|th=0.277368115|de=0.470705773|ga=0.251926113
PACKLOG|try=1|profit=4454408|weight=7641167
PACKLOG|best|profit=4454408|weight=7641167
PACKLOG|call=2616|tour_len=930|end_dist=19625166
PACKLOG|try=0|th=0.289965415|de=0.366284717|ga=0.343749868
PACKLOG|try=0|profit=4444205|weight=7675301
PACKLOG|try=1|th=0.809479839|de=0.079121410|ga=0.111398751
PACKLOG|try=1|profit=4451884|weight=7369919
PACKLOG|best|profit=4451884|weight=7369919
PACKLOG|call=2617|tour_len=930|end_dist=19625166
PACKLOG|try=0|th=0.114244191|de=0.541404013|ga=0.344351796
PACKLOG|try=0|profit=4357834|weight=7789729
PACKLOG|try=1|th=0.094176156|de=0.710830046|ga=0.194993799
PACKLOG|try=1|profit=4405712|weight=7746536
PACKLOG|best|profit=4405712|weight=7746536
PACKLOG|call=2618|tour_len=930|end_dist=19625166
PACKLOG|try=0|th=0.624545038|de=0.018032806|ga=0.357422156
PACKLOG|try=0|profit=4462563|weight=7551785
PACKLOG|try=1|th=0.313076777|de=0.623290310|ga=0.063632914
PACKLOG|try=1|profit=4456176|weight=7404015
PACKLOG|best|profit=4462563|weight=7551785
PACKLOG|call=2619|tour_len=930|end_dist=19625166
PACKLOG|try=0|th=0.395266000|de=0.167261940|ga=0.437472060
PACKLOG|try=0|profit=4447706|weight=7665288
PACKLOG|try=1|th=0.282814859|de=0.445271698|ga=0.271913443
PACKLOG|try=1|profit=4452260|weight=7649247
PACKLOG|best|profit=4452260|weight=7649247
PACKLOG|call=2620|tour_len=930|end_dist=19625166
PACKLOG|try=0|th=0.420528290|de=0.108733522|ga=0.470738187
PACKLOG|try=0|profit=4447323|weight=7667308
PACKLOG|try=1|th=0.570057555|de=0.259471135|ga=0.170471310
PACKLOG|try=1|profit=4460917|weight=7457315
PACKLOG|best|profit=4460917|weight=7457315
PACKLOG|call=2621|tour_len=930|end_dist=19625166
PACKLOG|try=0|th=0.282460117|de=0.662356632|ga=0.055183251
PACKLOG|try=0|profit=4456012|weight=7402002
PACKLOG|try=1|th=0.438147789|de=0.426902175|ga=0.134950036
PACKLOG|try=1|profit=4461145|weight=7460298
PACKLOG|best|profit=4461145|weight=7460298
PACKLOG|call=2622|tour_len=930|end_dist=19625166
PACKLOG|try=0|th=0.500288624|de=0.377445839|ga=0.122265537
PACKLOG|try=0|profit=4458878|weight=7431167
PACKLOG|try=1|th=0.120324066|de=0.647760160|ga=0.231915774
PACKLOG|try=1|profit=4411299|weight=7740519
PACKLOG|best|profit=4458878|weight=7431167
PACKLOG|call=2623|tour_len=930|end_dist=19625137
PACKLOG|try=0|th=0.496348932|de=0.086051737|ga=0.417599330
PACKLOG|try=0|profit=4456255|weight=7630144
PACKLOG|try=1|th=0.097263085|de=0.101762562|ga=0.800974353
PACKLOG|try=1|profit=4179704|weight=7904216
PACKLOG|best|profit=4456255|weight=7630144
PACKLOG|call=2624|tour_len=930|end_dist=19625137
PACKLOG|try=0|th=0.026477311|de=0.413926558|ga=0.559596132
PACKLOG|try=0|profit=4103321|weight=8022697
PACKLOG|try=1|th=0.467812991|de=0.075032853|ga=0.457154156
PACKLOG|try=1|profit=4451651|weight=7652270
PACKLOG|best|profit=4451651|weight=7652270
PACKLOG|call=2625|tour_len=930|end_dist=19625166
PACKLOG|try=0|th=0.255017940|de=0.459233832|ga=0.285748228
PACKLOG|try=0|profit=4447158|weight=7667278
PACKLOG|try=1|th=0.559646877|de=0.344735798|ga=0.095617326
PACKLOG|try=1|profit=4454604|weight=7389970
PACKLOG|best|profit=4454604|weight=7389970
PACKLOG|call=2626|tour_len=930|end_dist=19625166
PACKLOG|try=0|th=0.643277385|de=0.172039590|ga=0.184683026
PACKLOG|try=0|profit=4460399|weight=7449272
PACKLOG|try=1|th=0.330171382|de=0.279950069|ga=0.389878549
PACKLOG|try=1|profit=4444417|weight=7675313
PACKLOG|best|profit=4460399|weight=7449272
PACKLOG|call=2627|tour_len=930|end_dist=19625166
PACKLOG|try=0|th=0.383839822|de=0.452311710|ga=0.163848467
PACKLOG|try=0|profit=4463102|weight=7505545
PACKLOG|try=1|th=0.342075093|de=0.202650153|ga=0.455274754
PACKLOG|try=1|profit=4437585|weight=7695398
PACKLOG|best|profit=4463102|weight=7505545
PACKLOG|call=2628|tour_len=930|end_dist=19625166
PACKLOG|try=0|th=0.047977274|de=0.886607544|ga=0.065415182
PACKLOG|try=0|profit=4435124|weight=7697171
PACKLOG|try=1|th=0.583640418|de=0.349475395|ga=0.066884187
PACKLOG|try=1|profit=4449551|weight=7352846
PACKLOG|best|profit=4449551|weight=7352846
PACKLOG|call=2629|tour_len=928|end_dist=19578055
PACKLOG|try=0|th=0.495945025|de=0.383300572|ga=0.120754403
PACKLOG|try=0|profit=4455019|weight=7443215
PACKLOG|try=1|th=0.539621009|de=0.199765728|ga=0.260613264
PACKLOG|try=1|profit=4459407|weight=7536714
PACKLOG|best|profit=4459407|weight=7536714
PACKLOG|call=2630|tour_len=928|end_dist=19578055
PACKLOG|try=0|th=0.122156335|de=0.321933423|ga=0.555910242
PACKLOG|try=0|profit=4283904|weight=7830908
PACKLOG|try=1|th=0.474920191|de=0.190549487|ga=0.334530322
PACKLOG|try=1|profit=4456360|weight=7602012
PACKLOG|best|profit=4456360|weight=7602012
PACKLOG|call=2631|tour_len=930|end_dist=19625137
PACKLOG|try=0|th=0.423674160|de=0.409333908|ga=0.166991931
PACKLOG|try=0|profit=4462911|weight=7495482
PACKLOG|try=1|th=0.357925272|de=0.487800532|ga=0.154274196
PACKLOG|try=1|profit=4463104|weight=7506551
PACKLOG|best|profit=4463104|weight=7506551
PACKLOG|call=2632|tour_len=930|end_dist=19625166
PACKLOG|try=0|th=0.206813729|de=0.329007641|ga=0.464178629
PACKLOG|try=0|profit=4395120|weight=7759671
PACKLOG|try=1|th=0.433328490|de=0.539272640|ga=0.027398869
PACKLOG|try=1|profit=4443814|weight=7316661
PACKLOG|best|profit=4443814|weight=7316661
PACKLOG|call=2633|tour_len=930|end_dist=19625166
PACKLOG|try=0|th=0.298076267|de=0.360554398|ga=0.341369335
PACKLOG|try=0|profit=4445855|weight=7671288
PACKLOG|try=1|th=0.326351353|de=0.178030701|ga=0.495617946
PACKLOG|try=1|profit=4428347|weight=7712429
PACKLOG|best|profit=4445855|weight=7671288
PACKLOG|call=2634|tour_len=933|end_dist=19842243
PACKLOG|try=0|th=0.353769726|de=0.229669101|ga=0.416561173
PACKLOG|try=0|profit=4436614|weight=7622100
PACKLOG|try=1|th=0.436190395|de=0.103923893|ga=0.459885712
PACKLOG|try=1|profit=4441205|weight=7608046
PACKLOG|best|profit=4441205|weight=7608046
PACKLOG|call=2635|tour_len=930|end_dist=19625166
PACKLOG|try=0|th=0.251874398|de=0.504140897|ga=0.243984705
PACKLOG|try=0|profit=4452133|weight=7651257
PACKLOG|try=1|th=0.278570012|de=0.594249139|ga=0.127180849
PACKLOG|try=1|profit=4463244|weight=7517580
PACKLOG|best|profit=4463244|weight=7517580
PACKLOG|call=2636|tour_len=930|end_dist=19625166
PACKLOG|try=0|th=0.320638853|de=0.416872262|ga=0.262488885
PACKLOG|try=0|profit=4456917|weight=7626132
PACKLOG|try=1|th=0.076820266|de=0.528396241|ga=0.394783493
PACKLOG|try=1|profit=4261918|weight=7832855
PACKLOG|best|profit=4456917|weight=7626132
PACKLOG|call=2637|tour_len=930|end_dist=19625166
PACKLOG|try=0|th=0.377178714|de=0.569735036|ga=0.053086249
PACKLOG|try=0|profit=4452284|weight=7371901
PACKLOG|try=1|th=0.383699474|de=0.517933499|ga=0.098367028
PACKLOG|try=1|profit=4459435|weight=7437180
PACKLOG|best|profit=4459435|weight=7437180
PACKLOG|call=2638|tour_len=930|end_dist=19625166
PACKLOG|try=0|th=0.428420883|de=0.090111493|ga=0.481467624
PACKLOG|try=0|profit=4447155|weight=7668307
PACKLOG|try=1|th=0.247056898|de=0.318988815|ga=0.433954287
PACKLOG|try=1|profit=4419426|weight=7728506
PACKLOG|best|profit=4447155|weight=7668307
PACKLOG|call=2639|tour_len=930|end_dist=19625166
PACKLOG|try=0|th=0.156525173|de=0.565231709|ga=0.278243118
PACKLOG|try=0|profit=4418676|weight=7730495
PACKLOG|try=1|th=0.174237255|de=0.394128755|ga=0.431633990
PACKLOG|try=1|profit=4384665|weight=7769696
PACKLOG|best|profit=4418676|weight=7730495
PACKLOG|call=2640|tour_len=928|end_dist=19578055
PACKLOG|try=0|th=0.435660129|de=0.412939469|ga=0.151400401
PACKLOG|try=0|profit=4458637|weight=7496476
PACKLOG|try=1|th=0.409660961|de=0.438954656|ga=0.151384383
PACKLOG|try=1|profit=4458978|weight=7504512
PACKLOG|best|profit=4458978|weight=7504512
PACKLOG|call=2641|tour_len=930|end_dist=19625166
PACKLOG|try=0|th=0.048358153|de=0.521098305|ga=0.430543541
PACKLOG|try=0|profit=4168968|weight=7918204
PACKLOG|try=1|th=0.473601708|de=0.031306118|ga=0.495092173
PACKLOG|try=1|profit=4449855|weight=7658272
PACKLOG|best|profit=4449855|weight=7658272
PACKLOG|call=2642|tour_len=928|end_dist=19578055
PACKLOG|try=0|th=0.080392494|de=0.315852751|ga=0.603754754
PACKLOG|try=0|profit=4200029|weight=7899168
PACKLOG|try=1|th=0.134625895|de=0.394558498|ga=0.470815607
PACKLOG|try=1|profit=4337342|weight=7807851
PACKLOG|best|profit=4337342|weight=7807851
PACKLOG|call=2643|tour_len=930|end_dist=19625137
PACKLOG|try=0|th=0.552282839|de=0.065704059|ga=0.382013102
PACKLOG|try=0|profit=4460322|weight=7586934
PACKLOG|try=1|th=0.004963285|de=0.431380765|ga=0.563655950
PACKLOG|try=1|profit=4062189|weight=8088966
PACKLOG|best|profit=4460322|weight=7586934
PACKLOG|call=2644|tour_len=927|end_dist=19509530
PACKLOG|try=0|th=0.344299831|de=0.350881785|ga=0.304818384
PACKLOG|try=0|profit=4453816|weight=7665287
PACKLOG|try=1|th=0.056472257|de=0.443521285|ga=0.500006458
PACKLOG|try=1|profit=4184046|weight=7935321
PACKLOG|best|profit=4453816|weight=7665287
PACKLOG|call=2645|tour_len=930|end_dist=19625166
PACKLOG|try=0|th=0.518528846|de=0.291443073|ga=0.190028081
PACKLOG|try=0|profit=4462682|weight=7489449
PACKLOG|try=1|th=0.400688743|de=0.165134606|ga=0.434176651
PACKLOG|try=1|profit=4448740|weight=7662274
PACKLOG|best|profit=4462682|weight=7489449
PACKLOG|call=2646|tour_len=930|end_dist=19625166
PACKLOG|try=0|th=0.181075863|de=0.366813025|ga=0.452111112
PACKLOG|try=0|profit=4383420|weight=7770707
PACKLOG|try=1|th=0.068795598|de=0.638850076|ga=0.292354325
PACKLOG|try=1|profit=4293800|weight=7815771
PACKLOG|best|profit=4383420|weight=7770707
PACKLOG|call=2647|tour_len=930|end_dist=19625137
PACKLOG|try=0|th=0.674808530|de=0.021837526|ga=0.303353944
PACKLOG|try=0|profit=4463224|weight=7516613
PACKLOG|try=1|th=0.174346042|de=0.347160969|ga=0.478492989
PACKLOG|try=1|profit=4370909|weight=7781701
PACKLOG|best|profit=4463224|weight=7516613
PACKLOG|call=2648|tour_len=930|end_dist=19625166
PACKLOG|try=0|th=0.072283763|de=0.471395902|ga=0.456320334
PACKLOG|try=0|profit=4219264|weight=7856958
PACKLOG|try=1|th=0.861929270|de=0.077417087|ga=0.060653643
PACKLOG|try=1|profit=4443865|weight=7316702
PACKLOG|best|profit=4443865|weight=7316702
PACKLOG|call=2649|tour_len=930|end_dist=19625137
PACKLOG|try=0|th=0.225980325|de=0.345159062|ga=0.428860613
PACKLOG|try=0|profit=4413216|weight=7737555
PACKLOG|try=1|th=0.347877090|de=0.302305801|ga=0.349817109
PACKLOG|try=1|profit=4450566|weight=7656262
PACKLOG|best|profit=4450566|weight=7656262
PACKLOG|call=2650|tour_len=930|end_dist=19625166
PACKLOG|try=0|th=0.437259219|de=0.095715586|ga=0.467025194
PACKLOG|try=0|profit=4449306|weight=7660276
PACKLOG|try=1|th=0.014231416|de=0.717504112|ga=0.268264472
PACKLOG|try=1|profit=4108888|weight=8008449
PACKLOG|best|profit=4449306|weight=7660276
PACKLOG|call=2651|tour_len=930|end_dist=19625166
PACKLOG|try=0|th=0.390014143|de=0.369174131|ga=0.240811726
PACKLOG|try=0|profit=4461978|weight=7562793
PACKLOG|try=1|th=0.144080040|de=0.505963962|ga=0.349955997
PACKLOG|try=1|profit=4385803|weight=7768678
PACKLOG|best|profit=4461978|weight=7562793
PACKLOG|call=2652|tour_len=930|end_dist=19625137
PACKLOG|try=0|th=0.254876199|de=0.447914146|ga=0.297209655
PACKLOG|try=0|profit=4444974|weight=7674284
PACKLOG|try=1|th=0.301888793|de=0.472885854|ga=0.225225353
PACKLOG|try=1|profit=4458716|weight=7606018
PACKLOG|best|profit=4458716|weight=7606018
PACKLOG|call=2653|tour_len=930|end_dist=19625166
PACKLOG|try=0|th=0.018701082|de=0.186087446|ga=0.795211472
PACKLOG|try=0|profit=4081451|weight=8070897
PACKLOG|try=1|th=0.345231892|de=0.420794065|ga=0.233974043
PACKLOG|try=1|profit=4460662|weight=7580875
PACKLOG|best|profit=4460662|weight=7580875
PACKLOG|call=2654|tour_len=930|end_dist=19625166
PACKLOG|try=0|th=0.300347549|de=0.413078698|ga=0.286573753
PACKLOG|try=0|profit=4452717|weight=7647233
PACKLOG|try=1|th=0.431450417|de=0.484002691|ga=0.084546891
PACKLOG|try=1|profit=4455897|weight=7401013
PACKLOG|best|profit=4455897|weight=7401013
PACKLOG|call=2655|tour_len=930|end_dist=19625137
PACKLOG|try=0|th=0.160695893|de=0.359607299|ga=0.479696808
PACKLOG|try=0|profit=4359648|weight=7788741
PACKLOG|try=1|th=0.474397863|de=0.384329011|ga=0.141273126
PACKLOG|try=1|profit=4460897|weight=7456300
PACKLOG|best|profit=4460897|weight=7456300
PACKLOG|call=2656|tour_len=930|end_dist=19625166
PACKLOG|try=0|th=0.549638943|de=0.001935149|ga=0.448425908
PACKLOG|try=0|profit=4456917|weight=7626132
PACKLOG|try=1|th=0.324234167|de=0.312892403|ga=0.362873430
PACKLOG|try=1|profit=4447117|weight=7668302
PACKLOG|best|profit=4456917|weight=7626132
PACKLOG|call=2657|tour_len=928|end_dist=19578055
PACKLOG|try=0|th=0.293370288|de=0.294968779|ga=0.411660932
PACKLOG|try=0|profit=4431953|weight=7710433
PACKLOG|try=1|th=0.529057588|de=0.151608016|ga=0.319334396
PACKLOG|try=1|profit=4458469|weight=7571865
PACKLOG|best|profit=4458469|weight=7571865
PACKLOG|call=2658|tour_len=930|end_dist=19625166
PACKLOG|try=0|th=0.508593228|de=0.131301251|ga=0.360105522
PACKLOG|try=0|profit=4460019|weight=7592959
PACKLOG|try=1|th=0.166311059|de=0.506851625|ga=0.326837316
PACKLOG|try=1|profit=4410208|weight=7741552
PACKLOG|best|profit=4460019|weight=7592959
PACKLOG|call=2659|tour_len=930|end_dist=19625166
PACKLOG|try=0|th=0.249226385|de=0.295364294|ga=0.455409321
PACKLOG|try=0|profit=4416872|weight=7732532
PACKLOG|try=1|th=0.337923759|de=0.245267342|ga=0.416808898
PACKLOG|try=1|profit=4442081|weight=7681330
PACKLOG|best|profit=4442081|weight=7681330
PACKLOG|call=2660|tour_len=930|end_dist=19625166
PACKLOG|try=0|th=0.135359034|de=0.003705540|ga=0.860935426
PACKLOG|try=0|profit=4219343|weight=7857026
PACKLOG|try=1|th=0.200763937|de=0.377745502|ga=0.421490561
PACKLOG|try=1|profit=4404492|weight=7747583
PACKLOG|best|profit=4404492|weight=7747583
PACKLOG|call=2661|tour_len=930|end_dist=19625166
PACKLOG|try=0|th=0.303086137|de=0.369637370|ga=0.327276493
PACKLOG|try=0|profit=4448911|weight=7661263
PACKLOG|try=1|th=0.117633320|de=0.711562347|ga=0.170804333
PACKLOG|try=1|profit=4431544|weight=7706334
PACKLOG|best|profit=4448911|weight=7661263
PACKLOG|call=2662|tour_len=930|end_dist=19625137
PACKLOG|try=0|th=0.368601565|de=0.376237708|ga=0.255160727
PACKLOG|try=0|profit=4460344|weight=7585904
PACKLOG|try=1|th=0.477569651|de=0.304972545|ga=0.217457804
PACKLOG|try=1|profit=4463219|weight=7516596
PACKLOG|best|profit=4463219|weight=7516596
PACKLOG|call=2663|tour_len=930|end_dist=19625137
PACKLOG|try=0|th=0.712048260|de=0.272120646|ga=0.015831094
PACKLOG|try=0|profit=4439111|weight=7291566
PACKLOG|try=1|th=0.543471227|de=0.322349639|ga=0.134179134
PACKLOG|try=1|profit=4459103|weight=7433179
PACKLOG|best|profit=4459103|weight=7433179
PACKLOG|call=2664|tour_len=930|end_dist=19625166
PACKLOG|try=0|th=0.201505033|de=0.413427689|ga=0.385067278
PACKLOG|try=0|profit=4412853|weight=7738556
PACKLOG|try=1|th=0.242282082|de=0.528508848|ga=0.229209071
PACKLOG|try=1|profit=4453147|weight=7645202
PACKLOG|best|profit=4453147|weight=7645202
PACKLOG|call=2665|tour_len=930|end_dist=19625166
PACKLOG|try=0|th=0.381862339|de=0.208732120|ga=0.409405541
PACKLOG|try=0|profit=4449149|weight=7660259
PACKLOG|try=1|th=0.049242689|de=0.550280514|ga=0.400476797
PACKLOG|try=1|profit=4180276|weight=7900104
PACKLOG|best|profit=4449149|weight=7660259
PACKLOG|call=2666|tour_len=930|end_dist=19625137
PACKLOG|try=0|th=0.407188390|de=0.292385365|ga=0.300426245
PACKLOG|try=0|profit=4458884|weight=7606031
PACKLOG|try=1|th=0.446973489|de=0.250820725|ga=0.302205786
PACKLOG|try=1|profit=4460677|weight=7581886
PACKLOG|best|profit=4460677|weight=7581886
PACKLOG|call=2667|tour_len=930|end_dist=19625166
PACKLOG|try=0|th=0.395384693|de=0.387913416|ga=0.216701891
PACKLOG|try=0|profit=4462764|weight=7540703
PACKLOG|try=1|th=0.076425621|de=0.490110589|ga=0.433463790
PACKLOG|try=1|profit=4238982|weight=7840873
PACKLOG|best|profit=4462764|weight=7540703
PACKLOG|call=2668|tour_len=930|end_dist=19625166
PACKLOG|try=0|th=0.402370207|de=0.116993520|ga=0.480636273
PACKLOG|try=0|profit=4443752|weight=7677320
PACKLOG|try=1|th=0.227149402|de=0.307638568|ga=0.465212030
PACKLOG|try=1|profit=4407177|weight=7744573
PACKLOG|best|profit=4443752|weight=7677320
PACKLOG|call=2669|tour_len=928|end_dist=19489232
PACKLOG|try=0|th=0.099521817|de=0.414729875|ga=0.485748309
PACKLOG|try=0|profit=4274459|weight=7846013
PACKLOG|try=1|th=0.301871578|de=0.304727329|ga=0.393401093
PACKLOG|try=1|profit=4437383|weight=7713482
PACKLOG|best|profit=4437383|weight=7713482
PACKLOG|call=2670|tour_len=930|end_dist=19625166
PACKLOG|try=0|th=0.233881076|de=0.712022579|ga=0.054096345
PACKLOG|try=0|profit=4458146|weight=7423079
PACKLOG|try=1|th=0.129899109|de=0.459053580|ga=0.411047311
PACKLOG|try=1|profit=4352279|weight=7792759
PACKLOG|best|profit=4458146|weight=7423079
PACKLOG|call=2671|tour_len=930|end_dist=19625166
PACKLOG|try=0|th=0.347007540|de=0.068611662|ga=0.584380798
PACKLOG|try=0|profit=4423447|weight=7721498
PACKLOG|try=1|th=0.121586750|de=0.350473484|ga=0.527939766
PACKLOG|try=1|profit=4290490|weight=7817850
PACKLOG|best|profit=4423447|weight=7721498
PACKLOG|call=2672|tour_len=930|end_dist=19625137
PACKLOG|try=0|th=0.080415472|de=0.234511941|ga=0.685072587
PACKLOG|try=0|profit=4178516|weight=7916255
PACKLOG|try=1|th=0.258699764|de=0.687114782|ga=0.054185454
PACKLOG|try=1|profit=4456503|weight=7407023
PACKLOG|best|profit=4456503|weight=7407023
PACKLOG|call=2673|tour_len=930|end_dist=19625166
PACKLOG|try=0|th=0.241008836|de=0.279962273|ga=0.479028891
PACKLOG|try=0|profit=4409444|weight=7742568
PACKLOG|try=1|th=0.301155949|de=0.351199718|ga=0.347644333
PACKLOG|try=1|profit=4445465|weight=7673296
PACKLOG|best|profit=4445465|weight=7673296
PACKLOG|call=2674|tour_len=930|end_dist=19625137
PACKLOG|try=0|th=0.363604400|de=0.299803446|ga=0.336592155
PACKLOG|try=0|profit=4454043|weight=7642190
PACKLOG|try=1|th=0.436731936|de=0.226046318|ga=0.337221746
PACKLOG|try=1|profit=4457942|weight=7615081
PACKLOG|best|profit=4457942|weight=7615081
PACKLOG|call=2675|tour_len=930|end_dist=19625166
PACKLOG|try=0|th=0.394731185|de=0.308969620|ga=0.296299195
PACKLOG|try=0|profit=4458599|weight=7608036
PACKLOG|try=1|th=0.603500308|de=0.317107198|ga=0.079392494
PACKLOG|try=1|profit=4451286|weight=7365897
PACKLOG|best|profit=4458599|weight=7608036
PACKLOG|call=2676|tour_len=930|end_dist=19625166
PACKLOG|try=0|th=0.065939010|de=0.145007282|ga=0.789053708
PACKLOG|try=0|profit=4143764|weight=7969541
PACKLOG|try=1|th=0.525371620|de=0.352155590|ga=0.122472789
PACKLOG|try=1|profit=4458062|weight=7422126
PACKLOG|best|profit=4458062|weight=7422126
PACKLOG|call=2677|tour_len=930|end_dist=19625166
PACKLOG|try=0|th=0.469923029|de=0.386258041|ga=0.143818929
PACKLOG|try=0|profit=4461182|weight=7460303
PACKLOG|try=1|th=0.806810048|de=0.024628889|ga=0.168561063
PACKLOG|try=1|profit=4456604|weight=7408059
PACKLOG|best|profit=4461182|weight=7460303
PACKLOG|call=2678|tour_len=930|end_dist=19625166
PACKLOG|try=0|th=0.247006159|de=0.313185875|ga=0.439807966
PACKLOG|try=0|profit=4418717|weight=7730515
PACKLOG|try=1|th=0.497297640|de=0.109174204|ga=0.393528156
PACKLOG|try=1|profit=4457625|weight=7617107
PACKLOG|best|profit=4457625|weight=7617107
PACKLOG|call=2679|tour_len=930|end_dist=19625166
PACKLOG|try=0|th=0.406391768|de=0.464002248|ga=0.129605984
PACKLOG|try=0|profit=4461529|weight=7466299
PACKLOG|try=1|th=0.075845525|de=0.567502348|ga=0.356652127
PACKLOG|try=1|profit=4277740|weight=7825827
PACKLOG|best|profit=4461529|weight=7466299
PACKLOG|call=2680|tour_len=930|end_dist=19625137
PACKLOG|try=0|th=0.005043773|de=0.553300781|ga=0.441655446
PACKLOG|try=0|profit=4068158|weight=8087932
PACKLOG|try=1|th=0.493571295|de=0.409278486|ga=0.097150219
PACKLOG|try=1|profit=4456134|weight=7403026
PACKLOG|best|profit=4456134|weight=7403026
PACKLOG|call=2681|tour_len=930|end_dist=19625137
PACKLOG|try=0|th=0.066094685|de=0.444289799|ga=0.489615516
PACKLOG|try=0|profit=4197193|weight=7893088
PACKLOG|try=1|th=0.173745744|de=0.311396605|ga=0.514857651
PACKLOG|try=1|profit=4360921|weight=7787732
PACKLOG|best|profit=4360921|weight=7787732
PACKLOG|call=2682|tour_len=930|end_dist=19625166
PACKLOG|try=0|th=0.524133313|de=0.077094042|ga=0.398772644
PACKLOG|try=0|profit=4458326|weight=7612074
PACKLOG|try=1|th=0.162122306|de=0.436779524|ga=0.401098170
PACKLOG|try=1|profit=4384582|weight=7769692
PACKLOG|best|profit=4458326|weight=7612074
PACKLOG|call=2683|tour_len=930|end_dist=19625166
PACKLOG|try=0|th=0.759370009|de=0.089134923|ga=0.151495068
PACKLOG|try=0|profit=4456060|weight=7403030
PACKLOG|try=1|th=0.156489930|de=0.604304443|ga=0.239205627
PACKLOG|try=1|profit=4428007|weight=7713394
PACKLOG|best|profit=4456060|weight=7403030
PACKLOG|call=2684|tour_len=930|end_dist=19625137
PACKLOG|try=0|th=0.062602231|de=0.105343728|ga=0.832054041
PACKLOG|try=0|profit=4136950|weight=7982586
PACKLOG|try=1|th=0.335456905|de=0.318286057|ga=0.346257038
PACKLOG|try=1|profit=4450027|weight=7658277
PACKLOG|best|profit=4450027|weight=7658277
PACKLOG|call=2685|tour_len=930|end_dist=19625166
PACKLOG|try=0|th=0.364826621|de=0.414576703|ga=0.220596676
PACKLOG|try=0|profit=4462147|weight=7560785
PACKLOG|try=1|th=0.668259650|de=0.202070904|ga=0.129669446
PACKLOG|try=1|profit=4456021|weight=7402018
PACKLOG|best|profit=4462147|weight=7560785
PACKLOG|call=2686|tour_len=930|end_dist=19625166
PACKLOG|try=0|th=0.388443913|de=0.179532644|ga=0.432023443
PACKLOG|try=0|profit=4447706|weight=7665288
PACKLOG|try=1|th=0.355542753|de=0.286380856|ga=0.358076391
PACKLOG|try=1|profit=4450566|weight=7656262
PACKLOG|best|profit=4450566|weight=7656262
PACKLOG|call=2687|tour_len=930|end_dist=19625166
PACKLOG|try=0|th=0.054652759|de=0.534699751|ga=0.410647490
PACKLOG|try=0|profit=4196283|weight=7893086
PACKLOG|try=1|th=0.544690606|de=0.025262901|ga=0.430046492
PACKLOG|try=1|profit=4457625|weight=7617107
PACKLOG|best|profit=4457625|weight=7617107
PACKLOG|call=2688|tour_len=930|end_dist=19625166
PACKLOG|try=0|th=0.615277820|de=0.351329204|ga=0.033392976
PACKLOG|try=0|profit=4442565|weight=7309660
PACKLOG|try=1|th=0.020327055|de=0.504777249|ga=0.474895697
PACKLOG|try=1|profit=4096453|weight=8023667
PACKLOG|best|profit=4442565|weight=7309660
PACKLOG|call=2689|tour_len=928|end_dist=19578055
PACKLOG|try=0|th=0.464594974|de=0.255781830|ga=0.279623196
PACKLOG|try=0|profit=4458459|weight=7570864
PACKLOG|try=1|th=0.486059456|de=0.067943697|ga=0.445996848
PACKLOG|try=1|profit=4450408|weight=7653259
PACKLOG|best|profit=4458459|weight=7570864
PACKLOG|call=2690|tour_len=930|end_dist=19625166
PACKLOG|try=0|th=0.356563049|de=0.303056949|ga=0.340380002
PACKLOG|try=0|profit=4452515|weight=7649251
PACKLOG|try=1|th=0.310776567|de=0.239104950|ga=0.450118483
PACKLOG|try=1|profit=4431955|weight=7706422
PACKLOG|best|profit=4452515|weight=7649251
PACKLOG|call=2691|tour_len=930|end_dist=19625166
PACKLOG|try=0|th=0.309137631|de=0.162762265|ga=0.528100104
PACKLOG|try=0|profit=4422485|weight=7723491
PACKLOG|try=1|th=0.202916820|de=0.656371103|ga=0.140712077
PACKLOG|try=1|profit=4460383|weight=7584852
PACKLOG|best|profit=4460383|weight=7584852
PACKLOG|call=2692|tour_len=930|end_dist=19625166
PACKLOG|try=0|th=0.336441495|de=0.397088466|ga=0.266470039
PACKLOG|try=0|profit=4457501|weight=7619098
PACKLOG|try=1|th=0.058034695|de=0.417758444|ga=0.524206861
PACKLOG|try=1|profit=4168106|weight=7918241
PACKLOG|best|profit=4457501|weight=7619098
PACKLOG|call=2693|tour_len=930|end_dist=19625166
PACKLOG|try=0|th=0.067671244|de=0.311976320|ga=0.620352435
PACKLOG|try=0|profit=4166387|weight=7920262
PACKLOG|try=1|th=0.268544271|de=0.191264768|ga=0.540190962
PACKLOG|try=1|profit=4408422|weight=7743569
PACKLOG|best|profit=4408422|weight=7743569
PACKLOG|call=2694|tour_len=930|end_dist=19625166
PACKLOG|try=0|th=0.290258000|de=0.252186872|ga=0.457555128
PACKLOG|try=0|profit=4426135|weight=7717446
PACKLOG|try=1|th=0.332771572|de=0.388798332|ga=0.278430097
PACKLOG|try=1|profit=4456215|weight=7630125
PACKLOG|best|profit=4456215|weight=7630125
PACKLOG|call=2695|tour_len=930|end_dist=19625166
PACKLOG|try=0|th=0.365170032|de=0.061811990|ga=0.573017978
PACKLOG|try=0|profit=4426473|weight=7716453
PACKLOG|try=1|th=0.219529789|de=0.613104696|ga=0.167365516
PACKLOG|try=1|profit=4458490|weight=7610032
PACKLOG|best|profit=4458490|weight=7610032
PACKLOG|call=2696|tour_len=930|end_dist=19625166
PACKLOG|try=0|th=0.386342895|de=0.218241391|ga=0.395415714
PACKLOG|try=0|profit=4450162|weight=7657274
PACKLOG|try=1|th=0.022701887|de=0.133416742|ga=0.843881371
PACKLOG|try=1|profit=4086245|weight=8064886
PACKLOG|best|profit=4450162|weight=7657274
PACKLOG|call=2697|tour_len=930|end_dist=19625166
PACKLOG|try=0|th=0.363518125|de=0.128967529|ga=0.507514346
PACKLOG|try=0|profit=4435197|weight=7698404
PACKLOG|try=1|th=0.826364968|de=0.164361632|ga=0.009273400
PACKLOG|try=1|profit=4436605|weight=7280506
PACKLOG|best|profit=4436605|weight=7280506
PACKLOG|call=2698|tour_len=930|end_dist=19625166
PACKLOG|try=0|th=0.182154091|de=0.392277001|ga=0.425568908
PACKLOG|try=0|profit=4391740|weight=7762678
PACKLOG|try=1|th=0.618182503|de=0.179421193|ga=0.202396304
PACKLOG|try=1|profit=4461822|weight=7471348
PACKLOG|best|profit=4461822|weight=7471348
PACKLOG|call=2699|tour_len=930|end_dist=19625166
PACKLOG|try=0|th=0.451164050|de=0.070491781|ga=0.478344168
PACKLOG|try=0|profit=4449470|weight=7659273
PACKLOG|try=1|th=0.151871716|de=0.409574204|ga=0.438554079
PACKLOG|try=1|profit=4363087|weight=7786722
PACKLOG|best|profit=4449470|weight=7659273
PACKLOG|call=2700|tour_len=930|end_dist=19625166
PACKLOG|try=0|th=0.464033283|de=0.359584837|ga=0.176381879
PACKLOG|try=0|profit=4462827|weight=7492460
PACKLOG|try=1|th=0.427000661|de=0.371870320|ga=0.201129020
PACKLOG|try=1|profit=4463249|weight=7521631
PACKLOG|best|profit=4463249|weight=7521631
PACKLOG|call=2701|tour_len=930|end_dist=19625137
PACKLOG|try=0|th=0.422262234|de=0.173223060|ga=0.404514706
PACKLOG|try=0|profit=4452495|weight=7649257
PACKLOG|try=1|th=0.559017393|de=0.067357150|ga=0.373625456
PACKLOG|try=1|profit=4460846|weight=7578886
PACKLOG|best|profit=4460846|weight=7578886
PACKLOG|call=2702|tour_len=930|end_dist=19625166
PACKLOG|try=0|th=0.375084342|de=0.241863502|ga=0.383052156
PACKLOG|try=0|profit=4450162|weight=7657274
PACKLOG|try=1|th=0.455884282|de=0.085992857|ga=0.458122861
PACKLOG|try=1|profit=4450764|weight=7655275
PACKLOG|best|profit=4450764|weight=7655275
PACKLOG|call=2703|tour_len=930|end_dist=19625166
PACKLOG|try=0|th=0.416009577|de=0.308958080|ga=0.275032344
PACKLOG|try=0|profit=4461010|weight=7576857
PACKLOG|try=1|th=0.442497067|de=0.466327539|ga=0.091175394
PACKLOG|try=1|profit=4456527|weight=7407044
PACKLOG|best|profit=4461010|weight=7576857
PACKLOG|call=2704|tour_len=930|end_dist=19625166
PACKLOG|try=0|th=0.056143324|de=0.245956522|ga=0.697900154
PACKLOG|try=0|profit=4143289|weight=7977554
PACKLOG|try=1|th=0.597007935|de=0.121216219|ga=0.281775845
PACKLOG|try=1|profit=4463240|weight=7521639
PACKLOG|best|profit=4463240|weight=7521639
PACKLOG|call=2705|tour_len=930|end_dist=19625166
PACKLOG|try=0|th=0.245278102|de=0.455137866|ga=0.299584032
PACKLOG|try=0|profit=4442793|weight=7680305
PACKLOG|try=1|th=0.069696792|de=0.212130855|ga=0.718172353
PACKLOG|try=1|profit=4151690|weight=7939359
PACKLOG|best|profit=4442793|weight=7680305
PACKLOG|call=2706|tour_len=930|end_dist=19625166
PACKLOG|try=0|th=0.156065800|de=0.355331447|ga=0.488602754
PACKLOG|try=0|profit=4352995|weight=7792768
PACKLOG|try=1|th=0.189110391|de=0.510515957|ga=0.300373652
PACKLOG|try=1|profit=4425697|weight=7718442
PACKLOG|best|profit=4425697|weight=7718442
PACKLOG|call=2707|tour_len=930|end_dist=19625137
PACKLOG|try=0|th=0.214789586|de=0.762664939|ga=0.022545475
PACKLOG|try=0|profit=4448083|weight=7344772
PACKLOG|try=1|th=0.513330177|de=0.264590317|ga=0.222079507
PACKLOG|try=1|profit=4463087|weight=7504550
PACKLOG|best|profit=4463087|weight=7504550
PACKLOG|call=2708|tour_len=930|end_dist=19625166
PACKLOG|try=0|th=0.325924117|de=0.128667112|ga=0.545408771
PACKLOG|try=0|profit=4423868|weight=7720476
PACKLOG|try=1|th=0.136233236|de=0.356242469|ga=0.507524295
PACKLOG|try=1|profit=4321342|weight=7805853
PACKLOG|best|profit=4423868|weight=7720476
PACKLOG|call=2709|tour_len=930|end_dist=19625166
PACKLOG|try=0|th=0.449080589|de=0.466035912|ga=0.084883499
PACKLOG|try=0|profit=4455448|weight=7397993
PACKLOG|try=1|th=0.375214108|de=0.382885562|ga=0.241900329
PACKLOG|try=1|profit=4461413|weight=7569816
PACKLOG|best|profit=4461413|weight=7569816
PACKLOG|call=2710|tour_len=930|end_dist=19625166
PACKLOG|try=0|th=0.225134354|de=0.459924143|ga=0.314941502
PACKLOG|try=0|profit=4435129|weight=7698387
PACKLOG|try=1|th=0.316869467|de=0.433383336|ga=0.249747197
PACKLOG|try=1|profit=4457559|weight=7618086
PACKLOG|best|profit=4457559|weight=7618086
PACKLOG|call=2711|tour_len=930|end_dist=19625166
PACKLOG|try=0|th=0.481183605|de=0.455675468|ga=0.063140926
PACKLOG|try=0|profit=4451026|weight=7363880
PACKLOG|try=1|th=0.300868903|de=0.282887945|ga=0.416243153
PACKLOG|try=1|profit=4435466|weight=7699399
PACKLOG|best|profit=4451026|weight=7363880
PACKLOG|call=2712|tour_len=930|end_dist=19625166
PACKLOG|try=0|th=0.120561639|de=0.664747163|ga=0.214691198
PACKLOG|try=0|profit=4418887|weight=7730481
PACKLOG|try=1|th=0.350995455|de=0.471117234|ga=0.177887311
PACKLOG|try=1|profit=4463081|weight=7527639
PACKLOG|best|profit=4463081|weight=7527639
PACKLOG|call=2713|tour_len=928|end_dist=19578055
PACKLOG|try=0|th=0.004620404|de=0.330395555|ga=0.664984041
PACKLOG|try=0|profit=4056401|weight=8094994
PACKLOG|try=1|th=0.112554978|de=0.588304145|ga=0.299140877
PACKLOG|try=1|profit=4373867|weight=7785711
PACKLOG|best|profit=4373867|weight=7785711
PACKLOG|call=2714|tour_len=930|end_dist=19625166
PACKLOG|try=0|th=0.264547400|de=0.273489288|ga=0.461963312
PACKLOG|try=0|profit=4419698|weight=7728505
PACKLOG|try=1|th=0.483116680|de=0.363133333|ga=0.153749987
PACKLOG|try=1|profit=4461593|weight=7468325
PACKLOG|best|profit=4461593|weight=7468325
PACKLOG|call=2715|tour_len=930|end_dist=19625166
PACKLOG|try=0|th=0.177000040|de=0.524231148|ga=0.298768812
PACKLOG|try=0|profit=4422617|weight=7722447
PACKLOG|try=1|th=0.234677848|de=0.325641073|ga=0.439681080
PACKLOG|try=1|profit=4414638|weight=7735548
PACKLOG|best|profit=4422617|weight=7722447
PACKLOG|call=2716|tour_len=930|end_dist=19625166
PACKLOG|try=0|th=0.347310663|de=0.508502067|ga=0.144187270
PACKLOG|try=0|profit=4463070|weight=7501513
PACKLOG|try=1|th=0.350035422|de=0.535000658|ga=0.114963921
PACKLOG|try=1|profit=4461802|weight=7471325
PACKLOG|best|profit=4463070|weight=7501513
PACKLOG|call=2717|tour_len=930|end_dist=19625166
PACKLOG|try=0|th=0.269973738|de=0.433412344|ga=0.296613918
PACKLOG|try=0|profit=4448029|weight=7665275
PACKLOG|try=1|th=0.092599342|de=0.542842025|ga=0.364558633
PACKLOG|try=1|profit=4310003|weight=7810832
PACKLOG|best|profit=4448029|weight=7665275
PACKLOG|call=2718|tour_len=930|end_dist=19625166
PACKLOG|try=0|th=0.132642242|de=0.402454437|ga=0.464903321
PACKLOG|try=0|profit=4334975|weight=7800813
PACKLOG|try=1|th=0.369481931|de=0.441532902|ga=0.188985168
PACKLOG|try=1|profit=4463051|weight=7529646
PACKLOG|best|profit=4463051|weight=7529646
PACKLOG|call=2719|tour_len=930|end_dist=19625166
PACKLOG|try=0|th=0.570593961|de=0.250626045|ga=0.178779995
PACKLOG|try=0|profit=4461380|weight=7464312
PACKLOG|try=1|th=0.361573459|de=0.363831735|ga=0.274594807
PACKLOG|try=1|profit=4458386|weight=7612061
PACKLOG|best|profit=4461380|weight=7464312
PACKLOG|call=2720|tour_len=930|end_dist=19625137
PACKLOG|try=0|th=0.183034756|de=0.146339731|ga=0.670625513
PACKLOG|try=0|profit=4325870|weight=7803855
PACKLOG|try=1|th=0.565637778|de=0.045074739|ga=0.389287482
PACKLOG|try=1|profit=4460390|weight=7583919
PACKLOG|best|profit=4460390|weight=7583919
PACKLOG|call=2721|tour_len=930|end_dist=19625166
PACKLOG|try=0|th=0.150303899|de=0.341432760|ga=0.508263341
PACKLOG|try=0|profit=4340899|weight=7798822
PACKLOG|try=1|th=0.365945646|de=0.395427837|ga=0.238626516
PACKLOG|try=1|profit=4461267|weight=7571830
PACKLOG|best|profit=4461267|weight=7571830
PACKLOG|call=2722|tour_len=930|end_dist=19625166
PACKLOG|try=0|th=0.442958404|de=0.216747451|ga=0.340294144
PACKLOG|try=0|profit=4458039|weight=7614081
PACKLOG|try=1|th=0.497333285|de=0.197205545|ga=0.305461170
PACKLOG|try=1|profit=4461978|weight=7562793
PACKLOG|best|profit=4461978|weight=7562793
PACKLOG|call=2723|tour_len=930|end_dist=19625166
PACKLOG|try=0|th=0.019419344|de=0.543691033|ga=0.436889623
PACKLOG|try=0|profit=4098802|weight=8022662
PACKLOG|try=1|th=0.747500939|de=0.196302113|ga=0.056196948
PACKLOG|try=1|profit=4444791|weight=7323731
PACKLOG|best|profit=4444791|weight=7323731
PACKLOG|call=2724|tour_len=928|end_dist=19578055
PACKLOG|try=0|th=0.405068134|de=0.131858103|ga=0.463073764
PACKLOG|try=0|profit=4443159|weight=7680361
PACKLOG|try=1|th=0.667894064|de=0.160532838|ga=0.171573099
PACKLOG|try=1|profit=4455643|weight=7451254
PACKLOG|best|profit=4455643|weight=7451254
PACKLOG|call=2725|tour_len=928|end_dist=19578055
PACKLOG|try=0|th=0.194840415|de=0.226221448|ga=0.578938138
PACKLOG|try=0|profit=4360687|weight=7795801
PACKLOG|try=1|th=0.060182980|de=0.810689836|ga=0.129127184
PACKLOG|try=1|profit=4399988|weight=7759545
PACKLOG|best|profit=4399988|weight=7759545
PACKLOG|call=2726|tour_len=930|end_dist=19625166
PACKLOG|try=0|th=0.124781794|de=0.001524817|ga=0.873693389
PACKLOG|try=0|profit=4210275|weight=7887109
PACKLOG|try=1|th=0.378135767|de=0.290828616|ga=0.331035618
PACKLOG|try=1|profit=4455068|weight=7637158
PACKLOG|best|profit=4455068|weight=7637158
PACKLOG|call=2727|tour_len=930|end_dist=19625166
PACKLOG|try=0|th=0.300070474|de=0.164203140|ga=0.535726387
PACKLOG|try=0|profit=4418427|weight=7730516
PACKLOG|try=1|th=0.015287121|de=0.554391114|ga=0.430321764
PACKLOG|try=1|profit=4097352|weight=8055795
PACKLOG|best|profit=4418427|weight=7730516
PACKLOG|call=2728|tour_len=930|end_dist=19625166
PACKLOG|try=0|th=0.071522744|de=0.438339739|ga=0.490137517
PACKLOG|try=0|profit=4207988|weight=7872995
PACKLOG|try=1|th=0.428455452|de=0.130480085|ga=0.441064463
PACKLOG|try=1|profit=4450162|weight=7657274
PACKLOG|best|profit=4450162|weight=7657274
PACKLOG|call=2729|tour_len=930|end_dist=19625166
PACKLOG|try=0|th=0.193120040|de=0.187193394|ga=0.619686566
PACKLOG|try=0|profit=4349210|weight=7794804
PACKLOG|try=1|th=0.263804144|de=0.420823324|ga=0.315372532
PACKLOG|try=1|profit=4443808|weight=7677305
PACKLOG|best|profit=4443808|weight=7677305
PACKLOG|call=2730|tour_len=930|end_dist=19625166
PACKLOG|try=0|th=0.154393637|de=0.788406261|ga=0.057200101
PACKLOG|try=0|profit=4462620|weight=7487378
PACKLOG|try=1|th=0.188767737|de=0.426535038|ga=0.384697225
PACKLOG|try=1|profit=4407347|weight=7744566
PACKLOG|best|profit=4462620|weight=7487378
PACKLOG|call=2731|tour_len=930|end_dist=19625166
PACKLOG|try=0|th=0.214543380|de=0.022053917|ga=0.763402703
PACKLOG|try=0|profit=4332204|weight=7801858
PACKLOG|try=1|th=0.228532170|de=0.540507913|ga=0.230959918
PACKLOG|try=1|profit=4450497|weight=7656249
PACKLOG|best|profit=4450497|weight=7656249
PACKLOG|call=2732|tour_len=930|end_dist=19625166
PACKLOG|try=0|th=0.466403672|de=0.240694285|ga=0.292902044
PACKLOG|try=0|profit=4461857|weight=7565808
PACKLOG|try=1|th=0.572341842|de=0.145594814|ga=0.282063344
PACKLOG|try=1|profit=4463163|weight=7526662
PACKLOG|best|profit=4463163|weight=7526662
PACKLOG|call=2733|tour_len=930|end_dist=19625166
PACKLOG|try=0|th=0.313266054|de=0.339735627|ga=0.346998318
PACKLOG|try=0|profit=4447708|weight=7665290
PACKLOG|try=1|th=0.207612818|de=0.216134146|ga=0.576253036
PACKLOG|try=1|profit=4369543|weight=7782729
PACKLOG|best|profit=4447708|weight=7665290
PACKLOG|call=2734|tour_len=930|end_dist=19625166
PACKLOG|try=0|th=0.003330996|de=0.543489572|ga=0.453179432
PACKLOG|try=0|profit=4059789|weight=8090956
PACKLOG|try=1|th=0.114056280|de=0.279042122|ga=0.606901598
PACKLOG|try=1|profit=4255374|weight=7833891
PACKLOG|best|profit=4255374|weight=7833891
PACKLOG|call=2735|tour_len=930|end_dist=19625166
PACKLOG|try=0|th=0.035364976|de=0.672360494|ga=0.292274530
PACKLOG|try=0|profit=4177074|weight=7900041
PACKLOG|try=1|th=0.354654999|de=0.370309296|ga=0.275035706
PACKLOG|try=1|profit=4457840|weight=7615081
PACKLOG|best|profit=4457840|weight=7615081
PACKLOG|call=2736|tour_len=930|end_dist=19625166
PACKLOG|try=0|th=0.094950746|de=0.606910931|ga=0.298138323
PACKLOG|try=0|profit=4352598|weight=7792731
PACKLOG|try=1|th=0.766921779|de=0.148438222|ga=0.084639999
PACKLOG|try=1|profit=4448749|weight=7347830
PACKLOG|best|profit=4448749|weight=7347830
PACKLOG|call=2737|tour_len=930|end_dist=19625166
PACKLOG|try=0|th=0.333857285|de=0.227450816|ga=0.438691900
PACKLOG|try=0|profit=4437981|weight=7694393
PACKLOG|try=1|th=0.272890212|de=0.486267575|ga=0.240842213
PACKLOG|try=1|profit=4454932|weight=7637155
PACKLOG|best|profit=4454932|weight=7637155
PACKLOG|call=2738|tour_len=930|end_dist=19625166
PACKLOG|try=0|th=0.181464593|de=0.205746055|ga=0.612789352
PACKLOG|try=0|profit=4341382|weight=7797820
PACKLOG|try=1|th=0.171986205|de=0.443609528|ga=0.384404267
PACKLOG|try=1|profit=4395593|weight=7758652
PACKLOG|best|profit=4395593|weight=7758652
PACKLOG|call=2739|tour_len=930|end_dist=19625166
PACKLOG|try=0|th=0.464082731|de=0.370120284|ga=0.165796985
PACKLOG|try=0|profit=4462575|weight=7486425
PACKLOG|try=1|th=0.290778300|de=0.434678679|ga=0.274543020
PACKLOG|try=1|profit=4453147|weight=7645202
PACKLOG|best|profit=4462575|weight=7486425
PACKLOG|call=2740|tour_len=930|end_dist=19625166
PACKLOG|try=0|th=0.639624268|de=0.133334042|ga=0.227041689
PACKLOG|try=0|profit=4462555|weight=7485432
PACKLOG|try=1|th=0.475672662|de=0.041862674|ga=0.482464664
PACKLOG|try=1|profit=4450237|weight=7658291
PACKLOG|best|profit=4462555|weight=7485432
PACKLOG|call=2741|tour_len=930|end_dist=19625166
PACKLOG|try=0|th=0.171453242|de=0.083785271|ga=0.744761488
PACKLOG|try=0|profit=4292287|weight=7820889
PACKLOG|try=1|th=0.359233538|de=0.444489739|ga=0.196276722
PACKLOG|try=1|profit=4462776|weight=7540694
PACKLOG|best|profit=4462776|weight=7540694
PACKLOG|call=2742|tour_len=930|end_dist=19625166
PACKLOG|try=0|th=0.226900956|de=0.422956479|ga=0.350142566
PACKLOG|try=0|profit=4427505|weight=7713412
PACKLOG|try=1|th=0.119857528|de=0.607785741|ga=0.272356731
PACKLOG|try=1|profit=4393356|weight=7761632
PACKLOG|best|profit=4427505|weight=7713412
PACKLOG|call=2743|tour_len=930|end_dist=19625166
PACKLOG|try=0|th=0.392451841|de=0.411466384|ga=0.196081776
PACKLOG|try=0|profit=4463081|weight=7527639
PACKLOG|try=1|th=0.505260854|de=0.334673121|ga=0.160066024
PACKLOG|try=1|profit=4461410|weight=7463306
PACKLOG|best|profit=4463081|weight=7527639
PACKLOG|call=2744|tour_len=930|end_dist=19625166
PACKLOG|try=0|th=0.440258261|de=0.042158443|ga=0.517583296
PACKLOG|try=0|profit=4444476|weight=7675326
PACKLOG|try=1|th=0.301240657|de=0.471984142|ga=0.226775201
PACKLOG|try=1|profit=4458590|weight=7608034
PACKLOG|best|profit=4458590|weight=7608034
PACKLOG|call=2745|tour_len=930|end_dist=19625166
PACKLOG|try=0|th=0.405201206|de=0.440561115|ga=0.154237679
PACKLOG|try=0|profit=4462827|weight=7492460
PACKLOG|try=1|th=0.570391111|de=0.299779768|ga=0.129829120
PACKLOG|try=1|profit=4457744|weight=7419125
PACKLOG|best|profit=4462827|weight=7492460
PACKLOG|call=2746|tour_len=930|end_dist=19625166
PACKLOG|try=0|th=0.502006477|de=0.245260197|ga=0.252733326
PACKLOG|try=0|profit=4463083|weight=7528654
PACKLOG|try=1|th=0.450483964|de=0.161625341|ga=0.387890695
PACKLOG|try=1|profit=4455442|weight=7636155
PACKLOG|best|profit=4463083|weight=7528654
PACKLOG|call=2747|tour_len=930|end_dist=19625166
PACKLOG|try=0|th=0.450090988|de=0.220241642|ga=0.329667370
PACKLOG|try=0|profit=4458977|weight=7604021
PACKLOG|try=1|th=0.449223391|de=0.470460155|ga=0.080316454
PACKLOG|try=1|profit=4454970|weight=7393982
PACKLOG|best|profit=4458977|weight=7604021
PACKLOG|call=2748|tour_len=930|end_dist=19625166
PACKLOG|try=0|th=0.185016683|de=0.268656607|ga=0.546326710
PACKLOG|try=0|profit=4360921|weight=7787732
PACKLOG|try=1|th=0.474166167|de=0.467493329|ga=0.058340505
PACKLOG|try=1|profit=4450278|weight=7357868
PACKLOG|best|profit=4450278|weight=7357868
PACKLOG|call=2749|tour_len=930|end_dist=19625166
PACKLOG|try=0|th=0.331935462|de=0.304288634|ga=0.363775905
PACKLOG|try=0|profit=4448255|weight=7664285
PACKLOG|try=1|th=0.274627848|de=0.465188629|ga=0.260183523
PACKLOG|try=1|profit=4453147|weight=7645202
PACKLOG|best|profit=4453147|weight=7645202
PACKLOG|call=2750|tour_len=930|end_dist=19625166
PACKLOG|try=0|th=0.306789346|de=0.293191925|ga=0.400018729
PACKLOG|try=0|profit=4438615|weight=7691382
PACKLOG|try=1|th=0.587979656|de=0.074582894|ga=0.337437450
PACKLOG|try=1|profit=4462560|weight=7552783
PACKLOG|best|profit=4462560|weight=7552783
PACKLOG|call=2751|tour_len=930|end_dist=19625166
PACKLOG|try=0|th=0.229302089|de=0.312004297|ga=0.458693614
PACKLOG|try=0|profit=4408722|weight=7743577
PACKLOG|try=1|th=0.628464812|de=0.048277304|ga=0.323257884
PACKLOG|try=1|profit=4463015|weight=7530686
PACKLOG|best|profit=4463015|weight=7530686
PACKLOG|call=2752|tour_len=930|end_dist=19625166
PACKLOG|try=0|th=0.166815740|de=0.390643207|ga=0.442541053
PACKLOG|try=0|profit=4375412|weight=7777704
PACKLOG|try=1|th=0.441718647|de=0.260444275|ga=0.297837079
PACKLOG|try=1|profit=4460670|weight=7580881
PACKLOG|best|profit=4460670|weight=7580881
PACKLOG|call=2753|tour_len=930|end_dist=19625166
PACKLOG|try=0|th=0.289902442|de=0.453309219|ga=0.256788339
PACKLOG|try=0|profit=4454932|weight=7637155
PACKLOG|try=1|th=0.403622645|de=0.402168125|ga=0.194209231
PACKLOG|try=1|profit=4463238|weight=7526646
PACKLOG|best|profit=4463238|weight=7526646
PACKLOG|call=2754|tour_len=930|end_dist=19625166
PACKLOG|try=0|th=0.010975399|de=0.664063062|ga=0.324961539
PACKLOG|try=0|profit=4085409|weight=8037653
PACKLOG|try=1|th=0.682661203|de=0.129117668|ga=0.188221129
PACKLOG|try=1|profit=4460155|weight=7446238
PACKLOG|best|profit=4460155|weight=7446238
PACKLOG|call=2755|tour_len=930|end_dist=19625166
PACKLOG|try=0|th=0.354423646|de=0.301078052|ga=0.344498302
PACKLOG|try=0|profit=4451777|weight=7652270
PACKLOG|try=1|th=0.157980460|de=0.090520091|ga=0.751499449
PACKLOG|try=1|profit=4277159|weight=7824857
PACKLOG|best|profit=4451777|weight=7652270
PACKLOG|call=2756|tour_len=930|end_dist=19625166
PACKLOG|try=0|th=0.262789347|de=0.491216758|ga=0.245993895
PACKLOG|try=0|profit=4453535|weight=7645205
PACKLOG|try=1|th=0.527675635|de=0.202009433|ga=0.270314932
PACKLOG|try=1|profit=4463040|weight=7529659
PACKLOG|best|profit=4463040|weight=7529659
PACKLOG|call=2757|tour_len=930|end_dist=19625166
PACKLOG|try=0|th=0.450342782|de=0.220247910|ga=0.329409308
PACKLOG|try=0|profit=4459040|weight=7605034
PACKLOG|try=1|th=0.460671446|de=0.257650309|ga=0.281678245
PACKLOG|try=1|profit=4461978|weight=7562793
PACKLOG|best|profit=4461978|weight=7562793
PACKLOG|call=2758|tour_len=930|end_dist=19625166
PACKLOG|try=0|th=0.246372548|de=0.566549708|ga=0.187077744
PACKLOG|try=0|profit=4458490|weight=7610032
PACKLOG|try=1|th=0.473362553|de=0.380875078|ga=0.145762369
PACKLOG|try=1|profit=4461145|weight=7460298
PACKLOG|best|profit=4461145|weight=7460298
PACKLOG|call=2759|tour_len=930|end_dist=19625166
PACKLOG|try=0|th=0.265774908|de=0.486529742|ga=0.247695349
PACKLOG|try=0|profit=4453653|weight=7645192
PACKLOG|try=1|th=0.153451856|de=0.551960699|ga=0.294587445
PACKLOG|try=1|profit=4411806|weight=7739536
PACKLOG|best|profit=4453653|weight=7645192
PACKLOG|call=2760|tour_len=930|end_dist=19625166
PACKLOG|try=0|th=0.211612278|de=0.568883064|ga=0.219504658
PACKLOG|try=0|profit=4449886|weight=7659267
PACKLOG|try=1|th=0.351018497|de=0.299527197|ga=0.349454306
PACKLOG|try=1|profit=4450845|weight=7655272
PACKLOG|best|profit=4450845|weight=7655272
PACKLOG|call=2761|tour_len=930|end_dist=19625137
PACKLOG|try=0|th=0.385732151|de=0.155386725|ga=0.458881124
PACKLOG|try=0|profit=4444200|weight=7675309
PACKLOG|try=1|th=0.318393528|de=0.621788902|ga=0.059817570
PACKLOG|try=1|profit=4455434|weight=7397983
PACKLOG|best|profit=4455434|weight=7397983
PACKLOG|call=2762|tour_len=930|end_dist=19625166
PACKLOG|try=0|th=0.345320678|de=0.410995972|ga=0.243683350
PACKLOG|try=0|profit=4459935|weight=7593944
PACKLOG|try=1|th=0.337172229|de=0.266906659|ga=0.395921112
PACKLOG|try=1|profit=4444637|weight=7674299
PACKLOG|best|profit=4459935|weight=7593944
PACKLOG|call=2763|tour_len=930|end_dist=19625166
PACKLOG|try=0|th=0.265954310|de=0.452853782|ga=0.281191908
PACKLOG|try=0|profit=4449369|weight=7660268
PACKLOG|try=1|th=0.396207862|de=0.525012987|ga=0.078779152
PACKLOG|try=1|profit=4456135|weight=7403013
PACKLOG|best|profit=4456135|weight=7403013
PACKLOG|call=2764|tour_len=930|end_dist=19625166
PACKLOG|try=0|th=0.543718499|de=0.220463710|ga=0.235817791
PACKLOG|try=0|profit=4463086|weight=7505558
PACKLOG|try=1|th=0.573932497|de=0.168445066|ga=0.257622437
PACKLOG|try=1|profit=4463204|weight=7515606
PACKLOG|best|profit=4463204|weight=7515606
PACKLOG|call=2765|tour_len=930|end_dist=19625166
PACKLOG|try=0|th=0.580384485|de=0.272553237|ga=0.147062278
PACKLOG|try=0|profit=4459172|weight=7434174
PACKLOG|try=1|th=0.113840785|de=0.645208084|ga=0.240951131
PACKLOG|try=1|profit=4403252|weight=7749566
PACKLOG|best|profit=4459172|weight=7434174
PACKLOG|call=2766|tour_len=930|end_dist=19625166
PACKLOG|try=0|th=0.427087974|de=0.057345980|ga=0.515566046
PACKLOG|try=0|profit=4443432|weight=7678326
PACKLOG|try=1|th=0.290187208|de=0.412005880|ga=0.297806911
PACKLOG|try=1|profit=4450098|weight=7657265
PACKLOG|best|profit=4450098|weight=7657265
PACKLOG|call=2767|tour_len=930|end_dist=19625166
PACKLOG|try=0|th=0.235111418|de=0.241026573|ga=0.523862009
PACKLOG|try=0|profit=4395497|weight=7758666
PACKLOG|try=1|th=0.424568037|de=0.158535240|ga=0.416896723
PACKLOG|try=1|profit=4451429|weight=7654283
PACKLOG|best|profit=4451429|weight=7654283
PACKLOG|call=2768|tour_len=930|end_dist=19625166
PACKLOG|try=0|th=0.447157971|de=0.514964206|ga=0.037877823
PACKLOG|try=0|profit=4445601|weight=7327718
PACKLOG|try=1|th=0.320680021|de=0.659050193|ga=0.020269786
PACKLOG|try=1|profit=4443773|weight=7316639
PACKLOG|best|profit=4445601|weight=7327718
PACKLOG|call=2769|tour_len=930|end_dist=19625137
PACKLOG|try=0|th=0.192647342|de=0.302808600|ga=0.504544058
PACKLOG|try=0|profit=4377888|weight=7775709
PACKLOG|try=1|th=0.244734869|de=0.424788562|ga=0.330476570
PACKLOG|try=1|profit=4436693|weight=7696393
PACKLOG|best|profit=4436693|weight=7696393
PACKLOG|call=2770|tour_len=930|end_dist=19625166
PACKLOG|try=0|th=0.252909236|de=0.435417932|ga=0.311672832
PACKLOG|try=0|profit=4441960|weight=7682329
PACKLOG|try=1|th=0.051161149|de=0.511300343|ga=0.437538508
PACKLOG|try=1|profit=4178346|weight=7916194
PACKLOG|best|profit=4441960|weight=7682329
PACKLOG|call=2771|tour_len=930|end_dist=19625166
PACKLOG|try=0|th=0.227313559|de=0.221649511|ga=0.551036930
PACKLOG|try=0|profit=4387062|weight=7767701
PACKLOG|try=1|th=0.482116706|de=0.339719433|ga=0.178163861
PACKLOG|try=1|profit=4462682|weight=7489449
PACKLOG|best|profit=4462682|weight=7489449
PACKLOG|call=2772|tour_len=930|end_dist=19625166
PACKLOG|try=0|th=0.306699192|de=0.361358713|ga=0.331942095
PACKLOG|try=0|profit=4448790|weight=7661261
PACKLOG|try=1|th=0.646136242|de=0.078260322|ga=0.275603436
PACKLOG|try=1|profit=4463101|weight=7506562
PACKLOG|best|profit=4463101|weight=7506562
PACKLOG|call=2773|tour_len=930|end_dist=19625137
PACKLOG|try=0|th=0.299389309|de=0.500008015|ga=0.200602676
PACKLOG|try=0|profit=4460785|weight=7581872
PACKLOG|try=1|th=0.487073327|de=0.477680118|ga=0.035246554
PACKLOG|try=1|profit=4444683|weight=7322689
PACKLOG|best|profit=4460785|weight=7581872
PACKLOG|call=2774|tour_len=930|end_dist=19625166
PACKLOG|try=0|th=0.445953380|de=0.076988466|ga=0.477058153
PACKLOG|try=0|profit=4449164|weight=7660271
PACKLOG|try=1|th=0.331254160|de=0.337288639|ga=0.331457202
PACKLOG|try=1|profit=4450845|weight=7655272
PACKLOG|best|profit=4450845|weight=7655272
PACKLOG|call=2775|tour_len=930|end_dist=19625166
PACKLOG|try=0|th=0.496278019|de=0.275347669|ga=0.228374312
PACKLOG|try=0|profit=4463268|weight=7520623
PACKLOG|try=1|th=0.108280186|de=0.335049390|ga=0.556670424
PACKLOG|try=1|profit=4261833|weight=7832893
PACKLOG|best|profit=4463268|weight=7520623
PACKLOG|call=2776|tour_len=930|end_dist=19625166
PACKLOG|try=0|th=0.065663987|de=0.454133168|ga=0.480202845
PACKLOG|try=0|profit=4201323|weight=7892077
PACKLOG|try=1|th=0.093015109|de=0.579441596|ga=0.327543295
PACKLOG|try=1|profit=4334171|weight=7800753
PACKLOG|best|profit=4334171|weight=7800753
PACKLOG|call=2777|tour_len=930|end_dist=19625166
PACKLOG|try=0|th=0.331202497|de=0.316087532|ga=0.352709970
PACKLOG|try=0|profit=4449252|weight=7660265
PACKLOG|try=1|th=0.403689080|de=0.459328254|ga=0.136982666
PACKLOG|try=1|profit=4462231|weight=7478384
PACKLOG|best|profit=4462231|weight=7478384
PACKLOG|call=2778|tour_len=930|end_dist=19625166
PACKLOG|try=0|th=0.478838191|de=0.267441870|ga=0.253719939
PACKLOG|try=0|profit=4462948|weight=7533685
PACKLOG|try=1|th=0.364778750|de=0.421075290|ga=0.214145959
PACKLOG|try=1|profit=4462311|weight=7554769
PACKLOG|best|profit=4462948|weight=7533685
PACKLOG|call=2779|tour_len=930|end_dist=19625166
PACKLOG|try=0|th=0.073721884|de=0.514243223|ga=0.412034893
PACKLOG|try=0|profit=4243693|weight=7840858
PACKLOG|try=1|th=0.261399337|de=0.202451391|ga=0.536149273
PACKLOG|try=1|profit=4406392|weight=7745588
PACKLOG|best|profit=4406392|weight=7745588
PACKLOG|call=2780|tour_len=930|end_dist=19625166
PACKLOG|try=0|th=0.310093017|de=0.408965904|ga=0.280941079
PACKLOG|try=0|profit=4454408|weight=7641167
PACKLOG|try=1|th=0.556473327|de=0.132594410|ga=0.310932263
PACKLOG|try=1|profit=4462722|weight=7548758
PACKLOG|best|profit=4462722|weight=7548758
PACKLOG|call=2781|tour_len=928|end_dist=19578055
PACKLOG|try=0|th=0.131314532|de=0.429106686|ga=0.439578782
PACKLOG|try=0|profit=4343060|weight=7804852
PACKLOG|try=1|th=0.188736825|de=0.453075683|ga=0.358187493
PACKLOG|try=1|profit=4410808|weight=7747604
PACKLOG|best|profit=4410808|weight=7747604
PACKLOG|call=2782|tour_len=930|end_dist=19625166
PACKLOG|try=0|th=0.153223477|de=0.183676028|ga=0.663100495
PACKLOG|try=0|profit=4291065|weight=7816858
PACKLOG|try=1|th=0.592212668|de=0.064331403|ga=0.343455930
PACKLOG|try=1|profit=4462427|weight=7552781
PACKLOG|best|profit=4462427|weight=7552781
PACKLOG|call=2783|tour_len=930|end_dist=19625166
PACKLOG|try=0|th=0.294180700|de=0.543562950|ga=0.162256350
PACKLOG|try=0|profit=4462792|weight=7542693
PACKLOG|try=1|th=0.334952375|de=0.257690462|ga=0.407357164
PACKLOG|try=1|profit=4443171|weight=7679321
PACKLOG|best|profit=4462792|weight=7542693
PACKLOG|call=2784|tour_len=930|end_dist=19625166
PACKLOG|try=0|th=0.137073296|de=0.545504433|ga=0.317422271
PACKLOG|try=0|profit=4392796|weight=7761654
PACKLOG|try=1|th=0.360542117|de=0.059093630|ga=0.580364253
PACKLOG|try=1|profit=4425421|weight=7718458
PACKLOG|best|profit=4425421|weight=7718458
PACKLOG|call=2785|tour_len=930|end_dist=19625166
PACKLOG|try=0|th=0.327422500|de=0.290347614|ga=0.382229887
PACKLOG|try=0|profit=4444932|weight=7674300
PACKLOG|try=1|th=0.412319739|de=0.300818660|ga=0.286861601
PACKLOG|try=1|profit=4460231|weight=7587915
PACKLOG|best|profit=4460231|weight=7587915
PACKLOG|call=2786|tour_len=930|end_dist=19625166
PACKLOG|try=0|th=0.186745322|de=0.504733725|ga=0.308520953
PACKLOG|try=0|profit=4424592|weight=7720454
PACKLOG|try=1|th=0.331678041|de=0.417883701|ga=0.250438258
PACKLOG|try=1|profit=4458564|weight=7609037
PACKLOG|best|profit=4458564|weight=7609037
PACKLOG|call=2787|tour_len=930|end_dist=19625166
PACKLOG|try=0|th=0.039794837|de=0.839073609|ga=0.121131554
PACKLOG|try=0|profit=4355545|weight=7788545
PACKLOG|try=1|th=0.295004370|de=0.283068973|ga=0.421926657
PACKLOG|try=1|profit=4433539|weight=7702412
PACKLOG|best|profit=4433539|weight=7702412
PACKLOG|call=2788|tour_len=930|end_dist=19625166
PACKLOG|try=0|th=0.426471449|de=0.448598889|ga=0.124929662
PACKLOG|try=0|profit=4460774|weight=7455290
PACKLOG|try=1|th=0.333667850|de=0.103941939|ga=0.562390211
PACKLOG|try=1|profit=4423451|weight=7721493
PACKLOG|best|profit=4460774|weight=7455290
PACKLOG|call=2789|tour_len=930|end_dist=19625166
PACKLOG|try=0|th=0.135221842|de=0.408449785|ga=0.456328373
PACKLOG|try=0|profit=4341796|weight=7797798
PACKLOG|try=1|th=0.363212092|de=0.205987338|ga=0.430800571
PACKLOG|try=1|profit=4444200|weight=7675309
PACKLOG|best|profit=4444200|weight=7675309
PACKLOG|call=2790|tour_len=930|end_dist=19625137
PACKLOG|try=0|th=0.265486270|de=0.180203174|ga=0.554310556
PACKLOG|try=0|profit=4404801|weight=7747587
PACKLOG|try=1|th=0.476125057|de=0.266002962|ga=0.257871981
PACKLOG|try=1|profit=4462834|weight=7541722
PACKLOG|best|profit=4462834|weight=7541722
PACKLOG|call=2791|tour_len=927|end_dist=19509530
PACKLOG|try=0|th=0.148818387|de=0.116401322|ga=0.734780291
PACKLOG|try=0|profit=4276658|weight=7847039
PACKLOG|try=1|th=0.639051978|de=0.160102046|ga=0.200845976
PACKLOG|try=1|profit=4460603|weight=7501494
PACKLOG|best|profit=4460603|weight=7501494
PACKLOG|call=2792|tour_len=930|end_dist=19625166
PACKLOG|try=0|th=0.453943810|de=0.219352691|ga=0.326703499
PACKLOG|try=0|profit=4459576|weight=7599985
PACKLOG|try=1|th=0.348891954|de=0.380968131|ga=0.270139915
PACKLOG|try=1|profit=4457840|weight=7615081
PACKLOG|best|profit=4459576|weight=7599985
PACKLOG|call=2793|tour_len=930|end_dist=19625166
PACKLOG|try=0|th=0.645598782|de=0.159245550|ga=0.195155668
PACKLOG|try=0|profit=4460934|weight=7456304
PACKLOG|try=1|th=0.243691356|de=0.292225041|ga=0.464083603
PACKLOG|try=1|profit=4413072|weight=7738571
PACKLOG|best|profit=4460934|weight=7456304
PACKLOG|call=2794|tour_len=930|end_dist=19625166
PACKLOG|try=0|th=0.214336172|de=0.320776205|ga=0.464887623
PACKLOG|try=0|profit=4399937|weight=7753630
PACKLOG|try=1|th=0.063141352|de=0.228480117|ga=0.708378531
PACKLOG|try=1|profit=4140986|weight=7950434
PACKLOG|best|profit=4399937|weight=7753630
PACKLOG|call=2795|tour_len=930|end_dist=19625166
PACKLOG|try=0|th=0.257017148|de=0.151047977|ga=0.591934875
PACKLOG|try=0|profit=4392608|weight=7761677
PACKLOG|try=1|th=0.755870715|de=0.157731007|ga=0.086398277
PACKLOG|try=1|profit=4449282|weight=7350843
PACKLOG|best|profit=4449282|weight=7350843
PACKLOG|call=2796|tour_len=930|end_dist=19686331
PACKLOG|try=0|th=0.500856345|de=0.177589208|ga=0.321554447
PACKLOG|try=0|profit=4448567|weight=7512565
PACKLOG|try=1|th=0.210291569|de=0.404221094|ga=0.385487337
PACKLOG|try=1|profit=4400440|weight=7680291
PACKLOG|best|profit=4448567|weight=7512565
PACKLOG|call=2797|tour_len=930|end_dist=19625166
PACKLOG|try=0|th=0.150909057|de=0.544592647|ga=0.304498296
PACKLOG|try=0|profit=4407919|weight=7744555
PACKLOG|try=1|th=0.490346603|de=0.241866148|ga=0.267787249
PACKLOG|try=1|profit=4462813|weight=7542725
PACKLOG|best|profit=4462813|weight=7542725
PACKLOG|call=2798|tour_len=930|end_dist=19625166
PACKLOG|try=0|th=0.413661032|de=0.161777423|ga=0.424561544
PACKLOG|try=0|profit=4450162|weight=7657274
PACKLOG|try=1|th=0.150981962|de=0.453906276|ga=0.395111762
PACKLOG|try=1|profit=4377879|weight=7775702
PACKLOG|best|profit=4450162|weight=7657274
PACKLOG|call=2799|tour_len=930|end_dist=19625166
PACKLOG|try=0|th=0.251293601|de=0.126862548|ga=0.621843851
PACKLOG|try=0|profit=4384259|weight=7769705
PACKLOG|try=1|th=0.220405752|de=0.367745483|ga=0.411848765
PACKLOG|try=1|profit=4414886|weight=7735548
PACKLOG|best|profit=4414886|weight=7735548
PACKLOG|call=2800|tour_len=930|end_dist=19625166
PACKLOG|try=0|th=0.174638037|de=0.060816239|ga=0.764545724
PACKLOG|try=0|profit=4290471|weight=7820880
PACKLOG|try=1|th=0.385511942|de=0.385127976|ga=0.229360082
PACKLOG|try=1|profit=4462306|weight=7557777
PACKLOG|best|profit=4462306|weight=7557777
PACKLOG|call=2801|tour_len=930|end_dist=19625166
PACKLOG|try=0|th=0.302288851|de=0.490739398|ga=0.206971751
PACKLOG|try=0|profit=4460474|weight=7585889
PACKLOG|try=1|th=0.500000767|de=0.118267957|ga=0.381731276
PACKLOG|try=1|profit=4458276|weight=7613076
PACKLOG|best|profit=4460474|weight=7585889
PACKLOG|call=2802|tour_len=930|end_dist=19625166
PACKLOG|try=0|th=0.293216488|de=0.490332759|ga=0.216450753
PACKLOG|try=0|profit=4458936|weight=7605011
PACKLOG|try=1|th=0.528946440|de=0.362137786|ga=0.108915773
PACKLOG|try=1|profit=4456470|weight=7406046
PACKLOG|best|profit=4458936|weight=7605011
PACKLOG|call=2803|tour_len=930|end_dist=19625166
PACKLOG|try=0|th=0.523392626|de=0.172272237|ga=0.304335137
PACKLOG|try=0|profit=4462417|weight=7556781
PACKLOG|try=1|th=0.248005350|de=0.365681052|ga=0.386313598
PACKLOG|try=1|profit=4426976|weight=7715428
PACKLOG|best|profit=4462417|weight=7556781
PACKLOG|call=2804|tour_len=930|end_dist=19625166
PACKLOG|try=0|th=0.225860839|de=0.427901885|ga=0.346237275
PACKLOG|try=0|profit=4427796|weight=7714425
PACKLOG|try=1|th=0.207772248|de=0.208304080|ga=0.583923672
PACKLOG|try=1|profit=4368046|weight=7783738
PACKLOG|best|profit=4427796|weight=7714425
PACKLOG|call=2805|tour_len=930|end_dist=19625166
PACKLOG|try=0|th=0.623140212|de=0.085212672|ga=0.291647116
PACKLOG|try=0|profit=4463240|weight=7521639
PACKLOG|try=1|th=0.334127580|de=0.315446193|ga=0.350426227
PACKLOG|try=1|profit=4449677|weight=7659272
PACKLOG|best|profit=4463240|weight=7521639
PACKLOG|call=2806|tour_len=930|end_dist=19625166
PACKLOG|try=0|th=0.193389240|de=0.703146214|ga=0.103464546
PACKLOG|try=0|profit=4462917|weight=7539645
PACKLOG|try=1|th=0.603049546|de=0.280489337|ga=0.116461117
PACKLOG|try=1|profit=4455907|weight=7402023
PACKLOG|best|profit=4462917|weight=7539645
PACKLOG|call=2807|tour_len=930|end_dist=19625166
PACKLOG|try=0|th=0.233806844|de=0.532385982|ga=0.233807174
PACKLOG|try=0|profit=4450718|weight=7656268
PACKLOG|try=1|th=0.537075916|de=0.408936807|ga=0.053987277
PACKLOG|try=1|profit=4447438|weight=7338767
PACKLOG|best|profit=4450718|weight=7656268
PACKLOG|call=2808|tour_len=930|end_dist=19625166
PACKLOG|try=0|th=0.088701989|de=0.494328067|ga=0.416969943
PACKLOG|try=0|profit=4277693|weight=7825842
PACKLOG|try=1|th=0.419688432|de=0.116455371|ga=0.463856197
PACKLOG|try=1|profit=4447706|weight=7665288
PACKLOG|best|profit=4447706|weight=7665288
PACKLOG|call=2809|tour_len=930|end_dist=19625166
PACKLOG|try=0|th=0.072177593|de=0.356215712|ga=0.571606695
PACKLOG|try=0|profit=4186020|weight=7901162
PACKLOG|try=1|th=0.277686757|de=0.442796335|ga=0.279516908
PACKLOG|try=1|profit=4450566|weight=7656262
PACKLOG|best|profit=4450566|weight=7656262
PACKLOG|call=2810|tour_len=928|end_dist=19578055
PACKLOG|try=0|th=0.507897654|de=0.175218356|ga=0.316883990
PACKLOG|try=0|profit=4458179|weight=7575877
PACKLOG|try=1|th=0.406780921|de=0.167285543|ga=0.425933536
PACKLOG|try=1|profit=4446365|weight=7669334
PACKLOG|best|profit=4458179|weight=7575877
PACKLOG|call=2811|tour_len=930|end_dist=19625166
PACKLOG|try=0|th=0.621563287|de=0.076364883|ga=0.302071830
PACKLOG|try=0|profit=4463213|weight=7524662
PACKLOG|try=1|th=0.280103592|de=0.452939609|ga=0.266956798
PACKLOG|try=1|profit=4452807|weight=7647218
PACKLOG|best|profit=4463213|weight=7524662
PACKLOG|call=2812|tour_len=930|end_dist=19625166
PACKLOG|try=0|th=0.335938878|de=0.385995879|ga=0.278065243
PACKLOG|try=0|profit=4456707|weight=7627130
PACKLOG|try=1|th=0.282628676|de=0.525287953|ga=0.192083371
PACKLOG|try=1|profit=4460568|weight=7582878
PACKLOG|best|profit=4460568|weight=7582878
PACKLOG|call=2813|tour_len=930|end_dist=19625166
PACKLOG|try=0|th=0.172222308|de=0.362351915|ga=0.465425777
PACKLOG|try=0|profit=4372463|weight=7778699
PACKLOG|try=1|th=0.154644590|de=0.426857663|ga=0.418497747
PACKLOG|try=1|profit=4372039|weight=7779691
PACKLOG|best|profit=4372463|weight=7778699
PACKLOG|call=2814|tour_len=930|end_dist=19625166
PACKLOG|try=0|th=0.504304020|de=0.136618949|ga=0.359077031
PACKLOG|try=0|profit=4459737|weight=7596976
PACKLOG|try=1|th=0.313744102|de=0.578659981|ga=0.107595917
PACKLOG|try=1|profit=4462269|weight=7478382
PACKLOG|best|profit=4462269|weight=7478382
PACKLOG|call=2815|tour_len=930|end_dist=19625166
PACKLOG|try=0|th=0.155795018|de=0.430345913|ga=0.413859069
PACKLOG|try=0|profit=4375363|weight=7777697
PACKLOG|try=1|th=0.293972293|de=0.423802993|ga=0.282224714
PACKLOG|try=1|profit=4452260|weight=7649247
PACKLOG|best|profit=4452260|weight=7649247
PACKLOG|call=2816|tour_len=930|end_dist=19625166
PACKLOG|try=0|th=0.272826871|de=0.704512770|ga=0.022660359
PACKLOG|try=0|profit=4445280|weight=7325671
PACKLOG|try=1|th=0.361457966|de=0.338510727|ga=0.300031307
PACKLOG|try=1|profit=4456600|weight=7627129
PACKLOG|best|profit=4456600|weight=7627129
PACKLOG|call=2817|tour_len=930|end_dist=19625166
PACKLOG|try=0|th=0.410115024|de=0.155712379|ga=0.434172597
PACKLOG|try=0|profit=4449553|weight=7659276
PACKLOG|try=1|th=0.461861952|de=0.208870034|ga=0.329268014
PACKLOG|try=1|profit=4459737|weight=7596976
PACKLOG|best|profit=4459737|weight=7596976
PACKLOG|call=2818|tour_len=930|end_dist=19625166
PACKLOG|try=0|th=0.161047487|de=0.456091077|ga=0.382861437
PACKLOG|try=0|profit=4389059|weight=7765677
PACKLOG|try=1|th=0.114871534|de=0.494316737|ga=0.390811729
PACKLOG|try=1|profit=4341222|weight=7797792
PACKLOG|best|profit=4389059|weight=7765677
PACKLOG|call=2819|tour_len=930|end_dist=19625166
PACKLOG|try=0|th=0.417997530|de=0.356729766|ga=0.225272704
PACKLOG|try=0|profit=4462850|weight=7538710
PACKLOG|try=1|th=0.070422817|de=0.422013286|ga=0.507563897
PACKLOG|try=1|profit=4205656|weight=7890074
PACKLOG|best|profit=4462850|weight=7538710
PACKLOG|call=2820|tour_len=930|end_dist=19625166
PACKLOG|try=0|th=0.329135513|de=0.506745619|ga=0.164118868
PACKLOG|try=0|profit=4463101|weight=7528634
PACKLOG|try=1|th=0.264204065|de=0.479518438|ga=0.256277497
PACKLOG|try=1|profit=4451760|weight=7651246
PACKLOG|best|profit=4463101|weight=7528634
PACKLOG|call=2821|tour_len=930|end_dist=19625166
PACKLOG|try=0|th=0.340192893|de=0.531886432|ga=0.127920674
PACKLOG|try=0|profit=4462707|weight=7490444
PACKLOG|try=1|th=0.074021790|de=0.567121102|ga=0.358857108
PACKLOG|try=1|profit=4273409|weight=7826828
PACKLOG|best|profit=4462707|weight=7490444
PACKLOG|call=2822|tour_len=930|end_dist=19625166
PACKLOG|try=0|th=0.267214942|de=0.361108996|ga=0.371676062
PACKLOG|try=0|profit=4435159|weight=7698390
PACKLOG|try=1|th=0.468706893|de=0.507335636|ga=0.023957472
PACKLOG|try=1|profit=4442490|weight=7309640
PACKLOG|best|profit=4442490|weight=7309640
PACKLOG|call=2823|tour_len=930|end_dist=19625166
PACKLOG|try=0|th=0.239211236|de=0.475961218|ga=0.284827545
PACKLOG|try=0|profit=4443941|weight=7677307
PACKLOG|try=1|th=0.053077646|de=0.559045359|ga=0.387876995
PACKLOG|try=1|profit=4201633|weight=7892055
PACKLOG|best|profit=4443941|weight=7677307
PACKLOG|call=2824|tour_len=930|end_dist=19625166
PACKLOG|try=0|th=0.344469127|de=0.115563780|ga=0.539967093
PACKLOG|try=0|profit=4426673|weight=7715441
PACKLOG|try=1|th=0.250288161|de=0.201632859|ga=0.548078980
PACKLOG|try=1|profit=4397728|weight=7755654
PACKLOG|best|profit=4426673|weight=7715441
PACKLOG|call=2825|tour_len=930|end_dist=19625166
PACKLOG|try=0|th=0.298244635|de=0.377303575|ga=0.324451790
PACKLOG|try=0|profit=4448690|weight=7661259
PACKLOG|try=1|th=0.261859311|de=0.351426095|ga=0.386714594
PACKLOG|try=1|profit=4430268|weight=7709423
PACKLOG|best|profit=4448690|weight=7661259
PACKLOG|call=2826|tour_len=930|end_dist=19625166
PACKLOG|try=0|th=0.437614713|de=0.106968077|ga=0.455417210
PACKLOG|try=0|profit=4449972|weight=7658278
PACKLOG|try=1|th=0.574894867|de=0.336573783|ga=0.088531350
PACKLOG|try=1|profit=4452851|weight=7376925
PACKLOG|best|profit=4452851|weight=7376925
PACKLOG|call=2827|tour_len=930|end_dist=19625166
PACKLOG|try=0|th=0.334028731|de=0.537648556|ga=0.128322713
PACKLOG|try=0|profit=4462830|weight=7493456
PACKLOG|try=1|th=0.464456266|de=0.157475341|ga=0.378068392
PACKLOG|try=1|profit=4456917|weight=7626132
PACKLOG|best|profit=4462830|weight=7493456
PACKLOG|call=2828|tour_len=930|end_dist=19625166
PACKLOG|try=0|th=0.208879701|de=0.654294958|ga=0.136825341
PACKLOG|try=0|profit=4461097|weight=7571794
PACKLOG|try=1|th=0.678536918|de=0.254197218|ga=0.067265864
PACKLOG|try=1|profit=4447438|weight=7338767
PACKLOG|best|profit=4461097|weight=7571794
PACKLOG|call=2829|tour_len=930|end_dist=19625166
PACKLOG|try=0|th=0.212591268|de=0.262230115|ga=0.525178617
PACKLOG|try=0|profit=4384259|weight=7769705
PACKLOG|try=1|th=0.448689374|de=0.291994374|ga=0.259316252
PACKLOG|try=1|profit=4462469|weight=7551762
PACKLOG|best|profit=4462469|weight=7551762
PACKLOG|call=2830|tour_len=928|end_dist=19578055
PACKLOG|try=0|th=0.710937103|de=0.005432391|ga=0.283630506
PACKLOG|try=0|profit=4459215|weight=7511589
PACKLOG|try=1|th=0.406843296|de=0.357844169|ga=0.235312535
PACKLOG|try=1|profit=4458714|weight=7567841
PACKLOG|best|profit=4459215|weight=7511589
PACKLOG|call=2831|tour_len=930|end_dist=19625166
PACKLOG|try=0|th=0.049638986|de=0.610013872|ga=0.340347142
PACKLOG|try=0|profit=4204090|weight=7864891
PACKLOG|try=1|th=0.550115654|de=0.371510263|ga=0.078374083
PACKLOG|try=1|profit=4452077|weight=7369902
PACKLOG|best|profit=4452077|weight=7369902
PACKLOG|call=2832|tour_len=930|end_dist=19625166
PACKLOG|try=0|th=0.022194714|de=0.643554621|ga=0.334250665
PACKLOG|try=0|profit=4125011|weight=7989487
PACKLOG|try=1|th=0.038740017|de=0.691471288|ga=0.269788695
PACKLOG|try=1|profit=4201065|weight=7864832
PACKLOG|best|profit=4201065|weight=7864832
PACKLOG|call=2833|tour_len=930|end_dist=19625166
PACKLOG|try=0|th=0.024298983|de=0.485752660|ga=0.489948357
PACKLOG|try=0|profit=4105727|weight=8021670
PACKLOG|try=1|th=0.344461249|de=0.465784568|ga=0.189754184
PACKLOG|try=1|profit=4462783|weight=7543715
PACKLOG|best|profit=4462783|weight=7543715
PACKLOG|call=2834|tour_len=928|end_dist=19578055
PACKLOG|try=0|th=0.267165739|de=0.449737958|ga=0.283096303
PACKLOG|try=0|profit=4445820|weight=7671323
PACKLOG|try=1|th=0.308185238|de=0.348053613|ga=0.343761149
PACKLOG|try=1|profit=4444146|weight=7678340
PACKLOG|best|profit=4445820|weight=7671323
PACKLOG|call=2835|tour_len=930|end_dist=19625137
PACKLOG|try=0|th=0.483794749|de=0.233365521|ga=0.282839730
PACKLOG|try=0|profit=4462358|weight=7556784
PACKLOG|try=1|th=0.406091398|de=0.273328954|ga=0.320579648
PACKLOG|try=1|profit=4457625|weight=7617107
PACKLOG|best|profit=4462358|weight=7556784
PACKLOG|call=2836|tour_len=930|end_dist=19625166
PACKLOG|try=0|th=0.489239358|de=0.371838981|ga=0.138921661
PACKLOG|try=0|profit=4460275|weight=7449259
PACKLOG|try=1|th=0.106772669|de=0.886683344|ga=0.006543987
PACKLOG|try=1|profit=4443786|weight=7317551
PACKLOG|best|profit=4460275|weight=7449259
PACKLOG|call=2837|tour_len=930|end_dist=19625166
PACKLOG|try=0|th=0.418242639|de=0.088521407|ga=0.493235954
PACKLOG|try=0|profit=4444405|weight=7675320
PACKLOG|try=1|th=0.419729775|de=0.172752974|ga=0.407517251
PACKLOG|try=1|profit=4451828|weight=7652275
PACKLOG|best|profit=4451828|weight=7652275
PACKLOG|call=2838|tour_len=930|end_dist=19625166
PACKLOG|try=0|th=0.324805310|de=0.512874305|ga=0.162320385
PACKLOG|try=0|profit=4463101|weight=7528634
PACKLOG|try=1|th=0.125226971|de=0.515781290|ga=0.358991739
PACKLOG|try=1|profit=4364927|weight=7785695
PACKLOG|best|profit=4463101|weight=7528634
PACKLOG|call=2839|tour_len=930|end_dist=19625166
PACKLOG|try=0|th=0.183164289|de=0.345632208|ga=0.471203503
PACKLOG|try=0|profit=4380155|weight=7773713
PACKLOG|try=1|th=0.186867618|de=0.419788024|ga=0.393344359
PACKLOG|try=1|profit=4403643|weight=7748573
PACKLOG|best|profit=4403643|weight=7748573
PACKLOG|call=2840|tour_len=930|end_dist=19625166
PACKLOG|try=0|th=0.339688981|de=0.382684133|ga=0.277626886
PACKLOG|try=0|profit=4456917|weight=7626132
PACKLOG|try=1|th=0.470793376|de=0.424570697|ga=0.104635927
PACKLOG|try=1|profit=4457556|weight=7416100
PACKLOG|best|profit=4457556|weight=7416100
PACKLOG|call=2841|tour_len=930|end_dist=19625137
PACKLOG|try=0|th=0.343332231|de=0.307464771|ga=0.349202998
PACKLOG|try=0|profit=4450186|weight=7657278
PACKLOG|try=1|th=0.349195869|de=0.516761971|ga=0.134042161
PACKLOG|try=1|profit=4462853|weight=7494463
PACKLOG|best|profit=4462853|weight=7494463
PACKLOG|call=2842|tour_len=930|end_dist=19625166
PACKLOG|try=0|th=0.148615866|de=0.392230143|ga=0.459153991
PACKLOG|try=0|profit=4354580|weight=7791766
PACKLOG|try=1|th=0.270647566|de=0.643208886|ga=0.086143548
PACKLOG|try=1|profit=4461504|weight=7465290
PACKLOG|best|profit=4461504|weight=7465290
PACKLOG|call=2843|tour_len=928|end_dist=19578055
PACKLOG|try=0|th=0.122669113|de=0.555746095|ga=0.321584792
PACKLOG|try=0|profit=4375789|weight=7784732
PACKLOG|try=1|th=0.256743738|de=0.143406726|ga=0.599849536
PACKLOG|try=1|profit=4389588|weight=7771770
PACKLOG|best|profit=4389588|weight=7771770
PACKLOG|call=2844|tour_len=930|end_dist=19625166
PACKLOG|try=0|th=0.302687095|de=0.531161248|ga=0.166151656
PACKLOG|try=0|profit=4462792|weight=7542693
PACKLOG|try=1|th=0.180321127|de=0.182816573|ga=0.636862300
PACKLOG|try=1|profit=4333240|weight=7801839
PACKLOG|best|profit=4462792|weight=7542693
PACKLOG|call=2845|tour_len=930|end_dist=19625137
PACKLOG|try=0|th=0.070936916|de=0.537120790|ga=0.391942293
PACKLOG|try=0|profit=4247748|weight=7839849
PACKLOG|try=1|th=0.483681296|de=0.402281264|ga=0.114037440
PACKLOG|try=1|profit=4458232|weight=7424130
PACKLOG|best|profit=4458232|weight=7424130
PACKLOG|call=2846|tour_len=930|end_dist=19625166
PACKLOG|try=0|th=0.456806814|de=0.052423877|ga=0.490769308
PACKLOG|try=0|profit=4449028|weight=7661280
PACKLOG|try=1|th=0.718363405|de=0.215776099|ga=0.065860496
PACKLOG|try=1|profit=4446829|weight=7335766
PACKLOG|best|profit=4449028|weight=7661280
PACKLOG|call=2847|tour_len=928|end_dist=19578055
PACKLOG|try=0|th=0.391610575|de=0.439608695|ga=0.168780730
PACKLOG|try=0|profit=4459384|weight=7523639
PACKLOG|try=1|th=0.433257960|de=0.267292713|ga=0.299449327
PACKLOG|try=1|profit=4456713|weight=7597986
PACKLOG|best|profit=4459384|weight=7523639
PACKLOG|call=2848|tour_len=930|end_dist=19625137
PACKLOG|try=0|th=0.432936092|de=0.099793036|ga=0.467270871
PACKLOG|try=0|profit=4448878|weight=7662281
PACKLOG|try=1|th=0.212751215|de=0.719031285|ga=0.068217500
PACKLOG|try=1|profit=4461578|weight=7466285
PACKLOG|best|profit=4461578|weight=7466285
PACKLOG|call=2849|tour_len=930|end_dist=19625166
PACKLOG|try=0|th=0.085988938|de=0.717400949|ga=0.196610113
PACKLOG|try=0|profit=4393319|weight=7761618
PACKLOG|try=1|th=0.357629910|de=0.289391839|ga=0.352978252
PACKLOG|try=1|profit=4451355|weight=7653276
PACKLOG|best|profit=4451355|weight=7653276
PACKLOG|call=2850|tour_len=930|end_dist=19625166
PACKLOG|try=0|th=0.421228949|de=0.346575878|ga=0.232195173
PACKLOG|try=0|profit=4462776|weight=7542719
PACKLOG|try=1|th=0.475016554|de=0.224315847|ga=0.300667599
PACKLOG|try=1|profit=4461772|weight=7564808
PACKLOG|best|profit=4462776|weight=7542719
PACKLOG|call=2851|tour_len=930|end_dist=19625166
PACKLOG|try=0|th=0.283954097|de=0.451210866|ga=0.264835036
PACKLOG|try=0|profit=4453670|weight=7645201
PACKLOG|try=1|th=0.403334862|de=0.177736641|ga=0.418928497
PACKLOG|try=1|profit=4449972|weight=7658278
PACKLOG|best|profit=4453670|weight=7645201
PACKLOG|call=2852|tour_len=930|end_dist=19625166
PACKLOG|try=0|th=0.441203199|de=0.331657350|ga=0.227139451
PACKLOG|try=0|profit=4463063|weight=7531665
PACKLOG|try=1|th=0.360546376|de=0.327214467|ga=0.312239157
PACKLOG|try=1|profit=4455264|weight=7635141
PACKLOG|best|profit=4463063|weight=7531665
PACKLOG|call=2853|tour_len=930|end_dist=19625166
PACKLOG|try=0|th=0.217337100|de=0.169828205|ga=0.612834695
PACKLOG|try=0|profit=4367083|weight=7784747
PACKLOG|try=1|th=0.199745729|de=0.354036926|ga=0.446217345
PACKLOG|try=1|profit=4395325|weight=7758661
PACKLOG|best|profit=4395325|weight=7758661
PACKLOG|call=2854|tour_len=930|end_dist=19625166
PACKLOG|try=0|th=0.261436672|de=0.238632193|ga=0.499931135
PACKLOG|try=0|profit=4412427|weight=7738571
PACKLOG|try=1|th=0.228218631|de=0.290685787|ga=0.481095582
PACKLOG|try=1|profit=4403739|weight=7748586
PACKLOG|best|profit=4412427|weight=7738571
PACKLOG|call=2855|tour_len=928|end_dist=19578055
PACKLOG|try=0|th=0.157833249|de=0.327231530|ga=0.514935221
PACKLOG|try=0|profit=4346589|weight=7803861
PACKLOG|try=1|th=0.429382325|de=0.302351133|ga=0.268266543
PACKLOG|try=1|profit=4458147|weight=7576883
PACKLOG|best|profit=4458147|weight=7576883
PACKLOG|call=2856|tour_len=930|end_dist=19625137
PACKLOG|try=0|th=0.305771055|de=0.248304010|ga=0.445924935
PACKLOG|try=0|profit=4431397|weight=7707433
PACKLOG|try=1|th=0.240689012|de=0.456169147|ga=0.303141841
PACKLOG|try=1|profit=4440987|weight=7685342
PACKLOG|best|profit=4440987|weight=7685342
PACKLOG|call=2857|tour_len=930|end_dist=19625166
PACKLOG|try=0|th=0.011701622|de=0.434691107|ga=0.553607271
PACKLOG|try=0|profit=4078155|weight=8071891
PACKLOG|try=1|th=0.346230983|de=0.643842119|ga=0.009926898
PACKLOG|try=1|profit=4439609|weight=7294551
PACKLOG|best|profit=4439609|weight=7294551
PACKLOG|call=2858|tour_len=930|end_dist=19625166
PACKLOG|try=0|th=0.269795318|de=0.503279851|ga=0.226924830
PACKLOG|try=0|profit=4456058|weight=7630111
PACKLOG|try=1|th=0.258991064|de=0.393988796|ga=0.347020140
PACKLOG|try=1|profit=4437125|weight=7695381
PACKLOG|best|profit=4456058|weight=7630111
PACKLOG|call=2859|tour_len=930|end_dist=19625137
PACKLOG|try=0|th=0.160166538|de=0.518585621|ga=0.321247840
PACKLOG|try=0|profit=4408107|weight=7744557
PACKLOG|try=1|th=0.233151104|de=0.282761389|ga=0.484087507
PACKLOG|try=1|profit=4405347|weight=7746578
PACKLOG|best|profit=4408107|weight=7744557
PACKLOG|call=2860|tour_len=930|end_dist=19625137
PACKLOG|try=0|th=0.406306004|de=0.420527771|ga=0.173166225
PACKLOG|try=0|profit=4463080|weight=7504544
PACKLOG|try=1|th=0.519860213|de=0.252837835|ga=0.227301952
PACKLOG|try=1|profit=4463140|weight=7508570
PACKLOG|best|profit=4463140|weight=7508570
PACKLOG|call=2861|tour_len=930|end_dist=19625166
PACKLOG|try=0|th=0.400245890|de=0.220150621|ga=0.379603489
PACKLOG|try=0|profit=4452848|weight=7646242
PACKLOG|try=1|th=0.398047280|de=0.017532248|ga=0.584420472
PACKLOG|try=1|profit=4430611|weight=7708449
PACKLOG|best|profit=4452848|weight=7646242
PACKLOG|call=2862|tour_len=930|end_dist=19625137
PACKLOG|try=0|th=0.103726917|de=0.756979699|ga=0.139293383
PACKLOG|try=0|profit=4436679|weight=7695289
PACKLOG|try=1|th=0.057772943|de=0.069385071|ga=0.872841986
PACKLOG|try=1|profit=4127161|weight=7991631
PACKLOG|best|profit=4436679|weight=7695289
PACKLOG|call=2863|tour_len=930|end_dist=19625166
PACKLOG|try=0|th=0.301980991|de=0.198686905|ga=0.499332104
PACKLOG|try=0|profit=4424322|weight=7720479
PACKLOG|try=1|th=0.316818947|de=0.197263098|ga=0.485917954
PACKLOG|try=1|profit=4427864|weight=7714442
PACKLOG|best|profit=4427864|weight=7714442
PACKLOG|call=2864|tour_len=880|end_dist=18570683
PACKLOG|try=0|th=0.274703030|de=0.315649590|ga=0.409647379
PACKLOG|try=0|profit=4329279|weight=7899325
PACKLOG|try=1|th=0.094840902|de=0.226128104|ga=0.679030994
PACKLOG|try=1|profit=4240836|weight=7970548
PACKLOG|best|profit=4329279|weight=7899325
PACKLOG|call=2865|tour_len=930|end_dist=19625166
PACKLOG|try=0|th=0.021641221|de=0.496202396|ga=0.482156383
PACKLOG|try=0|profit=4100178|weight=8023676
PACKLOG|try=1|th=0.413499501|de=0.253599496|ga=0.332901003
PACKLOG|try=1|profit=4457038|weight=7624129
PACKLOG|best|profit=4457038|weight=7624129
PACKLOG|call=2866|tour_len=928|end_dist=19578055
PACKLOG|try=0|th=0.425805646|de=0.463742745|ga=0.110451609
PACKLOG|try=0|profit=4455691|weight=7452245
PACKLOG|try=1|th=0.541158596|de=0.374285641|ga=0.084555764
PACKLOG|try=1|profit=4450114|weight=7398038
PACKLOG|best|profit=4455691|weight=7452245
PACKLOG|call=2867|tour_len=930|end_dist=19625166
PACKLOG|try=0|th=0.451419941|de=0.091144447|ga=0.457435612
PACKLOG|try=0|profit=4450363|weight=7657282
PACKLOG|try=1|th=0.369736740|de=0.339194057|ga=0.291069202
PACKLOG|try=1|profit=4457681|weight=7617090
PACKLOG|best|profit=4457681|weight=7617090
PACKLOG|call=2868|tour_len=930|end_dist=19625166
PACKLOG|try=0|th=0.518082614|de=0.305812392|ga=0.176104994
PACKLOG|try=0|profit=4462231|weight=7478388
PACKLOG|try=1|th=0.478803053|de=0.171332023|ga=0.349864924
PACKLOG|try=1|profit=4459040|weight=7605034
PACKLOG|best|profit=4462231|weight=7478388
PACKLOG|call=2869|tour_len=930|end_dist=19625166
PACKLOG|try=0|th=0.522530360|de=0.154587756|ga=0.322881884
PACKLOG|try=0|profit=4461914|weight=7561803
PACKLOG|try=1|th=0.490440229|de=0.470698191|ga=0.038861580
PACKLOG|try=1|profit=4445123|weight=7323709
PACKLOG|best|profit=4461914|weight=7561803
PACKLOG|call=2870|tour_len=930|end_dist=19625166
PACKLOG|try=0|th=0.570578152|de=0.289199122|ga=0.140222726
PACKLOG|try=0|profit=4459046|weight=7433177
PACKLOG|try=1|th=0.222394286|de=0.342156601|ga=0.435449113
PACKLOG|try=1|profit=4410575|weight=7741570
PACKLOG|best|profit=4459046|weight=7433177
PACKLOG|call=2871|tour_len=930|end_dist=19625166
PACKLOG|try=0|th=0.582651459|de=0.019305818|ga=0.398042723
PACKLOG|try=0|profit=4460503|weight=7583915
PACKLOG|try=1|th=0.463838362|de=0.370303544|ga=0.165858093
PACKLOG|try=1|profit=4462575|weight=7486425
PACKLOG|best|profit=4462575|weight=7486425
PACKLOG|call=2872|tour_len=930|end_dist=19625166
PACKLOG|try=0|th=0.208261225|de=0.584216924|ga=0.207521851
PACKLOG|try=0|profit=4450787|weight=7655239
PACKLOG|try=1|th=0.446734360|de=0.017893283|ga=0.535372357
PACKLOG|try=1|profit=4443432|weight=7678326
PACKLOG|best|profit=4450787|weight=7655239
PACKLOG|call=2873|tour_len=930|end_dist=19625166
PACKLOG|try=0|th=0.069460689|de=0.486534447|ga=0.444004864
PACKLOG|try=0|profit=4218215|weight=7857958
PACKLOG|try=1|th=0.402523860|de=0.347960175|ga=0.249515964
PACKLOG|try=1|profit=4461978|weight=7562793
PACKLOG|best|profit=4461978|weight=7562793
PACKLOG|call=2874|tour_len=930|end_dist=19625166
PACKLOG|try=0|th=0.168714744|de=0.168504288|ga=0.662780968
PACKLOG|try=0|profit=4310728|weight=7809899
PACKLOG|try=1|th=0.244086480|de=0.413822873|ga=0.342090647
PACKLOG|try=1|profit=4434849|weight=7699400
PACKLOG|best|profit=4434849|weight=7699400
PACKLOG|call=2875|tour_len=930|end_dist=19625166
PACKLOG|try=0|th=0.249527266|de=0.438356215|ga=0.312116519
PACKLOG|try=0|profit=4441185|weight=7685344
PACKLOG|try=1|th=0.173995647|de=0.745157585|ga=0.080846769
PACKLOG|try=1|profit=4463226|weight=7521569
PACKLOG|best|profit=4463226|weight=7521569
PACKLOG|call=2876|tour_len=930|end_dist=19625137
PACKLOG|try=0|th=0.364492630|de=0.303156600|ga=0.332350770
PACKLOG|try=0|profit=4454188|weight=7642193
PACKLOG|try=1|th=0.504482292|de=0.155311768|ga=0.340205940
PACKLOG|try=1|profit=4460695|weight=7582901
PACKLOG|best|profit=4460695|weight=7582901
PACKLOG|call=2877|tour_len=930|end_dist=19625137
PACKLOG|try=0|th=0.007049514|de=0.529752485|ga=0.463198000
PACKLOG|try=0|profit=4075379|weight=8087923
PACKLOG|try=1|th=0.179931363|de=0.343843466|ga=0.476225171
PACKLOG|try=1|profit=4375766|weight=7776712
PACKLOG|best|profit=4375766|weight=7776712
PACKLOG|call=2878|tour_len=930|end_dist=19625166
PACKLOG|try=0|th=0.017384405|de=0.765942229|ga=0.216673366
PACKLOG|try=0|profit=4130264|weight=7948182
PACKLOG|try=1|th=0.325358976|de=0.451917936|ga=0.222723089
PACKLOG|try=1|profit=4460474|weight=7585889
PACKLOG|best|profit=4460474|weight=7585889
PACKLOG|call=2879|tour_len=930|end_dist=19625166
PACKLOG|try=0|th=0.267840025|de=0.348399268|ga=0.383760707
PACKLOG|try=0|profit=4433276|weight=7703406
PACKLOG|try=1|th=0.477604893|de=0.086294478|ga=0.436100629
PACKLOG|try=1|profit=4454188|weight=7642193
PACKLOG|best|profit=4454188|weight=7642193
PACKLOG|call=2880|tour_len=930|end_dist=19625166
PACKLOG|try=0|th=0.152303509|de=0.500674568|ga=0.347021923
PACKLOG|try=0|profit=4393064|weight=7761654
PACKLOG|try=1|th=0.207382752|de=0.773774256|ga=0.018842992
PACKLOG|try=1|profit=4446780|weight=7335711
PACKLOG|best|profit=4446780|weight=7335711
PACKLOG|call=2881|tour_len=930|end_dist=19625166
PACKLOG|try=0|th=0.379687577|de=0.115560393|ga=0.504752029
PACKLOG|try=0|profit=4437546|weight=7695405
PACKLOG|try=1|th=0.312375244|de=0.288199916|ga=0.399424839
PACKLOG|try=1|profit=4439792|weight=7689361
PACKLOG|best|profit=4439792|weight=7689361
PACKLOG|call=2882|tour_len=930|end_dist=19625166
PACKLOG|try=0|th=0.685474023|de=0.303758139|ga=0.010767837
PACKLOG|try=0|profit=4436829|weight=7280515
PACKLOG|try=1|th=0.269022562|de=0.209573099|ga=0.521404339
PACKLOG|try=1|profit=4411285|weight=7740577
PACKLOG|best|profit=4436829|weight=7280515
PACKLOG|call=2883|tour_len=930|end_dist=19625166
PACKLOG|try=0|th=0.358601128|de=0.250464901|ga=0.390933971
PACKLOG|try=0|profit=4448494|weight=7663277
PACKLOG|try=1|th=0.441883692|de=0.149545487|ga=0.408570821
PACKLOG|try=1|profit=4453952|weight=7643204
PACKLOG|best|profit=4453952|weight=7643204
PACKLOG|call=2884|tour_len=930|end_dist=19625137
PACKLOG|try=0|th=0.010012552|de=0.841781285|ga=0.148206163
PACKLOG|try=0|profit=4107710|weight=7956001
PACKLOG|try=1|th=0.005560576|de=0.431138300|ga=0.563301124
PACKLOG|try=1|profit=4063474|weight=8088965
PACKLOG|best|profit=4107710|weight=7956001
PACKLOG|call=2885|tour_len=928|end_dist=19578055
PACKLOG|try=0|th=0.270010366|de=0.123436359|ga=0.606553275
PACKLOG|try=0|profit=4393597|weight=7768750
PACKLOG|try=1|th=0.453330069|de=0.484172692|ga=0.062497239
PACKLOG|try=1|profit=4448618|weight=7386987
PACKLOG|best|profit=4448618|weight=7386987
PACKLOG|call=2886|tour_len=930|end_dist=19625166
PACKLOG|try=0|th=0.221441737|de=0.697722580|ga=0.080835683
PACKLOG|try=0|profit=4462604|weight=7487409
PACKLOG|try=1|th=0.230248881|de=0.604637400|ga=0.165113719
PACKLOG|try=1|profit=4459672|weight=7598952
PACKLOG|best|profit=4462604|weight=7487409
PACKLOG|call=2887|tour_len=930|end_dist=19625166
PACKLOG|try=0|th=0.453137175|de=0.273349901|ga=0.273512924
PACKLOG|try=0|profit=4462090|weight=7558785
PACKLOG|try=1|th=0.416376745|de=0.326990066|ga=0.256633189
PACKLOG|try=1|profit=4461978|weight=7562793
PACKLOG|best|profit=4462090|weight=7558785
PACKLOG|call=2888|tour_len=930|end_dist=19625137
PACKLOG|try=0|th=0.534825605|de=0.107712493|ga=0.357461902
PACKLOG|try=0|profit=4460846|weight=7578886
PACKLOG|try=1|th=0.145557359|de=0.431270597|ga=0.423172043
PACKLOG|try=1|profit=4362821|weight=7786716
PACKLOG|best|profit=4460846|weight=7578886
PACKLOG|call=2889|tour_len=930|end_dist=19625166
PACKLOG|try=0|th=0.076693439|de=0.790893672|ga=0.132412889
PACKLOG|try=0|profit=4420845|weight=7725362
PACKLOG|try=1|th=0.230203662|de=0.129458497|ga=0.640337842
PACKLOG|try=1|profit=4369072|weight=7783740
PACKLOG|best|profit=4420845|weight=7725362
PACKLOG|call=2890|tour_len=930|end_dist=19625137
PACKLOG|try=0|th=0.408331191|de=0.218672070|ga=0.372996738
PACKLOG|try=0|profit=4454188|weight=7642193
PACKLOG|try=1|th=0.537909769|de=0.338321197|ga=0.123769034
PACKLOG|try=1|profit=4457924|weight=7421133
PACKLOG|best|profit=4457924|weight=7421133
PACKLOG|call=2891|tour_len=930|end_dist=19625166
PACKLOG|try=0|th=0.104078878|de=0.290147212|ga=0.605773910
PACKLOG|try=0|profit=4233998|weight=7842928
PACKLOG|try=1|th=0.545923654|de=0.258342872|ga=0.195733474
PACKLOG|try=1|profit=4462583|weight=7487437
PACKLOG|best|profit=4462583|weight=7487437
PACKLOG|call=2892|tour_len=930|end_dist=19625166
PACKLOG|try=0|th=0.277401933|de=0.418544216|ga=0.304053850
PACKLOG|try=0|profit=4448305|weight=7663272
PACKLOG|try=1|th=0.328434551|de=0.393066621|ga=0.278498828
PACKLOG|try=1|profit=4455763|weight=7633136
PACKLOG|best|profit=4455763|weight=7633136
PACKLOG|call=2893|tour_len=930|end_dist=19625166
PACKLOG|try=0|th=0.463258952|de=0.160076033|ga=0.376665016
PACKLOG|try=0|profit=4456917|weight=7626132
PACKLOG|try=1|th=0.138526680|de=0.434052746|ga=0.427420574
PACKLOG|try=1|profit=4354731|weight=7791756
PACKLOG|best|profit=4456917|weight=7626132
PACKLOG|call=2894|tour_len=930|end_dist=19625166
PACKLOG|try=0|th=0.167178882|de=0.431972738|ga=0.400848380
PACKLOG|try=0|profit=4387821|weight=7766695
PACKLOG|try=1|th=0.275764676|de=0.348844728|ga=0.375390596
PACKLOG|try=1|profit=4436255|weight=7696388
PACKLOG|best|profit=4436255|weight=7696388
PACKLOG|call=2895|tour_len=930|end_dist=19625166
PACKLOG|try=0|th=0.399520474|de=0.427773766|ga=0.172705760
PACKLOG|try=0|profit=4463104|weight=7507554
PACKLOG|try=1|th=0.049762942|de=0.721009262|ga=0.229227796
PACKLOG|try=1|profit=4281679|weight=7824747
PACKLOG|best|profit=4463104|weight=7507554
PACKLOG|call=2896|tour_len=930|end_dist=19625166
PACKLOG|try=0|th=0.796124133|de=0.095721681|ga=0.108154186
PACKLOG|try=0|profit=4451439|weight=7365900
PACKLOG|try=1|th=0.233333184|de=0.249875177|ga=0.516791638
PACKLOG|try=1|profit=4396120|weight=7758669
PACKLOG|best|profit=4451439|weight=7365900
PACKLOG|call=2897|tour_len=928|end_dist=19578055
PACKLOG|try=0|th=0.505928180|de=0.188115546|ga=0.305956274
PACKLOG|try=0|profit=4458470|weight=7571858
PACKLOG|try=1|th=0.546023249|de=0.229273587|ga=0.224703164
PACKLOG|try=1|profit=4459255|weight=7514591
PACKLOG|best|profit=4459255|weight=7514591
PACKLOG|call=2898|tour_len=930|end_dist=19625166
PACKLOG|try=0|th=0.156776639|de=0.481644433|ga=0.361578928
PACKLOG|try=0|profit=4392731|weight=7761661
PACKLOG|try=1|th=0.384895766|de=0.151745880|ga=0.463358354
PACKLOG|try=1|profit=4443432|weight=7678326
PACKLOG|best|profit=4443432|weight=7678326
PACKLOG|call=2899|tour_len=930|end_dist=19625166
PACKLOG|try=0|th=0.344829532|de=0.227605459|ga=0.427565009
PACKLOG|try=0|profit=4441490|weight=7683343
PACKLOG|try=1|th=0.219787217|de=0.277973637|ga=0.502239146
PACKLOG|try=1|profit=4392841|weight=7761670
PACKLOG|best|profit=4441490|weight=7683343
PACKLOG|call=2900|tour_len=930|end_dist=19625166
PACKLOG|try=0|th=0.361606615|de=0.336774854|ga=0.301618532
PACKLOG|try=0|profit=4456376|weight=7629133
PACKLOG|try=1|th=0.426683320|de=0.318302845|ga=0.255013836
PACKLOG|try=1|profit=4462262|weight=7557776
PACKLOG|best|profit=4462262|weight=7557776
PACKLOG|call=2901|tour_len=930|end_dist=19625166
PACKLOG|try=0|th=0.525873061|de=0.211841403|ga=0.262285535
PACKLOG|try=0|profit=4463139|weight=7530670
PACKLOG|try=1|th=0.556607591|de=0.428010054|ga=0.015382355
PACKLOG|try=1|profit=4439486|weight=7293570
PACKLOG|best|profit=4463139|weight=7530670
PACKLOG|call=2902|tour_len=930|end_dist=19625166
PACKLOG|try=0|th=0.389883895|de=0.530647399|ga=0.079468706
PACKLOG|try=0|profit=4456258|weight=7405028
PACKLOG|try=1|th=0.661098252|de=0.182239881|ga=0.156661867
PACKLOG|try=1|profit=4458251|weight=7423134
PACKLOG|best|profit=4458251|weight=7423134
PACKLOG|call=2903|tour_len=930|end_dist=19625166
PACKLOG|try=0|th=0.124037056|de=0.165994103|ga=0.709968841
PACKLOG|try=0|profit=4238611|weight=7841943
PACKLOG|try=1|th=0.283778345|de=0.439945862|ga=0.276275793
PACKLOG|try=1|profit=4451610|weight=7653255
PACKLOG|best|profit=4451610|weight=7653255
PACKLOG|call=2904|tour_len=930|end_dist=19625166
PACKLOG|try=0|th=0.395719979|de=0.467921696|ga=0.136358325
PACKLOG|try=0|profit=4462336|weight=7480393
PACKLOG|try=1|th=0.386730889|de=0.456011664|ga=0.157257447
PACKLOG|try=1|profit=4463094|weight=7502520
PACKLOG|best|profit=4463094|weight=7502520
PACKLOG|call=2905|tour_len=930|end_dist=19625166
PACKLOG|try=0|th=0.223850766|de=0.351020171|ga=0.425129063
PACKLOG|try=0|profit=4413160|weight=7738566
PACKLOG|try=1|th=0.238867428|de=0.415041597|ga=0.346090976
PACKLOG|try=1|profit=4432472|weight=7705403
PACKLOG|best|profit=4432472|weight=7705403
PACKLOG|call=2906|tour_len=930|end_dist=19625166
PACKLOG|try=0|th=0.302017218|de=0.257406974|ga=0.440575808
PACKLOG|try=0|profit=4431397|weight=7707433
PACKLOG|try=1|th=0.822015593|de=0.153469563|ga=0.024514844
PACKLOG|try=1|profit=4440098|weight=7296597
PACKLOG|best|profit=4440098|weight=7296597
PACKLOG|call=2907|tour_len=930|end_dist=19625166
PACKLOG|try=0|th=0.169180441|de=0.210316484|ga=0.620503074
PACKLOG|try=0|profit=4325801|weight=7803846
PACKLOG|try=1|th=0.390933958|de=0.211241624|ga=0.397824418
PACKLOG|try=1|profit=4450162|weight=7657274
PACKLOG|best|profit=4450162|weight=7657274
PACKLOG|call=2908|tour_len=930|end_dist=19625166
PACKLOG|try=0|th=0.149054712|de=0.330763495|ga=0.520181793
PACKLOG|try=0|profit=4335233|weight=7800818
PACKLOG|try=1|th=0.304954382|de=0.222832167|ga=0.472213450
PACKLOG|try=1|profit=4427444|weight=7713425
PACKLOG|best|profit=4427444|weight=7713425
PACKLOG|call=2909|tour_len=930|end_dist=19625166
PACKLOG|try=0|th=0.411736928|de=0.510172978|ga=0.078090094
PACKLOG|try=0|profit=4455448|weight=7397993
PACKLOG|try=1|th=0.443974886|de=0.042135032|ga=0.513890082
PACKLOG|try=1|profit=4445444|weight=7673313
PACKLOG|best|profit=4455448|weight=7397993
PACKLOG|call=2910|tour_len=930|end_dist=19625166
PACKLOG|try=0|th=0.523035738|de=0.136194193|ga=0.340770069
PACKLOG|try=0|profit=4461252|weight=7571834
PACKLOG|try=1|th=0.546528130|de=0.292963157|ga=0.160508713
PACKLOG|try=1|profit=4460897|weight=7457309
PACKLOG|best|profit=4461252|weight=7571834
PACKLOG|call=2911|tour_len=928|end_dist=19578055
PACKLOG|try=0|th=0.405833575|de=0.563145766|ga=0.031020658
PACKLOG|try=0|profit=4441552|weight=7339794
PACKLOG|try=1|th=0.425089782|de=0.132382969|ga=0.442527249
PACKLOG|try=1|profit=4446506|weight=7669335
PACKLOG|best|profit=4446506|weight=7669335
PACKLOG|call=2912|tour_len=930|end_dist=19625166
PACKLOG|try=0|th=0.540961197|de=0.455090104|ga=0.003948699
PACKLOG|try=0|profit=4436463|weight=7279493
PACKLOG|try=1|th=0.444190668|de=0.242388722|ga=0.313420610
PACKLOG|try=1|profit=4460064|weight=7590944
PACKLOG|best|profit=4460064|weight=7590944
PACKLOG|call=2913|tour_len=930|end_dist=19625166
PACKLOG|try=0|th=0.403711775|de=0.237079447|ga=0.359208778
PACKLOG|try=0|profit=4454924|weight=7637163
PACKLOG|try=1|th=0.278003703|de=0.164030288|ga=0.557966008
PACKLOG|try=1|profit=4408722|weight=7743577
PACKLOG|best|profit=4454924|weight=7637163
PACKLOG|call=2914|tour_len=930|end_dist=19625166
PACKLOG|try=0|th=0.466145001|de=0.322082522|ga=0.211772476
PACKLOG|try=0|profit=4463193|weight=7515592
PACKLOG|try=1|th=0.035695509|de=0.517349734|ga=0.446954757
PACKLOG|try=1|profit=4143638|weight=7979506
PACKLOG|best|profit=4463193|weight=7515592
PACKLOG|call=2915|tour_len=930|end_dist=19625166
PACKLOG|try=0|th=0.025438294|de=0.451072341|ga=0.523489365
PACKLOG|try=0|profit=4104416|weight=8021682
PACKLOG|try=1|th=0.039899683|de=0.529792721|ga=0.430307595
PACKLOG|try=1|profit=4148131|weight=7945315
PACKLOG|best|profit=4148131|weight=7945315
PACKLOG|call=2916|tour_len=930|end_dist=19625166
PACKLOG|try=0|th=0.455186335|de=0.039044737|ga=0.505768928
PACKLOG|try=0|profit=4447575|weight=7666302
PACKLOG|try=1|th=0.002451633|de=0.386559500|ga=0.610988867
PACKLOG|try=1|profit=4056136|weight=8100024
PACKLOG|best|profit=4447575|weight=7666302
PACKLOG|call=2917|tour_len=930|end_dist=19625166
PACKLOG|try=0|th=0.379364153|de=0.591972932|ga=0.028662915
PACKLOG|try=0|profit=4445217|weight=7325691
PACKLOG|try=1|th=0.317608144|de=0.531432593|ga=0.150959263
PACKLOG|try=1|profit=4463202|weight=7522619
PACKLOG|best|profit=4463202|weight=7522619
PACKLOG|call=2918|tour_len=930|end_dist=19625166
PACKLOG|try=0|th=0.321908295|de=0.207884743|ga=0.470206962
PACKLOG|try=0|profit=4431081|weight=7707438
PACKLOG|try=1|th=0.528666537|de=0.399439276|ga=0.071894188
PACKLOG|try=1|profit=4451636|weight=7366891
PACKLOG|best|profit=4451636|weight=7366891
PACKLOG|call=2919|tour_len=930|end_dist=19625166
PACKLOG|try=0|th=0.308734316|de=0.410866182|ga=0.280399502
PACKLOG|try=0|profit=4454346|weight=7641183
PACKLOG|try=1|th=0.209775789|de=0.716786164|ga=0.073438047
PACKLOG|try=1|profit=4462483|weight=7485390
PACKLOG|best|profit=4462483|weight=7485390
PACKLOG|call=2920|tour_len=930|end_dist=19625166
PACKLOG|try=0|th=0.556741916|de=0.263897243|ga=0.179360841
PACKLOG|try=0|profit=4461648|weight=7469343
PACKLOG|try=1|th=0.036812217|de=0.627439954|ga=0.335747830
PACKLOG|try=1|profit=4163404|weight=7919149
PACKLOG|best|profit=4461648|weight=7469343
PACKLOG|call=2921|tour_len=930|end_dist=19625137
PACKLOG|try=0|th=0.399904119|de=0.456218945|ga=0.143876935
PACKLOG|try=0|profit=4462572|weight=7485410
PACKLOG|try=1|th=0.247116428|de=0.353537918|ga=0.399345655
PACKLOG|try=1|profit=4425069|weight=7719460
PACKLOG|best|profit=4462572|weight=7485410
PACKLOG|call=2922|tour_len=930|end_dist=19625166
PACKLOG|try=0|th=0.494500302|de=0.231319924|ga=0.274179774
PACKLOG|try=0|profit=4462761|weight=7546744
PACKLOG|try=1|th=0.384396985|de=0.428266859|ga=0.187336156
PACKLOG|try=1|profit=4463156|weight=7523622
PACKLOG|best|profit=4463156|weight=7523622
PACKLOG|call=2923|tour_len=930|end_dist=19625166
PACKLOG|try=0|th=0.237863485|de=0.538328179|ga=0.223808336
PACKLOG|try=0|profit=4453424|weight=7645195
PACKLOG|try=1|th=0.277021101|de=0.482157215|ga=0.240821684
PACKLOG|try=1|profit=4455148|weight=7636143
PACKLOG|best|profit=4455148|weight=7636143
PACKLOG|call=2924|tour_len=930|end_dist=19625166
PACKLOG|try=0|th=0.515378465|de=0.175594948|ga=0.309026587
PACKLOG|try=0|profit=4462138|weight=7560794
PACKLOG|try=1|th=0.114982332|de=0.691091104|ga=0.193926564
PACKLOG|try=1|profit=4423066|weight=7721409
PACKLOG|best|profit=4462138|weight=7560794
PACKLOG|call=2925|tour_len=930|end_dist=19625137
PACKLOG|try=0|th=0.410629582|de=0.226059997|ga=0.363310421
PACKLOG|try=0|profit=4454924|weight=7637163
PACKLOG|try=1|th=0.595751751|de=0.063127512|ga=0.341120737
PACKLOG|try=1|profit=4462578|weight=7552785
PACKLOG|best|profit=4462578|weight=7552785
PACKLOG|call=2926|tour_len=930|end_dist=19625166
PACKLOG|try=0|th=0.123603786|de=0.261588312|ga=0.614807901
PACKLOG|try=0|profit=4267479|weight=7828882
PACKLOG|try=1|th=0.281217094|de=0.161086192|ga=0.557696714
PACKLOG|try=1|profit=4409744|weight=7742574
PACKLOG|best|profit=4409744|weight=7742574
PACKLOG|call=2927|tour_len=930|end_dist=19625166
PACKLOG|try=0|th=0.005124303|de=0.716580509|ga=0.278295188
PACKLOG|try=0|profit=4073231|weight=8072786
PACKLOG|try=1|th=0.461174323|de=0.325225214|ga=0.213600464
PACKLOG|try=1|profit=4463288|weight=7520627
PACKLOG|best|profit=4463288|weight=7520627
PACKLOG|call=2928|tour_len=928|end_dist=19578055
PACKLOG|try=0|th=0.259459308|de=0.123511724|ga=0.617028968
PACKLOG|try=0|profit=4387337|weight=7774767
PACKLOG|try=1|th=0.339702078|de=0.156604952|ga=0.503692970
PACKLOG|try=1|profit=4427544|weight=7719480
PACKLOG|best|profit=4427544|weight=7719480
PACKLOG|call=2929|tour_len=928|end_dist=19578055
PACKLOG|try=0|th=0.439096484|de=0.169686930|ga=0.391216586
PACKLOG|try=0|profit=4451181|weight=7649220
PACKLOG|try=1|th=0.576476378|de=0.140519798|ga=0.283003824
PACKLOG|try=1|profit=4459369|weight=7537713
PACKLOG|best|profit=4459369|weight=7537713
PACKLOG|call=2930|tour_len=928|end_dist=19578055
PACKLOG|try=0|th=0.452868268|de=0.369807086|ga=0.177324647
PACKLOG|try=0|profit=4459156|weight=7508557
PACKLOG|try=1|th=0.406536769|de=0.198692084|ga=0.394771148
PACKLOG|try=1|profit=4448602|weight=7662304
PACKLOG|best|profit=4459156|weight=7508557
PACKLOG|call=2931|tour_len=930|end_dist=19625166
PACKLOG|try=0|th=0.474158533|de=0.291020954|ga=0.234820513
PACKLOG|try=0|profit=4463125|weight=7526652
PACKLOG|try=1|th=0.437613080|de=0.361776005|ga=0.200610916
PACKLOG|try=1|profit=4463235|weight=7516594
PACKLOG|best|profit=4463235|weight=7516594
PACKLOG|call=2932|tour_len=930|end_dist=19625166
PACKLOG|try=0|th=0.660927241|de=0.008204982|ga=0.330867777
PACKLOG|try=0|profit=4463089|weight=7528668
PACKLOG|try=1|th=0.101867738|de=0.604408773|ga=0.293723490
PACKLOG|try=1|profit=4363917|weight=7785685
PACKLOG|best|profit=4463089|weight=7528668
PACKLOG|call=2933|tour_len=930|end_dist=19625166
PACKLOG|try=0|th=0.143486045|de=0.189757832|ga=0.666756123
PACKLOG|try=0|profit=4280001|weight=7823857
PACKLOG|try=1|th=0.575552066|de=0.012944696|ga=0.411503238
PACKLOG|try=1|profit=4459737|weight=7596976
PACKLOG|best|profit=4459737|weight=7596976
PACKLOG|call=2934|tour_len=930|end_dist=19625166
PACKLOG|try=0|th=0.281908430|de=0.414260273|ga=0.303831297
PACKLOG|try=0|profit=4448911|weight=7661263
PACKLOG|try=1|th=0.232309621|de=0.367895922|ga=0.399794458
PACKLOG|try=1|profit=4421333|weight=7725489
PACKLOG|best|profit=4448911|weight=7661263
PACKLOG|call=2935|tour_len=930|end_dist=19625166
PACKLOG|try=0|th=0.441051250|de=0.261905359|ga=0.297043391
PACKLOG|try=0|profit=4460670|weight=7580881
PACKLOG|try=1|th=0.102761728|de=0.259992041|ga=0.637246231
PACKLOG|try=1|profit=4222946|weight=7855986
PACKLOG|best|profit=4460670|weight=7580881
PACKLOG|call=2936|tour_len=930|end_dist=19625166
PACKLOG|try=0|th=0.739108351|de=0.258638129|ga=0.002253520
PACKLOG|try=0|profit=4435433|weight=7274481
PACKLOG|try=1|th=0.454089251|de=0.220101747|ga=0.325809001
PACKLOG|try=1|profit=4459673|weight=7597976
PACKLOG|best|profit=4459673|weight=7597976
PACKLOG|call=2937|tour_len=930|end_dist=19625166
PACKLOG|try=0|th=0.366287225|de=0.323281293|ga=0.310431483
PACKLOG|try=0|profit=4455941|weight=7631125
PACKLOG|try=1|th=0.121104858|de=0.501191666|ga=0.377703476
PACKLOG|try=1|profit=4353337|weight=7792754
PACKLOG|best|profit=4455941|weight=7631125
PACKLOG|call=2938|tour_len=930|end_dist=19625166
PACKLOG|try=0|th=0.440538075|de=0.031636945|ga=0.527824980
PACKLOG|try=0|profit=4443432|weight=7678326
PACKLOG|try=1|th=0.130218314|de=0.330595533|ga=0.539186153
PACKLOG|try=1|profit=4299563|weight=7813854
PACKLOG|best|profit=4443432|weight=7678326
PACKLOG|call=2939|tour_len=930|end_dist=19625166
PACKLOG|try=0|th=0.442974874|de=0.407312200|ga=0.149712926
PACKLOG|try=0|profit=4462231|weight=7478388
PACKLOG|try=1|th=0.678702635|de=0.079880011|ga=0.241417354
PACKLOG|try=1|profit=4462555|weight=7485432
PACKLOG|best|profit=4462555|weight=7485432
PACKLOG|call=2940|tour_len=930|end_dist=19625166
PACKLOG|try=0|th=0.232266999|de=0.396787515|ga=0.370945485
PACKLOG|try=0|profit=4425663|weight=7718450
PACKLOG|try=1|th=0.410620409|de=0.293674700|ga=0.295704891
PACKLOG|try=1|profit=4459576|weight=7599985
PACKLOG|best|profit=4459576|weight=7599985
PACKLOG|call=2941|tour_len=930|end_dist=19625166
PACKLOG|try=0|th=0.447750843|de=0.310283753|ga=0.241965404
PACKLOG|try=0|profit=4462827|weight=7540717
PACKLOG|try=1|th=0.275102956|de=0.437691058|ga=0.287205987
PACKLOG|try=1|profit=4449677|weight=7659272
PACKLOG|best|profit=4462827|weight=7540717
PACKLOG|call=2942|tour_len=930|end_dist=19625166
PACKLOG|try=0|th=0.583520584|de=0.239283648|ga=0.177195768
PACKLOG|try=0|profit=4460934|weight=7456304
PACKLOG|try=1|th=0.309016475|de=0.429144714|ga=0.261838811
PACKLOG|try=1|profit=4455931|weight=7632128
PACKLOG|best|profit=4460934|weight=7456304
PACKLOG|call=2943|tour_len=937|end_dist=19825569
PACKLOG|try=0|th=0.162777099|de=0.562101110|ga=0.275121791
PACKLOG|try=0|profit=4416202|weight=7654165
PACKLOG|try=1|th=0.494184760|de=0.455800151|ga=0.050015088
PACKLOG|try=1|profit=4445867|weight=7246379
PACKLOG|best|profit=4445867|weight=7246379
PACKLOG|call=2944|tour_len=930|end_dist=19625166
PACKLOG|try=0|th=0.309863352|de=0.257423575|ga=0.432713072
PACKLOG|try=0|profit=4435163|weight=7698394
PACKLOG|try=1|th=0.287701456|de=0.528211499|ga=0.184087046
PACKLOG|try=1|profit=4461612|weight=7566780
PACKLOG|best|profit=4461612|weight=7566780
PACKLOG|call=2945|tour_len=930|end_dist=19625166
PACKLOG|try=0|th=0.029249635|de=0.773094272|ga=0.197656093
PACKLOG|try=0|profit=4205365|weight=7858720
PACKLOG|try=1|th=0.353171830|de=0.258528045|ga=0.388300125
PACKLOG|try=1|profit=4448255|weight=7664285
PACKLOG|best|profit=4448255|weight=7664285
PACKLOG|call=2946|tour_len=930|end_dist=19625166
PACKLOG|try=0|th=0.058145517|de=0.556564880|ga=0.385289604
PACKLOG|try=0|profit=4210223|weight=7861917
PACKLOG|try=1|th=0.484677023|de=0.116346905|ga=0.398976072
PACKLOG|try=1|profit=4456845|weight=7625123
PACKLOG|best|profit=4456845|weight=7625123
PACKLOG|call=2947|tour_len=930|end_dist=19625166
PACKLOG|try=0|th=0.209312500|de=0.265378936|ga=0.525308564
PACKLOG|try=0|profit=4382615|weight=7771718
PACKLOG|try=1|th=0.208695379|de=0.418270443|ga=0.373034177
PACKLOG|try=1|profit=4418554|weight=7731518
PACKLOG|best|profit=4418554|weight=7731518
PACKLOG|call=2948|tour_len=930|end_dist=19625137
PACKLOG|try=0|th=0.215215102|de=0.758810733|ga=0.025974164
PACKLOG|try=0|profit=4450011|weight=7355821
PACKLOG|try=1|th=0.394328212|de=0.516884066|ga=0.088787722
PACKLOG|try=1|profit=4457717|weight=7419108
PACKLOG|best|profit=4457717|weight=7419108
PACKLOG|call=2949|tour_len=930|end_dist=19625166
PACKLOG|try=0|th=0.326845911|de=0.356843806|ga=0.316310283
PACKLOG|try=0|profit=4452162|weight=7650252
PACKLOG|try=1|th=0.628234354|de=0.099903552|ga=0.271862095
PACKLOG|try=1|profit=4463067|weight=7505565
PACKLOG|best|profit=4463067|weight=7505565
PACKLOG|call=2950|tour_len=930|end_dist=19625166
PACKLOG|try=0|th=0.461922046|de=0.447783958|ga=0.090293996
PACKLOG|try=0|profit=4455897|weight=7401013
PACKLOG|try=1|th=0.517887217|de=0.374124116|ga=0.107988667
PACKLOG|try=1|profit=4456585|weight=7407052
PACKLOG|best|profit=4456585|weight=7407052
PACKLOG|call=2951|tour_len=930|end_dist=19625166
PACKLOG|try=0|th=0.183812871|de=0.659446888|ga=0.156740241
PACKLOG|try=0|profit=4455581|weight=7634111
PACKLOG|try=1|th=0.411467069|de=0.181753672|ga=0.406779260
PACKLOG|try=1|profit=4451270|weight=7654280
PACKLOG|best|profit=4455581|weight=7634111
PACKLOG|call=2952|tour_len=930|end_dist=19625166
PACKLOG|try=0|th=0.403851715|de=0.097907327|ga=0.498240957
PACKLOG|try=0|profit=4442063|weight=7681337
PACKLOG|try=1|th=0.310325375|de=0.666226590|ga=0.023448035
PACKLOG|try=1|profit=4444222|weight=7318655
PACKLOG|best|profit=4444222|weight=7318655
PACKLOG|call=2953|tour_len=930|end_dist=19625166
PACKLOG|try=0|th=0.275796084|de=0.265761209|ga=0.458442707
PACKLOG|try=0|profit=4424157|weight=7721485
PACKLOG|try=1|th=0.378356542|de=0.598356497|ga=0.023286961
PACKLOG|try=1|profit=4443915|weight=7317657
PACKLOG|best|profit=4443915|weight=7317657
PACKLOG|call=2954|tour_len=930|end_dist=19625166
PACKLOG|try=0|th=0.588559456|de=0.196524068|ga=0.214916477
PACKLOG|try=0|profit=4462674|weight=7488447
PACKLOG|try=1|th=0.459050111|de=0.458544225|ga=0.082405664
PACKLOG|try=1|profit=4454970|weight=7393982
PACKLOG|best|profit=4462674|weight=7488447
PACKLOG|call=2955|tour_len=930|end_dist=19625166
PACKLOG|try=0|th=0.877553189|de=0.059315973|ga=0.063130838
PACKLOG|try=0|profit=4444471|weight=7320723
PACKLOG|try=1|th=0.248488601|de=0.367521657|ga=0.383989742
PACKLOG|try=1|profit=4427447|weight=7714420
PACKLOG|best|profit=4444471|weight=7320723
PACKLOG|call=2956|tour_len=930|end_dist=19625166
PACKLOG|try=0|th=0.257484801|de=0.352096950|ga=0.390418249
PACKLOG|try=0|profit=4428464|weight=7712423
PACKLOG|try=1|th=0.362493802|de=0.093406892|ga=0.544099306
PACKLOG|try=1|profit=4429192|weight=7711435
PACKLOG|best|profit=4429192|weight=7711435
PACKLOG|call=2957|tour_len=930|end_dist=19625166
PACKLOG|try=0|th=0.271541947|de=0.478110791|ga=0.250347262
PACKLOG|try=0|profit=4454154|weight=7642189
PACKLOG|try=1|th=0.219515823|de=0.419866281|ga=0.360617896
PACKLOG|try=1|profit=4424692|weight=7720457
PACKLOG|best|profit=4454154|weight=7642189
PACKLOG|call=2958|tour_len=930|end_dist=19625166
PACKLOG|try=0|th=0.049777773|de=0.584307184|ga=0.365915043
PACKLOG|try=0|profit=4200310|weight=7892052
PACKLOG|try=1|th=0.150020793|de=0.435833294|ga=0.414145913
PACKLOG|try=1|profit=4369626|weight=7782703
PACKLOG|best|profit=4369626|weight=7782703
PACKLOG|call=2959|tour_len=930|end_dist=19625166
PACKLOG|try=0|th=0.286391770|de=0.294605733|ga=0.419002496
PACKLOG|try=0|profit=4430839|weight=7708441
PACKLOG|try=1|th=0.237780691|de=0.454659128|ga=0.307560181
PACKLOG|try=1|profit=4439375|weight=7690358
PACKLOG|best|profit=4439375|weight=7690358
PACKLOG|call=2960|tour_len=930|end_dist=19625166
PACKLOG|try=0|th=0.451407487|de=0.385594163|ga=0.162998350
PACKLOG|try=0|profit=4462572|weight=7486429
PACKLOG|try=1|th=0.016912665|de=0.365842071|ga=0.617245264
PACKLOG|try=1|profit=4087480|weight=8062855
PACKLOG|best|profit=4462572|weight=7486429
PACKLOG|call=2961|tour_len=928|end_dist=19578055
PACKLOG|try=0|th=0.215805389|de=0.289384551|ga=0.494810060
PACKLOG|try=0|profit=4391827|weight=7769742
PACKLOG|try=1|th=0.423260421|de=0.346919630|ga=0.229819949
PACKLOG|try=1|profit=4459103|weight=7555802
PACKLOG|best|profit=4459103|weight=7555802
PACKLOG|call=2962|tour_len=930|end_dist=19625137
PACKLOG|try=0|th=0.283488829|de=0.363364818|ga=0.353146353
PACKLOG|try=0|profit=4441478|weight=7683337
PACKLOG|try=1|th=0.401744958|de=0.572425625|ga=0.025829418
PACKLOG|try=1|profit=4444081|weight=7318664
PACKLOG|best|profit=4444081|weight=7318664
PACKLOG|call=2963|tour_len=930|end_dist=19625166
PACKLOG|try=0|th=0.457594748|de=0.115294218|ga=0.427111035
PACKLOG|try=0|profit=4453587|weight=7644214
PACKLOG|try=1|th=0.510256712|de=0.273502552|ga=0.216240736
PACKLOG|try=1|profit=4463097|weight=7503546
PACKLOG|best|profit=4463097|weight=7503546
PACKLOG|call=2964|tour_len=930|end_dist=19625166
PACKLOG|try=0|th=0.175866454|de=0.522994589|ga=0.301138957
PACKLOG|try=0|profit=4422026|weight=7724458
PACKLOG|try=1|th=0.264138583|de=0.524901981|ga=0.210959436
PACKLOG|try=1|profit=4457254|weight=7623098
PACKLOG|best|profit=4457254|weight=7623098
PACKLOG|call=2965|tour_len=930|end_dist=19625137
PACKLOG|try=0|th=0.342327127|de=0.429610109|ga=0.228062765
PACKLOG|try=0|profit=4460930|weight=7577858
PACKLOG|try=1|th=0.061200152|de=0.278509557|ga=0.660290291
PACKLOG|try=1|profit=4145913|weight=7940357
PACKLOG|best|profit=4460930|weight=7577858
PACKLOG|call=2966|tour_len=930|end_dist=19625166
PACKLOG|try=0|th=0.251792012|de=0.076515763|ga=0.671692225
PACKLOG|try=0|profit=4374822|weight=7777728
PACKLOG|try=1|th=0.210864379|de=0.720921139|ga=0.068214482
PACKLOG|try=1|profit=4461771|weight=7469297
PACKLOG|best|profit=4461771|weight=7469297
PACKLOG|call=2967|tour_len=930|end_dist=19625166
PACKLOG|try=0|th=0.456200273|de=0.539746500|ga=0.004053227
PACKLOG|try=0|profit=4436295|weight=7278479
PACKLOG|try=1|th=0.396941744|de=0.021631578|ga=0.581426678
PACKLOG|try=1|profit=4430766|weight=7708453
PACKLOG|best|profit=4436295|weight=7278479
PACKLOG|call=2968|tour_len=930|end_dist=19625166
PACKLOG|try=0|th=0.076310529|de=0.216979730|ga=0.706709741
PACKLOG|try=0|profit=4165755|weight=7925305
PACKLOG|try=1|th=0.221967525|de=0.492580719|ga=0.285451756
PACKLOG|try=1|profit=4439662|weight=7690351
PACKLOG|best|profit=4439662|weight=7690351
PACKLOG|call=2969|tour_len=930|end_dist=19625166
PACKLOG|try=0|th=0.280383783|de=0.248640534|ga=0.470975683
PACKLOG|try=0|profit=4423868|weight=7720476
PACKLOG|try=1|th=0.123436601|de=0.658281237|ga=0.218282162
PACKLOG|try=1|profit=4419255|weight=7729472
PACKLOG|best|profit=4423868|weight=7720476
PACKLOG|call=2970|tour_len=928|end_dist=19578055
PACKLOG|try=0|th=0.124564602|de=0.524454782|ga=0.350980616
PACKLOG|try=0|profit=4366158|weight=7790754
PACKLOG|try=1|th=0.002996837|de=0.458405259|ga=0.538597904
PACKLOG|try=1|profit=4054798|weight=8094991
PACKLOG|best|profit=4366158|weight=7790754
PACKLOG|call=2971|tour_len=930|end_dist=19625137
PACKLOG|try=0|th=0.563923525|de=0.257035257|ga=0.179041219
PACKLOG|try=0|profit=4461563|weight=7466322
PACKLOG|try=1|th=0.004131339|de=0.593045541|ga=0.402823119
PACKLOG|try=1|profit=4065880|weight=8087917
PACKLOG|best|profit=4461563|weight=7466322
PACKLOG|call=2972|tour_len=930|end_dist=19625166
PACKLOG|try=0|th=0.741137939|de=0.241389942|ga=0.017472119
PACKLOG|try=0|profit=4438924|weight=7290564
PACKLOG|try=1|th=0.211450086|de=0.415954075|ga=0.372595839
PACKLOG|try=1|profit=4419233|weight=7729497
PACKLOG|best|profit=4438924|weight=7290564
PACKLOG|call=2973|tour_len=930|end_dist=19625137
PACKLOG|try=0|th=0.638132978|de=0.171599712|ga=0.190267310
PACKLOG|try=0|profit=4460962|weight=7458318
PACKLOG|try=1|th=0.282212305|de=0.358649069|ga=0.359138626
PACKLOG|try=1|profit=4440012|weight=7688351
PACKLOG|best|profit=4460962|weight=7458318
PACKLOG|call=2974|tour_len=930|end_dist=19625166
PACKLOG|try=0|th=0.289683638|de=0.391692924|ga=0.318623438
PACKLOG|try=0|profit=4447972|weight=7665281
PACKLOG|try=1|th=0.390950051|de=0.262712319|ga=0.346337630
PACKLOG|try=1|profit=4454932|weight=7637155
PACKLOG|best|profit=4454932|weight=7637155
PACKLOG|call=2975|tour_len=930|end_dist=19625166
PACKLOG|try=0|th=0.028044171|de=0.668707045|ga=0.303248785
PACKLOG|try=0|profit=4148138|weight=7943246
PACKLOG|try=1|th=0.510538460|de=0.484587357|ga=0.004874183
PACKLOG|try=1|profit=4436607|weight=7279501
PACKLOG|best|profit=4436607|weight=7279501
PACKLOG|call=2976|tour_len=930|end_dist=19625166
PACKLOG|try=0|th=0.380180487|de=0.043397671|ga=0.576421842
PACKLOG|try=0|profit=4428907|weight=7711431
PACKLOG|try=1|th=0.336007387|de=0.309436378|ga=0.354556235
PACKLOG|try=1|profit=4449531|weight=7659263
PACKLOG|best|profit=4449531|weight=7659263
PACKLOG|call=2977|tour_len=930|end_dist=19625166
PACKLOG|try=0|th=0.316688375|de=0.294555684|ga=0.388755941
PACKLOG|try=0|profit=4442179|weight=7681321
PACKLOG|try=1|th=0.491865250|de=0.060275130|ga=0.447859620
PACKLOG|try=1|profit=4454359|weight=7641186
PACKLOG|best|profit=4454359|weight=7641186
PACKLOG|call=2978|tour_len=930|end_dist=19625166
PACKLOG|try=0|th=0.405187136|de=0.573405957|ga=0.021406907
PACKLOG|try=0|profit=4442507|weight=7309649
PACKLOG|try=1|th=0.307481681|de=0.436787401|ga=0.255730917
PACKLOG|try=1|profit=4456518|weight=7628130
PACKLOG|best|profit=4456518|weight=7628130
PACKLOG|call=2979|tour_len=930|end_dist=19625166
PACKLOG|try=0|th=0.659403847|de=0.157766919|ga=0.182829233
PACKLOG|try=0|profit=4460129|weight=7447246
PACKLOG|try=1|th=0.532875986|de=0.288172684|ga=0.178951330
PACKLOG|try=1|profit=4462105|weight=7477371
PACKLOG|best|profit=4462105|weight=7477371
PACKLOG|call=2980|tour_len=930|end_dist=19625166
PACKLOG|try=0|th=0.387548947|de=0.403170386|ga=0.209280667
PACKLOG|try=0|profit=4462871|weight=7540705
PACKLOG|try=1|th=0.048669677|de=0.449976688|ga=0.501353635
PACKLOG|try=1|profit=4150737|weight=7938301
PACKLOG|best|profit=4462871|weight=7540705
PACKLOG|call=2981|tour_len=930|end_dist=19622304
PACKLOG|try=0|th=0.057894609|de=0.363743748|ga=0.578361643
PACKLOG|try=0|profit=4148806|weight=7926273
PACKLOG|try=1|th=0.048183005|de=0.013431789|ga=0.938385206
PACKLOG|try=1|profit=4101993|weight=8000663
PACKLOG|best|profit=4148806|weight=7926273
PACKLOG|call=2982|tour_len=930|end_dist=19625137
PACKLOG|try=0|th=0.497256992|de=0.212927551|ga=0.289815457
PACKLOG|try=0|profit=4462417|weight=7556781
PACKLOG|try=1|th=0.592918533|de=0.235813042|ga=0.171268424
PACKLOG|try=1|profit=4460501|weight=7451270
PACKLOG|best|profit=4462417|weight=7556781
PACKLOG|call=2983|tour_len=930|end_dist=19625166
PACKLOG|try=0|th=0.679737830|de=0.143530055|ga=0.176732115
PACKLOG|try=0|profit=4459490|weight=7438205
PACKLOG|try=1|th=0.347759951|de=0.505589196|ga=0.146650854
PACKLOG|try=1|profit=4463059|weight=7503532
PACKLOG|best|profit=4463059|weight=7503532
PACKLOG|call=2984|tour_len=930|end_dist=19625166
PACKLOG|try=0|th=0.355139409|de=0.226254857|ga=0.418605734
PACKLOG|try=0|profit=4444417|weight=7675313
PACKLOG|try=1|th=0.298019774|de=0.205216433|ga=0.496763792
PACKLOG|try=1|profit=4424157|weight=7721485
PACKLOG|best|profit=4444417|weight=7675313
PACKLOG|call=2985|tour_len=930|end_dist=19625166
PACKLOG|try=0|th=0.508977574|de=0.258622757|ga=0.232399669
PACKLOG|try=0|profit=4463193|weight=7515592
PACKLOG|try=1|th=0.154459982|de=0.463168173|ga=0.382371845
PACKLOG|try=1|profit=4384582|weight=7769692
PACKLOG|best|profit=4463193|weight=7515592
PACKLOG|call=2986|tour_len=930|end_dist=19625166
PACKLOG|try=0|th=0.170005528|de=0.300407422|ga=0.529587050
PACKLOG|try=0|profit=4353605|weight=7792773
PACKLOG|try=1|th=0.204736273|de=0.224805638|ga=0.570458089
PACKLOG|try=1|profit=4368753|weight=7783734
PACKLOG|best|profit=4368753|weight=7783734
PACKLOG|call=2987|tour_len=930|end_dist=19625166
PACKLOG|try=0|th=0.454203920|de=0.438722815|ga=0.107073264
PACKLOG|try=0|profit=4458300|weight=7425140
PACKLOG|try=1|th=0.254377648|de=0.389383479|ga=0.356238874
PACKLOG|try=1|profit=4434934|weight=7699400
PACKLOG|best|profit=4458300|weight=7425140
PACKLOG|call=2988|tour_len=930|end_dist=19625166
PACKLOG|try=0|th=0.530346144|de=0.100120779|ga=0.369533077
PACKLOG|try=0|profit=4460108|weight=7590952
PACKLOG|try=1|th=0.473749039|de=0.254854455|ga=0.271396506
PACKLOG|try=1|profit=4462540|weight=7550763
PACKLOG|best|profit=4462540|weight=7550763
PACKLOG|call=2989|tour_len=930|end_dist=19625166
PACKLOG|try=0|th=0.176303231|de=0.581886039|ga=0.241810729
PACKLOG|try=0|profit=4435565|weight=7698376
PACKLOG|try=1|th=0.410382168|de=0.294226418|ga=0.295391414
PACKLOG|try=1|profit=4459576|weight=7599985
PACKLOG|best|profit=4459576|weight=7599985
PACKLOG|call=2990|tour_len=930|end_dist=19625166
PACKLOG|try=0|th=0.468066665|de=0.143492738|ga=0.388440597
PACKLOG|try=0|profit=4456579|weight=7627134
PACKLOG|try=1|th=0.246744555|de=0.398629549|ga=0.354625896
PACKLOG|try=1|profit=4433266|weight=7703398
PACKLOG|best|profit=4456579|weight=7627134
PACKLOG|call=2991|tour_len=930|end_dist=19625166
PACKLOG|try=0|th=0.166238592|de=0.683882937|ga=0.149878471
PACKLOG|try=0|profit=4454656|weight=7640135
PACKLOG|try=1|th=0.205344125|de=0.203043528|ga=0.591612347
PACKLOG|try=1|profit=4364340|weight=7785734
PACKLOG|best|profit=4454656|weight=7640135
PACKLOG|call=2992|tour_len=930|end_dist=19625166
PACKLOG|try=0|th=0.293524652|de=0.265531907|ga=0.440943441
PACKLOG|try=0|profit=4429019|weight=7711427
PACKLOG|try=1|th=0.582686320|de=0.014193367|ga=0.403120312
PACKLOG|try=1|profit=4460322|weight=7586934
PACKLOG|best|profit=4460322|weight=7586934
PACKLOG|call=2993|tour_len=930|end_dist=19625137
PACKLOG|try=0|th=0.418705022|de=0.196432543|ga=0.384862435
PACKLOG|try=0|profit=4454043|weight=7642190
PACKLOG|try=1|th=0.288894887|de=0.522832954|ga=0.188272159
PACKLOG|try=1|profit=4461261|weight=7570807
PACKLOG|best|profit=4461261|weight=7570807
PACKLOG|call=2994|tour_len=928|end_dist=19578055
PACKLOG|try=0|th=0.217161814|de=0.269047271|ga=0.513790915
PACKLOG|try=0|profit=4387850|weight=7773760
PACKLOG|try=1|th=0.470950605|de=0.408092158|ga=0.120957237
PACKLOG|try=1|profit=4455691|weight=7452245
PACKLOG|best|profit=4455691|weight=7452245
PACKLOG|call=2995|tour_len=930|end_dist=19625166
PACKLOG|try=0|th=0.484264943|de=0.482298823|ga=0.033436233
PACKLOG|try=0|profit=4443811|weight=7316670
PACKLOG|try=1|th=0.557820914|de=0.216540351|ga=0.225638735
PACKLOG|try=1|profit=4463070|weight=7501513
PACKLOG|best|profit=4463070|weight=7501513
PACKLOG|call=2996|tour_len=930|end_dist=19625166
PACKLOG|try=0|th=0.565880345|de=0.126411335|ga=0.307708319
PACKLOG|try=0|profit=4462836|weight=7540714
PACKLOG|try=1|th=0.217755839|de=0.514984550|ga=0.267259612
PACKLOG|try=1|profit=4442295|weight=7681310
PACKLOG|best|profit=4462836|weight=7540714
PACKLOG|call=2997|tour_len=930|end_dist=19625166
PACKLOG|try=0|th=0.399539525|de=0.347483429|ga=0.252977046
PACKLOG|try=0|profit=4461720|weight=7567818
PACKLOG|try=1|th=0.293202839|de=0.467061164|ga=0.239735997
PACKLOG|try=1|profit=4456917|weight=7626132
PACKLOG|best|profit=4461720|weight=7567818
PACKLOG|call=2998|tour_len=930|end_dist=19625166
PACKLOG|try=0|th=0.475919108|de=0.474111191|ga=0.049969702
PACKLOG|try=0|profit=4448081|weight=7342780
PACKLOG|try=1|th=0.342539129|de=0.174485694|ga=0.482975177
PACKLOG|try=1|profit=4434713|weight=7700414
PACKLOG|best|profit=4448081|weight=7342780
PACKLOG|call=2999|tour_len=930|end_dist=19625166
PACKLOG|try=0|th=0.322693591|de=0.494558934|ga=0.182747476
PACKLOG|try=0|profit=4462652|weight=7548749
PACKLOG|try=1|th=0.477027995|de=0.201535320|ga=0.321436685
PACKLOG|try=1|profit=4460670|weight=7580881
PACKLOG|best|profit=4462652|weight=7548749
PACKLOG|call=3000|tour_len=928|end_dist=19578055
PACKLOG|try=0|th=0.573037757|de=0.049645144|ga=0.377317099
PACKLOG|try=0|profit=4457496|weight=7586953
PACKLOG|try=1|th=0.389301664|de=0.481957786|ga=0.128740550
PACKLOG|try=1|profit=4458236|weight=7488430
PACKLOG|best|profit=4458236|weight=7488430
PACKLOG|call=3001|tour_len=930|end_dist=19625166
PACKLOG|try=0|th=0.399351647|de=0.443528094|ga=0.157120259
PACKLOG|try=0|profit=4463038|weight=7499503
PACKLOG|try=1|th=0.362279883|de=0.059117742|ga=0.578602376
PACKLOG|try=1|profit=4425528|weight=7718457
PACKLOG|best|profit=4463038|weight=7499503
